v00017	5/10	87.18	Inoviridae
v00021	6/8	92.90	Inoviridae
v00022	7/9	95.26	Inoviridae
v00026	5/9	93.76	Inoviridae
v00029	7/8	85.29	Inoviridae
v00037	6/9	79.22	Inoviridae
v00040	6/8	92.93	Inoviridae
v00044	9/14	52.24	Inoviridae
v00047	7/8	94.60	Inoviridae
v00051	3/6	46.90	Inoviridae
v00060	3/15	32.13	Inoviridae
v00069	7/11	57.51	Inoviridae
v00076	7/8	78.41	Inoviridae
v00078	3/10	55.90	Inoviridae
v00083	2/10	40.25	Duneviridae
v00084	7/8	88.47	Inoviridae
v00086	6/8	71.42	Inoviridae
v00118	5/10	48.92	Inoviridae
v00138	3/12	48.13	Inoviridae
v00141	5/7	91.84	Inoviridae
v00144	4/15	46.10	Inoviridae
v00147	7/10	61.50	Microviridae
v00152	36/44	94.40	Peduoviridae
v00159	38/44	81.19	Peduoviridae
v00179	31/35	96.60	Peduoviridae
v00181	24/29	93.63	Peduoviridae
v00182	5/8	64.16	Microviridae
v00188	42/50	95.74	Peduoviridae
v00190	18/208	38.16	Herelleviridae
v00192	12/63	39.84	Aliceevansviridae
v00198	13/35	37.58	Winoviridae
v00205	6/10	49.97	Microviridae
v00209	19/48	45.62	Autographiviridae
v00211	11/209	38.01	Herelleviridae
v00212	12/215	42.12	Herelleviridae
v00213	10/119	40.44	Herelleviridae
v00222	50/54	84.03	Aliceevansviridae
v00226	39/46	93.19	Peduoviridae
v00231	5/15	47.50	Aliceevansviridae
v00239	41/46	92.48	Peduoviridae
v00240	13/47	44.04	Autographiviridae
v00251	12/54	41.38	Aliceevansviridae
v00255	44/50	94.49	Peduoviridae
v00256	3/8	99.93	Microviridae
v00257	11/42	46.90	Peduoviridae
v00269	14/197	43.43	Herelleviridae
v00274	17/296	44.73	Herelleviridae
v00278	5/10	65.80	Microviridae
v00283	15/133	37.55	Winoviridae
v00316	8/11	85.36	Microviridae
v00323	31/41	86.92	Peduoviridae
v00333	39/50	68.49	Peduoviridae
v00335	34/40	76.52	Peduoviridae
v00338	37/43	95.04	Peduoviridae
v00341	12/65	38.00	Aliceevansviridae
v00358	3/15	49.23	Aliceevansviridae
v00361	11/55	41.12	Aliceevansviridae
v00374	11/131	41.45	Herelleviridae
v00377	28/201	40.43	Herelleviridae
v00397	19/242	41.21	Herelleviridae
v00400	10/102	40.52	Aliceevansviridae
v00403	11/55	42.98	Drexlerviridae
v00404	13/59	41.01	Aliceevansviridae
v00407	18/22	77.52	Peduoviridae
v00417	5/14	44.20	Aliceevansviridae
v00418	10/69	34.28	Aliceevansviridae
v00427	5/8	63.66	Microviridae
v00432	24/235	38.91	Herelleviridae
v00441	15/213	41.42	Herelleviridae
v00445	19/239	39.02	Herelleviridae
v00448	8/36	52.24	Aliceevansviridae
v00450	10/54	40.40	Aliceevansviridae
v00461	17/180	43.38	Herelleviridae
v00466	12/48	38.02	Aliceevansviridae
v00482	11/111	38.55	Aliceevansviridae
v00489	10/50	40.10	Aliceevansviridae
v00491	35/51	72.95	Aliceevansviridae
v00495	13/56	45.29	Aliceevansviridae
v00497	11/52	41.11	Aliceevansviridae
v00499	28/52	92.39	Peduoviridae
v00502	18/56	48.78	Aliceevansviridae
v00505	2/4	34.90	Microviridae
v00514	12/120	41.43	Aliceevansviridae
v00515	11/57	39.88	Aliceevansviridae
v00517	11/58	42.43	Aliceevansviridae
v00525	11/84	39.13	Aliceevansviridae
v00526	36/50	94.98	Peduoviridae
v00527	20/58	54.41	Aliceevansviridae
v00534	5/24	37.08	Peduoviridae
v00540	38/42	89.10	Peduoviridae
v00541	10/30	47.27	Aliceevansviridae
v00549	4/20	38.65	Aliceevansviridae
v00555	28/57	60.60	Aliceevansviridae
v00556	22/225	41.84	Herelleviridae
v00560	5/17	45.10	Aliceevansviridae
v00561	5/18	43.98	Aliceevansviridae
v00562	21/57	53.82	Aliceevansviridae
v00572	10/50	44.26	Aliceevansviridae
v00573	16/226	41.14	Herelleviridae
v00574	8/39	43.15	Aliceevansviridae
v00592	10/59	40.32	Aliceevansviridae
v00597	10/52	45.14	Aliceevansviridae
v00598	20/63	50.15	Aliceevansviridae
v00599	29/55	62.92	Aliceevansviridae
v00600	19/52	55.03	Aliceevansviridae
v00601	38/52	71.75	Aliceevansviridae
v00611	17/162	41.95	Herelleviridae
v00616	19/54	44.13	Autographiviridae
v00617	42/45	97.63	Peduoviridae
v00619	23/31	65.47	Aliceevansviridae
v00621	10/27	62.69	Aliceevansviridae
v00622	35/56	63.65	Aliceevansviridae
v00624	5/18	39.72	Aliceevansviridae
v00625	10/44	39.99	Aliceevansviridae
v00626	7/33	42.54	Aliceevansviridae
v00627	37/63	61.37	Aliceevansviridae
v00646	7/9	67.77	Microviridae
v00648	31/35	95.58	Peduoviridae
v00651	11/49	47.05	Aliceevansviridae
v00653	35/41	95.20	Peduoviridae
v00656	15/220	40.43	Herelleviridae
v00657	9/44	41.63	Aliceevansviridae
v00661	4/16	39.17	Microviridae
v00664	5/9	43.42	Microviridae
v00665	11/57	69.10	Peduoviridae
v00667	21/24	61.09	Peduoviridae
v00668	25/29	73.95	Peduoviridae
v00677	13/217	40.32	Herelleviridae
v00683	4/4	81.67	Microviridae
v00692	6/8	88.20	Microviridae
v00696	10/65	39.91	Aliceevansviridae
v00698	7/8	93.74	Microviridae
v00700	4/17	46.35	Aliceevansviridae
v00718	7/29	43.34	Aliceevansviridae
v00723	35/50	77.53	Aliceevansviridae
v00724	10/80	40.51	Aliceevansviridae
v00728	10/43	49.37	Aliceevansviridae
v00730	4/6	70.65	Microviridae
v00731	5/18	39.12	Aliceevansviridae
v00732	22/27	71.82	Aliceevansviridae
v00734	4/8	45.05	Microviridae
v00735	11/50	41.46	Aliceevansviridae
v00736	14/58	36.02	Winoviridae
v00743	45/49	81.32	Aliceevansviridae
v00745	39/47	87.53	Peduoviridae
v00747	41/57	97.05	Peduoviridae
v00765	4/9	67.88	Microviridae
v00789	42/45	99.18	Peduoviridae
v00792	43/46	78.37	Peduoviridae
v00794	37/41	91.30	Peduoviridae
v00797	12/54	37.62	Winoviridae
v00803	5/8	68.96	Microviridae
v00810	8/31	49.29	Aliceevansviridae
v00811	11/61	36.17	Aliceevansviridae
v00812	29/46	51.18	Peduoviridae
v00815	20/192	36.23	Herelleviridae
v00819	17/241	42.76	Herelleviridae
v00828	10/58	42.85	Aliceevansviridae
v00833	17/186	39.78	Herelleviridae
v00839	6/27	40.15	Aliceevansviridae
v00840	41/50	88.02	Peduoviridae
v00841	36/40	95.31	Peduoviridae
v00854	32/34	92.54	Peduoviridae
v00858	40/42	98.52	Peduoviridae
v00877	10/49	41.29	Aliceevansviridae
v00886	7/17	46.19	Aliceevansviridae
v00898	12/57	40.83	Winoviridae
v00908	11/57	41.35	Aliceevansviridae
v00910	15/45	47.75	Autographiviridae
v00916	13/211	40.16	Herelleviridae
v00918	23/49	67.94	Aliceevansviridae
v00919	15/52	48.72	Autographiviridae
v00928	44/50	87.29	Peduoviridae
v00951	12/33	42.05	Autographiviridae
v00955	5/14	42.40	Aliceevansviridae
v00956	20/23	99.33	Peduoviridae
v00957	11/42	47.90	Aliceevansviridae
v00959	6/23	42.27	Aliceevansviridae
v00972	31/36	93.46	Peduoviridae
v00975	41/43	97.73	Peduoviridae
v00977	8/24	48.83	Aliceevansviridae
v00978	4/13	55.88	Peduoviridae
v00980	38/42	95.55	Peduoviridae
v00990	13/36	43.36	Aliceevansviridae
v00993	13/52	35.28	Aliceevansviridae
v01001	8/8	99.44	Inoviridae
v01010	13/248	44.69	Herelleviridae
v01023	5/15	49.66	Inoviridae
v01043	16/44	46.62	Autographiviridae
v01049	10/54	42.14	Aliceevansviridae
v01057	13/70	42.99	Aliceevansviridae
v01067	9/36	40.77	Aliceevansviridae
v01068	5/22	45.10	Aliceevansviridae
v01069	10/49	50.65	Aliceevansviridae
v01071	18/225	38.11	Herelleviridae
v01075	30/53	64.29	Aliceevansviridae
v01080	15/141	39.14	Aliceevansviridae
v01086	5/16	42.34	Aliceevansviridae
v01091	19/43	48.80	Aliceevansviridae
v01093	14/133	45.11	Drexlerviridae
v01096	30/35	94.76	Peduoviridae
v01100	24/306	40.83	Herelleviridae
v01109	46/51	96.72	Peduoviridae
v01113	10/62	41.14	Aliceevansviridae
v01123	11/77	41.39	Aliceevansviridae
v01124	10/304	34.06	Herelleviridae
v01129	8/34	41.50	Aliceevansviridae
v01135	10/83	39.09	Aliceevansviridae
v01141	10/112	46.89	Peduoviridae
v01152	39/41	95.56	Peduoviridae
v01155	10/46	34.61	Aliceevansviridae
v01161	20/52	48.95	Aliceevansviridae
v01165	12/54	47.42	Aliceevansviridae
v01166	39/50	97.66	Peduoviridae
v01172	24/55	64.09	Aliceevansviridae
v01178	8/39	46.59	Aliceevansviridae
v01198	39/45	96.57	Peduoviridae
v01200	14/26	83.70	Peduoviridae
v01204	21/53	56.10	Aliceevansviridae
v01208	29/61	53.71	Aliceevansviridae
v01209	50/63	69.15	Aliceevansviridae
v01221	26/316	36.99	Herelleviridae
v01226	8/31	54.23	Aliceevansviridae
v01239	16/80	41.46	Aliceevansviridae
v01251	11/54	38.65	Winoviridae
v01260	6/9	59.17	Microviridae
v01279	5/8	92.52	Inoviridae
v01292	7/10	82.46	Inoviridae
v01299	10/11	79.07	Inoviridae
v01302	7/10	87.79	Inoviridae
v01311	27/50	50.53	Peduoviridae
v01314	17/59	45.23	Aliceevansviridae
v01315	8/34	41.71	Aliceevansviridae
v01317	3/7	37.97	Microviridae
v01319	41/50	96.47	Peduoviridae
v01325	32/37	79.45	Peduoviridae
v01337	12/49	45.60	Aliceevansviridae
v01343	11/96	50.14	Suoliviridae
v01355	10/67	44.07	Aliceevansviridae
v01366	9/41	50.77	Aliceevansviridae
v01384	12/66	36.24	Winoviridae
v01391	39/50	73.45	Peduoviridae
v01393	11/41	42.37	Peduoviridae
v01394	12/49	37.38	Winoviridae
v01404	10/61	39.19	Aliceevansviridae
v01410	48/51	99.90	Peduoviridae
v01414	47/50	92.25	Peduoviridae
v01417	37/50	96.27	Peduoviridae
v01419	42/50	97.66	Peduoviridae
v01422	17/58	46.89	Aliceevansviridae
v01429	35/50	75.19	Peduoviridae
v01430	37/50	80.31	Peduoviridae
v01434	9/43	44.60	Drexlerviridae
v01436	36/56	73.84	Peduoviridae
v01443	12/65	36.82	Winoviridae
v01447	22/60	51.74	Aliceevansviridae
v01451	38/50	95.98	Peduoviridae
v01454	44/48	99.53	Peduoviridae
v01456	36/225	50.27	Steigviridae
v01459	12/109	43.20	Aliceevansviridae
v01464	13/51	36.49	Winoviridae
v01468	23/33	55.18	Peduoviridae
v01476	36/101	91.79	Peduoviridae
v01477	39/49	89.82	Peduoviridae
v01479	10/54	44.11	Aliceevansviridae
v01486	10/148	37.49	Herelleviridae
v01504	5/7	92.74	Inoviridae
v01516	3/13	45.83	Inoviridae
v01536	11/224	31.97	Herelleviridae
v01563	11/92	35.26	Casjensviridae
v01571	20/287	38.62	Herelleviridae
v01573	14/216	40.19	Herelleviridae
v01596	3/10	34.80	Microviridae
v01599	20/259	39.86	Herelleviridae
v01612	20/260	41.70	Herelleviridae
v01613	12/50	44.65	Autographiviridae
v01617	11/76	39.65	Peduoviridae
v01621	10/70	41.60	Winoviridae
v01633	10/50	43.08	Aliceevansviridae
v01640	12/128	36.92	Herelleviridae
v01643	19/48	44.63	Autographiviridae
v01661	10/166	38.79	Herelleviridae
v01667	22/43	56.22	Aliceevansviridae
v01693	10/80	43.47	Aliceevansviridae
v01728	10/51	35.42	Winoviridae
v01734	10/71	47.95	Aliceevansviridae
v01737	19/43	42.39	Autographiviridae
v01745	36/42	92.79	Peduoviridae
v01747	13/137	34.75	Aliceevansviridae
v01754	12/128	42.67	Herelleviridae
v01771	5/8	83.52	Microviridae
v01772	12/74	44.45	Aliceevansviridae
v01804	10/40	35.94	Peduoviridae
v01806	11/127	46.54	Aliceevansviridae
v01807	41/48	82.37	Peduoviridae
v01814	10/32	49.62	Aliceevansviridae
v01816	38/42	92.86	Peduoviridae
v01831	16/230	40.66	Herelleviridae
v01832	32/53	51.03	Peduoviridae
v01850	19/238	40.73	Herelleviridae
v01852	10/58	45.96	Aliceevansviridae
v01870	13/199	42.01	Herelleviridae
v01882	10/131	50.59	Suoliviridae
v01892	4/4	74.85	Microviridae
v01911	10/61	35.63	Aliceevansviridae
v01919	17/238	44.99	Herelleviridae
v01930	12/60	48.33	Aliceevansviridae
v01945	4/7	41.62	Microviridae
v01950	12/208	38.20	Herelleviridae
v01957	18/116	43.10	Aliceevansviridae
v01959	18/240	41.29	Herelleviridae
v01981	3/10	35.80	Microviridae
v01999	9/25	36.51	Peduoviridae
v02001	28/145	46.46	Schitoviridae
v02026	32/36	88.79	Peduoviridae
v02027	10/68	40.14	Aliceevansviridae
v02028	18/213	37.17	Herelleviridae
v02043	12/207	41.59	Herelleviridae
v02046	14/179	40.59	Herelleviridae
v02053	26/104	41.08	Aliceevansviridae
v02061	25/49	43.29	Peduoviridae
v02065	10/48	48.57	Aliceevansviridae
v02089	6/7	89.58	Inoviridae
v02116	13/49	37.25	Winoviridae
v02117	4/7	75.12	Microviridae
v02124	22/251	39.78	Herelleviridae
v02131	10/43	30.25	Winoviridae
v02145	4/6	91.17	Microviridae
v02156	4/8	37.85	Microviridae
v02171	11/66	36.25	Aliceevansviridae
v02176	10/60	39.34	Aliceevansviridae
v02181	10/73	38.06	Peduoviridae
v02187	3/15	41.37	Casjensviridae
v02190	10/50	48.21	Aliceevansviridae
v02193	38/41	82.48	Aliceevansviridae
v02202	6/27	41.35	Aliceevansviridae
v02211	13/19	82.58	Inoviridae
v02221	10/108	47.24	Steigviridae
v02222	9/43	47.18	Aliceevansviridae
v02223	13/56	41.20	Aliceevansviridae
v02225	17/230	42.25	Herelleviridae
v02232	11/47	40.11	Aliceevansviridae
v02244	21/205	42.66	Herelleviridae
v02247	3/7	32.40	Microviridae
v02263	13/130	31.41	Herelleviridae
v02266	10/56	49.29	Aliceevansviridae
v02269	5/17	44.68	Aliceevansviridae
v02270	33/38	79.16	Aliceevansviridae
v02271	18/272	42.36	Herelleviridae
v02275	14/53	42.49	Aliceevansviridae
v02276	6/7	57.60	Microviridae
v02281	9/45	35.36	Winoviridae
v02283	10/218	46.34	Suoliviridae
v02297	2/8	46.60	Inoviridae
v02315	35/40	91.29	Peduoviridae
v02321	11/97	45.29	Suoliviridae
v02325	10/34	32.01	Duneviridae
v02338	3/7	40.60	Microviridae
v02349	22/51	65.76	Aliceevansviridae
v02351	21/60	49.56	Aliceevansviridae
v02355	8/39	52.11	Aliceevansviridae
v02356	11/55	40.92	Aliceevansviridae
v02381	10/67	51.97	Aliceevansviridae
v02388	33/65	61.39	Aliceevansviridae
v02411	8/40	42.29	Aliceevansviridae
v02422	17/231	40.85	Herelleviridae
v02436	34/37	95.27	Peduoviridae
v02440	4/5	35.65	Microviridae
v02455	17/181	41.21	Herelleviridae
v02462	6/9	73.93	Inoviridae
v02475	19/398	36.75	Herelleviridae
v02478	2/6	32.40	Herelleviridae
v02502	10/235	32.59	Herelleviridae
v02504	12/250	36.27	Straboviridae
v02517	11/23	86.85	Inoviridae
v02525	7/10	94.89	Inoviridae
v02527	7/8	89.51	Inoviridae
v02559	10/46	44.33	Aliceevansviridae
v02573	41/42	90.18	Peduoviridae
v02579	11/178	38.33	Aliceevansviridae
v02592	11/59	39.97	Aliceevansviridae
v02600	10/57	46.21	Aliceevansviridae
v02614	10/87	34.45	Duneviridae
v02615	51/51	98.50	Peduoviridae
v02619	40/44	96.86	Peduoviridae
v02637	21/159	44.39	Herelleviridae
v02649	10/98	42.56	Aliceevansviridae
v02665	11/50	41.61	Winoviridae
v02672	14/125	41.01	Aliceevansviridae
v02705	3/10	34.67	Microviridae
v02708	3/4	33.30	Microviridae
v02719	17/229	40.81	Herelleviridae
v02725	7/34	47.96	Aliceevansviridae
v02726	20/53	46.76	Autographiviridae
v02728	10/47	36.81	Aliceevansviridae
v02731	11/58	45.56	Aliceevansviridae
v02737	7/30	40.53	Aliceevansviridae
v02750	17/133	44.61	Autographiviridae
v02755	12/50	39.44	Winoviridae
v02780	14/232	40.51	Herelleviridae
v02790	13/232	39.95	Herelleviridae
v02792	4/4	70.45	Microviridae
v02800	10/57	34.89	Peduoviridae
v02804	17/187	39.58	Herelleviridae
v02805	16/113	42.38	Aliceevansviridae
v02809	15/106	44.76	Peduoviridae
v02815	15/146	39.85	Herelleviridae
v02821	29/259	44.45	Straboviridae
v02824	35/38	94.04	Peduoviridae
v02831	40/50	73.85	Peduoviridae
v02832	9/45	39.28	Drexlerviridae
v02834	6/29	42.10	Drexlerviridae
v02837	3/13	33.50	Microviridae
v02843	8/12	84.17	Microviridae
v02857	11/60	40.65	Aliceevansviridae
v02864	17/209	40.36	Herelleviridae
v02865	7/34	31.76	Winoviridae
v02867	13/108	47.16	Aliceevansviridae
v02868	7/10	58.81	Microviridae
v02879	17/235	36.91	Herelleviridae
v02882	10/157	40.26	Herelleviridae
v02885	30/56	59.30	Aliceevansviridae
v02886	10/212	44.79	Steigviridae
v02909	14/205	40.01	Herelleviridae
v02914	40/101	94.12	Peduoviridae
v02928	38/40	98.39	Peduoviridae
v02941	40/130	90.39	Peduoviridae
v02957	11/42	42.43	Drexlerviridae
v02958	44/52	86.02	Peduoviridae
v02967	15/187	37.41	Herelleviridae
v02979	13/52	43.74	Peduoviridae
v02980	10/31	71.56	Aliceevansviridae
v02981	19/50	50.43	Aliceevansviridae
v02982	10/81	42.29	Straboviridae
v02985	4/16	51.75	Aliceevansviridae
v02986	41/47	82.41	Aliceevansviridae
v02989	13/50	43.24	Peduoviridae
v02991	35/40	76.41	Peduoviridae
v02992	34/38	92.37	Peduoviridae
v02993	12/52	45.30	Aliceevansviridae
v02994	32/51	54.91	Peduoviridae
v02995	25/26	78.06	Peduoviridae
v03012	27/53	60.97	Aliceevansviridae
v03016	11/50	41.39	Aliceevansviridae
v03035	5/7	54.76	Microviridae
v03051	11/142	41.85	Herelleviridae
v03058	4/6	45.20	Microviridae
v03060	7/8	56.99	Microviridae
v03082	29/36	92.99	Peduoviridae
v03098	10/45	41.39	Aliceevansviridae
v03107	13/41	37.68	Winoviridae
v03108	11/63	51.64	Aliceevansviridae
v03114	16/218	36.37	Herelleviridae
v03115	33/108	76.25	Peduoviridae
v03116	21/247	38.99	Herelleviridae
v03120	22/295	44.43	Herelleviridae
v03123	14/108	43.14	Herelleviridae
v03129	10/60	37.73	Aliceevansviridae
v03130	22/286	43.48	Herelleviridae
v03132	11/80	44.18	Aliceevansviridae
v03134	24/54	58.14	Aliceevansviridae
v03135	9/40	40.02	Aliceevansviridae
v03141	12/49	41.22	Aliceevansviridae
v03142	11/58	45.00	Aliceevansviridae
v03144	21/239	40.62	Herelleviridae
v03159	12/53	36.23	Winoviridae
v03177	12/73	44.04	Aliceevansviridae
v03179	7/14	92.21	Microviridae
v03180	37/38	92.71	Peduoviridae
v03183	13/27	55.23	Aliceevansviridae
v03197	42/48	87.75	Peduoviridae
v03215	14/76	36.02	Winoviridae
v03235	12/55	40.55	Aliceevansviridae
v03239	12/53	38.27	Aliceevansviridae
v03257	11/194	40.90	Herelleviridae
v03269	21/247	45.47	Herelleviridae
v03271	38/41	92.07	Peduoviridae
v03294	44/49	93.00	Peduoviridae
v03317	6/9	94.48	Inoviridae
v03331	13/75	41.62	Herelleviridae
v03342	9/40	51.56	Aliceevansviridae
v03354	8/8	51.85	Microviridae
v03368	8/12	86.06	Microviridae
v03378	14/59	56.37	Peduoviridae
v03379	40/42	91.35	Peduoviridae
v03390	3/5	33.23	Microviridae
v03393	4/7	38.55	Microviridae
v03402	11/45	43.28	Peduoviridae
v03412	2/7	30.95	Salasmaviridae
v03430	7/10	95.54	Inoviridae
v03431	3/15	45.60	Inoviridae
v03433	4/9	64.95	Inoviridae
v03442	3/14	44.73	Inoviridae
v03445	7/8	82.23	Inoviridae
v03448	5/8	78.18	Inoviridae
v03452	8/13	98.08	Inoviridae
v03454	3/14	44.70	Inoviridae
v03458	6/19	76.73	Inoviridae
v03462	3/14	45.73	Inoviridae
v03479	3/15	46.93	Inoviridae
v03492	3/14	44.20	Inoviridae
v03506	2/10	55.15	Inoviridae
v03532	11/48	41.11	Aliceevansviridae
v03533	25/54	43.45	Peduoviridae
v03535	5/7	48.94	Microviridae
v03539	5/9	65.00	Microviridae
v03542	6/8	89.18	Microviridae
v03545	2/9	42.10	Phycodnaviridae
v03555	36/47	92.40	Peduoviridae
v03558	10/68	37.40	Aliceevansviridae
v03559	37/40	94.66	Peduoviridae
v03567	11/71	39.63	Aliceevansviridae
v03569	5/9	52.96	Microviridae
v03578	21/50	45.26	Autographiviridae
v03585	10/77	41.77	Aliceevansviridae
v03588	34/37	76.08	Peduoviridae
v03592	34/36	93.07	Peduoviridae
v03593	10/73	47.67	Aliceevansviridae
v03601	16/228	44.16	Herelleviridae
v03603	37/43	95.06	Peduoviridae
v03605	25/32	68.99	Peduoviridae
v03607	8/28	40.50	Aliceevansviridae
v03615	3/8	42.83	Microviridae
v03634	11/64	37.69	Aliceevansviridae
v03642	8/29	38.73	Winoviridae
v03646	4/9	38.15	Microviridae
v03647	10/53	41.56	Aliceevansviridae
v03654	5/7	70.84	Microviridae
v03656	4/11	34.27	Microviridae
v03658	33/36	90.72	Peduoviridae
v03670	5/12	51.74	Microviridae
v03673	11/50	46.39	Aliceevansviridae
v03674	16/228	39.49	Herelleviridae
v03682	39/44	78.38	Peduoviridae
v03687	15/239	40.55	Herelleviridae
v03694	10/50	36.39	Winoviridae
v03695	10/52	42.22	Winoviridae
v03698	26/31	94.82	Peduoviridae
v03700	44/49	92.46	Peduoviridae
v03708	33/38	91.19	Peduoviridae
v03719	8/40	47.04	Aliceevansviridae
v03723	7/31	43.56	Aliceevansviridae
v03726	39/41	74.31	Peduoviridae
v03727	10/69	41.08	Peduoviridae
v03737	36/46	87.02	Peduoviridae
v03760	10/51	42.70	Aliceevansviridae
v03767	17/250	41.36	Herelleviridae
v03770	13/44	36.00	Winoviridae
v03773	12/63	41.99	Aliceevansviridae
v03784	2/4	44.85	Microviridae
v03818	5/9	60.16	Microviridae
v03831	36/46	88.04	Peduoviridae
v03832	35/39	88.94	Peduoviridae
v03843	4/6	38.45	Microviridae
v03852	41/49	91.57	Peduoviridae
v03868	4/7	38.38	Microviridae
v03871	5/6	90.34	Microviridae
v03880	35/36	81.84	Peduoviridae
v03883	34/44	73.74	Peduoviridae
v03885	19/250	39.56	Herelleviridae
v03888	37/47	78.92	Peduoviridae
v03892	34/43	96.39	Peduoviridae
v03929	6/8	93.52	Inoviridae
v03933	6/8	93.25	Inoviridae
v03936	7/11	94.59	Inoviridae
v03953	6/9	93.47	Inoviridae
v03962	7/29	32.79	Aliceevansviridae
v03975	11/61	38.95	Aliceevansviridae
v03976	23/48	50.70	Aliceevansviridae
v03978	36/50	87.74	Peduoviridae
v03979	16/64	44.35	Aliceevansviridae
v03980	10/82	47.88	Peduoviridae
v03982	21/230	40.93	Herelleviridae
v03991	13/80	43.01	Aliceevansviridae
v03996	33/51	54.95	Peduoviridae
v04002	27/36	55.86	Peduoviridae
v04005	18/106	44.91	Aliceevansviridae
v04009	39/46	79.18	Peduoviridae
v04010	2/10	35.75	Aliceevansviridae
v04011	4/14	42.38	Aliceevansviridae
v04014	12/98	46.11	Drexlerviridae
v04018	23/31	68.85	Peduoviridae
v04022	10/58	40.50	Aliceevansviridae
v04030	40/50	88.29	Peduoviridae
v04045	11/49	47.75	Aliceevansviridae
v04053	5/7	46.50	Microviridae
v04063	14/200	39.09	Herelleviridae
v04065	42/47	94.45	Peduoviridae
v04075	31/36	94.11	Peduoviridae
v04077	29/50	53.87	Peduoviridae
v04078	6/29	36.97	Casjensviridae
v04084	13/55	47.55	Aliceevansviridae
v04085	51/57	83.59	Aliceevansviridae
v04087	58/66	77.80	Aliceevansviridae
v04089	13/199	38.45	Herelleviridae
v04100	10/58	45.33	Aliceevansviridae
v04118	32/34	90.35	Peduoviridae
v04125	17/244	42.95	Herelleviridae
v04127	10/93	43.07	Aliceevansviridae
v04143	29/219	37.96	Herelleviridae
v04148	6/6	81.53	Microviridae
v04154	6/7	69.23	Microviridae
v04155	9/44	41.66	Aliceevansviridae
v04161	19/193	44.08	Herelleviridae
v04171	37/40	93.14	Peduoviridae
v04172	14/94	40.49	Aliceevansviridae
v04175	6/19	90.22	Microviridae
v04176	14/146	42.16	Herelleviridae
v04177	13/245	42.97	Herelleviridae
v04180	16/61	47.02	Aliceevansviridae
v04191	6/8	96.62	Microviridae
v04200	6/16	42.87	Aliceevansviridae
v04215	13/244	39.91	Herelleviridae
v04223	11/47	50.93	Aliceevansviridae
v04224	10/46	43.07	Aliceevansviridae
v04254	12/58	39.96	Aliceevansviridae
v04280	7/8	56.40	Microviridae
v04283	29/30	58.16	Peduoviridae
v04289	8/40	57.49	Aliceevansviridae
v04295	19/251	37.96	Herelleviridae
v04300	8/39	39.99	Aliceevansviridae
v04304	18/223	38.74	Herelleviridae
v04307	13/199	40.57	Herelleviridae
v04324	16/215	40.98	Herelleviridae
v04325	7/11	86.83	Inoviridae
v04332	14/213	38.74	Herelleviridae
v04339	13/238	41.62	Herelleviridae
v04343	11/89	39.80	Aliceevansviridae
v04344	10/73	40.29	Herelleviridae
v04360	6/22	46.17	Aliceevansviridae
v04372	11/90	42.98	Aliceevansviridae
v04376	10/47	39.12	Aliceevansviridae
v04385	26/231	40.91	Herelleviridae
v04387	10/165	42.30	Herelleviridae
v04392	12/80	42.22	Aliceevansviridae
v04394	17/245	42.60	Herelleviridae
v04401	4/11	82.28	Inoviridae
v04408	21/232	41.39	Herelleviridae
v04410	13/108	40.04	Herelleviridae
v04419	9/40	34.93	Winoviridae
v04424	11/54	38.03	Aliceevansviridae
v04428	2/10	33.75	Microviridae
v04443	18/234	37.62	Herelleviridae
v04445	12/298	40.17	Herelleviridae
v04446	11/111	37.75	Aliceevansviridae
v04447	19/157	36.51	Herelleviridae
v04457	10/237	37.90	Herelleviridae
v04460	10/129	42.32	Herelleviridae
v04465	25/244	40.92	Herelleviridae
v04469	12/214	38.28	Herelleviridae
v04472	19/214	45.15	Herelleviridae
v04484	10/49	30.77	Winoviridae
v04494	5/25	46.60	Autographiviridae
v04496	19/243	39.30	Herelleviridae
v04503	10/60	42.77	Aliceevansviridae
v04505	24/312	38.52	Herelleviridae
v04507	6/8	89.80	Inoviridae
v04510	11/212	42.97	Herelleviridae
v04512	11/64	40.83	Aliceevansviridae
v04515	3/12	37.13	Inoviridae
v04519	11/51	47.63	Aliceevansviridae
v04520	9/45	42.80	Aliceevansviridae
v04533	13/52	46.52	Aliceevansviridae
v04547	13/54	47.58	Aliceevansviridae
v04558	19/24	92.39	Peduoviridae
v04565	15/106	39.84	Aliceevansviridae
v04574	4/15	44.10	Aliceevansviridae
v04586	13/254	37.68	Herelleviridae
v04589	36/57	69.26	Aliceevansviridae
v04592	35/57	55.79	Aliceevansviridae
v04593	38/43	87.19	Peduoviridae
v04595	10/51	45.31	Peduoviridae
v04609	39/50	95.41	Peduoviridae
v04611	43/66	95.41	Peduoviridae
v04614	29/227	38.22	Herelleviridae
v04619	32/50	52.83	Aliceevansviridae
v04620	11/58	40.11	Aliceevansviridae
v04626	18/224	42.42	Herelleviridae
v04627	11/60	41.07	Aliceevansviridae
v04630	10/40	40.41	Aliceevansviridae
v04633	10/75	37.25	Peduoviridae
v04635	15/104	39.97	Aliceevansviridae
v04637	4/10	52.48	Inoviridae
v04647	10/73	44.95	Aliceevansviridae
v04649	5/6	56.74	Microviridae
v04664	7/7	85.57	Microviridae
v04665	13/85	38.76	Aliceevansviridae
v04678	10/58	35.89	Aliceevansviridae
v04685	19/236	45.58	Herelleviridae
v04697	14/26	56.33	Aliceevansviridae
v04700	10/61	38.10	Aliceevansviridae
v04720	10/62	38.23	Aliceevansviridae
v04722	10/205	36.97	Herelleviridae
v04723	10/54	36.83	Aliceevansviridae
v04740	12/25	48.77	Aliceevansviridae
v04741	17/98	45.94	Aliceevansviridae
v04742	41/41	94.22	Peduoviridae
v04743	9/42	35.73	Aliceevansviridae
v04749	12/93	42.42	Aliceevansviridae
v04752	3/9	33.83	Microviridae
v04756	41/50	94.78	Peduoviridae
v04769	10/107	41.26	Aliceevansviridae
v04773	10/107	42.04	Aliceevansviridae
v04776	7/22	32.11	Salasmaviridae
v04794	11/52	42.56	Aliceevansviridae
v04809	21/51	43.47	Autographiviridae
v04815	7/34	43.29	Aliceevansviridae
v04818	21/212	40.96	Herelleviridae
v04832	8/38	43.38	Aliceevansviridae
v04835	11/66	52.19	Aliceevansviridae
v04836	13/362	34.42	Herelleviridae
v04838	13/196	40.97	Herelleviridae
v04844	19/241	45.78	Herelleviridae
v04877	13/72	36.07	Aliceevansviridae
v04885	11/64	39.51	Aliceevansviridae
v04886	16/209	38.12	Herelleviridae
v04888	17/47	45.27	Aliceevansviridae
v04889	19/51	48.75	Aliceevansviridae
v04904	10/79	39.24	Aliceevansviridae
v04905	5/21	31.98	Aliceevansviridae
v04907	12/34	37.68	Aliceevansviridae
v04910	17/97	40.49	Aliceevansviridae
v04912	14/64	41.67	Aliceevansviridae
v04928	10/58	35.46	Aliceevansviridae
v04933	10/55	44.63	Drexlerviridae
v04937	18/239	40.23	Herelleviridae
v04941	19/215	40.92	Herelleviridae
v04944	44/51	79.90	Aliceevansviridae
v04948	16/196	40.29	Herelleviridae
v04949	9/39	41.14	Aliceevansviridae
v04950	14/237	40.46	Herelleviridae
v04952	4/17	36.88	Aliceevansviridae
v04958	11/163	36.59	Aliceevansviridae
v04965	8/36	49.23	Aliceevansviridae
v04966	14/128	39.96	Herelleviridae
v04967	12/89	41.77	Aliceevansviridae
v04968	19/250	40.28	Herelleviridae
v04973	4/18	50.00	Aliceevansviridae
v04975	10/45	49.70	Aliceevansviridae
v04977	12/50	41.17	Aliceevansviridae
v04978	40/66	93.31	Peduoviridae
v04981	11/51	47.02	Aliceevansviridae
v04982	19/64	42.76	Aliceevansviridae
v04984	11/77	41.49	Winoviridae
v04985	12/57	43.65	Aliceevansviridae
v04986	8/38	41.48	Aliceevansviridae
v04993	15/204	38.83	Herelleviridae
v04994	2/9	50.50	Inoviridae
v04995	17/46	44.91	Autographiviridae
v04999	10/75	41.54	Aliceevansviridae
v05002	10/81	40.60	Aliceevansviridae
v05016	48/51	95.36	Peduoviridae
v05017	18/50	44.68	Autographiviridae
v05019	10/66	39.84	Aliceevansviridae
v05021	10/54	46.55	Aliceevansviridae
v05025	13/296	40.94	Herelleviridae
v05028	32/56	57.88	Aliceevansviridae
v05030	5/8	53.14	Microviridae
v05031	19/237	39.95	Herelleviridae
v05036	12/136	43.74	Aliceevansviridae
v05043	8/11	83.10	Microviridae
v05045	11/91	48.38	Aliceevansviridae
v05053	40/50	99.25	Peduoviridae
v05054	11/66	43.83	Aliceevansviridae
v05059	38/40	87.89	Peduoviridae
v05061	9/37	40.89	Aliceevansviridae
v05062	7/20	52.40	Aliceevansviridae
v05063	17/55	43.56	Aliceevansviridae
v05077	5/6	86.42	Inoviridae
v05082	45/49	97.40	Peduoviridae
v05083	31/33	96.74	Peduoviridae
v05090	16/99	49.42	Drexlerviridae
v05125	16/243	38.96	Herelleviridae
v05138	14/50	35.97	Winoviridae
v05154	14/142	40.79	Herelleviridae
v05167	3/10	56.47	Inoviridae
v05171	34/36	99.47	Peduoviridae
v05176	31/56	63.11	Aliceevansviridae
v05182	52/57	84.88	Aliceevansviridae
v05184	19/149	44.66	Herelleviridae
v05190	13/235	37.08	Herelleviridae
v05191	3/15	37.37	Casjensviridae
v05192	3/12	48.80	Inoviridae
v05193	11/23	42.08	Aliceevansviridae
v05203	11/49	47.98	Aliceevansviridae
v05204	10/57	47.34	Aliceevansviridae
v05207	11/97	46.74	Aliceevansviridae
v05211	10/291	40.12	Herelleviridae
v05222	11/51	42.98	Aliceevansviridae
v05226	13/71	42.89	Aliceevansviridae
v05239	39/54	91.60	Peduoviridae
v05244	16/166	42.57	Herelleviridae
v05249	6/11	71.27	Microviridae
v05255	5/8	70.52	Microviridae
v05266	5/12	51.58	Inoviridae
v05267	10/79	40.99	Aliceevansviridae
v05279	10/90	36.91	Aliceevansviridae
v05298	13/55	40.52	Aliceevansviridae
v05314	40/50	95.44	Peduoviridae
v05317	13/54	36.22	Winoviridae
v05324	5/7	59.52	Microviridae
v05333	16/249	37.89	Herelleviridae
v05343	28/255	39.52	Herelleviridae
v05354	11/233	34.90	Herelleviridae
v05365	18/251	41.00	Herelleviridae
v05372	10/57	37.03	Aliceevansviridae
v05373	42/50	90.97	Peduoviridae
v05392	4/17	46.00	Aliceevansviridae
v05397	11/86	38.57	Aliceevansviridae
v05406	10/51	44.70	Aliceevansviridae
v05416	6/27	43.83	Autographiviridae
v05419	13/254	36.60	Herelleviridae
v05421	8/40	42.45	Aliceevansviridae
v05423	9/39	38.62	Aliceevansviridae
v05424	12/54	45.34	Aliceevansviridae
v05438	24/46	55.98	Autographiviridae
v05445	13/383	36.58	Herelleviridae
v05456	7/10	92.00	Inoviridae
v05493	10/232	38.68	Herelleviridae
v05506	4/17	55.15	Inoviridae
v05508	2/10	48.40	Inoviridae
v05520	13/264	39.74	Herelleviridae
v05521	6/9	68.37	Inoviridae
v05524	7/8	84.19	Inoviridae
v05534	6/7	84.43	Inoviridae
v05553	11/286	36.39	Herelleviridae
v05569	16/271	43.17	Herelleviridae
v05575	15/131	43.51	Herelleviridae
v05576	30/50	55.20	Autographiviridae
v05578	18/56	44.89	Autographiviridae
v05596	10/72	39.81	Aliceevansviridae
v05597	37/50	62.03	Peduoviridae
v05598	17/52	48.09	Aliceevansviridae
v05599	17/53	58.33	Aliceevansviridae
v05600	5/20	47.40	Aliceevansviridae
v05611	45/50	82.02	Aliceevansviridae
v05612	10/170	39.51	Herelleviridae
v05619	10/68	40.30	Aliceevansviridae
v05632	25/293	38.70	Herelleviridae
v05633	10/116	42.62	Aliceevansviridae
v05635	21/278	39.99	Herelleviridae
v05639	42/46	85.49	Aliceevansviridae
v05655	53/61	87.42	Aliceevansviridae
v05668	9/40	43.67	Aliceevansviridae
v05671	16/212	34.99	Herelleviridae
v05673	14/236	37.82	Herelleviridae
v05676	8/32	43.36	Aliceevansviridae
v05692	14/154	39.07	Herelleviridae
v05695	29/35	73.62	Aliceevansviridae
v05701	13/69	41.75	Drexlerviridae
v05706	18/143	44.01	Herelleviridae
v05709	30/44	95.81	Peduoviridae
v05717	12/55	42.52	Aliceevansviridae
v05721	50/61	73.00	Aliceevansviridae
v05735	11/91	42.79	Suoliviridae
v05737	12/60	42.99	Aliceevansviridae
v05775	51/57	78.33	Aliceevansviridae
v05788	23/51	56.53	Aliceevansviridae
v05795	8/17	100.00	Inoviridae
v05803	42/45	84.81	Peduoviridae
v05816	41/52	93.38	Peduoviridae
v05821	16/142	44.23	Herelleviridae
v05829	12/50	35.63	Winoviridae
v05836	20/311	35.62	Herelleviridae
v05837	31/34	94.49	Peduoviridae
v05838	18/145	46.38	Aliceevansviridae
v05856	42/50	97.63	Peduoviridae
v05873	16/222	38.64	Herelleviridae
v05874	5/23	35.40	Casjensviridae
v05880	10/50	48.31	Drexlerviridae
v05882	14/36	46.81	Drexlerviridae
v05887	27/215	41.93	Herelleviridae
v05890	16/76	44.66	Drexlerviridae
v05893	12/63	44.81	Aliceevansviridae
v05899	10/55	39.49	Aliceevansviridae
v05903	21/43	56.77	Autographiviridae
v05910	20/63	46.98	Aliceevansviridae
v05913	10/49	46.89	Aliceevansviridae
v05918	11/49	47.35	Aliceevansviridae
v05926	12/59	39.02	Aliceevansviridae
v05927	16/201	40.67	Herelleviridae
v05941	17/120	43.35	Aliceevansviridae
v05951	10/52	39.55	Aliceevansviridae
v05954	41/64	60.11	Aliceevansviridae
v05958	13/66	38.94	Aliceevansviridae
v05959	12/51	36.24	Winoviridae
v05978	11/51	46.76	Aliceevansviridae
v05981	13/196	40.13	Herelleviridae
v05982	8/31	57.31	Aliceevansviridae
v05983	12/54	47.42	Aliceevansviridae
v05984	11/53	43.22	Aliceevansviridae
v05986	10/80	43.38	Aliceevansviridae
v05994	6/15	48.25	Microviridae
v06013	41/45	90.81	Peduoviridae
v06031	36/39	94.21	Peduoviridae
v06045	10/53	33.98	Aliceevansviridae
v06050	3/13	43.90	Microviridae
v06052	7/30	43.53	Aliceevansviridae
v06078	54/60	88.40	Aliceevansviridae
v06088	20/209	41.78	Herelleviridae
v06100	30/338	41.52	Herelleviridae
v06108	18/54	56.09	Aliceevansviridae
v06109	21/55	56.63	Aliceevansviridae
v06110	26/56	61.14	Aliceevansviridae
v06111	21/57	46.36	Aliceevansviridae
v06112	9/44	43.13	Aliceevansviridae
v06113	6/10	95.30	Microviridae
v06117	11/54	43.75	Aliceevansviridae
v06118	12/48	43.17	Autographiviridae
v06120	47/61	75.21	Aliceevansviridae
v06123	10/50	42.16	Aliceevansviridae
v06134	18/164	37.29	Aliceevansviridae
v06135	29/48	57.35	Autographiviridae
v06152	47/51	97.82	Peduoviridae
v06157	11/62	37.82	Aliceevansviridae
v06161	9/37	42.92	Aliceevansviridae
v06164	11/133	49.74	Aliceevansviridae
v06171	10/61	43.97	Aliceevansviridae
v06172	21/52	57.02	Aliceevansviridae
v06173	16/59	52.23	Aliceevansviridae
v06175	36/59	59.49	Aliceevansviridae
v06181	11/51	46.97	Aliceevansviridae
v06189	10/49	45.48	Aliceevansviridae
v06191	10/75	48.33	Drexlerviridae
v06204	11/188	37.85	Herelleviridae
v06207	12/62	39.47	Aliceevansviridae
v06219	8/31	43.75	Drexlerviridae
v06223	15/67	40.46	Aliceevansviridae
v06224	11/106	40.76	Aliceevansviridae
v06229	12/95	43.96	Aliceevansviridae
v06236	10/44	39.89	Aliceevansviridae
v06240	10/54	47.30	Aliceevansviridae
v06255	11/53	46.65	Aliceevansviridae
v06268	10/139	42.82	Drexlerviridae
v06279	27/59	58.26	Aliceevansviridae
v06280	9/44	47.02	Aliceevansviridae
v06297	13/74	50.91	Aliceevansviridae
v06299	13/60	50.17	Drexlerviridae
v06300	14/62	49.16	Aliceevansviridae
v06303	31/60	92.90	Peduoviridae
v06307	52/67	78.50	Aliceevansviridae
v06312	35/41	94.10	Peduoviridae
v06315	8/27	45.73	Aliceevansviridae
v06316	36/40	91.54	Peduoviridae
v06328	19/212	40.39	Herelleviridae
v06333	7/31	45.77	Aliceevansviridae
v06334	9/40	46.39	Herelleviridae
v06340	6/7	63.70	Microviridae
v06345	12/256	38.49	Herelleviridae
v06354	10/53	46.54	Aliceevansviridae
v06355	9/35	48.98	Aliceevansviridae
v06368	11/285	40.26	Herelleviridae
v06375	19/184	37.44	Herelleviridae
v06393	10/185	39.31	Herelleviridae
v06395	9/42	39.90	Aliceevansviridae
v06397	26/55	55.48	Aliceevansviridae
v06408	14/83	44.15	Aliceevansviridae
v06412	17/207	39.16	Herelleviridae
v06435	11/41	36.19	Aliceevansviridae
v06444	10/58	41.93	Aliceevansviridae
v06447	41/50	96.15	Peduoviridae
v06451	14/204	36.56	Winoviridae
v06455	10/149	36.59	Herelleviridae
v06463	33/60	61.12	Aliceevansviridae
v06464	25/50	62.86	Aliceevansviridae
v06467	14/120	40.24	Aliceevansviridae
v06476	14/117	45.11	Aliceevansviridae
v06478	4/19	38.52	Aliceevansviridae
v06483	9/44	50.96	Aliceevansviridae
v06486	13/69	44.84	Aliceevansviridae
v06487	10/48	42.93	Aliceevansviridae
v06490	13/45	38.08	Aliceevansviridae
v06493	4/15	43.40	Aliceevansviridae
v06495	24/59	55.99	Aliceevansviridae
v06497	31/41	77.09	Aliceevansviridae
v06517	6/29	54.68	Aliceevansviridae
v06524	13/85	42.38	Aliceevansviridae
v06527	54/60	87.86	Aliceevansviridae
v06529	16/52	44.66	Aliceevansviridae
v06531	66/73	83.95	Peduoviridae
v06532	16/50	48.34	Aliceevansviridae
v06533	46/51	69.42	Aliceevansviridae
v06534	13/55	46.43	Aliceevansviridae
v06537	18/50	48.92	Aliceevansviridae
v06538	5/25	38.78	Aliceevansviridae
v06554	11/61	38.41	Aliceevansviridae
v06557	12/51	41.13	Aliceevansviridae
v06558	22/60	61.07	Aliceevansviridae
v06561	14/74	38.45	Aliceevansviridae
v06565	41/55	74.87	Aliceevansviridae
v06568	17/42	45.38	Aliceevansviridae
v06569	6/24	45.25	Aliceevansviridae
v06570	36/40	97.46	Peduoviridae
v06571	39/54	58.68	Aliceevansviridae
v06590	10/303	40.54	Herelleviridae
v06609	3/13	43.63	Inoviridae
v06623	10/272	32.25	Herelleviridae
v06655	12/17	99.96	Inoviridae
v06657	1/3	44.40	Herelleviridae
v06666	3/14	50.67	Inoviridae
v06672	6/9	76.28	Inoviridae
v06692	2/7	38.00	Inoviridae
v06697	6/8	92.95	Inoviridae
v06703	12/306	38.50	Herelleviridae
v06709	3/14	44.70	Inoviridae
v06761	3/15	44.87	Inoviridae
v06763	15/313	35.45	Herelleviridae
v06767	6/9	94.63	Inoviridae
v06781	4/10	65.78	Inoviridae
v06789	18/432	34.93	Straboviridae
v06798	1/3	41.50	Autographiviridae
v06801	12/18	89.01	Inoviridae
v06819	40/46	95.83	Peduoviridae
v06823	48/50	95.14	Peduoviridae
v06831	12/115	37.12	Aliceevansviridae
v06838	11/43	42.22	Winoviridae
v06839	4/18	41.80	Aliceevansviridae
v06840	10/55	38.24	Aliceevansviridae
v06841	12/45	43.30	Autographiviridae
v06843	10/53	39.41	Aliceevansviridae
v06855	13/240	39.30	Herelleviridae
v06861	7/10	59.41	Microviridae
v06864	37/63	54.89	Aliceevansviridae
v06870	40/60	61.94	Aliceevansviridae
v06879	47/51	97.80	Peduoviridae
v06880	57/62	81.04	Aliceevansviridae
v06883	7/35	32.74	Peduoviridae
v06896	13/54	39.98	Aliceevansviridae
v06900	11/48	42.91	Aliceevansviridae
v06902	14/64	41.80	Aliceevansviridae
v06911	21/52	53.22	Aliceevansviridae
v06913	9/44	42.11	Autographiviridae
v06914	6/26	39.50	Aliceevansviridae
v06922	13/47	37.29	Winoviridae
v06932	9/41	42.99	Aliceevansviridae
v06940	31/36	96.38	Peduoviridae
v06942	4/18	98.12	Microviridae
v06943	44/50	99.37	Peduoviridae
v06946	6/7	91.37	Microviridae
v06951	15/138	49.03	Aliceevansviridae
v06956	13/55	39.48	Aliceevansviridae
v06959	9/44	47.14	Aliceevansviridae
v06960	10/50	46.78	Aliceevansviridae
v06972	10/43	42.58	Winoviridae
v06983	13/65	37.58	Aliceevansviridae
v06985	4/7	39.02	Microviridae
v06992	4/6	89.15	Microviridae
v06993	32/34	75.80	Aliceevansviridae
v06994	26/51	55.67	Peduoviridae
v06996	41/52	92.21	Peduoviridae
v06997	18/180	39.92	Herelleviridae
v06998	10/55	46.07	Aliceevansviridae
v07007	17/233	39.85	Herelleviridae
v07010	8/38	43.39	Aliceevansviridae
v07020	32/34	92.52	Peduoviridae
v07026	15/171	40.55	Herelleviridae
v07027	11/112	40.77	Herelleviridae
v07052	51/98	88.68	Peduoviridae
v07057	5/6	44.70	Microviridae
v07058	35/37	76.63	Aliceevansviridae
v07060	43/45	96.32	Peduoviridae
v07061	39/47	91.52	Peduoviridae
v07062	48/53	76.74	Aliceevansviridae
v07066	3/15	39.00	Aliceevansviridae
v07069	36/41	92.05	Peduoviridae
v07076	12/132	38.33	Herelleviridae
v07079	15/215	39.99	Herelleviridae
v07093	11/54	46.36	Aliceevansviridae
v07095	11/108	39.51	Aliceevansviridae
v07115	11/119	39.66	Aliceevansviridae
v07121	16/204	39.23	Herelleviridae
v07125	16/47	49.57	Aliceevansviridae
v07130	12/43	36.80	Winoviridae
v07131	9/38	36.43	Casjensviridae
v07150	41/44	90.58	Peduoviridae
v07159	38/50	87.57	Peduoviridae
v07160	39/43	74.51	Peduoviridae
v07177	11/87	39.81	Winoviridae
v07180	45/50	93.58	Peduoviridae
v07184	11/162	40.08	Herelleviridae
v07195	10/49	45.54	Peduoviridae
v07197	23/51	61.56	Aliceevansviridae
v07198	38/49	94.19	Peduoviridae
v07214	10/49	39.43	Aliceevansviridae
v07218	11/44	47.09	Peduoviridae
v07230	31/32	90.62	Peduoviridae
v07238	11/63	40.61	Aliceevansviridae
v07244	10/65	54.24	Peduoviridae
v07246	36/50	85.36	Peduoviridae
v07249	12/64	43.81	Aliceevansviridae
v07251	13/119	40.91	Herelleviridae
v07260	38/46	77.01	Peduoviridae
v07261	11/61	41.09	Drexlerviridae
v07265	18/203	40.41	Herelleviridae
v07276	10/63	41.82	Aliceevansviridae
v07279	43/145	85.44	Peduoviridae
v07299	4/15	38.25	Aliceevansviridae
v07308	10/61	40.35	Aliceevansviridae
v07314	42/44	91.41	Peduoviridae
v07316	5/9	65.18	Microviridae
v07318	31/37	91.79	Peduoviridae
v07321	36/50	62.53	Peduoviridae
v07322	5/16	41.26	Aliceevansviridae
v07323	39/53	74.59	Aliceevansviridae
v07324	4/14	40.92	Inoviridae
v07326	4/14	47.02	Aliceevansviridae
v07336	5/11	49.78	Microviridae
v07339	4/4	60.62	Microviridae
v07348	30/43	68.74	Peduoviridae
v07383	27/44	50.07	Peduoviridae
v07386	26/32	93.95	Peduoviridae
v07399	56/59	79.94	Peduoviridae
v07401	7/13	60.76	Microviridae
v07405	10/87	42.53	Aliceevansviridae
v07416	17/53	41.96	Autographiviridae
v07426	39/39	86.33	Peduoviridae
v07436	4/5	47.83	Microviridae
v07443	6/6	88.48	Microviridae
v07444	11/51	39.64	Aliceevansviridae
v07449	7/8	60.97	Microviridae
v07452	9/32	43.49	Aliceevansviridae
v07461	9/45	41.92	Aliceevansviridae
v07480	12/50	41.33	Winoviridae
v07483	10/60	40.67	Aliceevansviridae
v07491	10/80	48.74	Suoliviridae
v07494	10/77	38.05	Winoviridae
v07509	33/35	93.67	Peduoviridae
v07515	10/45	42.19	Aliceevansviridae
v07529	31/54	57.87	Aliceevansviridae
v07541	11/86	38.18	Peduoviridae
v07542	11/194	37.45	Herelleviridae
v07545	12/50	37.55	Winoviridae
v07550	10/47	50.66	Aliceevansviridae
v07560	14/50	45.61	Autographiviridae
v07561	10/50	42.90	Aliceevansviridae
v07578	10/58	39.82	Aliceevansviridae
v07579	7/10	61.54	Microviridae
v07584	7/11	60.21	Microviridae
v07589	40/51	91.82	Peduoviridae
v07605	5/16	49.84	Aliceevansviridae
v07607	53/114	84.94	Peduoviridae
v07613	18/50	55.07	Aliceevansviridae
v07616	10/45	39.90	Aliceevansviridae
v07618	11/63	39.52	Aliceevansviridae
v07659	16/153	40.03	Herelleviridae
v07660	4/10	99.95	Microviridae
v07672	16/53	42.41	Autographiviridae
v07677	3/5	42.57	Microviridae
v07698	4/10	33.25	Microviridae
v07704	9/43	41.96	Aliceevansviridae
v07708	29/47	49.56	Peduoviridae
v07720	10/50	38.60	Aliceevansviridae
v07729	38/48	97.60	Peduoviridae
v07733	50/58	78.79	Aliceevansviridae
v07734	3/14	33.23	Microviridae
v07737	38/45	93.70	Peduoviridae
v07739	41/50	99.16	Peduoviridae
v07742	40/44	94.00	Peduoviridae
v07743	2/8	46.55	Inoviridae
v07763	10/56	41.38	Aliceevansviridae
v07771	4/11	70.40	Microviridae
v07775	43/51	91.49	Peduoviridae
v07779	14/47	44.04	Aliceevansviridae
v07781	11/49	49.86	Aliceevansviridae
v07782	13/110	49.84	Peduoviridae
v07786	32/39	91.42	Peduoviridae
v07789	17/37	60.59	Aliceevansviridae
v07790	11/53	42.83	Aliceevansviridae
v07802	5/8	50.06	Microviridae
v07815	14/58	43.19	Drexlerviridae
v07819	15/45	46.98	Autographiviridae
v07836	42/42	99.87	Peduoviridae
v07839	42/47	89.48	Peduoviridae
v07845	25/50	52.94	Peduoviridae
v07847	3/5	38.47	Microviridae
v07851	39/41	96.71	Peduoviridae
v07855	15/243	38.73	Herelleviridae
v07859	7/16	60.81	Microviridae
v07868	5/9	87.76	Microviridae
v07876	30/55	56.08	Aliceevansviridae
v07888	10/51	36.98	Aliceevansviridae
v07902	7/33	40.81	Aliceevansviridae
v07910	18/231	37.80	Herelleviridae
v07966	13/49	43.23	Aliceevansviridae
v07981	11/67	39.48	Aliceevansviridae
v07985	10/62	40.06	Aliceevansviridae
v07988	37/50	81.01	Peduoviridae
v07990	10/69	44.13	Drexlerviridae
v07995	11/41	35.41	Winoviridae
v08013	42/46	76.48	Aliceevansviridae
v08022	17/112	39.64	Aliceevansviridae
v08032	41/49	93.66	Peduoviridae
v08045	10/47	39.89	Aliceevansviridae
v08054	11/58	39.98	Aliceevansviridae
v08075	6/25	41.02	Aliceevansviridae
v08080	4/12	47.25	Aliceevansviridae
v08088	7/31	33.74	Peduoviridae
v08096	35/50	96.43	Peduoviridae
v08119	8/19	46.41	Aliceevansviridae
v08129	10/47	44.80	Aliceevansviridae
v08135	10/52	51.18	Aliceevansviridae
v08153	14/120	42.41	Herelleviridae
v08154	10/59	39.96	Aliceevansviridae
v08160	9/45	36.38	Peduoviridae
v08163	11/57	39.59	Winoviridae
v08170	13/129	39.88	Winoviridae
v08182	37/83	94.46	Peduoviridae
v08186	26/28	91.89	Peduoviridae
v08207	7/32	40.70	Aliceevansviridae
v08214	7/8	64.49	Microviridae
v08215	8/37	41.48	Aliceevansviridae
v08220	12/213	42.18	Herelleviridae
v08229	15/64	45.64	Drexlerviridae
v08230	32/50	74.28	Peduoviridae
v08231	30/40	69.57	Aliceevansviridae
v08232	34/49	69.38	Aliceevansviridae
v08236	35/42	88.42	Peduoviridae
v08247	9/38	41.36	Aliceevansviridae
v08257	8/37	42.38	Aliceevansviridae
v08279	9/41	41.77	Aliceevansviridae
v08282	13/58	45.78	Aliceevansviridae
v08284	5/25	43.84	Aliceevansviridae
v08291	38/42	90.18	Peduoviridae
v08302	43/51	93.89	Peduoviridae
v08315	15/218	36.27	Herelleviridae
v08317	7/9	61.24	Microviridae
v08326	17/217	39.99	Herelleviridae
v08328	13/47	36.09	Winoviridae
v08330	12/220	42.47	Herelleviridae
v08331	11/63	42.89	Aliceevansviridae
v08334	11/48	40.91	Peduoviridae
v08350	34/51	76.06	Peduoviridae
v08351	36/37	88.98	Peduoviridae
v08366	14/65	44.55	Aliceevansviridae
v08370	38/49	75.94	Aliceevansviridae
v08375	4/7	89.67	Microviridae
v08389	30/50	50.37	Peduoviridae
v08392	6/25	49.13	Aliceevansviridae
v08402	39/48	84.41	Peduoviridae
v08404	36/51	90.93	Peduoviridae
v08408	12/71	40.16	Aliceevansviridae
v08414	8/35	42.42	Aliceevansviridae
v08415	10/82	37.57	Peduoviridae
v08419	16/177	36.40	Herelleviridae
v08430	7/9	85.81	Inoviridae
v08433	4/12	61.02	Inoviridae
v08434	6/7	90.23	Inoviridae
v08476	3/7	35.87	Inoviridae
v08490	3/12	56.50	Inoviridae
v08511	11/56	37.87	Winoviridae
v08515	3/7	46.77	Inoviridae
v08539	13/51	45.43	Aliceevansviridae
v08540	13/217	40.23	Herelleviridae
v08544	13/193	46.96	Herelleviridae
v08554	10/143	41.27	Herelleviridae
v08560	13/213	37.73	Herelleviridae
v08566	11/62	47.99	Aliceevansviridae
v08567	12/101	38.93	Aliceevansviridae
v08580	11/204	37.55	Herelleviridae
v08581	12/102	45.52	Aliceevansviridae
v08588	18/225	40.18	Herelleviridae
v08593	10/191	34.24	Straboviridae
v08597	20/243	39.09	Herelleviridae
v08607	11/154	42.31	Herelleviridae
v08618	10/123	41.66	Aliceevansviridae
v08630	26/34	83.94	Peduoviridae
v08634	11/211	38.53	Herelleviridae
v08643	10/162	39.61	Herelleviridae
v08644	10/77	38.18	Aliceevansviridae
v08650	16/35	44.56	Autographiviridae
v08681	5/9	60.36	Microviridae
v08682	3/6	35.50	Microviridae
v08683	9/44	42.46	Aliceevansviridae
v08687	11/201	38.45	Herelleviridae
v08698	14/66	44.71	Aliceevansviridae
v08707	11/56	40.59	Aliceevansviridae
v08712	10/50	37.35	Winoviridae
v08741	10/53	44.43	Aliceevansviridae
v08747	14/60	38.41	Aliceevansviridae
v08768	22/303	38.05	Herelleviridae
v08776	12/51	38.11	Aliceevansviridae
v08777	13/161	44.32	Herelleviridae
v08785	10/50	49.53	Aliceevansviridae
v08789	25/27	78.43	Peduoviridae
v08791	24/226	40.69	Herelleviridae
v08795	12/56	45.73	Aliceevansviridae
v08800	10/43	37.08	Winoviridae
v08812	11/47	42.82	Aliceevansviridae
v08815	7/35	41.30	Aliceevansviridae
v08818	10/56	50.24	Aliceevansviridae
v08827	11/38	44.40	Peduoviridae
v08833	9/43	40.11	Aliceevansviridae
v08849	12/51	39.81	Aliceevansviridae
v08850	38/60	62.13	Aliceevansviridae
v08851	10/53	41.55	Aliceevansviridae
v08855	7/23	47.00	Aliceevansviridae
v08858	53/68	78.85	Aliceevansviridae
v08871	10/53	49.64	Aliceevansviridae
v08878	20/246	43.43	Suoliviridae
v08899	15/238	39.03	Herelleviridae
v08904	13/67	43.34	Aliceevansviridae
v08906	12/89	41.22	Aliceevansviridae
v08907	10/50	43.08	Aliceevansviridae
v08910	27/65	52.07	Aliceevansviridae
v08921	10/75	47.38	Aliceevansviridae
v08925	18/54	47.64	Aliceevansviridae
v08927	10/47	41.57	Aliceevansviridae
v08931	16/51	40.11	Aliceevansviridae
v08934	37/41	87.75	Peduoviridae
v08938	11/168	39.16	Herelleviridae
v08944	11/50	40.89	Winoviridae
v08949	40/50	91.66	Peduoviridae
v08963	21/225	43.68	Herelleviridae
v08964	7/10	62.07	Microviridae
v08980	5/10	91.54	Microviridae
v08987	11/76	39.51	Aliceevansviridae
v08989	17/294	41.55	Herelleviridae
v08996	12/65	45.70	Aliceevansviridae
v09010	5/7	88.00	Microviridae
v09013	26/88	46.46	Schitoviridae
v09019	14/271	41.49	Herelleviridae
v09020	10/79	43.04	Aliceevansviridae
v09024	12/56	46.29	Aliceevansviridae
v09032	10/52	43.25	Aliceevansviridae
v09033	11/69	44.92	Aliceevansviridae
v09038	5/17	45.30	Aliceevansviridae
v09039	40/50	97.69	Peduoviridae
v09040	4/11	37.75	Microviridae
v09049	10/41	41.81	Aliceevansviridae
v09052	11/100	42.60	Aliceevansviridae
v09065	9/42	44.00	Aliceevansviridae
v09069	13/58	48.02	Aliceevansviridae
v09076	11/73	39.40	Aliceevansviridae
v09087	7/35	42.19	Aliceevansviridae
v09092	14/210	38.19	Herelleviridae
v09097	12/126	41.14	Aliceevansviridae
v09101	10/52	37.27	Aliceevansviridae
v09116	4/7	35.33	Microviridae
v09117	4/20	36.92	Microviridae
v09119	9/25	33.83	Duneviridae
v09122	17/34	61.53	Aliceevansviridae
v09123	17/59	78.59	Peduoviridae
v09124	8/31	43.30	Herelleviridae
v09125	40/41	95.94	Peduoviridae
v09128	10/129	39.13	Herelleviridae
v09135	34/36	75.72	Peduoviridae
v09140	16/50	42.36	Autographiviridae
v09145	10/66	41.31	Aliceevansviridae
v09166	10/169	31.53	Peduoviridae
v09185	10/259	38.11	Herelleviridae
v09198	10/286	49.98	Steigviridae
v09216	11/57	40.07	Aliceevansviridae
v09219	10/176	39.23	Herelleviridae
v09220	10/58	86.34	Peduoviridae
v09232	11/118	38.07	Aliceevansviridae
v09242	4/6	80.55	Microviridae
v09244	10/60	45.63	Aliceevansviridae
v09250	13/50	45.68	Aliceevansviridae
v09253	16/223	40.33	Herelleviridae
v09263	29/33	97.03	Peduoviridae
v09267	14/63	44.10	Aliceevansviridae
v09269	40/50	95.91	Peduoviridae
v09282	10/139	33.22	Herelleviridae
v09288	4/11	52.15	Microviridae
v09294	11/77	56.04	Suoliviridae
v09322	12/228	39.67	Herelleviridae
v09327	15/51	43.83	Autographiviridae
v09328	18/46	49.37	Aliceevansviridae
v09333	14/262	40.79	Herelleviridae
v09340	20/44	43.78	Peduoviridae
v09361	11/62	37.91	Aliceevansviridae
v09365	42/49	94.01	Peduoviridae
v09373	6/9	59.87	Microviridae
v09376	12/50	40.33	Winoviridae
v09381	13/72	34.51	Aliceevansviridae
v09386	10/85	42.80	Aliceevansviridae
v09396	15/90	42.43	Aliceevansviridae
v09409	16/102	41.79	Aliceevansviridae
v09410	28/31	99.03	Peduoviridae
v09414	37/44	89.71	Peduoviridae
v09416	35/45	89.13	Peduoviridae
v09427	12/41	41.19	Autographiviridae
v09440	25/50	50.80	Peduoviridae
v09446	11/52	46.29	Aliceevansviridae
v09458	36/50	59.06	Autographiviridae
v09462	11/39	48.30	Drexlerviridae
v09470	29/50	74.75	Peduoviridae
v09478	15/185	46.14	Aliceevansviridae
v09481	18/231	39.61	Herelleviridae
v09493	6/11	48.55	Microviridae
v09494	8/37	36.65	Aliceevansviridae
v09511	42/70	62.42	Aliceevansviridae
v09539	3/14	34.73	Microviridae
v09545	24/51	43.42	Peduoviridae
v09564	11/269	33.98	Herelleviridae
v09566	11/56	60.29	Peduoviridae
v09572	7/34	42.03	Aliceevansviridae
v09575	10/59	48.12	Drexlerviridae
v09579	31/33	94.40	Peduoviridae
v09582	15/58	45.95	Drexlerviridae
v09590	10/67	42.49	Winoviridae
v09602	8/36	49.01	Aliceevansviridae
v09633	17/188	39.71	Herelleviridae
v09639	12/122	42.95	Herelleviridae
v09650	12/54	44.33	Aliceevansviridae
v09651	10/60	48.57	Aliceevansviridae
v09655	22/230	39.60	Herelleviridae
v09659	4/5	43.55	Microviridae
v09670	41/48	97.33	Peduoviridae
v09674	19/251	38.17	Herelleviridae
v09684	7/35	39.39	Aliceevansviridae
v09701	20/239	36.88	Herelleviridae
v09702	10/62	42.49	Aliceevansviridae
v09708	17/293	46.02	Herelleviridae
v09715	6/8	58.50	Microviridae
v09721	12/80	39.53	Peduoviridae
v09738	10/103	43.37	Aliceevansviridae
v09745	12/85	49.22	Aliceevansviridae
v09758	11/149	35.55	Herelleviridae
v09761	14/216	41.41	Herelleviridae
v09766	42/50	97.48	Peduoviridae
v09772	11/165	34.99	Aliceevansviridae
v09774	38/42	91.06	Peduoviridae
v09775	22/29	92.42	Peduoviridae
v09780	42/103	95.94	Peduoviridae
v09781	35/40	95.47	Peduoviridae
v09786	19/188	45.62	Herelleviridae
v09791	11/53	37.79	Aliceevansviridae
v09808	22/302	37.94	Herelleviridae
v09813	11/125	41.15	Herelleviridae
v09815	11/47	42.22	Aliceevansviridae
v09827	30/47	51.39	Peduoviridae
v09866	37/44	97.31	Peduoviridae
v09880	4/8	41.35	Microviridae
v09885	13/51	36.04	Winoviridae
v09890	41/50	91.96	Peduoviridae
v09891	36/44	81.03	Peduoviridae
v09892	34/39	94.32	Peduoviridae
v09896	16/235	40.36	Herelleviridae
v09911	4/7	35.98	Microviridae
v09917	40/45	95.57	Peduoviridae
v09931	12/224	42.63	Herelleviridae
v09961	7/7	84.29	Microviridae
v09964	11/232	34.70	Herelleviridae
v09979	7/9	72.56	Inoviridae
v10003	11/59	40.07	Aliceevansviridae
v10004	44/49	92.85	Peduoviridae
v10010	12/36	43.85	Autographiviridae
v10023	15/215	38.31	Herelleviridae
v10024	12/79	43.86	Aliceevansviridae
v10030	17/224	41.01	Herelleviridae
v10034	6/6	75.23	Microviridae
v10047	19/45	42.87	Autographiviridae
v10052	16/252	39.41	Herelleviridae
v10056	18/295	39.39	Herelleviridae
v10075	14/58	42.71	Autographiviridae
v10087	12/79	39.50	Winoviridae
v10093	11/61	40.95	Aliceevansviridae
v10096	16/204	36.54	Herelleviridae
v10097	10/154	37.22	Herelleviridae
v10099	17/57	43.37	Autographiviridae
v10122	11/105	38.01	Aliceevansviridae
v10125	11/63	43.05	Aliceevansviridae
v10134	14/188	43.69	Herelleviridae
v10136	8/15	52.88	Microviridae
v10137	10/72	40.69	Aliceevansviridae
v10146	3/5	39.50	Microviridae
v10149	12/76	36.49	Peduoviridae
v10161	16/54	42.39	Autographiviridae
v10173	19/21	97.32	Peduoviridae
v10176	10/50	50.40	Aliceevansviridae
v10184	17/223	40.22	Herelleviridae
v10189	12/51	34.39	Aliceevansviridae
v10192	38/49	94.04	Peduoviridae
v10202	3/8	30.60	Microviridae
v10206	10/52	47.87	Aliceevansviridae
v10207	11/210	38.09	Herelleviridae
v10219	16/46	44.36	Autographiviridae
v10246	4/4	39.83	Microviridae
v10250	10/64	42.72	Aliceevansviridae
v10278	25/33	92.73	Peduoviridae
v10285	12/180	42.21	Herelleviridae
v10310	3/7	33.33	Microviridae
v10318	3/7	33.50	Microviridae
v10331	8/39	47.46	Aliceevansviridae
v10347	11/67	42.20	Aliceevansviridae
v10352	8/40	52.10	Aliceevansviridae
v10355	11/54	50.30	Aliceevansviridae
v10365	10/55	41.78	Aliceevansviridae
v10391	9/44	41.30	Aliceevansviridae
v10393	14/50	36.02	Winoviridae
v10398	37/41	87.61	Peduoviridae
v10400	28/30	73.08	Peduoviridae
v10402	10/105	35.53	Herelleviridae
v10403	35/40	94.47	Peduoviridae
v10411	20/303	38.78	Herelleviridae
v10446	21/464	39.68	Herelleviridae
v10461	37/55	92.70	Peduoviridae
v10469	5/12	48.66	Microviridae
v10480	32/32	93.84	Peduoviridae
v10485	13/72	37.95	Aliceevansviridae
v10489	10/104	38.16	Suoliviridae
v10494	10/59	46.33	Aliceevansviridae
v10497	10/54	43.08	Aliceevansviridae
v10519	7/7	73.07	Microviridae
v10522	17/56	45.86	Drexlerviridae
v10529	10/57	37.76	Aliceevansviridae
v10534	7/9	80.86	Microviridae
v10554	17/238	42.75	Herelleviridae
v10580	15/58	53.78	Aliceevansviridae
v10581	13/181	43.48	Herelleviridae
v10593	1/4	47.60	Retroviridae
v10602	1/5	33.90	Retroviridae
v10605	1/5	37.30	Retroviridae
v10617	2/9	52.20	Retroviridae
v10623	2/9	41.85	Retroviridae
v10629	2/5	50.35	Retroviridae
v10631	1/4	43.90	Retroviridae
v10645	1/5	37.50	Circoviridae
v10660	4/5	49.92	Retroviridae
v10671	2/7	38.25	Retroviridae
v10672	2/10	33.85	Retroviridae
v10677	3/10	48.50	Retroviridae
v10684	31/45	51.24	Peduoviridae
v10693	38/50	97.30	Peduoviridae
v10695	24/25	82.07	Peduoviridae
v10707	14/63	47.64	Aliceevansviridae
v10715	7/9	69.53	Microviridae
v10720	19/24	85.95	Peduoviridae
v10724	12/84	36.15	Aliceevansviridae
v10730	11/51	39.21	Winoviridae
v10747	20/242	39.54	Herelleviridae
v10748	32/52	53.48	Peduoviridae
v10771	28/57	54.76	Aliceevansviridae
v10777	37/44	96.67	Peduoviridae
v10808	15/176	42.13	Herelleviridae
v10813	25/42	91.72	Peduoviridae
v10814	11/108	43.48	Steigviridae
v10816	19/34	88.05	Peduoviridae
v10817	11/61	43.02	Aliceevansviridae
v10818	16/42	42.92	Autographiviridae
v10831	31/131	56.02	Peduoviridae
v10838	12/77	43.33	Drexlerviridae
v10842	12/60	36.24	Winoviridae
v10855	2/7	56.15	Retroviridae
v10868	7/30	38.83	Aliceevansviridae
v10869	10/66	40.84	Aliceevansviridae
v10874	2/10	46.30	Inoviridae
v10896	6/10	82.60	Inoviridae
v10897	7/8	83.80	Inoviridae
v10900	10/235	38.28	Herelleviridae
v10912	7/9	70.71	Inoviridae
v10918	3/15	44.33	Inoviridae
v10921	7/8	90.23	Inoviridae
v10922	2/6	55.60	Inoviridae
v10928	3/11	47.00	Inoviridae
v10939	10/88	37.43	Winoviridae
v10941	7/9	75.54	Inoviridae
v10953	11/105	41.63	Aliceevansviridae
v10956	39/44	92.29	Peduoviridae
v10959	4/8	41.33	Microviridae
v10966	46/50	97.57	Peduoviridae
v10973	5/9	46.34	Microviridae
v10986	87/96	91.36	Suoliviridae
v10988	13/106	46.12	Aliceevansviridae
v11003	11/102	39.95	Aliceevansviridae
v11005	10/65	43.95	Aliceevansviridae
v11029	10/141	38.79	Herelleviridae
v11038	5/21	32.76	Salasmaviridae
v11040	20/239	40.29	Herelleviridae
v11045	21/216	41.29	Herelleviridae
v11060	28/31	92.05	Peduoviridae
v11069	18/64	46.21	Aliceevansviridae
v11070	35/39	83.26	Autographiviridae
v11079	21/48	64.88	Aliceevansviridae
v11080	40/42	95.38	Peduoviridae
v11085	35/37	92.94	Peduoviridae
v11099	34/36	85.55	Aliceevansviridae
v11108	5/21	51.34	Aliceevansviridae
v11112	20/41	51.01	Aliceevansviridae
v11121	18/60	47.39	Aliceevansviridae
v11122	46/48	83.59	Aliceevansviridae
v11123	6/14	60.70	Microviridae
v11124	41/46	91.13	Peduoviridae
v11130	16/214	39.51	Herelleviridae
v11132	7/10	62.90	Microviridae
v11134	14/37	51.24	Aliceevansviridae
v11136	11/56	42.70	Aliceevansviridae
v11138	47/50	98.76	Peduoviridae
v11144	28/63	59.29	Aliceevansviridae
v11145	45/48	83.83	Aliceevansviridae
v11162	33/60	60.33	Aliceevansviridae
v11163	40/46	94.32	Peduoviridae
v11165	12/55	45.24	Aliceevansviridae
v11171	27/51	52.41	Aliceevansviridae
v11179	12/50	42.82	Autographiviridae
v11183	20/50	46.36	Aliceevansviridae
v11188	19/229	36.96	Herelleviridae
v11195	10/105	33.96	Peduoviridae
v11199	27/32	94.19	Peduoviridae
v11200	30/52	50.64	Peduoviridae
v11202	21/59	49.46	Aliceevansviridae
v11210	10/57	42.34	Aliceevansviridae
v11220	8/40	89.72	Peduoviridae
v11224	21/60	45.70	Aliceevansviridae
v11226	18/62	42.16	Aliceevansviridae
v11227	9/40	42.34	Aliceevansviridae
v11228	10/45	40.67	Aliceevansviridae
v11232	10/46	36.99	Peduoviridae
v11233	11/57	38.45	Winoviridae
v11243	11/78	39.83	Winoviridae
v11260	6/7	88.15	Inoviridae
v11271	1/5	33.00	Circoviridae
v11292	10/153	87.20	Peduoviridae
v11294	4/12	60.35	Inoviridae
v11298	7/9	86.71	Inoviridae
v11300	6/9	82.77	Inoviridae
v11308	6/10	61.88	Microviridae
v11310	4/6	52.30	Microviridae
v11313	18/51	47.34	Autographiviridae
v11315	33/53	61.80	Aliceevansviridae
v11323	16/207	41.23	Herelleviridae
v11332	11/75	37.56	Aliceevansviridae
v11334	22/255	40.42	Herelleviridae
v11341	12/116	39.94	Winoviridae
v11346	15/219	36.67	Herelleviridae
v11347	10/56	40.36	Aliceevansviridae
v11350	4/8	34.90	Microviridae
v11359	11/79	43.55	Herelleviridae
v11376	11/65	42.72	Aliceevansviridae
v11402	13/54	36.30	Winoviridae
v11408	10/62	43.52	Aliceevansviridae
v11410	17/240	41.15	Herelleviridae
v11411	33/34	96.92	Peduoviridae
v11420	12/60	40.83	Winoviridae
v11421	7/9	94.60	Microviridae
v11443	10/112	44.59	Aliceevansviridae
v11446	4/16	37.80	Microviridae
v11459	35/63	61.49	Aliceevansviridae
v11464	12/131	39.83	Herelleviridae
v11468	16/180	40.81	Herelleviridae
v11471	38/45	76.81	Peduoviridae
v11482	4/9	90.85	Microviridae
v11484	45/203	81.30	Peduoviridae
v11488	24/40	92.08	Peduoviridae
v11489	3/10	37.27	Microviridae
v11500	3/8	41.03	Microviridae
v11504	6/16	61.93	Microviridae
v11509	11/51	46.33	Aliceevansviridae
v11510	11/47	42.94	Aliceevansviridae
v11519	13/54	41.13	Aliceevansviridae
v11521	3/10	33.73	Microviridae
v11536	4/14	38.77	Microviridae
v11542	3/7	53.93	Microviridae
v11545	9/40	40.16	Aliceevansviridae
v11557	15/234	39.02	Herelleviridae
v11561	12/206	39.73	Herelleviridae
v11565	12/51	43.11	Autographiviridae
v11572	15/245	40.59	Herelleviridae
v11573	11/47	38.44	Aliceevansviridae
v11582	12/204	39.55	Herelleviridae
v11588	34/50	86.25	Peduoviridae
v11596	10/50	41.26	Aliceevansviridae
v11599	10/60	41.96	Aliceevansviridae
v11603	1/5	30.60	Fervensviridae
v11606	38/42	93.98	Peduoviridae
v11613	6/8	59.53	Microviridae
v11615	25/30	92.04	Peduoviridae
v11627	25/34	70.01	Peduoviridae
v11642	15/200	39.90	Herelleviridae
v11645	11/90	44.88	Drexlerviridae
v11647	9/33	39.78	Aliceevansviridae
v11655	16/250	41.27	Herelleviridae
v11665	4/9	93.00	Microviridae
v11672	37/44	86.02	Peduoviridae
v11677	7/8	89.11	Inoviridae
v11697	7/8	92.80	Inoviridae
v11700	6/8	94.52	Inoviridae
v11722	88/100	96.23	Intestiviridae
v11734	11/239	34.34	Herelleviridae
v11735	8/10	83.54	Inoviridae
v11742	6/19	45.18	Inoviridae
v11760	7/8	84.63	Inoviridae
v11780	4/16	46.30	Inoviridae
v11788	10/12	79.10	Inoviridae
v11790	2/9	63.90	Inoviridae
v11815	11/112	44.89	Aliceevansviridae
v11817	10/107	45.87	Aliceevansviridae
v11822	10/173	39.58	Herelleviridae
v11842	11/107	39.91	Aliceevansviridae
v11856	11/55	56.88	Peduoviridae
v11858	10/48	42.74	Winoviridae
v11860	6/9	86.73	Microviridae
v11869	13/72	44.76	Drexlerviridae
v11872	39/44	94.52	Peduoviridae
v11873	6/9	79.77	Microviridae
v11874	52/60	77.00	Aliceevansviridae
v11882	11/70	35.95	Winoviridae
v11894	3/5	50.97	Microviridae
v11902	37/42	99.46	Peduoviridae
v11903	42/48	95.76	Peduoviridae
v11904	29/65	59.85	Aliceevansviridae
v11913	37/42	93.20	Peduoviridae
v11933	42/50	88.54	Peduoviridae
v11948	6/8	58.32	Microviridae
v11962	14/47	63.09	Aliceevansviridae
v11964	33/38	89.02	Peduoviridae
v11992	11/65	72.76	Peduoviridae
v11995	11/172	35.28	Herelleviridae
v11998	84/90	93.69	Intestiviridae
v12003	21/239	40.00	Herelleviridae
v12008	12/127	30.83	Herelleviridae
v12014	10/46	40.46	Aliceevansviridae
v12030	10/203	39.37	Herelleviridae
v12034	4/14	39.52	Microviridae
v12038	10/184	38.55	Herelleviridae
v12041	10/58	57.47	Peduoviridae
v12047	15/217	39.61	Herelleviridae
v12054	11/49	46.58	Aliceevansviridae
v12055	37/50	80.00	Peduoviridae
v12058	3/12	63.33	Peduoviridae
v12059	16/216	39.35	Herelleviridae
v12060	32/36	91.42	Peduoviridae
v12061	12/159	40.92	Aliceevansviridae
v12112	10/48	48.02	Aliceevansviridae
v12117	16/138	39.63	Herelleviridae
v12139	30/35	93.61	Peduoviridae
v12156	25/230	41.43	Herelleviridae
v12174	4/14	35.20	Guelinviridae
v12178	15/87	44.20	Aliceevansviridae
v12184	11/49	37.41	Aliceevansviridae
v12185	4/13	46.98	Inoviridae
v12186	15/165	39.83	Herelleviridae
v12198	11/103	44.35	Aliceevansviridae
v12201	11/104	44.85	Aliceevansviridae
v12202	12/62	40.98	Winoviridae
v12219	6/30	49.93	Aliceevansviridae
v12225	15/100	39.32	Aliceevansviridae
v12237	10/193	45.53	Steigviridae
v12240	6/11	81.42	Microviridae
v12241	8/27	43.59	Drexlerviridae
v12245	15/208	34.59	Herelleviridae
v12252	5/9	65.58	Microviridae
v12264	18/234	38.69	Herelleviridae
v12272	25/50	61.80	Aliceevansviridae
v12295	23/185	43.33	Herelleviridae
v12298	7/29	48.33	Aliceevansviridae
v12325	5/25	34.66	Salasmaviridae
v12330	17/139	45.02	Herelleviridae
v12341	49/54	82.80	Aliceevansviridae
v12345	15/16	94.22	Peduoviridae
v12346	19/214	40.97	Herelleviridae
v12355	4/20	40.88	Microviridae
v12369	17/102	43.48	Aliceevansviridae
v12380	10/52	45.71	Aliceevansviridae
v12396	4/15	41.75	Aliceevansviridae
v12397	10/36	42.44	Aliceevansviridae
v12429	16/215	40.91	Herelleviridae
v12444	14/217	38.60	Herelleviridae
v12446	14/186	39.71	Herelleviridae
v12448	9/43	39.98	Aliceevansviridae
v12461	13/85	38.81	Winoviridae
v12469	7/16	92.00	Microviridae
v12470	9/41	42.19	Aliceevansviridae
v12493	15/298	42.01	Herelleviridae
v12512	10/142	32.39	Casjensviridae
v12514	21/242	38.61	Herelleviridae
v12520	3/13	32.17	Microviridae
v12522	19/227	38.27	Herelleviridae
v12524	6/7	92.85	Microviridae
v12542	10/274	35.31	Herelleviridae
v12543	10/64	46.46	Aliceevansviridae
v12562	12/76	40.07	Aliceevansviridae
v12573	5/15	33.74	Guelinviridae
v12574	17/192	45.13	Herelleviridae
v12576	7/8	94.03	Inoviridae
v12581	13/116	36.19	Herelleviridae
v12582	13/218	40.92	Herelleviridae
v12592	7/8	74.89	Inoviridae
v12607	3/12	56.70	Inoviridae
v12610	4/10	66.47	Inoviridae
v12613	19/379	33.43	Herelleviridae
v12618	11/207	42.72	Herelleviridae
v12630	12/310	38.73	Herelleviridae
v12636	12/304	37.57	Herelleviridae
v12642	22/235	42.76	Herelleviridae
v12678	16/219	40.49	Herelleviridae
v12688	12/75	43.80	Aliceevansviridae
v12699	34/40	76.02	Peduoviridae
v12706	17/193	47.24	Herelleviridae
v12715	30/33	93.56	Peduoviridae
v12728	11/71	45.00	Aliceevansviridae
v12734	10/66	39.98	Aliceevansviridae
v12735	10/61	41.52	Aliceevansviridae
v12738	15/218	41.70	Herelleviridae
v12742	10/53	54.81	Aliceevansviridae
v12746	10/50	42.93	Aliceevansviridae
v12750	14/154	39.77	Herelleviridae
v12761	19/241	40.35	Herelleviridae
v12766	24/303	36.39	Herelleviridae
v12770	11/51	47.20	Aliceevansviridae
v12785	5/7	66.36	Microviridae
v12793	26/233	41.89	Herelleviridae
v12796	11/204	38.17	Herelleviridae
v12798	10/57	41.81	Aliceevansviridae
v12803	2/7	35.20	Microviridae
v12814	10/40	49.69	Aliceevansviridae
v12815	16/254	40.99	Herelleviridae
v12836	11/93	48.64	Suoliviridae
v12837	11/85	40.85	Aliceevansviridae
v12842	32/43	88.52	Peduoviridae
v12844	9/36	44.98	Drexlerviridae
v12846	42/51	95.75	Peduoviridae
v12850	11/125	42.67	Aliceevansviridae
v12854	12/146	41.62	Herelleviridae
v12855	11/66	40.56	Aliceevansviridae
v12860	11/205	39.49	Herelleviridae
v12872	11/50	43.18	Aliceevansviridae
v12873	13/120	39.40	Aliceevansviridae
v12881	13/249	37.49	Herelleviridae
v12898	11/61	41.51	Aliceevansviridae
v12902	3/10	57.70	Microviridae
v12904	10/60	49.79	Aliceevansviridae
v12927	3/15	43.83	Aliceevansviridae
v12949	38/50	94.21	Peduoviridae
v12960	14/83	38.71	Aliceevansviridae
v12973	9/33	42.62	Aliceevansviridae
v12976	15/154	40.59	Herelleviridae
v12982	16/225	41.62	Herelleviridae
v12984	3/7	33.17	Microviridae
v12985	36/50	95.62	Peduoviridae
v12989	10/55	52.64	Peduoviridae
v12990	15/179	41.50	Herelleviridae
v12995	14/185	44.11	Herelleviridae
v13015	17/200	41.81	Herelleviridae
v13019	10/60	40.51	Aliceevansviridae
v13024	22/74	45.23	Aliceevansviridae
v13038	29/48	54.92	Peduoviridae
v13043	15/189	40.95	Herelleviridae
v13061	16/206	45.77	Herelleviridae
v13079	10/147	39.09	Herelleviridae
v13122	10/50	44.71	Aliceevansviridae
v13124	23/301	37.85	Herelleviridae
v13125	5/15	50.24	Aliceevansviridae
v13134	13/106	46.71	Aliceevansviridae
v13141	12/160	40.71	Herelleviridae
v13148	14/232	38.71	Herelleviridae
v13157	10/53	41.27	Aliceevansviridae
v13161	10/250	37.98	Herelleviridae
v13162	4/7	99.67	Microviridae
v13185	24/291	41.40	Herelleviridae
v13194	25/300	40.48	Herelleviridae
v13198	11/214	41.35	Herelleviridae
v13199	13/222	39.87	Herelleviridae
v13208	12/210	50.97	Herelleviridae
v13219	6/8	81.80	Inoviridae
v13221	4/14	46.42	Inoviridae
v13229	5/10	47.56	Inoviridae
v13230	6/7	93.37	Inoviridae
v13232	5/10	86.62	Inoviridae
v13239	4/15	46.12	Inoviridae
v13247	6/9	92.22	Inoviridae
v13258	6/8	93.08	Inoviridae
v13266	2/8	34.70	Microviridae
v13267	4/18	54.05	Inoviridae
v13278	26/29	86.59	Peduoviridae
v13283	14/48	36.02	Winoviridae
v13285	8/28	50.41	Aliceevansviridae
v13287	11/44	45.08	Aliceevansviridae
v13297	16/241	39.36	Herelleviridae
v13304	14/60	46.79	Aliceevansviridae
v13305	31/35	60.40	Peduoviridae
v13306	37/52	87.05	Peduoviridae
v13307	10/50	44.42	Aliceevansviridae
v13313	14/91	45.49	Aliceevansviridae
v13320	8/31	42.12	Aliceevansviridae
v13322	10/54	42.14	Aliceevansviridae
v13324	10/55	50.34	Aliceevansviridae
v13326	5/8	68.70	Microviridae
v13330	34/39	75.41	Peduoviridae
v13341	10/129	40.06	Aliceevansviridae
v13353	8/12	66.70	Microviridae
v13356	17/157	42.56	Herelleviridae
v13370	10/60	48.49	Drexlerviridae
v13384	4/10	32.77	Microviridae
v13387	9/45	48.60	Aliceevansviridae
v13400	12/45	35.63	Winoviridae
v13405	5/17	97.76	Microviridae
v13406	6/6	89.02	Microviridae
v13409	32/33	93.42	Peduoviridae
v13411	40/41	88.54	Peduoviridae
v13419	36/37	90.60	Peduoviridae
v13426	33/36	91.29	Peduoviridae
v13437	14/48	42.96	Aliceevansviridae
v13444	13/38	40.55	Autographiviridae
v13472	8/12	97.38	Inoviridae
v13479	2/9	50.60	Inoviridae
v13487	7/7	84.63	Inoviridae
v13509	13/197	40.61	Herelleviridae
v13511	10/59	42.81	Aliceevansviridae
v13513	14/117	45.63	Peduoviridae
v13529	10/56	48.31	Aliceevansviridae
v13541	6/8	86.68	Microviridae
v13543	7/13	60.03	Microviridae
v13557	20/201	42.40	Herelleviridae
v13562	16/225	44.21	Herelleviridae
v13584	7/13	61.73	Microviridae
v13589	15/208	37.09	Herelleviridae
v13590	5/8	83.52	Microviridae
v13597	18/62	45.37	Aliceevansviridae
v13605	40/45	97.48	Peduoviridae
v13615	32/36	91.90	Peduoviridae
v13631	22/28	95.61	Peduoviridae
v13635	16/63	46.76	Aliceevansviridae
v13637	45/51	95.07	Peduoviridae
v13640	10/70	38.82	Aliceevansviridae
v13648	9/43	39.37	Aliceevansviridae
v13652	12/80	38.12	Aliceevansviridae
v13687	16/28	97.29	Peduoviridae
v13691	12/211	40.08	Herelleviridae
v13701	9/10	70.69	Microviridae
v13719	11/104	43.45	Aliceevansviridae
v13727	10/94	43.18	Aliceevansviridae
v13729	13/220	43.36	Herelleviridae
v13730	40/47	93.72	Peduoviridae
v13738	12/50	41.80	Aliceevansviridae
v13755	11/167	42.57	Herelleviridae
v13758	11/55	39.61	Aliceevansviridae
v13759	11/154	47.25	Aliceevansviridae
v13770	5/17	64.96	Microviridae
v13779	13/185	46.93	Herelleviridae
v13792	23/59	43.17	Peduoviridae
v13794	19/235	40.02	Herelleviridae
v13798	43/50	68.04	Peduoviridae
v13802	41/48	96.47	Peduoviridae
v13805	10/50	41.13	Aliceevansviridae
v13808	18/226	38.90	Herelleviridae
v13819	12/106	42.88	Aliceevansviridae
v13821	11/50	45.99	Aliceevansviridae
v13823	30/61	49.87	Peduoviridae
v13843	10/211	37.78	Herelleviridae
v13847	7/8	86.34	Inoviridae
v13858	10/26	73.50	Inoviridae
v13865	13/213	37.92	Herelleviridae
v13869	13/191	40.79	Herelleviridae
v13878	25/588	42.24	Straboviridae
v13879	9/11	76.56	Inoviridae
v13883	12/252	34.44	Herelleviridae
v13889	6/8	60.02	Inoviridae
v13891	26/299	39.73	Herelleviridae
v13892	10/49	48.41	Aliceevansviridae
v13908	10/47	46.20	Aliceevansviridae
v13910	10/48	38.23	Winoviridae
v13914	41/61	96.33	Peduoviridae
v13915	20/247	40.27	Herelleviridae
v13922	10/64	36.88	Aliceevansviridae
v13923	6/8	65.68	Microviridae
v13924	13/102	45.99	Drexlerviridae
v13926	10/37	40.16	Winoviridae
v13935	36/41	81.28	Peduoviridae
v13937	10/50	36.84	Winoviridae
v13939	29/36	91.77	Peduoviridae
v13952	11/44	48.16	Aliceevansviridae
v13961	15/460	39.06	Herelleviridae
v13977	42/44	94.71	Peduoviridae
v13981	61/113	48.19	Steigviridae
v13982	18/62	42.85	Autographiviridae
v13987	7/26	36.19	Aliceevansviridae
v14004	6/10	95.88	Microviridae
v14009	15/58	42.82	Aliceevansviridae
v14010	43/47	95.45	Peduoviridae
v14020	35/42	90.48	Peduoviridae
v14022	10/100	48.62	Suoliviridae
v14031	15/251	40.88	Herelleviridae
v14033	10/76	37.82	Aliceevansviridae
v14035	4/13	41.80	Microviridae
v14040	7/31	42.00	Aliceevansviridae
v14045	22/222	39.98	Herelleviridae
v14046	11/49	43.89	Aliceevansviridae
v14057	18/210	42.45	Herelleviridae
v14071	10/49	43.47	Aliceevansviridae
v14073	14/162	41.07	Herelleviridae
v14077	11/54	44.85	Drexlerviridae
v14078	5/25	40.16	Aliceevansviridae
v14080	9/12	65.08	Microviridae
v14088	27/33	91.92	Peduoviridae
v14089	33/36	93.13	Peduoviridae
v14091	35/38	95.08	Peduoviridae
v14092	10/55	40.02	Aliceevansviridae
v14098	10/117	47.25	Suoliviridae
v14099	17/226	38.86	Herelleviridae
v14106	13/74	42.21	Peduoviridae
v14108	4/8	43.00	Microviridae
v14111	10/136	40.69	Herelleviridae
v14147	12/62	47.52	Aliceevansviridae
v14152	32/34	99.03	Peduoviridae
v14170	7/31	45.54	Inoviridae
v14178	13/221	36.84	Herelleviridae
v14184	7/30	32.13	Duneviridae
v14210	2/10	47.10	Inoviridae
v14213	10/144	38.62	Herelleviridae
v14217	14/160	36.45	Herelleviridae
v14223	4/8	44.00	Inoviridae
v14243	6/10	48.40	Inoviridae
v14258	6/9	90.75	Inoviridae
v14285	10/49	42.98	Aliceevansviridae
v14291	10/174	39.81	Herelleviridae
v14293	18/104	41.03	Aliceevansviridae
v14294	10/153	37.52	Aliceevansviridae
v14295	40/50	91.23	Peduoviridae
v14296	10/47	46.77	Aliceevansviridae
v14297	17/59	48.08	Aliceevansviridae
v14299	11/53	43.22	Aliceevansviridae
v14304	11/76	42.38	Aliceevansviridae
v14308	21/50	50.30	Aliceevansviridae
v14311	35/48	88.44	Peduoviridae
v14320	32/90	44.14	Autographiviridae
v14332	10/54	42.72	Aliceevansviridae
v14336	12/63	41.33	Winoviridae
v14346	10/95	48.47	Suoliviridae
v14352	24/57	52.33	Aliceevansviridae
v14355	7/33	34.26	Winoviridae
v14358	12/221	39.96	Herelleviridae
v14368	16/52	47.29	Autographiviridae
v14371	16/154	38.91	Suoliviridae
v14375	11/116	42.15	Herelleviridae
v14386	11/75	47.37	Aliceevansviridae
v14393	10/56	42.90	Aliceevansviridae
v14398	18/21	83.47	Peduoviridae
v14404	14/100	36.02	Winoviridae
v14417	23/62	45.15	Aliceevansviridae
v14419	11/138	41.42	Herelleviridae
v14427	10/88	44.07	Aliceevansviridae
v14439	98/157	94.07	Suoliviridae
v14443	12/85	38.80	Aliceevansviridae
v14449	35/37	82.41	Peduoviridae
v14458	10/82	43.57	Aliceevansviridae
v14463	14/236	40.20	Herelleviridae
v14470	10/57	61.81	Peduoviridae
v14473	10/74	50.83	Aliceevansviridae
v14483	8/12	66.38	Microviridae
v14484	10/187	36.31	Herelleviridae
v14485	12/136	42.82	Herelleviridae
v14487	11/50	42.61	Aliceevansviridae
v14497	29/29	95.28	Autographiviridae
v14498	11/58	61.64	Peduoviridae
v14505	10/46	37.19	Aliceevansviridae
v14514	20/238	38.63	Herelleviridae
v14520	15/201	41.63	Herelleviridae
v14534	12/48	50.01	Aliceevansviridae
v14538	21/70	46.68	Aliceevansviridae
v14540	12/125	39.95	Herelleviridae
v14556	11/47	43.82	Aliceevansviridae
v14558	10/51	46.09	Aliceevansviridae
v14576	4/4	60.30	Microviridae
v14577	20/60	45.53	Aliceevansviridae
v14582	10/51	42.40	Aliceevansviridae
v14584	21/258	41.68	Herelleviridae
v14591	11/102	43.41	Aliceevansviridae
v14597	10/50	46.89	Aliceevansviridae
v14605	7/7	78.63	Microviridae
v14608	11/183	39.75	Herelleviridae
v14609	16/231	43.76	Herelleviridae
v14613	12/128	41.15	Aliceevansviridae
v14620	13/74	38.67	Aliceevansviridae
v14629	10/47	45.90	Aliceevansviridae
v14632	11/47	46.42	Aliceevansviridae
v14633	10/125	47.84	Herelleviridae
v14635	18/220	42.08	Herelleviridae
v14637	16/101	51.65	Aliceevansviridae
v14638	31/36	70.26	Peduoviridae
v14642	41/61	95.19	Peduoviridae
v14648	16/232	43.94	Herelleviridae
v14649	18/228	44.16	Herelleviridae
v14658	10/72	41.98	Aliceevansviridae
v14659	3/5	38.50	Microviridae
v14666	16/232	36.92	Herelleviridae
v14685	11/49	46.25	Aliceevansviridae
v14686	32/35	94.65	Peduoviridae
v14687	11/70	46.25	Aliceevansviridae
v14688	11/54	46.25	Aliceevansviridae
v14690	16/238	40.61	Herelleviridae
v14700	41/45	95.13	Peduoviridae
v14725	8/25	47.26	Aliceevansviridae
v14726	13/53	47.57	Aliceevansviridae
v14729	15/263	34.66	Herelleviridae
v14734	14/58	49.61	Aliceevansviridae
v14737	10/65	41.00	Aliceevansviridae
v14739	29/36	91.59	Peduoviridae
v14757	13/224	38.78	Herelleviridae
v14760	9/43	34.84	Winoviridae
v14768	10/54	42.37	Aliceevansviridae
v14775	17/78	40.94	Aliceevansviridae
v14779	18/248	37.38	Herelleviridae
v14780	14/117	41.97	Aliceevansviridae
v14783	15/154	43.73	Herelleviridae
v14784	3/8	38.80	Microviridae
v14790	10/31	41.12	Aliceevansviridae
v14795	13/165	37.15	Herelleviridae
v14805	48/50	97.46	Peduoviridae
v14818	10/59	42.72	Aliceevansviridae
v14819	19/106	37.71	Aliceevansviridae
v14827	9/43	51.70	Aliceevansviridae
v14833	17/54	47.57	Aliceevansviridae
v14834	17/52	49.69	Aliceevansviridae
v14843	9/44	43.57	Aliceevansviridae
v14846	13/58	44.72	Autographiviridae
v14859	12/206	41.48	Herelleviridae
v14869	11/85	40.76	Aliceevansviridae
v14890	17/51	51.69	Aliceevansviridae
v14891	7/19	46.86	Aliceevansviridae
v14893	9/24	46.49	Autographiviridae
v14913	12/47	39.96	Aliceevansviridae
v14916	4/6	68.22	Microviridae
v14918	10/43	37.52	Aliceevansviridae
v14929	9/45	44.89	Aliceevansviridae
v14942	21/261	41.35	Herelleviridae
v14949	13/223	36.92	Herelleviridae
v14952	16/247	40.45	Herelleviridae
v14954	8/9	60.19	Microviridae
v14957	15/68	39.61	Aliceevansviridae
v14959	12/24	59.62	Aliceevansviridae
v14962	10/48	52.65	Aliceevansviridae
v14972	8/12	66.61	Microviridae
v14982	40/50	81.26	Peduoviridae
v14983	36/39	78.65	Peduoviridae
v14991	13/54	45.66	Aliceevansviridae
v15001	4/9	69.53	Microviridae
v15019	10/95	49.81	Suoliviridae
v15023	10/58	44.53	Aliceevansviridae
v15033	17/113	43.21	Aliceevansviridae
v15034	14/210	41.04	Herelleviridae
v15072	17/51	47.34	Autographiviridae
v15077	4/7	41.75	Microviridae
v15086	5/18	42.96	Microviridae
v15089	6/7	89.18	Microviridae
v15095	10/65	40.39	Aliceevansviridae
v15103	41/48	87.15	Peduoviridae
v15111	8/13	55.71	Inoviridae
v15115	11/164	39.64	Herelleviridae
v15116	3/15	45.27	Inoviridae
v15122	15/231	37.51	Herelleviridae
v15127	2/10	49.45	Inoviridae
v15130	2/7	53.70	Inoviridae
v15134	11/308	40.32	Herelleviridae
v15160	13/261	42.51	Herelleviridae
v15198	13/95	46.29	Drexlerviridae
v15203	40/50	98.15	Peduoviridae
v15207	35/49	65.74	Peduoviridae
v15210	37/50	89.27	Peduoviridae
v15214	6/9	46.60	Microviridae
v15221	12/205	41.68	Herelleviridae
v15242	13/64	44.46	Aliceevansviridae
v15244	6/14	47.65	Microviridae
v15246	13/138	49.85	Aliceevansviridae
v15258	18/67	48.29	Aliceevansviridae
v15259	14/59	47.74	Drexlerviridae
v15261	31/35	94.13	Peduoviridae
v15264	11/52	39.90	Aliceevansviridae
v15265	16/55	44.85	Aliceevansviridae
v15268	48/52	79.44	Aliceevansviridae
v15270	9/43	44.58	Aliceevansviridae
v15271	18/228	37.77	Herelleviridae
v15276	19/43	52.43	Aliceevansviridae
v15278	36/52	73.17	Aliceevansviridae
v15286	10/44	35.71	Aliceevansviridae
v15287	17/140	45.46	Autographiviridae
v15290	10/55	52.22	Aliceevansviridae
v15292	18/225	42.45	Herelleviridae
v15293	15/56	45.78	Aliceevansviridae
v15294	12/60	41.26	Aliceevansviridae
v15297	4/12	35.23	Microviridae
v15308	10/151	45.08	Herelleviridae
v15309	6/7	85.32	Microviridae
v15313	12/41	40.88	Aliceevansviridae
v15314	20/64	47.48	Aliceevansviridae
v15321	10/50	31.37	Winoviridae
v15323	11/104	46.05	Aliceevansviridae
v15324	10/54	39.00	Aliceevansviridae
v15327	20/214	40.75	Herelleviridae
v15336	3/8	46.00	Microviridae
v15342	3/8	57.53	Microviridae
v15349	21/52	51.70	Aliceevansviridae
v15352	17/127	42.24	Autographiviridae
v15364	11/53	42.76	Aliceevansviridae
v15375	19/45	45.65	Autographiviridae
v15380	17/51	47.15	Aliceevansviridae
v15408	29/31	94.39	Peduoviridae
v15416	6/8	89.88	Microviridae
v15418	10/203	36.67	Herelleviridae
v15420	9/41	39.74	Aliceevansviridae
v15421	19/284	40.97	Herelleviridae
v15422	11/85	39.34	Herelleviridae
v15423	14/31	50.19	Aliceevansviridae
v15424	14/52	39.22	Aliceevansviridae
v15425	12/60	40.27	Aliceevansviridae
v15426	10/53	39.07	Aliceevansviridae
v15435	11/54	44.04	Aliceevansviridae
v15437	37/41	93.77	Peduoviridae
v15443	43/50	93.82	Peduoviridae
v15451	10/69	42.33	Aliceevansviridae
v15458	10/39	41.55	Winoviridae
v15466	10/48	47.31	Aliceevansviridae
v15469	11/98	41.07	Winoviridae
v15474	16/87	42.88	Aliceevansviridae
v15477	17/58	47.12	Aliceevansviridae
v15492	32/106	46.28	Aliceevansviridae
v15510	10/50	50.03	Aliceevansviridae
v15513	13/212	39.99	Herelleviridae
v15524	10/55	42.66	Aliceevansviridae
v15525	10/53	39.10	Aliceevansviridae
v15526	10/83	38.77	Aliceevansviridae
v15530	5/8	95.88	Microviridae
v15534	15/56	46.85	Aliceevansviridae
v15535	15/55	42.97	Aliceevansviridae
v15537	19/247	39.66	Herelleviridae
v15538	10/54	46.19	Aliceevansviridae
v15581	11/67	42.42	Mesyanzhinovviridae
v15586	22/238	39.84	Herelleviridae
v15594	16/68	43.77	Aliceevansviridae
v15596	18/49	44.06	Aliceevansviridae
v15604	10/66	45.44	Aliceevansviridae
v15606	8/40	42.15	Winoviridae
v15609	11/49	37.67	Winoviridae
v15627	16/193	40.28	Herelleviridae
v15629	14/104	39.40	Aliceevansviridae
v15633	20/230	40.77	Herelleviridae
v15639	16/40	49.08	Aliceevansviridae
v15642	6/9	58.15	Microviridae
v15651	10/159	38.30	Herelleviridae
v15663	13/208	38.10	Herelleviridae
v15686	12/98	41.83	Aliceevansviridae
v15692	6/6	78.05	Microviridae
v15698	20/220	43.01	Herelleviridae
v15710	18/225	39.04	Herelleviridae
v15720	13/233	41.90	Herelleviridae
v15726	20/229	40.80	Herelleviridae
v15735	3/10	56.60	Inoviridae
v15755	7/8	93.89	Inoviridae
v15765	2/4	34.95	Herelleviridae
v15768	14/336	38.14	Herelleviridae
v15772	2/10	49.40	Inoviridae
v15783	4/13	71.50	Inoviridae
v15788	19/132	46.51	Drexlerviridae
v15789	9/43	42.66	Aliceevansviridae
v15801	4/4	55.62	Microviridae
v15815	13/49	44.18	Autographiviridae
v15825	12/142	40.29	Herelleviridae
v15830	10/197	35.06	Herelleviridae
v15833	13/220	38.02	Herelleviridae
v15837	5/6	60.16	Microviridae
v15846	12/53	44.48	Aliceevansviridae
v15850	4/8	39.95	Microviridae
v15852	10/48	41.82	Aliceevansviridae
v15856	11/61	41.62	Winoviridae
v15865	22/178	42.35	Herelleviridae
v15866	16/248	39.08	Herelleviridae
v15877	17/67	41.39	Aliceevansviridae
v15880	13/154	39.90	Aliceevansviridae
v15882	6/8	59.40	Microviridae
v15888	12/175	40.17	Herelleviridae
v15891	10/63	43.11	Aliceevansviridae
v15892	17/237	36.36	Herelleviridae
v15895	9/42	41.20	Aliceevansviridae
v15905	10/48	41.76	Aliceevansviridae
v15906	11/62	37.25	Aliceevansviridae
v15908	17/198	37.76	Herelleviridae
v15909	12/66	44.87	Aliceevansviridae
v15915	3/7	38.40	Microviridae
v15938	19/53	41.68	Autographiviridae
v15945	4/11	36.27	Microviridae
v15950	18/48	44.32	Autographiviridae
v15958	6/15	88.18	Microviridae
v15968	11/43	40.68	Aliceevansviridae
v15981	42/44	95.57	Peduoviridae
v15982	10/87	45.05	Aliceevansviridae
v15983	33/39	90.62	Peduoviridae
v16001	12/246	42.50	Herelleviridae
v16002	9/42	41.40	Aliceevansviridae
v16003	32/50	76.33	Peduoviridae
v16006	5/8	89.28	Microviridae
v16009	22/25	96.86	Peduoviridae
v16024	19/65	43.87	Aliceevansviridae
v16028	14/212	39.24	Herelleviridae
v16030	13/232	37.63	Herelleviridae
v16035	35/46	87.65	Peduoviridae
v16037	12/56	42.73	Drexlerviridae
v16041	4/10	45.95	Microviridae
v16051	5/8	44.16	Microviridae
v16052	11/52	42.52	Winoviridae
v16054	6/19	37.65	Salasmaviridae
v16056	4/10	33.17	Microviridae
v16062	13/60	39.87	Aliceevansviridae
v16066	10/52	46.80	Aliceevansviridae
v16075	17/231	41.06	Herelleviridae
v16084	11/58	42.95	Aliceevansviridae
v16097	10/65	37.69	Aliceevansviridae
v16105	8/34	49.55	Aliceevansviridae
v16115	27/291	37.67	Herelleviridae
v16118	19/54	43.37	Autographiviridae
v16121	15/69	43.33	Aliceevansviridae
v16123	12/49	40.41	Aliceevansviridae
v16135	12/61	40.17	Aliceevansviridae
v16136	9/39	49.44	Aliceevansviridae
v16144	17/222	39.69	Herelleviridae
v16160	35/60	59.69	Aliceevansviridae
v16163	26/27	90.62	Peduoviridae
v16165	42/44	95.46	Peduoviridae
v16177	15/102	42.31	Aliceevansviridae
v16185	10/100	45.03	Aliceevansviridae
v16187	13/51	36.07	Winoviridae
v16191	7/8	80.67	Inoviridae
v16198	6/8	93.93	Inoviridae
v16205	3/5	48.10	Inoviridae
v16224	10/48	42.58	Aliceevansviridae
v16225	10/64	34.77	Winoviridae
v16228	14/50	36.62	Winoviridae
v16238	10/52	47.70	Aliceevansviridae
v16247	40/44	93.54	Peduoviridae
v16249	11/57	61.25	Peduoviridae
v16251	10/37	35.24	Winoviridae
v16261	12/51	46.08	Aliceevansviridae
v16277	4/15	37.42	Microviridae
v16281	19/222	37.88	Herelleviridae
v16286	64/152	49.02	Steigviridae
v16304	11/53	39.33	Winoviridae
v16316	12/44	34.95	Winoviridae
v16319	4/7	41.20	Microviridae
v16327	21/221	44.80	Steigviridae
v16329	32/35	99.41	Peduoviridae
v16338	50/57	87.36	Aliceevansviridae
v16339	4/15	30.30	Salasmaviridae
v16344	11/132	46.23	Aliceevansviridae
v16346	5/19	32.52	Guelinviridae
v16355	6/9	59.50	Microviridae
v16359	8/8	72.58	Microviridae
v16362	5/22	33.66	Salasmaviridae
v16363	4/19	32.10	Guelinviridae
v16370	4/16	31.32	Guelinviridae
v16376	7/7	90.70	Microviridae
v16384	5/6	52.18	Microviridae
v16385	6/7	95.05	Microviridae
v16387	110/116	94.39	Steigviridae
v16388	9/10	62.11	Microviridae
v16389	82/89	86.53	Suoliviridae
v16397	92/104	87.20	Suoliviridae
v16398	81/81	98.60	Drexlerviridae
v16410	4/15	32.15	Guelinviridae
v16413	3/15	31.73	Guelinviridae
v16419	5/19	32.84	Guelinviridae
v16423	8/8	65.46	Microviridae
v16424	4/11	34.42	Guelinviridae
v16425	11/139	49.49	Aliceevansviridae
v16429	25/53	45.68	Autographiviridae
v16436	11/62	41.35	Aliceevansviridae
v16440	2/9	31.00	Microviridae
v16441	6/8	79.17	Microviridae
v16449	7/7	75.00	Microviridae
v16450	7/9	59.87	Microviridae
v16453	7/7	73.04	Microviridae
v16454	8/9	56.89	Microviridae
v16460	5/5	69.18	Microviridae
v16461	7/9	81.01	Microviridae
v16462	7/7	87.73	Microviridae
v16465	6/6	72.93	Microviridae
v16473	2/7	30.50	Microviridae
v16475	5/8	47.78	Microviridae
v16479	6/6	78.65	Microviridae
v16481	5/18	32.46	Guelinviridae
v16485	8/10	82.99	Microviridae
v16488	7/22	37.59	Salasmaviridae
v16493	37/43	88.39	Peduoviridae
v16496	30/32	96.07	Peduoviridae
v16504	95/100	93.57	Steigviridae
v16513	77/77	98.86	Drexlerviridae
v16514	10/67	43.24	Steigviridae
v16522	7/31	37.63	Aliceevansviridae
v16524	8/36	45.54	Drexlerviridae
v16526	8/29	48.77	Aliceevansviridae
v16529	6/8	79.78	Microviridae
v16535	37/38	74.45	Peduoviridae
v16537	35/40	86.26	Peduoviridae
v16539	10/109	41.55	Casjensviridae
v16540	14/61	46.14	Peduoviridae
v16542	5/17	32.60	Guelinviridae
v16543	19/194	40.44	Suoliviridae
v16544	3/9	47.63	Inoviridae
v16553	7/10	60.66	Microviridae
v16554	10/140	47.57	Suoliviridae
v16556	8/31	38.33	Salasmaviridae
v16560	7/25	36.43	Salasmaviridae
v16561	7/7	76.97	Microviridae
v16569	5/7	50.38	Microviridae
v16572	5/24	43.10	Aliceevansviridae
v16578	5/8	73.72	Microviridae
v16580	7/21	35.81	Salasmaviridae
v16582	6/25	36.98	Salasmaviridae
v16585	5/19	81.90	Peduoviridae
v16589	6/20	36.38	Salasmaviridae
v16590	5/7	67.88	Microviridae
v16600	9/9	61.33	Microviridae
v16607	5/18	32.44	Guelinviridae
v16615	5/10	49.38	Microviridae
v16618	2/9	46.55	Inoviridae
v16620	11/63	40.74	Aliceevansviridae
v16621	3/15	46.00	Inoviridae
v16623	7/20	33.66	Guelinviridae
v16624	7/9	80.93	Microviridae
v16627	50/66	95.34	Peduoviridae
v16633	6/7	70.57	Microviridae
v16634	8/22	38.91	Salasmaviridae
v16637	7/19	36.29	Salasmaviridae
v16662	82/85	92.36	Intestiviridae
v16663	5/10	48.18	Microviridae
v16670	6/7	94.87	Microviridae
v16672	2/10	43.25	Inoviridae
v16674	6/8	65.30	Microviridae
v16675	7/8	83.37	Microviridae
v16685	7/24	37.41	Salasmaviridae
v16691	6/27	54.90	Aliceevansviridae
v16692	4/7	52.77	Microviridae
v16693	6/17	37.33	Salasmaviridae
v16696	4/18	31.05	Guelinviridae
v16704	7/20	35.20	Salasmaviridae
v16705	88/113	57.01	Steigviridae
v16708	4/6	42.67	Microviridae
v16711	10/10	63.59	Microviridae
v16712	5/15	32.70	Guelinviridae
v16717	7/8	61.14	Microviridae
v16718	7/9	62.11	Microviridae
v16720	7/7	80.04	Microviridae
v16723	8/16	36.35	Salasmaviridae
v16726	5/7	46.24	Microviridae
v16728	6/19	37.98	Salasmaviridae
v16740	7/33	44.01	Aliceevansviridae
v16745	10/72	37.06	Aliceevansviridae
v16750	4/17	31.48	Guelinviridae
v16756	10/95	50.53	Suoliviridae
v16758	8/9	56.96	Microviridae
v16776	39/39	96.02	Peduoviridae
v16785	8/24	33.44	Salasmaviridae
v16790	4/17	31.12	Guelinviridae
v16791	5/24	36.04	Salasmaviridae
v16792	7/7	75.16	Microviridae
v16793	4/7	41.85	Microviridae
v16801	76/83	88.72	Suoliviridae
v16803	6/16	33.62	Salasmaviridae
v16814	17/50	46.04	Autographiviridae
v16821	5/19	33.42	Guelinviridae
v16822	5/16	45.74	Aliceevansviridae
v16824	10/44	41.56	Aliceevansviridae
v16831	7/7	78.93	Microviridae
v16835	3/8	41.10	Microviridae
v16836	14/159	40.55	Herelleviridae
v16838	6/6	76.88	Microviridae
v16851	10/33	38.52	Guelinviridae
v16854	2/8	30.85	Microviridae
v16860	7/7	79.37	Microviridae
v16862	8/8	62.05	Microviridae
v16864	11/128	41.45	Herelleviridae
v16867	18/142	39.50	Herelleviridae
v16869	3/5	39.20	Microviridae
v16880	7/20	39.56	Guelinviridae
v16881	7/34	41.09	Aliceevansviridae
v16883	14/172	45.29	Herelleviridae
v16884	19/58	40.63	Aliceevansviridae
v16885	13/30	49.86	Aliceevansviridae
v16887	7/11	93.17	Microviridae
v16889	6/9	46.02	Microviridae
v16891	4/9	37.73	Microviridae
v16892	7/7	76.80	Microviridae
v16893	4/6	41.08	Microviridae
v16894	46/62	77.63	Aliceevansviridae
v16895	8/9	59.98	Microviridae
v16898	5/9	43.88	Microviridae
v16899	6/9	68.95	Microviridae
v16901	6/6	63.92	Microviridae
v16902	49/49	98.86	Autographiviridae
v16903	56/56	96.69	Autographiviridae
v16905	6/9	87.63	Microviridae
v16906	5/9	49.52	Microviridae
v16908	1/1	36.80	Metaviridae
v16911	12/77	43.38	Drexlerviridae
v16915	6/8	67.22	Microviridae
v16918	12/84	39.62	Aliceevansviridae
v16920	49/49	96.12	Autographiviridae
v16921	12/67	42.11	Aliceevansviridae
v16923	4/7	35.70	Microviridae
v16925	6/7	73.67	Microviridae
v16929	10/49	41.70	Aliceevansviridae
v16930	5/21	34.58	Guelinviridae
v16933	6/21	56.93	Aliceevansviridae
v16934	29/47	73.97	Aliceevansviridae
v16935	29/63	60.37	Aliceevansviridae
v16939	4/9	38.15	Microviridae
v16949	8/30	59.10	Aliceevansviridae
v16955	14/207	34.25	Herelleviridae
v16961	6/29	40.72	Aliceevansviridae
v16963	7/7	79.49	Microviridae
v16964	37/79	52.19	Schitoviridae
v16966	4/20	33.58	Guelinviridae
v16967	38/47	79.54	Aliceevansviridae
v16968	17/235	39.33	Herelleviridae
v16973	15/203	39.69	Herelleviridae
v16974	20/29	64.64	Aliceevansviridae
v16975	51/55	89.98	Aliceevansviridae
v16977	5/15	32.52	Guelinviridae
v16985	7/9	60.56	Microviridae
v16986	12/81	47.27	Drexlerviridae
v16987	5/14	59.50	Aliceevansviridae
v16992	23/23	82.46	Aliceevansviridae
v16993	6/8	64.55	Microviridae
v16994	38/62	78.89	Aliceevansviridae
v16995	15/50	41.16	Aliceevansviridae
v16998	4/5	46.10	Microviridae
v16999	43/50	69.62	Aliceevansviridae
v17000	6/7	81.65	Microviridae
v17001	5/6	43.36	Microviridae
v17002	7/8	83.71	Microviridae
v17006	18/240	37.51	Herelleviridae
v17013	13/98	47.39	Drexlerviridae
v17016	4/19	34.35	Guelinviridae
v17022	32/34	83.64	Peduoviridae
v17026	8/8	61.89	Microviridae
v17027	8/9	62.58	Microviridae
v17030	24/61	52.08	Aliceevansviridae
v17031	7/7	74.51	Microviridae
v17034	6/17	35.35	Guelinviridae
v17035	5/8	48.92	Microviridae
v17036	15/24	58.27	Guelinviridae
v17040	7/12	59.99	Microviridae
v17041	97/102	90.77	Steigviridae
v17042	6/10	49.98	Microviridae
v17043	10/30	42.89	Aliceevansviridae
v17047	5/8	40.04	Microviridae
v17048	23/58	52.24	Aliceevansviridae
v17049	6/7	62.05	Microviridae
v17052	51/55	87.93	Aliceevansviridae
v17054	42/54	65.62	Aliceevansviridae
v17055	21/57	56.16	Aliceevansviridae
v17056	37/59	61.44	Aliceevansviridae
v17057	22/55	55.96	Aliceevansviridae
v17059	7/9	61.93	Microviridae
v17063	7/8	94.91	Microviridae
v17065	4/20	32.25	Salasmaviridae
v17071	11/40	48.45	Aliceevansviridae
v17074	6/8	78.28	Microviridae
v17075	9/10	60.94	Microviridae
v17076	5/9	51.24	Microviridae
v17077	2/7	36.60	Mitoviridae
v17079	1/2	38.10	Metaviridae
v17081	9/39	42.38	Aliceevansviridae
v17084	7/7	74.39	Microviridae
v17085	8/9	62.15	Microviridae
v17092	9/37	51.43	Aliceevansviridae
v17093	7/23	54.13	Aliceevansviridae
v17094	20/23	77.86	Rountreeviridae
v17095	6/9	47.33	Microviridae
v17096	57/58	95.74	Autographiviridae
v17097	40/46	96.35	Peduoviridae
v17100	28/32	97.19	Aliceevansviridae
v17101	7/9	61.91	Microviridae
v17102	6/7	81.62	Microviridae
v17103	12/75	37.55	Aliceevansviridae
v17104	7/7	88.99	Microviridae
v17109	13/133	43.23	Suoliviridae
v17110	9/10	56.91	Microviridae
v17112	7/7	55.50	Microviridae
v17116	7/7	80.93	Microviridae
v17117	29/48	61.28	Aliceevansviridae
v17119	6/8	89.37	Microviridae
v17120	14/41	53.31	Aliceevansviridae
v17122	41/51	73.62	Aliceevansviridae
v17127	13/29	39.64	Drexlerviridae
v17133	55/56	95.27	Autographiviridae
v17136	4/8	38.15	Microviridae
v17138	7/10	86.21	Microviridae
v17140	81/88	90.47	Suoliviridae
v17142	5/7	46.32	Microviridae
v17143	6/9	82.32	Microviridae
v17145	7/9	57.10	Microviridae
v17146	18/244	39.70	Herelleviridae
v17147	6/7	59.13	Microviridae
v17148	6/6	57.02	Microviridae
v17152	4/13	34.12	Guelinviridae
v17153	8/9	73.54	Microviridae
v17154	4/20	32.73	Salasmaviridae
v17156	7/10	65.97	Microviridae
v17163	6/19	35.27	Salasmaviridae
v17164	15/21	58.01	Guelinviridae
v17165	6/10	82.90	Microviridae
v17167	8/26	37.24	Guelinviridae
v17176	4/11	43.50	Aliceevansviridae
v17177	18/46	54.22	Aliceevansviridae
v17184	6/6	74.18	Microviridae
v17185	54/94	53.65	Suoliviridae
v17186	7/8	55.29	Microviridae
v17187	11/141	47.56	Aliceevansviridae
v17189	6/7	53.82	Microviridae
v17190	6/8	73.17	Microviridae
v17200	10/30	42.37	Rountreeviridae
v17201	7/24	40.16	Salasmaviridae
v17202	9/9	62.51	Microviridae
v17205	6/24	34.75	Salasmaviridae
v17209	6/6	84.30	Microviridae
v17210	15/37	50.93	Aliceevansviridae
v17212	36/39	80.51	Aliceevansviridae
v17213	37/39	89.09	Aliceevansviridae
v17214	3/9	50.70	Aliceevansviridae
v17215	2/7	30.70	Guelinviridae
v17216	13/40	56.19	Aliceevansviridae
v17217	3/8	32.37	Microviridae
v17218	7/9	67.33	Microviridae
v17219	6/7	72.55	Microviridae
v17226	13/200	36.91	Suoliviridae
v17228	14/129	37.61	Herelleviridae
v17234	6/18	35.77	Salasmaviridae
v17235	8/9	59.96	Microviridae
v17236	5/20	35.34	Guelinviridae
v17238	7/24	38.76	Salasmaviridae
v17243	4/8	56.98	Microviridae
v17246	7/7	61.40	Microviridae
v17248	7/9	56.27	Microviridae
v17251	6/8	64.55	Microviridae
v17258	10/88	44.57	Herelleviridae
v17259	7/8	58.47	Microviridae
v17266	10/156	40.89	Herelleviridae
v17267	12/180	37.68	Herelleviridae
v17271	22/55	46.81	Aliceevansviridae
v17279	9/9	61.07	Microviridae
v17281	11/63	53.49	Herelleviridae
v17282	40/55	79.53	Aliceevansviridae
v17283	9/35	39.28	Drexlerviridae
v17284	26/126	39.18	Straboviridae
v17286	11/53	39.63	Aliceevansviridae
v17287	7/33	50.19	Aliceevansviridae
v17292	5/18	32.20	Guelinviridae
v17296	6/8	64.97	Microviridae
v17297	83/90	94.78	Intestiviridae
v17298	5/7	39.04	Microviridae
v17302	10/54	35.16	Peduoviridae
v17303	6/7	51.18	Microviridae
v17309	6/8	89.28	Microviridae
v17310	7/8	64.34	Microviridae
v17318	8/9	59.16	Microviridae
v17321	9/32	47.12	Aliceevansviridae
v17327	5/10	49.30	Microviridae
v17331	7/9	58.79	Microviridae
v17340	10/10	59.21	Microviridae
v17343	4/18	38.27	Guelinviridae
v17345	7/7	78.07	Microviridae
v17347	7/8	90.14	Microviridae
v17353	8/8	62.39	Microviridae
v17355	5/8	58.60	Microviridae
v17357	6/10	50.57	Microviridae
v17358	8/9	61.62	Microviridae
v17366	5/10	61.46	Microviridae
v17369	6/9	52.92	Microviridae
v17373	3/9	50.90	Inoviridae
v17374	6/6	79.60	Microviridae
v17397	6/9	89.62	Microviridae
v17405	7/7	95.80	Microviridae
v17406	56/56	97.52	Autographiviridae
v17407	16/169	43.52	Herelleviridae
v17412	7/24	78.41	Peduoviridae
v17418	7/9	90.74	Microviridae
v17419	6/6	71.35	Microviridae
v17420	6/9	59.42	Microviridae
v17421	8/11	89.03	Microviridae
v17431	22/22	80.10	Aliceevansviridae
v17432	10/64	41.70	Aliceevansviridae
v17437	7/9	91.96	Microviridae
v17441	7/9	68.81	Microviridae
v17451	7/8	60.14	Microviridae
v17458	11/124	33.15	Herelleviridae
v17470	7/7	73.09	Microviridae
v17471	7/10	53.01	Microviridae
v17472	5/7	53.76	Microviridae
v17477	14/69	43.89	Aliceevansviridae
v17478	10/49	37.65	Drexlerviridae
v17479	6/27	43.78	Drexlerviridae
v17481	5/8	45.50	Microviridae
v17483	16/30	44.40	Aliceevansviridae
v17498	6/7	56.95	Microviridae
v17500	5/9	46.26	Microviridae
v17501	10/72	41.79	Herelleviridae
v17503	2/8	31.55	Inoviridae
v17504	6/9	53.45	Microviridae
v17511	6/6	82.28	Microviridae
v17512	6/6	78.85	Microviridae
v17518	4/4	45.75	Microviridae
v17520	5/9	51.44	Microviridae
v17522	7/7	79.19	Microviridae
v17524	5/6	46.92	Microviridae
v17525	10/10	62.95	Microviridae
v17535	10/59	39.67	Aliceevansviridae
v17536	23/56	46.66	Aliceevansviridae
v17537	23/60	47.23	Aliceevansviridae
v17539	6/21	34.00	Guelinviridae
v17540	9/9	96.21	Microviridae
v17544	7/7	75.23	Microviridae
v17545	7/8	95.06	Microviridae
v17546	10/73	42.16	Drexlerviridae
v17559	6/28	38.58	Aliceevansviridae
v17560	8/8	76.05	Microviridae
v17563	4/13	39.15	Aliceevansviridae
v17565	53/59	83.48	Aliceevansviridae
v17566	26/26	83.74	Aliceevansviridae
v17569	28/30	83.01	Aliceevansviridae
v17570	5/21	44.08	Aliceevansviridae
v17571	6/9	81.33	Microviridae
v17572	7/8	96.31	Microviridae
v17586	10/53	49.05	Aliceevansviridae
v17590	7/7	74.83	Microviridae
v17594	5/10	45.16	Microviridae
v17595	7/7	84.51	Microviridae
v17597	37/37	96.75	Peduoviridae
v17601	48/48	95.82	Autographiviridae
v17605	22/23	87.39	Guelinviridae
v17608	6/6	73.92	Microviridae
v17611	12/82	45.23	Autographiviridae
v17614	13/51	54.05	Aliceevansviridae
v17619	50/87	51.02	Suoliviridae
v17625	8/37	37.84	Aliceevansviridae
v17626	12/65	38.76	Aliceevansviridae
v17630	7/9	81.09	Microviridae
v17632	9/45	41.44	Aliceevansviridae
v17633	6/16	38.62	Salasmaviridae
v17634	6/7	89.22	Microviridae
v17642	13/43	45.01	Aliceevansviridae
v17648	10/10	63.01	Microviridae
v17649	5/18	33.84	Guelinviridae
v17651	10/62	41.53	Aliceevansviridae
v17664	5/8	47.02	Microviridae
v17665	6/8	66.60	Microviridae
v17667	6/6	69.08	Microviridae
v17672	88/93	94.51	Suoliviridae
v17675	6/9	65.42	Microviridae
v17682	14/55	47.64	Aliceevansviridae
v17684	21/225	39.55	Herelleviridae
v17687	48/48	98.93	Autographiviridae
v17688	13/36	50.45	Aliceevansviridae
v17689	14/57	40.79	Aliceevansviridae
v17691	7/7	74.77	Microviridae
v17697	9/31	35.02	Guelinviridae
v17699	5/23	34.74	Salasmaviridae
v17701	26/53	48.15	Autographiviridae
v17702	32/195	40.03	Herelleviridae
v17703	18/196	38.96	Herelleviridae
v17710	8/8	59.38	Microviridae
v17711	7/9	60.77	Microviridae
v17712	7/7	77.74	Microviridae
v17713	79/82	92.86	Casjensviridae
v17715	11/34	49.90	Aliceevansviridae
v17716	10/117	32.26	Herelleviridae
v17717	5/5	83.58	Alphaflexiviridae
v17720	3/3	93.47	Alphaflexiviridae
v17721	12/128	32.57	Herelleviridae
v17722	10/149	34.51	Herelleviridae
v17723	11/117	36.66	Herelleviridae
v17726	7/8	95.33	Microviridae
v17728	11/183	39.26	Herelleviridae
v17730	6/7	91.45	Alphaflexiviridae
v17731	5/5	85.56	Betaflexiviridae
v17732	12/119	43.23	Suoliviridae
v17735	6/20	49.13	Aliceevansviridae
v17738	14/33	50.43	Aliceevansviridae
v17742	44/45	97.19	Peduoviridae
v17751	7/10	85.20	Microviridae
v17752	6/6	72.93	Microviridae
v17760	11/107	44.97	Herelleviridae
v17762	4/8	37.27	Microviridae
v17763	7/19	36.84	Salasmaviridae
v17775	7/32	44.61	Drexlerviridae
v17776	57/57	96.86	Autographiviridae
v17783	73/73	97.13	Drexlerviridae
v17786	6/19	39.20	Salasmaviridae
v17792	17/27	57.98	Guelinviridae
v17795	18/25	59.84	Peduoviridae
v17800	15/212	38.57	Herelleviridae
v17802	12/39	46.71	Aliceevansviridae
v17809	5/5	82.60	Betaflexiviridae
v17812	11/217	37.39	Herelleviridae
v17816	7/9	61.06	Microviridae
v17820	5/19	34.90	Salasmaviridae
v17833	5/20	32.78	Salasmaviridae
v17834	14/57	36.02	Winoviridae
v17836	7/11	83.01	Microviridae
v17843	16/207	38.49	Suoliviridae
v17848	54/63	83.61	Aliceevansviridae
v17851	53/63	84.16	Aliceevansviridae
v17852	19/38	53.13	Aliceevansviridae
v17859	56/59	83.90	Aliceevansviridae
v17866	10/74	57.40	Herelleviridae
v17868	11/116	43.15	Aliceevansviridae
v17873	5/22	33.76	Salasmaviridae
v17877	8/10	83.35	Microviridae
v17882	4/7	33.88	Microviridae
v17884	5/22	30.28	Aliceevansviridae
v17898	9/44	35.84	Winoviridae
v17905	7/7	63.40	Microviridae
v17913	6/6	74.32	Microviridae
v17914	6/29	50.30	Aliceevansviridae
v17922	32/63	63.71	Autographiviridae
v17930	4/5	39.77	Microviridae
v17933	4/17	31.20	Guelinviridae
v17934	6/8	83.67	Microviridae
v17943	5/5	89.54	Microviridae
v17945	6/8	84.42	Microviridae
v17956	4/7	42.23	Microviridae
v17957	7/10	81.89	Microviridae
v17966	5/7	66.02	Microviridae
v17969	4/7	42.15	Microviridae
v17970	5/21	32.36	Salasmaviridae
v17974	51/51	95.62	Autographiviridae
v17980	5/24	33.24	Salasmaviridae
v17986	5/6	70.78	Microviridae
v17987	30/227	49.13	Steigviridae
v17991	7/9	60.33	Microviridae
v17994	4/9	37.58	Microviridae
v17995	3/9	38.83	Microviridae
v17998	5/25	36.26	Salasmaviridae
v18006	13/69	42.92	Aliceevansviridae
v18009	3/9	40.17	Microviridae
v18010	3/14	30.13	Guelinviridae
v18011	7/33	40.07	Aliceevansviridae
v18018	10/33	37.63	Guelinviridae
v18024	14/15	69.96	Guelinviridae
v18027	3/11	43.83	Retroviridae
v18035	5/19	34.60	Salasmaviridae
v18037	5/15	33.94	Guelinviridae
v18043	10/147	44.22	Suoliviridae
v18047	7/8	94.64	Microviridae
v18048	53/53	99.60	Autographiviridae
v18050	99/107	90.05	Steigviridae
v18061	4/20	32.55	Salasmaviridae
v18062	4/12	30.85	Guelinviridae
v18064	6/9	89.53	Microviridae
v18066	3/15	30.67	Guelinviridae
v18070	6/7	54.37	Microviridae
v18072	17/151	43.03	Herelleviridae
v18073	6/7	67.53	Microviridae
v18075	102/103	93.37	Suoliviridae
v18078	7/8	50.11	Microviridae
v18079	4/8	41.83	Microviridae
v18080	5/17	33.06	Guelinviridae
v18100	18/176	40.96	Herelleviridae
v18108	9/36	47.74	Aliceevansviridae
v18111	6/9	73.62	Microviridae
v18114	7/20	40.19	Guelinviridae
v18119	5/18	33.02	Guelinviridae
v18123	10/11	61.95	Microviridae
v18127	4/17	32.33	Guelinviridae
v18131	8/22	32.79	Guelinviridae
v18132	6/21	34.03	Salasmaviridae
v18134	9/42	40.08	Aliceevansviridae
v18138	57/57	97.20	Autographiviridae
v18139	3/13	30.53	Guelinviridae
v18141	7/12	84.74	Microviridae
v18145	78/116	61.06	Steigviridae
v18147	1/4	39.10	Metaviridae
v18149	7/7	88.74	Microviridae
v18153	75/75	99.03	Drexlerviridae
v18154	7/9	64.14	Microviridae
v18166	25/50	45.51	Autographiviridae
v18170	10/10	60.15	Microviridae
v18180	5/15	32.36	Salasmaviridae
v18181	79/79	98.18	Drexlerviridae
v18182	6/8	79.48	Microviridae
v18187	11/57	47.78	Aliceevansviridae
v18197	7/22	37.66	Salasmaviridae
v18201	5/25	42.66	Aliceevansviridae
v18204	1/4	33.20	Metaviridae
v18207	4/17	39.05	Salasmaviridae
v18211	3/12	41.07	Inoviridae
v18212	5/17	37.20	Guelinviridae
v18215	4/17	30.75	Guelinviridae
v18217	10/54	44.47	Mesyanzhinovviridae
v18218	5/17	38.14	Inoviridae
v18220	87/105	64.81	Steigviridae
v18226	3/9	45.40	Retroviridae
v18228	4/7	41.50	Retroviridae
v18229	6/20	35.77	Salasmaviridae
v18230	7/10	79.86	Microviridae
v18232	3/15	31.63	Guelinviridae
v18236	6/22	39.15	Salasmaviridae
v18243	7/9	63.03	Microviridae
v18244	5/17	30.98	Guelinviridae
v18248	6/24	34.93	Guelinviridae
v18250	6/19	38.72	Salasmaviridae
v18253	5/16	32.32	Guelinviridae
v18257	12/22	87.70	Peduoviridae
v18258	22/25	94.83	Peduoviridae
v18259	6/9	52.85	Microviridae
v18260	6/24	35.35	Salasmaviridae
v18263	7/24	32.54	Salasmaviridae
v18273	7/8	92.44	Microviridae
v18275	72/73	97.97	Drexlerviridae
v18276	6/7	57.07	Microviridae
v18278	5/13	30.94	Guelinviridae
v18280	6/22	35.03	Guelinviridae
v18288	51/63	80.34	Peduoviridae
v18289	13/65	42.82	Aliceevansviridae
v18297	7/8	62.86	Microviridae
v18299	14/160	44.07	Schitoviridae
v18308	20/22	88.15	Guelinviridae
v18323	13/211	41.00	Suoliviridae
v18328	3/15	30.20	Guelinviridae
v18343	24/30	98.94	Peduoviridae
v18347	5/16	33.28	Guelinviridae
v18352	4/15	35.60	Guelinviridae
v18358	3/13	32.20	Guelinviridae
v18360	82/84	85.17	Drexlerviridae
v18363	12/220	40.50	Herelleviridae
v18380	4/12	32.40	Guelinviridae
v18381	5/23	34.18	Salasmaviridae
v18388	7/34	44.73	Drexlerviridae
v18389	14/28	48.88	Aliceevansviridae
v18390	26/54	42.32	Peduoviridae
v18396	37/38	98.19	Peduoviridae
v18401	2/4	36.25	Retroviridae
v18405	5/16	33.18	Guelinviridae
v18409	27/28	98.57	Autographiviridae
v18410	8/29	37.89	Aliceevansviridae
v18413	7/17	35.67	Salasmaviridae
v18415	11/61	44.57	Aliceevansviridae
v18418	11/63	48.83	Aliceevansviridae
v18424	5/5	79.54	Microviridae
v18427	7/7	73.21	Microviridae
v18429	7/7	85.00	Microviridae
v18431	8/9	62.40	Microviridae
v18433	5/7	64.50	Microviridae
v18437	7/7	73.23	Microviridae
v18442	9/10	60.42	Microviridae
v18446	4/17	30.95	Guelinviridae
v18450	15/15	98.87	Guelinviridae
v18451	2/9	30.60	Guelinviridae
v18454	4/8	43.98	Microviridae
v18456	7/7	74.97	Microviridae
v18457	7/8	96.10	Microviridae
v18462	50/54	89.21	Aliceevansviridae
v18463	7/21	38.03	Salasmaviridae
v18464	5/8	40.54	Microviridae
v18465	7/7	78.17	Microviridae
v18467	7/9	70.56	Microviridae
v18469	10/61	43.36	Aliceevansviridae
v18475	46/49	80.20	Steigviridae
v18480	7/22	37.59	Salasmaviridae
v18485	5/9	67.94	Microviridae
v18491	28/28	93.82	Peduoviridae
v18495	15/60	49.57	Autographiviridae
v18496	62/74	84.17	Autographiviridae
v18497	8/10	90.99	Microviridae
v18501	5/11	52.96	Retroviridae
v18502	5/7	63.90	Retroviridae
v18505	5/13	41.82	Inoviridae
v18506	59/63	91.25	Peduoviridae
v18511	12/12	90.09	Rountreeviridae
v18512	4/6	52.15	Retroviridae
v18513	20/26	78.86	Peduoviridae
v18516	7/9	82.07	Microviridae
v18522	9/12	65.96	Microviridae
v18524	7/8	95.44	Microviridae
v18525	17/189	43.18	Herelleviridae
v18530	29/31	87.89	Aliceevansviridae
v18538	7/8	94.89	Microviridae
v18541	3/12	51.83	Guelinviridae
v18544	10/42	49.23	Aliceevansviridae
v18545	7/23	36.16	Guelinviridae
v18546	2/7	30.60	Guelinviridae
v18549	5/25	37.38	Salasmaviridae
v18557	6/10	49.55	Microviridae
v18558	54/54	96.36	Autographiviridae
v18559	20/22	94.44	Guelinviridae
v18562	5/9	45.84	Microviridae
v18564	7/7	78.30	Microviridae
v18566	7/8	60.84	Microviridae
v18568	8/8	62.01	Microviridae
v18598	40/43	85.27	Peduoviridae
v18599	22/23	71.84	Peduoviridae
v18603	5/20	32.46	Salasmaviridae
v18604	5/24	36.24	Salasmaviridae
v18607	14/56	44.99	Aliceevansviridae
v18608	40/49	84.75	Aliceevansviridae
v18610	4/19	33.50	Salasmaviridae
v18613	4/8	43.75	Microviridae
v18615	7/8	61.76	Microviridae
v18616	9/9	59.20	Microviridae
v18620	10/72	48.99	Herelleviridae
v18621	22/26	80.94	Aliceevansviridae
v18625	15/24	52.47	Aliceevansviridae
v18628	14/86	60.84	Drexlerviridae
v18634	12/141	49.81	Aliceevansviridae
v18635	12/103	43.13	Casjensviridae
v18636	6/30	43.37	Aliceevansviridae
v18638	33/68	63.75	Autographiviridae
v18640	7/7	81.86	Microviridae
v18641	13/66	46.91	Aliceevansviridae
v18643	1/5	72.00	Retroviridae
v18644	2/3	46.35	Retroviridae
v18647	1/5	30.00	Retroviridae
v18649	6/6	74.77	Microviridae
v18651	7/9	79.21	Microviridae
v18662	5/8	44.08	Microviridae
v18665	5/23	35.76	Salasmaviridae
v18667	6/22	33.42	Salasmaviridae
v18668	6/23	33.23	Salasmaviridae
v18678	8/23	43.77	Guelinviridae
v18680	16/65	47.28	Aliceevansviridae
v18682	7/8	93.91	Microviridae
v18683	11/68	40.71	Aliceevansviridae
v18684	2/7	30.60	Guelinviridae
v18688	7/8	91.74	Microviridae
v18690	6/6	80.35	Microviridae
v18699	9/37	51.58	Aliceevansviridae
v18701	5/9	46.58	Microviridae
v18708	5/22	31.40	Salasmaviridae
v18709	7/20	38.93	Salasmaviridae
v18710	4/8	39.55	Microviridae
v18719	3/15	42.57	Casjensviridae
v18720	54/60	84.17	Aliceevansviridae
v18723	7/15	40.01	Guelinviridae
v18724	11/59	42.43	Aliceevansviridae
v18725	6/6	76.12	Microviridae
v18732	7/7	71.80	Microviridae
v18733	8/8	56.23	Microviridae
v18739	9/44	48.57	Aliceevansviridae
v18741	7/9	50.60	Microviridae
v18744	10/101	35.94	Herelleviridae
v18748	1/3	38.20	Metaviridae
v18750	19/46	46.46	Autographiviridae
v18752	2/8	30.50	Guelinviridae
v18754	7/21	44.80	Guelinviridae
v18758	82/83	97.27	Drexlerviridae
v18769	77/77	98.60	Drexlerviridae
v18770	77/84	86.62	Suoliviridae
v18778	21/77	44.03	Peduoviridae
v18781	54/54	89.65	Autographiviridae
v18786	5/12	43.52	Inoviridae
v18789	15/145	41.45	Herelleviridae
v18792	8/9	58.10	Microviridae
v18795	2/8	30.35	Guelinviridae
v18796	7/8	77.27	Microviridae
v18798	19/235	38.56	Herelleviridae
v18804	7/23	36.47	Salasmaviridae
v18805	5/7	55.64	Microviridae
v18807	6/7	55.57	Microviridae
v18808	17/118	33.25	Herelleviridae
v18809	22/206	48.19	Steigviridae
v18813	8/8	86.78	Microviridae
v18814	7/7	74.70	Microviridae
v18818	10/68	38.65	Aliceevansviridae
v18819	5/17	33.04	Guelinviridae
v18821	6/20	37.82	Salasmaviridae
v18822	7/7	78.41	Microviridae
v18829	32/60	60.41	Autographiviridae
v18830	10/10	61.10	Microviridae
v18834	11/154	37.69	Herelleviridae
v18838	5/17	33.20	Guelinviridae
v18842	7/8	60.30	Microviridae
v18844	7/7	79.64	Microviridae
v18852	7/8	72.57	Microviridae
v18853	7/7	76.53	Microviridae
v18857	24/53	64.24	Aliceevansviridae
v18860	7/23	40.14	Guelinviridae
v18862	10/80	33.10	Winoviridae
v18869	22/31	52.81	Peduoviridae
v18870	7/20	34.21	Guelinviridae
v18871	7/7	73.93	Microviridae
v18876	4/9	45.67	Microviridae
v18880	11/122	32.23	Herelleviridae
v18881	10/10	58.74	Microviridae
v18884	57/60	82.74	Aliceevansviridae
v18886	7/9	61.57	Microviridae
v18887	6/19	36.15	Guelinviridae
v18888	5/9	49.74	Microviridae
v18891	4/20	34.27	Guelinviridae
v18900	10/33	38.44	Winoviridae
v18901	376/376	99.96	Straboviridae
v18902	36/56	70.82	Aliceevansviridae
v18905	32/57	53.62	Peduoviridae
v18907	9/9	58.73	Microviridae
v18908	6/6	73.03	Microviridae
v18909	6/6	67.53	Microviridae
v18911	8/27	44.69	Guelinviridae
v18912	7/8	70.16	Microviridae
v18915	11/72	42.21	Aliceevansviridae
v18917	7/20	33.23	Guelinviridae
v18919	5/10	46.10	Microviridae
v18925	7/7	59.06	Microviridae
v18926	7/8	60.60	Microviridae
v18928	52/52	96.03	Autographiviridae
v18929	98/101	91.26	Steigviridae
v18930	8/10	90.22	Microviridae
v18933	6/9	78.12	Microviridae
v18939	26/27	96.93	Guelinviridae
v18942	4/13	33.77	Guelinviridae
v18945	20/297	39.67	Herelleviridae
v18952	50/50	98.45	Autographiviridae
v18957	8/9	61.81	Microviridae
v18965	6/21	37.47	Salasmaviridae
v18968	7/19	33.43	Salasmaviridae
v18969	6/7	80.62	Microviridae
v18977	11/118	34.22	Herelleviridae
v18982	30/35	96.79	Peduoviridae
v18986	7/7	74.09	Microviridae
v18988	11/50	36.13	Aliceevansviridae
v18989	7/7	74.44	Microviridae
v18990	13/141	33.30	Herelleviridae
v18993	7/8	65.84	Microviridae
v18995	7/8	81.23	Microviridae
v18997	11/88	41.17	Aliceevansviridae
v19001	12/122	33.74	Herelleviridae
v19008	5/7	40.78	Microviridae
v19023	207/207	99.53	Ackermannviridae
v19025	8/11	88.65	Microviridae
v19026	4/19	32.67	Salasmaviridae
v19028	8/20	45.27	Guelinviridae
v19034	7/8	94.30	Microviridae
v19035	7/11	59.04	Microviridae
v19044	7/22	34.91	Guelinviridae
v19052	7/8	68.09	Microviridae
v19054	21/22	90.63	Guelinviridae
v19060	6/7	85.77	Microviridae
v19064	7/8	91.16	Microviridae
v19075	5/7	52.92	Microviridae
v19078	6/6	82.57	Microviridae
v19080	6/6	73.42	Microviridae
v19087	9/9	60.12	Microviridae
v19088	5/6	73.60	Microviridae
v19089	8/10	57.81	Microviridae
v19091	10/79	40.30	Aliceevansviridae
v19093	7/9	60.30	Microviridae
v19094	5/25	31.10	Guelinviridae
v19095	5/24	30.70	Salasmaviridae
v19096	4/9	34.30	Guelinviridae
v19097	15/152	31.48	Herelleviridae
v19098	7/9	58.43	Microviridae
v19104	4/6	56.80	Microviridae
v19105	5/16	32.76	Guelinviridae
v19108	7/21	36.30	Salasmaviridae
v19114	22/26	69.30	Rountreeviridae
v19120	5/24	32.12	Salasmaviridae
v19130	10/68	34.62	Aliceevansviridae
v19137	11/71	43.53	Aliceevansviridae
v19142	5/17	32.82	Guelinviridae
v19147	10/69	49.55	Herelleviridae
v19152	6/19	33.93	Salasmaviridae
v19153	9/10	60.11	Microviridae
v19154	51/55	86.20	Aliceevansviridae
v19155	6/17	33.32	Guelinviridae
v19157	5/22	35.58	Salasmaviridae
v19160	3/7	38.33	Microviridae
v19163	4/20	31.52	Guelinviridae
v19164	74/98	64.54	Suoliviridae
v19171	25/55	50.85	Suoliviridae
v19179	11/132	44.35	Aliceevansviridae
v19192	5/16	32.84	Guelinviridae
v19198	22/24	90.67	Aliceevansviridae
v19203	12/50	39.99	Winoviridae
v19208	6/21	36.77	Guelinviridae
v19211	1/4	34.70	Circoviridae
v19220	6/7	83.50	Microviridae
v19222	19/217	44.74	Herelleviridae
v19225	21/208	39.35	Herelleviridae
v19229	7/21	38.51	Salasmaviridae
v19234	28/268	41.26	Herelleviridae
v19246	55/55	98.65	Autographiviridae
v19258	7/7	73.47	Microviridae
v19259	8/9	63.49	Microviridae
v19260	7/10	56.74	Microviridae
v19266	7/8	82.63	Microviridae
v19267	7/7	57.80	Microviridae
v19270	5/20	33.92	Salasmaviridae
v19272	12/25	52.73	Guelinviridae
v19273	7/33	41.79	Aliceevansviridae
v19274	11/208	37.84	Herelleviridae
v19275	7/8	94.37	Microviridae
v19277	4/7	42.38	Microviridae
v19278	4/7	42.90	Microviridae
v19279	14/92	39.84	Aliceevansviridae
v19281	10/190	35.89	Herelleviridae
v19285	11/66	48.00	Aliceevansviridae
v19287	11/59	38.37	Winoviridae
v19291	4/13	32.40	Guelinviridae
v19292	6/9	70.87	Microviridae
v19293	16/16	97.60	Rountreeviridae
v19294	10/229	35.80	Herelleviridae
v19295	1/1	36.60	Metaviridae
v19296	6/8	63.67	Microviridae
v19297	6/9	65.32	Microviridae
v19298	70/70	93.45	Schitoviridae
v19301	6/22	34.68	Salasmaviridae
v19304	6/9	84.32	Microviridae
v19310	15/28	63.63	Aliceevansviridae
v19320	5/23	33.08	Salasmaviridae
v19325	8/19	39.73	Rountreeviridae
v19328	5/7	65.08	Microviridae
v19330	2/9	31.05	Microviridae
v19334	4/19	32.35	Salasmaviridae
v19335	51/52	93.31	Suoliviridae
v19341	5/24	31.76	Salasmaviridae
v19344	4/19	31.30	Guelinviridae
v19345	7/7	76.86	Microviridae
v19347	5/9	54.44	Microviridae
v19349	45/62	86.97	Aliceevansviridae
v19353	5/19	32.62	Salasmaviridae
v19355	3/13	30.80	Guelinviridae
v19357	3/9	51.83	Microviridae
v19365	19/224	46.64	Steigviridae
v19368	5/22	32.32	Salasmaviridae
v19374	2/9	32.25	Inoviridae
v19375	6/14	46.27	Guelinviridae
v19378	23/46	69.57	Autographiviridae
v19379	5/8	44.62	Microviridae
v19382	4/5	38.45	Microviridae
v19383	8/9	66.28	Microviridae
v19384	7/7	70.50	Microviridae
v19389	6/8	51.23	Microviridae
v19394	7/21	37.10	Salasmaviridae
v19395	3/8	53.33	Microviridae
v19403	6/7	59.78	Microviridae
v19404	6/7	65.73	Microviridae
v19407	12/41	46.96	Aliceevansviridae
v19417	5/17	32.24	Guelinviridae
v19423	85/106	67.38	Steigviridae
v19427	4/10	44.35	Microviridae
v19440	8/29	41.80	Guelinviridae
v19445	6/22	38.38	Salasmaviridae
v19455	5/16	32.60	Guelinviridae
v19464	16/37	45.81	Aliceevansviridae
v19470	28/33	96.58	Peduoviridae
v19476	11/61	41.13	Winoviridae
v19480	7/10	81.84	Microviridae
v19481	5/18	32.26	Guelinviridae
v19487	11/254	36.59	Herelleviridae
v19492	4/20	33.52	Salasmaviridae
v19496	101/110	80.52	Steigviridae
v19500	10/74	38.34	Herelleviridae
v19501	6/10	50.43	Microviridae
v19502	7/9	64.09	Microviridae
v19504	9/45	50.68	Aliceevansviridae
v19505	10/178	36.02	Herelleviridae
v19506	5/14	43.22	Aliceevansviridae
v19518	92/102	90.78	Suoliviridae
v19520	7/9	80.71	Microviridae
v19525	9/9	59.94	Microviridae
v19527	5/20	30.66	Salasmaviridae
v19528	6/6	72.90	Microviridae
v19531	6/21	34.17	Salasmaviridae
v19533	4/18	30.35	Guelinviridae
v19538	3/15	30.17	Guelinviridae
v19539	6/9	67.72	Microviridae
v19542	5/6	40.50	Microviridae
v19547	18/270	47.53	Steigviridae
v19548	55/58	95.41	Autographiviridae
v19551	7/7	79.26	Microviridae
v19555	32/52	63.17	Peduoviridae
v19560	5/21	34.54	Salasmaviridae
v19562	3/14	31.57	Guelinviridae
v19564	3/10	33.00	Microviridae
v19566	4/16	30.85	Guelinviridae
v19569	6/8	88.62	Microviridae
v19575	8/35	33.21	Drexlerviridae
v19576	12/55	49.73	Aliceevansviridae
v19577	6/9	56.33	Microviridae
v19579	4/16	31.07	Guelinviridae
v19581	5/6	84.22	Microviridae
v19588	7/7	88.43	Microviridae
v19591	9/25	40.69	Winoviridae
v19597	7/26	44.94	Guelinviridae
v19606	8/12	56.38	Microviridae
v19607	8/9	63.35	Microviridae
v19609	7/7	80.51	Microviridae
v19610	14/182	38.10	Herelleviridae
v19613	8/10	85.33	Microviridae
v19614	5/7	64.52	Microviridae
v19617	28/174	38.67	Herelleviridae
v19621	12/84	43.77	Aliceevansviridae
v19625	29/55	52.16	Peduoviridae
v19626	27/31	79.46	Aliceevansviridae
v19635	9/40	41.67	Winoviridae
v19636	7/7	75.10	Microviridae
v19639	17/120	32.38	Herelleviridae
v19641	6/9	82.15	Microviridae
v19643	71/162	46.04	Herelleviridae
v19644	7/7	74.40	Microviridae
v19652	6/19	35.87	Salasmaviridae
v19657	8/8	73.80	Microviridae
v19658	8/8	64.69	Microviridae
v19659	11/69	41.07	Winoviridae
v19660	7/7	81.23	Microviridae
v19667	6/27	35.45	Salasmaviridae
v19669	5/17	34.32	Salasmaviridae
v19671	7/7	78.60	Microviridae
v19673	16/45	44.77	Drexlerviridae
v19675	3/7	37.83	Microviridae
v19678	4/19	33.48	Salasmaviridae
v19680	4/8	47.83	Microviridae
v19682	6/10	57.83	Microviridae
v19688	7/7	60.30	Microviridae
v19689	7/7	59.53	Microviridae
v19692	18/51	46.21	Aliceevansviridae
v19699	6/22	37.02	Aliceevansviridae
v19700	5/18	47.62	Aliceevansviridae
v19702	50/56	77.84	Aliceevansviridae
v19703	43/45	96.17	Peduoviridae
v19704	18/42	45.91	Aliceevansviridae
v19706	57/68	81.82	Aliceevansviridae
v19708	5/24	52.62	Aliceevansviridae
v19709	3/8	38.77	Microviridae
v19711	6/6	79.48	Microviridae
v19712	5/8	44.42	Microviridae
v19721	6/6	88.53	Microviridae
v19723	4/5	39.00	Microviridae
v19733	7/7	83.97	Microviridae
v19734	6/8	82.75	Microviridae
v19735	13/48	39.72	Winoviridae
v19737	7/7	75.34	Microviridae
v19743	2/9	30.75	Microviridae
v19750	18/19	94.86	Aliceevansviridae
v19754	16/52	43.78	Aliceevansviridae
v19761	12/65	49.08	Drexlerviridae
v19762	22/46	44.94	Autographiviridae
v19767	6/7	60.62	Microviridae
v19769	4/8	44.20	Microviridae
v19772	7/7	74.80	Microviridae
v19777	10/12	63.58	Microviridae
v19782	7/7	77.97	Microviridae
v19784	84/88	90.65	Intestiviridae
v19796	14/33	46.16	Autographiviridae
v19800	2/7	30.30	Microviridae
v19801	10/11	93.28	Microviridae
v19803	7/8	88.73	Microviridae
v19804	8/8	85.01	Microviridae
v19806	7/27	42.03	Aliceevansviridae
v19815	15/178	35.37	Herelleviridae
v19821	5/9	92.50	Microviridae
v19822	7/7	77.11	Microviridae
v19827	9/42	35.60	Winoviridae
v19828	2/7	30.55	Guelinviridae
v19830	6/26	36.65	Aliceevansviridae
v19835	23/301	39.92	Herelleviridae
v19836	10/10	61.96	Microviridae
v19837	5/20	31.08	Salasmaviridae
v19848	6/8	58.35	Microviridae
v19853	6/9	88.43	Microviridae
v19854	5/5	83.74	Microviridae
v19864	7/7	85.76	Microviridae
v19865	3/5	94.57	Microviridae
v19867	8/27	41.01	Guelinviridae
v19869	4/20	33.40	Salasmaviridae
v19879	6/9	57.93	Microviridae
v19889	7/7	81.10	Microviridae
v19891	6/20	33.55	Salasmaviridae
v19893	6/6	76.08	Microviridae
v19894	11/140	38.10	Steigviridae
v19905	5/7	66.08	Microviridae
v19908	13/23	58.11	Guelinviridae
v19921	7/8	71.43	Microviridae
v19923	10/107	36.33	Herelleviridae
v19927	6/6	84.20	Microviridae
v19929	11/141	45.56	Suoliviridae
v19933	5/5	77.18	Microviridae
v19940	4/8	43.15	Microviridae
v19941	7/8	95.01	Microviridae
v19943	6/19	35.25	Guelinviridae
v19945	6/6	83.15	Microviridae
v19953	31/73	47.49	Steigviridae
v19955	14/149	39.66	Herelleviridae
v19962	4/20	36.30	Guelinviridae
v19971	7/23	40.14	Salasmaviridae
v19973	50/50	94.91	Autographiviridae
v19977	10/51	37.66	Aliceevansviridae
v19981	5/9	50.28	Microviridae
v19989	6/6	73.38	Microviridae
v19996	16/151	44.44	Suoliviridae
v19997	3/14	41.57	Casjensviridae
v20006	5/21	34.28	Salasmaviridae
v20007	10/73	35.52	Aliceevansviridae
v20013	7/7	76.86	Microviridae
v20016	16/187	38.89	Herelleviridae
v20018	69/112	53.00	Steigviridae
v20019	6/9	64.52	Microviridae
v20030	5/6	66.36	Microviridae
v20031	4/9	42.55	Microviridae
v20038	6/9	81.22	Microviridae
v20045	6/6	69.85	Microviridae
v20047	8/8	60.59	Microviridae
v20051	4/9	36.80	Microviridae
v20054	7/9	81.07	Microviridae
v20055	6/6	80.38	Microviridae
v20060	11/63	41.29	Aliceevansviridae
v20064	12/23	58.57	Guelinviridae
v20065	8/8	60.85	Microviridae
v20066	7/9	49.94	Microviridae
v20070	5/21	44.94	Aliceevansviridae
v20079	9/44	42.83	Aliceevansviridae
v20082	23/55	43.26	Autographiviridae
v20083	10/120	30.07	Herelleviridae
v20087	4/8	43.50	Microviridae
v20089	3/11	57.30	Microviridae
v20090	81/87	89.44	Suoliviridae
v20094	14/136	41.74	Herelleviridae
v20095	6/7	95.05	Microviridae
v20097	10/65	50.45	Autographiviridae
v20104	5/17	32.56	Guelinviridae
v20105	5/19	32.78	Guelinviridae
v20106	7/7	68.37	Microviridae
v20107	4/4	93.50	Parvoviridae
v20114	12/71	48.55	Drexlerviridae
v20117	11/257	38.41	Herelleviridae
v20123	60/91	55.37	Intestiviridae
v20129	5/9	57.90	Microviridae
v20133	13/60	35.62	Aliceevansviridae
v20144	16/207	41.06	Herelleviridae
v20145	5/8	47.54	Microviridae
v20149	75/149	67.83	Intestiviridae
v20152	20/178	38.69	Herelleviridae
v20153	11/172	32.22	Straboviridae
v20154	7/23	31.41	Salasmaviridae
v20157	32/32	94.95	Autographiviridae
v20159	21/50	45.61	Aliceevansviridae
v20166	11/58	49.80	Aliceevansviridae
v20168	5/8	45.50	Microviridae
v20169	20/22	94.24	Guelinviridae
v20170	7/7	85.46	Microviridae
v20177	11/60	40.63	Aliceevansviridae
v20179	6/18	41.32	Salasmaviridae
v20180	6/10	83.58	Microviridae
v20191	6/6	74.27	Microviridae
v20192	8/9	65.55	Microviridae
v20194	10/53	46.42	Aliceevansviridae
v20198	14/55	35.99	Winoviridae
v20204	11/24	53.55	Guelinviridae
v20206	6/19	37.90	Salasmaviridae
v20207	7/8	70.97	Microviridae
v20208	4/8	41.95	Microviridae
v20209	6/7	60.42	Microviridae
v20223	7/8	79.40	Microviridae
v20227	10/92	41.98	Aliceevansviridae
v20228	20/196	43.99	Herelleviridae
v20231	6/7	70.07	Microviridae
v20233	6/26	37.00	Salasmaviridae
v20234	81/89	92.22	Intestiviridae
v20246	10/17	38.85	Salasmaviridae
v20251	5/19	32.30	Guelinviridae
v20257	6/7	60.63	Microviridae
v20260	6/30	53.18	Aliceevansviridae
v20262	5/20	32.50	Guelinviridae
v20268	7/7	80.57	Microviridae
v20269	15/76	46.03	Herelleviridae
v20271	26/26	96.30	Rountreeviridae
v20275	15/58	39.56	Drexlerviridae
v20276	13/198	41.12	Herelleviridae
v20277	6/9	65.25	Microviridae
v20284	10/105	41.42	Aliceevansviridae
v20290	3/15	30.07	Guelinviridae
v20298	75/76	91.16	Drexlerviridae
v20299	21/22	88.94	Guelinviridae
v20300	4/7	37.95	Microviridae
v20309	12/96	40.88	Aliceevansviridae
v20312	4/19	32.33	Guelinviridae
v20319	8/8	60.19	Microviridae
v20325	6/7	45.72	Microviridae
v20328	7/8	72.13	Microviridae
v20330	5/16	32.84	Guelinviridae
v20334	101/105	90.37	Steigviridae
v20335	4/7	36.58	Microviridae
v20336	88/98	68.96	Steigviridae
v20337	7/7	73.80	Microviridae
v20338	6/22	34.12	Salasmaviridae
v20339	11/150	49.24	Suoliviridae
v20341	7/9	71.86	Microviridae
v20355	18/33	45.07	Peduoviridae
v20357	10/49	36.29	Winoviridae
v20365	58/76	83.45	Autographiviridae
v20366	7/8	86.71	Microviridae
v20367	5/10	58.54	Microviridae
v20368	55/55	93.96	Autographiviridae
v20372	7/7	72.30	Microviridae
v20374	6/21	37.85	Salasmaviridae
v20381	11/149	39.31	Herelleviridae
v20383	10/130	39.56	Herelleviridae
v20384	4/7	37.45	Microviridae
v20386	7/7	85.97	Microviridae
v20390	13/190	33.56	Herelleviridae
v20395	5/24	35.76	Salasmaviridae
v20401	12/151	51.71	Suoliviridae
v20414	8/39	37.73	Salasmaviridae
v20415	10/58	36.22	Aliceevansviridae
v20428	15/217	37.47	Herelleviridae
v20434	58/68	88.45	Autographiviridae
v20435	5/8	44.66	Microviridae
v20436	6/7	69.13	Microviridae
v20437	10/89	44.68	Aliceevansviridae
v20447	282/282	99.56	Straboviridae
v20452	6/6	75.17	Microviridae
v20454	6/23	31.20	Guelinviridae
v20455	4/20	33.02	Salasmaviridae
v20459	11/19	59.01	Microviridae
v20472	12/54	43.88	Aliceevansviridae
v20473	7/9	57.01	Microviridae
v20474	11/51	45.44	Aliceevansviridae
v20475	10/29	41.85	Aliceevansviridae
v20477	11/73	42.15	Drexlerviridae
v20481	11/66	43.75	Aliceevansviridae
v20482	25/29	75.92	Peduoviridae
v20483	12/49	49.40	Aliceevansviridae
v20484	38/39	95.19	Peduoviridae
v20496	10/113	39.74	Herelleviridae
v20499	6/21	37.05	Salasmaviridae
v20504	3/11	30.30	Guelinviridae
v20509	4/20	32.75	Salasmaviridae
v20516	86/115	58.67	Steigviridae
v20518	6/20	35.05	Guelinviridae
v20522	5/17	32.86	Guelinviridae
v20526	6/20	39.07	Salasmaviridae
v20535	12/105	40.83	Winoviridae
v20539	102/104	93.03	Steigviridae
v20547	11/111	40.68	Aliceevansviridae
v20558	10/102	44.03	Aliceevansviridae
v20559	14/80	35.91	Winoviridae
v20561	17/203	38.46	Steigviridae
v20567	26/26	96.58	Rountreeviridae
v20569	21/23	95.59	Guelinviridae
v20573	13/144	40.46	Herelleviridae
v20580	7/7	78.04	Microviridae
v20581	100/104	94.59	Suoliviridae
v20582	7/7	84.40	Microviridae
v20583	25/52	47.04	Autographiviridae
v20586	6/7	76.55	Microviridae
v20587	9/29	48.11	Aliceevansviridae
v20588	11/124	44.62	Suoliviridae
v20590	7/9	59.64	Microviridae
v20592	9/9	59.93	Microviridae
v20595	11/65	40.93	Winoviridae
v20598	7/20	31.81	Guelinviridae
v20599	8/10	57.20	Microviridae
v20601	5/18	33.78	Guelinviridae
v20604	7/7	72.64	Microviridae
v20608	7/7	76.29	Microviridae
v20610	21/177	37.11	Herelleviridae
v20611	6/18	34.72	Guelinviridae
v20612	7/7	73.80	Microviridae
v20613	4/6	43.27	Microviridae
v20614	18/229	40.57	Herelleviridae
v20620	13/34	39.58	Autographiviridae
v20624	10/126	44.86	Aliceevansviridae
v20628	18/271	38.14	Herelleviridae
v20637	13/114	42.92	Herelleviridae
v20638	11/58	37.66	Aliceevansviridae
v20639	4/16	30.70	Guelinviridae
v20640	13/58	41.12	Aliceevansviridae
v20644	5/16	32.36	Guelinviridae
v20646	11/27	54.02	Guelinviridae
v20647	7/22	39.47	Salasmaviridae
v20651	11/152	48.61	Suoliviridae
v20653	21/24	75.13	Guelinviridae
v20654	17/220	39.69	Herelleviridae
v20655	4/4	85.92	Microviridae
v20660	5/8	38.32	Microviridae
v20665	5/18	33.88	Guelinviridae
v20666	7/26	37.60	Salasmaviridae
v20670	80/82	88.33	Drexlerviridae
v20672	15/169	43.07	Herelleviridae
v20674	50/51	92.81	Autographiviridae
v20675	7/9	82.01	Microviridae
v20676	7/7	74.44	Microviridae
v20678	7/8	59.00	Microviridae
v20695	3/7	41.67	Microviridae
v20698	22/166	41.40	Herelleviridae
v20700	5/23	35.90	Salasmaviridae
v20705	6/18	32.58	Salasmaviridae
v20716	4/13	33.83	Guelinviridae
v20728	11/99	47.85	Aliceevansviridae
v20731	5/20	33.76	Salasmaviridae
v20736	7/7	76.90	Microviridae
v20742	8/9	60.09	Microviridae
v20744	5/24	36.50	Salasmaviridae
v20745	6/8	57.80	Microviridae
v20746	7/7	95.16	Microviridae
v20747	6/7	83.93	Microviridae
v20748	6/19	38.67	Salasmaviridae
v20753	7/9	83.99	Microviridae
v20754	8/8	76.84	Microviridae
v20755	7/8	92.83	Microviridae
v20756	5/21	36.00	Guelinviridae
v20759	4/16	31.50	Guelinviridae
v20761	4/17	37.30	Guelinviridae
v20762	3/14	34.60	Guelinviridae
v20763	5/20	35.34	Salasmaviridae
v20766	6/8	53.70	Microviridae
v20768	10/113	38.60	Herelleviridae
v20770	10/10	60.97	Microviridae
v20773	7/24	31.74	Salasmaviridae
v20774	14/23	56.86	Guelinviridae
v20775	7/7	86.97	Microviridae
v20777	8/8	81.17	Microviridae
v20783	7/7	76.99	Microviridae
v20787	54/54	97.58	Autographiviridae
v20791	5/17	32.52	Guelinviridae
v20795	7/18	32.93	Guelinviridae
v20797	11/101	40.56	Steigviridae
v20802	7/7	93.26	Microviridae
v20818	7/10	57.84	Microviridae
v20819	17/56	48.46	Aliceevansviridae
v20822	8/8	51.42	Microviridae
v20825	14/201	41.66	Herelleviridae
v20830	7/8	95.79	Microviridae
v20832	10/98	30.41	Herelleviridae
v20833	11/116	41.05	Herelleviridae
v20840	8/8	61.50	Microviridae
v20843	23/214	46.35	Herelleviridae
v20848	3/9	37.27	Microviridae
v20852	38/59	61.96	Aliceevansviridae
v20857	46/46	98.86	Autographiviridae
v20858	5/9	44.24	Microviridae
v20864	6/6	85.03	Microviridae
v20867	7/9	60.67	Microviridae
v20872	6/6	88.27	Microviridae
v20874	19/220	47.28	Steigviridae
v20877	13/54	50.66	Aliceevansviridae
v20879	12/38	41.28	Peduoviridae
v20880	13/54	46.80	Aliceevansviridae
v20883	24/55	51.28	Aliceevansviridae
v20884	4/7	42.58	Microviridae
v20886	6/7	58.02	Microviridae
v20897	10/86	44.34	Steigviridae
v20902	9/42	42.16	Aliceevansviridae
v20904	7/21	38.39	Salasmaviridae
v20907	6/7	59.80	Microviridae
v20915	25/294	37.45	Herelleviridae
v20920	10/76	38.03	Aliceevansviridae
v20930	8/9	63.35	Microviridae
v20932	7/7	78.00	Microviridae
v20935	6/7	73.00	Microviridae
v20939	7/9	84.60	Microviridae
v20940	7/8	96.27	Microviridae
v20941	6/7	83.83	Microviridae
v20942	7/10	62.63	Microviridae
v20944	10/10	79.56	Microviridae
v20952	5/16	32.54	Guelinviridae
v20953	3/6	38.70	Microviridae
v20961	6/7	82.10	Microviridae
v20968	4/7	40.60	Microviridae
v20970	7/7	85.11	Microviridae
v20979	5/16	32.94	Guelinviridae
v20980	7/7	69.93	Microviridae
v20981	4/9	46.62	Microviridae
v20982	5/8	40.00	Microviridae
v20985	9/10	83.46	Microviridae
v20986	7/7	86.66	Microviridae
v20988	6/19	37.92	Salasmaviridae
v20991	5/16	32.32	Guelinviridae
v20992	10/73	42.29	Aliceevansviridae
v20999	22/194	39.65	Herelleviridae
v21010	5/22	32.42	Salasmaviridae
v21011	5/25	33.60	Salasmaviridae
v21015	10/10	60.67	Microviridae
v21019	3/9	34.87	Microviridae
v21028	5/18	32.46	Guelinviridae
v21037	14/91	37.01	Herelleviridae
v21044	4/6	42.95	Microviridae
v21052	6/9	90.03	Microviridae
v21057	5/10	49.86	Microviridae
v21066	4/8	46.50	Microviridae
v21072	6/9	61.00	Microviridae
v21073	6/6	66.52	Microviridae
v21074	5/8	46.92	Microviridae
v21075	4/7	47.85	Microviridae
v21077	8/9	60.02	Microviridae
v21079	7/7	80.01	Microviridae
v21081	54/56	96.04	Autographiviridae
v21082	5/9	89.74	Microviridae
v21087	8/10	85.71	Microviridae
v21088	6/6	77.55	Microviridae
v21091	6/6	89.02	Microviridae
v21093	10/98	60.48	Peduoviridae
v21095	7/20	40.44	Guelinviridae
v21104	2/8	30.85	Microviridae
v21105	16/278	41.24	Herelleviridae
v21109	4/16	31.48	Guelinviridae
v21111	6/17	35.23	Salasmaviridae
v21127	26/344	36.85	Herelleviridae
v21129	5/22	32.58	Salasmaviridae
v21130	13/118	35.15	Herelleviridae
v21133	18/42	53.69	Aliceevansviridae
v21137	51/89	53.50	Suoliviridae
v21142	47/48	95.41	Autographiviridae
v21144	5/20	32.38	Guelinviridae
v21148	7/10	58.70	Microviridae
v21149	8/10	56.20	Microviridae
v21150	7/7	74.71	Microviridae
v21154	5/10	51.94	Microviridae
v21155	6/6	61.37	Microviridae
v21157	8/9	63.89	Microviridae
v21160	7/7	71.31	Microviridae
v21162	7/9	82.53	Microviridae
v21164	8/40	36.31	Aliceevansviridae
v21175	10/77	45.69	Schitoviridae
v21180	7/20	38.57	Salasmaviridae
v21189	10/88	41.78	Aliceevansviridae
v21193	7/7	79.77	Microviridae
v21194	4/8	42.15	Microviridae
v21196	9/36	49.39	Suoliviridae
v21204	5/16	32.48	Guelinviridae
v21206	24/302	37.78	Herelleviridae
v21209	12/160	36.74	Herelleviridae
v21211	88/97	89.90	Intestiviridae
v21217	29/187	44.14	Steigviridae
v21218	25/47	47.04	Autographiviridae
v21220	7/8	96.40	Microviridae
v21224	6/13	39.60	Salasmaviridae
v21228	10/56	41.75	Suoliviridae
v21231	7/7	70.23	Microviridae
v21233	290/290	98.41	Straboviridae
v21234	5/5	69.62	Microviridae
v21245	7/10	88.33	Microviridae
v21247	7/11	61.50	Microviridae
v21248	11/114	36.01	Herelleviridae
v21254	6/6	87.88	Microviridae
v21258	3/6	36.50	Microviridae
v21259	8/36	43.02	Aliceevansviridae
v21266	4/17	33.25	Salasmaviridae
v21267	103/109	90.51	Steigviridae
v21268	8/22	38.96	Autographiviridae
v21274	5/22	34.24	Salasmaviridae
v21275	3/6	38.03	Metaviridae
v21277	5/12	67.52	Microviridae
v21280	47/47	99.32	Autographiviridae
v21281	3/5	33.03	Microviridae
v21286	5/8	45.32	Microviridae
v21287	6/8	60.05	Microviridae
v21288	10/82	41.33	Aliceevansviridae
v21290	6/7	72.88	Microviridae
v21291	4/6	47.42	Microviridae
v21294	11/109	44.53	Suoliviridae
v21297	3/14	30.30	Guelinviridae
v21300	7/21	38.49	Guelinviridae
v21302	10/103	45.21	Herelleviridae
v21310	6/8	57.12	Microviridae
v21312	7/14	38.96	Salasmaviridae
v21314	6/17	33.50	Salasmaviridae
v21316	7/8	59.76	Microviridae
v21320	6/24	37.83	Salasmaviridae
v21322	5/16	38.30	Guelinviridae
v21323	2/9	32.00	Salasmaviridae
v21328	5/16	32.56	Guelinviridae
v21329	9/9	83.72	Microviridae
v21330	4/9	42.98	Microviridae
v21333	7/24	32.80	Salasmaviridae
v21340	5/5	80.96	Microviridae
v21349	6/21	39.07	Salasmaviridae
v21354	7/23	37.57	Salasmaviridae
v21359	4/20	37.98	Salasmaviridae
v21361	6/7	69.82	Microviridae
v21362	8/8	64.94	Microviridae
v21363	7/9	60.64	Microviridae
v21364	8/9	92.42	Microviridae
v21374	6/22	33.38	Salasmaviridae
v21379	6/6	64.95	Microviridae
v21385	17/256	38.76	Herelleviridae
v21389	7/8	80.44	Microviridae
v21391	4/15	30.18	Salasmaviridae
v21392	4/8	46.73	Microviridae
v21399	6/6	76.32	Microviridae
v21400	19/63	40.69	Drexlerviridae
v21403	6/6	83.80	Microviridae
v21409	5/19	36.70	Salasmaviridae
v21414	4/18	32.00	Guelinviridae
v21416	7/8	63.93	Microviridae
v21419	7/7	75.67	Microviridae
v21422	14/57	52.71	Autographiviridae
v21427	13/119	32.62	Herelleviridae
v21429	6/6	84.85	Microviridae
v21432	8/28	42.01	Aliceevansviridae
v21436	3/9	38.80	Microviridae
v21443	6/8	58.87	Microviridae
v21451	7/8	63.43	Microviridae
v21459	24/26	97.03	Peduoviridae
v21460	146/147	99.37	Demerecviridae
v21467	41/47	92.30	Peduoviridae
v21475	7/23	38.64	Salasmaviridae
v21478	47/47	97.46	Autographiviridae
v21483	7/7	78.00	Microviridae
v21488	2/7	67.95	Inoviridae
v21492	9/10	58.39	Microviridae
v21504	21/168	41.20	Herelleviridae
v21505	12/64	43.83	Peduoviridae
v21506	5/17	32.76	Guelinviridae
v21513	7/7	74.87	Microviridae
v21518	6/19	37.08	Salasmaviridae
v21527	11/132	41.94	Herelleviridae
v21528	6/20	34.68	Guelinviridae
v21531	7/22	39.07	Salasmaviridae
v21534	4/8	42.23	Microviridae
v21543	7/31	40.17	Aliceevansviridae
v21546	3/6	37.50	Microviridae
v21550	32/35	88.95	Peduoviridae
v21564	6/28	35.35	Salasmaviridae
v21566	7/20	35.57	Salasmaviridae
v21571	5/25	33.96	Salasmaviridae
v21575	7/9	84.29	Microviridae
v21576	12/176	36.44	Straboviridae
v21585	5/9	49.04	Microviridae
v21587	5/15	37.08	Guelinviridae
v21602	4/16	31.20	Guelinviridae
v21609	8/11	61.31	Microviridae
v21614	8/13	84.64	Microviridae
v21617	90/104	90.94	Suoliviridae
v21620	6/19	34.30	Guelinviridae
v21628	6/6	74.07	Microviridae
v21634	4/8	47.65	Microviridae
v21637	2/7	31.10	Salasmaviridae
v21650	7/8	69.76	Microviridae
v21651	5/18	32.42	Guelinviridae
v21654	3/12	30.27	Guelinviridae
v21660	5/18	32.26	Guelinviridae
v21665	29/33	83.14	Peduoviridae
v21668	2/10	54.25	Inoviridae
v21671	7/8	67.50	Microviridae
v21672	5/7	53.48	Microviridae
v21674	21/25	85.77	Guelinviridae
v21684	4/15	30.73	Guelinviridae
v21685	4/7	43.58	Microviridae
v21687	4/8	56.52	Microviridae
v21701	10/65	43.57	Steigviridae
v21704	6/7	61.07	Microviridae
v21706	14/110	31.64	Herelleviridae
v21712	5/7	53.82	Microviridae
v21721	3/8	38.53	Microviridae
v21723	4/8	43.38	Microviridae
v21727	2/7	30.45	Guelinviridae
v21729	5/20	36.60	Guelinviridae
v21730	11/133	43.06	Aliceevansviridae
v21732	5/22	33.16	Salasmaviridae
v21733	7/7	68.91	Microviridae
v21735	6/6	80.42	Microviridae
v21737	11/127	46.30	Aliceevansviridae
v21738	5/9	45.72	Microviridae
v21739	6/7	56.48	Microviridae
v21743	9/27	37.42	Guelinviridae
v21757	6/7	60.13	Microviridae
v21762	4/8	43.05	Microviridae
v21763	7/7	78.06	Microviridae
v21768	7/7	76.60	Microviridae
v21771	6/30	37.75	Salasmaviridae
v21773	11/31	45.83	Aliceevansviridae
v21774	10/55	43.20	Aliceevansviridae
v21776	26/34	86.30	Peduoviridae
v21779	5/13	38.36	Microviridae
v21796	6/26	37.12	Guelinviridae
v21802	3/14	30.63	Guelinviridae
v21807	4/6	58.02	Microviridae
v21819	80/80	95.21	Schitoviridae
v21820	12/89	43.78	Drexlerviridae
v21831	7/11	70.21	Microviridae
v21835	4/7	49.65	Microviridae
v21838	9/9	60.44	Microviridae
v21841	7/8	96.46	Microviridae
v21843	80/82	92.10	Casjensviridae
v21844	2/10	34.60	Salasmaviridae
v21855	7/7	85.29	Microviridae
v21856	21/22	89.42	Peduoviridae
v21860	9/30	35.19	Peduoviridae
v21869	6/6	75.10	Microviridae
v21870	10/53	47.93	Aliceevansviridae
v21885	35/41	88.18	Peduoviridae
v21887	8/9	88.55	Microviridae
v21891	21/27	80.49	Peduoviridae
v21892	10/46	41.43	Aliceevansviridae
v21893	2/10	44.65	Peduoviridae
v21895	2/7	46.60	Peduoviridae
v21907	7/7	70.84	Microviridae
v21908	8/8	97.30	Microviridae
v21920	7/8	74.57	Microviridae
v21923	7/7	58.00	Microviridae
v21932	32/34	99.38	Adenoviridae
v21938	11/193	38.35	Herelleviridae
v21939	7/8	96.63	Microviridae
v21940	5/5	58.52	Microviridae
v21949	5/25	30.62	Guelinviridae
v21950	4/16	31.38	Guelinviridae
v21952	7/13	34.49	Salasmaviridae
v21954	6/8	78.78	Microviridae
v21959	5/7	67.74	Microviridae
v21962	8/8	52.84	Microviridae
v21971	7/7	77.83	Microviridae
v21973	25/48	45.54	Autographiviridae
v21974	5/15	31.92	Guelinviridae
v21987	6/8	61.03	Microviridae
v21990	4/9	44.88	Microviridae
v21991	4/6	39.30	Microviridae
v21994	6/23	31.40	Guelinviridae
v22005	5/17	32.44	Guelinviridae
v22020	7/34	50.43	Aliceevansviridae
v22024	19/61	41.41	Drexlerviridae
v22025	7/8	73.03	Microviridae
v22028	4/14	30.62	Guelinviridae
v22034	12/64	45.31	Aliceevansviridae
v22040	9/42	50.11	Aliceevansviridae
v22043	6/8	74.87	Microviridae
v22044	2/7	90.90	Microviridae
v22047	6/8	57.13	Microviridae
v22053	7/8	94.80	Microviridae
v22056	6/7	59.48	Microviridae
v22057	11/165	42.38	Herelleviridae
v22066	4/8	43.55	Microviridae
v22067	5/19	34.10	Guelinviridae
v22070	31/36	89.10	Peduoviridae
v22071	3/13	39.67	Peduoviridae
v22078	17/24	58.16	Guelinviridae
v22089	21/23	94.90	Guelinviridae
v22090	5/16	32.66	Guelinviridae
v22094	8/8	54.31	Microviridae
v22095	6/7	73.77	Microviridae
v22097	3/6	38.77	Microviridae
v22100	8/10	83.42	Microviridae
v22102	5/7	54.08	Microviridae
v22113	5/7	56.86	Microviridae
v22114	33/33	99.11	Adenoviridae
v22121	5/19	36.48	Salasmaviridae
v22123	6/6	79.67	Microviridae
v22125	31/31	95.75	Peduoviridae
v22134	16/26	58.11	Guelinviridae
v22142	6/6	77.25	Microviridae
v22152	11/175	37.44	Herelleviridae
v22155	8/12	85.28	Microviridae
v22161	2/6	31.00	Aliceevansviridae
v22166	6/7	77.25	Microviridae
v22171	7/17	36.44	Salasmaviridae
v22179	7/7	76.79	Microviridae
v22183	6/6	81.80	Microviridae
v22189	6/14	46.45	Guelinviridae
v22200	4/13	32.92	Guelinviridae
v22204	79/83	94.03	Suoliviridae
v22209	5/18	33.40	Salasmaviridae
v22215	11/199	39.97	Suoliviridae
v22218	5/23	33.24	Salasmaviridae
v22223	6/7	70.88	Microviridae
v22231	7/8	96.23	Microviridae
v22233	2/8	57.85	Mitoviridae
v22236	1/4	51.00	Caulimoviridae
v22245	3/8	34.27	Microviridae
v22246	7/8	83.33	Microviridae
v22248	10/52	34.56	Peduoviridae
v22252	11/63	34.85	Aliceevansviridae
v22266	8/26	44.45	Guelinviridae
v22272	30/52	51.97	Peduoviridae
v22280	2/6	30.60	Microviridae
v22282	7/8	84.70	Microviridae
v22287	3/14	47.60	Aliceevansviridae
v22289	5/21	35.34	Salasmaviridae
v22292	5/5	78.14	Microviridae
v22297	12/106	34.01	Herelleviridae
v22303	8/26	39.80	Aliceevansviridae
v22305	4/17	31.12	Guelinviridae
v22306	7/7	75.83	Microviridae
v22307	5/18	37.10	Salasmaviridae
v22311	6/22	34.48	Guelinviridae
v22317	4/8	41.90	Microviridae
v22319	4/11	39.65	Inoviridae
v22322	12/71	54.10	Suoliviridae
v22330	7/8	66.06	Microviridae
v22332	13/139	37.86	Herelleviridae
v22336	45/45	96.54	Autographiviridae
v22338	62/74	87.10	Autographiviridae
v22354	5/24	32.74	Salasmaviridae
v22355	4/18	31.98	Guelinviridae
v22358	6/15	36.40	Salasmaviridae
v22360	11/88	34.65	Herelleviridae
v22363	10/60	35.59	Herelleviridae
v22374	9/11	63.91	Microviridae
v22379	26/29	89.86	Peduoviridae
v22388	1/2	39.30	Metaviridae
v22390	6/27	50.08	Aliceevansviridae
v22392	6/17	30.77	Guelinviridae
v22396	3/15	46.63	Peduoviridae
v22399	4/16	30.15	Guelinviridae
v22410	4/8	42.80	Microviridae
v22415	7/17	38.77	Salasmaviridae
v22416	6/15	39.87	Salasmaviridae
v22419	38/56	70.83	Aliceevansviridae
v22421	2/10	30.10	Guelinviridae
v22423	41/43	97.00	Schitoviridae
v22424	7/15	36.57	Salasmaviridae
v22426	4/10	35.02	Microviridae
v22437	12/96	45.28	Suoliviridae
v22447	6/8	60.80	Microviridae
v22450	8/9	65.74	Microviridae
v22451	9/10	59.01	Microviridae
v22454	7/7	70.20	Microviridae
v22460	89/90	95.30	Schitoviridae
v22467	8/34	41.64	Aliceevansviridae
v22469	39/47	70.67	Autographiviridae
v22483	7/8	60.99	Microviridae
v22487	2/7	33.95	Microviridae
v22492	50/51	96.34	Autographiviridae
v22496	91/92	94.40	Schitoviridae
v22501	5/8	69.06	Microviridae
v22509	6/16	35.82	Salasmaviridae
v22512	7/10	58.37	Microviridae
v22513	35/45	86.57	Peduoviridae
v22516	7/8	94.87	Microviridae
v22524	6/6	85.58	Microviridae
v22537	5/8	47.22	Microviridae
v22541	4/8	37.77	Microviridae
v22542	7/7	86.09	Microviridae
v22544	34/42	89.61	Peduoviridae
v22549	6/19	42.20	Aliceevansviridae
v22557	55/55	97.12	Autographiviridae
v22560	7/8	73.21	Microviridae
v22562	12/90	33.54	Straboviridae
v22563	6/9	58.40	Microviridae
v22566	7/24	31.80	Salasmaviridae
v22578	7/7	78.81	Microviridae
v22579	27/61	63.81	Autographiviridae
v22580	7/7	82.94	Microviridae
v22581	5/8	55.06	Microviridae
v22583	14/67	38.99	Mesyanzhinovviridae
v22584	5/6	88.46	Microviridae
v22600	4/15	30.62	Guelinviridae
v22601	6/6	82.17	Microviridae
v22602	7/8	71.09	Microviridae
v22604	6/6	81.13	Microviridae
v22608	17/120	31.51	Herelleviridae
v22609	7/7	76.03	Microviridae
v22616	4/7	42.55	Microviridae
v22617	8/8	53.30	Microviridae
v22623	7/7	79.17	Microviridae
v22625	23/26	81.18	Peduoviridae
v22633	5/7	85.48	Microviridae
v22635	47/80	47.11	Intestiviridae
v22639	18/35	52.94	Aliceevansviridae
v22641	7/8	60.01	Microviridae
v22642	36/40	82.00	Aliceevansviridae
v22644	39/43	85.49	Peduoviridae
v22645	22/26	70.70	Aliceevansviridae
v22649	6/8	55.73	Microviridae
v22654	18/24	85.44	Peduoviridae
v22656	197/197	99.39	Herelleviridae
v22659	19/51	46.38	Autographiviridae
v22660	6/7	61.35	Microviridae
v22662	5/6	58.90	Microviridae
v22666	6/10	58.77	Microviridae
v22667	43/45	99.82	Peduoviridae
v22675	9/9	58.28	Microviridae
v22678	13/43	40.61	Aliceevansviridae
v22679	12/93	47.19	Drexlerviridae
v22680	6/30	49.07	Aliceevansviridae
v22685	77/81	92.97	Steigviridae
v22698	17/58	50.94	Aliceevansviridae
v22702	6/23	35.85	Guelinviridae
v22703	27/48	46.60	Autographiviridae
v22705	14/47	44.01	Autographiviridae
v22706	11/51	36.65	Aliceevansviridae
v22719	10/54	38.95	Aliceevansviridae
v22723	22/63	48.55	Aliceevansviridae
v22729	19/170	43.23	Straboviridae
v22732	34/65	61.34	Autographiviridae
v22733	6/7	95.93	Microviridae
v22735	11/55	39.45	Aliceevansviridae
v22737	9/10	60.92	Microviridae
v22738	6/19	32.60	Guelinviridae
v22746	6/8	77.42	Microviridae
v22751	11/32	42.45	Drexlerviridae
v22752	20/372	37.38	Herelleviridae
v22755	48/48	96.24	Autographiviridae
v22756	19/19	90.44	Aliceevansviridae
v22760	43/247	45.00	Straboviridae
v22763	12/117	36.86	Herelleviridae
v22764	87/92	94.03	Schitoviridae
v22772	34/38	91.96	Peduoviridae
v22773	7/7	85.33	Microviridae
v22780	11/103	32.46	Herelleviridae
v22789	7/7	81.71	Microviridae
v22792	11/96	37.69	Aliceevansviridae
v22799	5/12	32.36	Guelinviridae
v22805	4/6	34.77	Microviridae
v22807	10/72	45.90	Drexlerviridae
v22808	10/57	45.66	Aliceevansviridae
v22815	27/55	46.80	Autographiviridae
v22820	6/9	77.02	Microviridae
v22831	16/177	37.21	Herelleviridae
v22835	7/7	72.27	Microviridae
v22836	5/25	34.64	Salasmaviridae
v22845	14/104	32.21	Herelleviridae
v22850	7/10	81.84	Microviridae
v22855	6/8	54.45	Microviridae
v22856	7/8	60.21	Microviridae
v22862	3/6	39.57	Microviridae
v22863	7/9	57.19	Microviridae
v22867	5/8	50.32	Microviridae
v22868	6/6	78.38	Microviridae
v22869	7/9	89.07	Microviridae
v22873	5/9	51.96	Microviridae
v22879	6/8	75.13	Microviridae
v22880	5/16	32.94	Guelinviridae
v22886	5/15	32.16	Guelinviridae
v22892	4/9	36.30	Microviridae
v22895	7/7	76.44	Microviridae
v22901	5/9	86.64	Microviridae
v22907	7/7	82.16	Microviridae
v22917	7/9	83.09	Microviridae
v22919	7/7	74.31	Microviridae
v22922	8/8	59.76	Microviridae
v22925	14/128	32.44	Herelleviridae
v22928	5/5	75.06	Microviridae
v22931	11/45	34.96	Aliceevansviridae
v22933	13/208	40.55	Herelleviridae
v22936	6/21	37.22	Salasmaviridae
v22940	5/18	32.68	Guelinviridae
v22944	9/32	43.27	Aliceevansviridae
v22947	2/5	35.35	Microviridae
v22948	4/8	41.35	Microviridae
v22950	3/8	37.37	Microviridae
v22952	2/7	30.65	Guelinviridae
v22958	5/21	32.52	Guelinviridae
v22963	7/16	39.79	Salasmaviridae
v22964	5/22	33.32	Guelinviridae
v22969	15/131	44.15	Herelleviridae
v22972	7/8	96.90	Microviridae
v22975	6/9	87.32	Microviridae
v22977	38/44	74.45	Peduoviridae
v22979	7/8	61.31	Microviridae
v22981	9/33	46.89	Drexlerviridae
v22982	7/7	73.30	Microviridae
v22983	8/9	60.96	Microviridae
v22985	32/34	85.33	Aliceevansviridae
v22986	8/8	60.01	Microviridae
v22988	6/8	61.08	Microviridae
v22991	41/43	81.12	Aliceevansviridae
v22995	9/9	65.11	Microviridae
v23000	9/37	39.66	Schitoviridae
v23009	5/25	32.72	Guelinviridae
v23013	15/157	43.51	Herelleviridae
v23018	7/7	69.84	Microviridae
v23019	6/23	37.45	Salasmaviridae
v23020	11/59	51.27	Aliceevansviridae
v23023	8/11	87.38	Microviridae
v23032	6/22	32.72	Salasmaviridae
v23037	2/9	31.25	Guelinviridae
v23039	51/52	96.34	Autographiviridae
v23044	7/8	92.00	Microviridae
v23046	7/29	32.80	Aliceevansviridae
v23051	7/8	94.81	Microviridae
v23052	12/185	39.43	Suoliviridae
v23054	10/72	39.85	Aliceevansviridae
v23055	5/8	46.58	Microviridae
v23057	12/111	32.69	Herelleviridae
v23064	6/8	62.53	Microviridae
v23065	5/9	60.38	Microviridae
v23073	6/9	54.83	Microviridae
v23076	5/16	32.96	Guelinviridae
v23079	83/90	90.54	Schitoviridae
v23080	4/17	33.38	Guelinviridae
v23082	7/21	33.14	Salasmaviridae
v23083	14/182	36.78	Herelleviridae
v23103	4/7	37.85	Microviridae
v23106	20/20	93.58	Aliceevansviridae
v23107	3/12	34.47	Microviridae
v23110	43/46	77.00	Aliceevansviridae
v23121	6/25	30.53	Salasmaviridae
v23122	8/8	53.08	Microviridae
v23123	7/7	85.90	Microviridae
v23124	4/9	53.90	Microviridae
v23129	12/135	49.44	Aliceevansviridae
v23130	7/7	74.41	Microviridae
v23131	7/8	64.06	Microviridae
v23134	10/30	38.33	Guelinviridae
v23135	7/9	82.04	Microviridae
v23142	11/63	48.74	Microviridae
v23146	12/88	43.56	Aliceevansviridae
v23153	15/170	44.37	Herelleviridae
v23154	6/20	35.13	Guelinviridae
v23156	3/8	32.30	Microviridae
v23161	8/38	40.09	Aliceevansviridae
v23167	11/73	52.83	Drexlerviridae
v23168	11/158	39.46	Herelleviridae
v23170	4/20	37.58	Guelinviridae
v23174	5/12	32.22	Salasmaviridae
v23179	4/8	44.33	Microviridae
v23187	2/6	31.45	Microviridae
v23196	13/206	39.82	Herelleviridae
v23198	5/6	50.96	Microviridae
v23199	7/7	79.33	Microviridae
v23202	4/17	31.07	Guelinviridae
v23203	7/33	40.50	Aliceevansviridae
v23206	7/8	73.37	Microviridae
v23207	6/23	38.00	Guelinviridae
v23210	10/142	43.52	Suoliviridae
v23211	4/19	30.45	Guelinviridae
v23217	5/5	67.56	Microviridae
v23220	6/6	83.33	Microviridae
v23221	7/8	94.77	Microviridae
v23226	32/35	84.64	Aliceevansviridae
v23227	6/29	46.37	Aliceevansviridae
v23230	11/56	35.95	Winoviridae
v23231	12/109	38.77	Aliceevansviridae
v23244	6/27	43.40	Tectiviridae
v23250	10/84	39.99	Aliceevansviridae
v23253	5/25	30.36	Salasmaviridae
v23262	5/23	36.14	Salasmaviridae
v23264	3/8	33.70	Microviridae
v23266	6/7	82.65	Microviridae
v23267	4/15	32.27	Guelinviridae
v23269	19/42	57.35	Aliceevansviridae
v23274	11/76	42.77	Aliceevansviridae
v23280	9/11	60.47	Microviridae
v23287	7/9	74.71	Microviridae
v23288	4/8	36.67	Microviridae
v23289	5/9	41.64	Microviridae
v23294	72/91	69.25	Intestiviridae
v23305	5/8	71.94	Microviridae
v23306	3/8	43.47	Microviridae
v23307	4/7	53.60	Microviridae
v23321	10/45	35.59	Winoviridae
v23327	32/217	46.58	Steigviridae
v23333	7/8	87.63	Microviridae
v23336	8/11	89.30	Microviridae
v23339	7/8	94.39	Microviridae
v23350	10/10	60.43	Microviridae
v23353	4/7	38.00	Microviridae
v23354	7/8	93.79	Microviridae
v23363	9/10	60.49	Microviridae
v23364	7/8	59.59	Microviridae
v23365	15/158	37.28	Herelleviridae
v23366	6/8	83.82	Microviridae
v23367	7/10	84.60	Microviridae
v23372	3/5	39.13	Microviridae
v23374	5/17	32.42	Guelinviridae
v23376	7/8	95.97	Microviridae
v23377	6/8	59.72	Microviridae
v23380	12/71	42.75	Aliceevansviridae
v23383	6/7	59.92	Microviridae
v23385	8/10	51.98	Microviridae
v23393	48/92	43.57	Peduoviridae
v23406	3/15	37.40	Aliceevansviridae
v23421	13/89	43.80	Aliceevansviridae
v23425	5/22	33.34	Salasmaviridae
v23426	57/59	95.90	Autographiviridae
v23427	7/8	60.24	Microviridae
v23429	5/23	50.94	Aliceevansviridae
v23432	24/131	41.49	Straboviridae
v23443	12/60	42.68	Aliceevansviridae
v23447	6/7	73.05	Microviridae
v23451	6/6	72.08	Microviridae
v23452	12/54	42.86	Peduoviridae
v23457	10/51	46.74	Aliceevansviridae
v23458	6/7	94.77	Microviridae
v23467	5/20	33.92	Salasmaviridae
v23471	10/239	34.77	Herelleviridae
v23472	7/7	64.17	Microviridae
v23473	4/7	44.30	Microviridae
v23476	7/9	67.96	Microviridae
v23480	7/10	84.76	Microviridae
v23490	13/63	42.10	Aliceevansviridae
v23491	7/7	76.77	Microviridae
v23495	7/26	53.96	Aliceevansviridae
v23502	11/78	45.65	Aliceevansviridae
v23513	14/181	39.91	Herelleviridae
v23517	5/11	54.48	Microviridae
v23518	7/7	76.54	Microviridae
v23521	8/27	46.41	Aliceevansviridae
v23522	7/17	33.03	Guelinviridae
v23523	8/37	37.38	Aliceevansviridae
v23528	6/25	34.78	Salasmaviridae
v23532	5/25	43.16	Drexlerviridae
v23534	6/18	37.80	Guelinviridae
v23536	5/8	44.32	Microviridae
v23537	6/26	32.75	Salasmaviridae
v23538	91/99	78.20	Suoliviridae
v23540	6/9	46.13	Microviridae
v23544	30/33	89.91	Peduoviridae
v23550	8/17	36.19	Guelinviridae
v23554	47/63	76.44	Aliceevansviridae
v23556	5/18	49.18	Aliceevansviridae
v23557	5/21	46.70	Aliceevansviridae
v23558	13/27	44.17	Aliceevansviridae
v23564	26/26	98.16	Peduoviridae
v23568	4/18	30.65	Guelinviridae
v23573	8/10	88.22	Microviridae
v23576	5/6	62.18	Microviridae
v23584	72/101	68.58	Intestiviridae
v23585	5/16	32.96	Guelinviridae
v23586	19/280	37.06	Herelleviridae
v23588	7/7	75.87	Microviridae
v23595	7/10	58.73	Microviridae
v23596	7/7	76.81	Microviridae
v23602	5/17	47.96	Aliceevansviridae
v23604	17/49	53.68	Aliceevansviridae
v23606	24/56	56.29	Aliceevansviridae
v23607	17/282	36.40	Herelleviridae
v23608	48/50	96.94	Autographiviridae
v23609	10/166	35.65	Straboviridae
v23611	3/7	83.10	Microviridae
v23612	5/16	33.04	Guelinviridae
v23613	8/18	36.59	Guelinviridae
v23619	37/38	91.21	Peduoviridae
v23620	17/71	42.56	Drexlerviridae
v23623	12/20	47.80	Aliceevansviridae
v23624	14/61	44.67	Aliceevansviridae
v23625	15/68	45.77	Aliceevansviridae
v23631	6/18	36.25	Guelinviridae
v23634	7/18	33.06	Guelinviridae
v23636	6/10	46.17	Microviridae
v23638	36/36	95.28	Aliceevansviridae
v23642	13/159	36.95	Herelleviridae
v23644	26/28	77.05	Peduoviridae
v23647	3/10	30.93	Guelinviridae
v23649	83/85	95.33	Herelleviridae
v23651	40/43	79.08	Aliceevansviridae
v23653	16/29	64.72	Aliceevansviridae
v23654	34/38	79.18	Peduoviridae
v23663	5/25	31.06	Aliceevansviridae
v23669	5/6	51.90	Microviridae
v23672	4/18	38.20	Aliceevansviridae
v23680	3/14	30.73	Guelinviridae
v23681	12/25	52.77	Guelinviridae
v23683	98/105	90.87	Suoliviridae
v23691	6/25	37.32	Salasmaviridae
v23700	10/77	45.22	Schitoviridae
v23704	5/9	60.32	Microviridae
v23709	5/6	54.34	Microviridae
v23710	7/9	54.90	Microviridae
v23713	8/29	40.29	Aliceevansviridae
v23724	3/5	35.57	Microviridae
v23730	7/7	71.24	Microviridae
v23733	7/8	94.99	Microviridae
v23734	7/8	96.81	Microviridae
v23739	7/9	80.37	Microviridae
v23749	5/6	82.42	Microviridae
v23754	12/51	45.67	Aliceevansviridae
v23756	7/9	73.91	Microviridae
v23759	8/34	43.27	Aliceevansviridae
v23761	15/87	39.81	Aliceevansviridae
v23764	9/41	47.34	Aliceevansviridae
v23775	7/8	94.36	Microviridae
v23777	6/25	39.52	Aliceevansviridae
v23778	7/7	71.23	Microviridae
v23791	7/9	61.17	Microviridae
v23792	4/19	31.70	Guelinviridae
v23793	6/17	35.45	Salasmaviridae
v23797	26/177	38.42	Herelleviridae
v23798	5/8	47.94	Microviridae
v23799	5/17	33.90	Guelinviridae
v23807	28/56	46.85	Autographiviridae
v23810	73/73	98.19	Drexlerviridae
v23813	82/108	69.47	Suoliviridae
v23819	14/57	40.59	Aliceevansviridae
v23820	6/8	62.95	Microviridae
v23826	24/171	38.58	Herelleviridae
v23827	6/8	51.90	Microviridae
v23830	6/30	34.72	Aliceevansviridae
v23835	7/7	57.69	Microviridae
v23836	10/13	78.03	Inoviridae
v23845	7/32	42.59	Aliceevansviridae
v23848	6/24	36.10	Salasmaviridae
v23849	7/7	81.67	Microviridae
v23851	7/8	51.91	Microviridae
v23854	10/60	36.47	Aliceevansviridae
v23861	7/25	37.46	Guelinviridae
v23862	9/40	43.50	Aliceevansviridae
v23867	6/24	31.23	Guelinviridae
v23870	4/18	30.45	Guelinviridae
v23875	6/22	31.07	Salasmaviridae
v23878	15/312	37.12	Straboviridae
v23883	5/8	54.60	Microviridae
v23884	5/8	51.12	Microviridae
v23885	1/3	32.60	Metaviridae
v23895	15/22	60.91	Guelinviridae
v23901	10/65	40.14	Aliceevansviridae
v23904	7/24	35.43	Salasmaviridae
v23906	55/56	96.26	Autographiviridae
v23907	9/30	48.79	Aliceevansviridae
v23908	7/7	78.66	Microviridae
v23909	3/13	47.77	Aliceevansviridae
v23910	4/18	47.27	Aliceevansviridae
v23914	22/25	88.54	Peduoviridae
v23917	5/7	51.14	Microviridae
v23919	2/7	47.50	Peduoviridae
v23925	11/145	50.07	Suoliviridae
v23932	7/8	95.19	Microviridae
v23933	7/9	52.94	Microviridae
v23937	11/58	38.87	Aliceevansviridae
v23942	58/58	99.23	Autographiviridae
v23945	9/10	61.14	Microviridae
v23951	11/291	38.90	Herelleviridae
v23953	5/7	54.92	Microviridae
v23960	4/10	41.95	Microviridae
v23962	63/74	87.97	Autographiviridae
v23976	5/8	45.26	Microviridae
v23987	8/27	34.70	Guelinviridae
v23999	23/276	40.65	Herelleviridae
v24000	5/8	44.78	Microviridae
v24002	7/8	84.40	Microviridae
v24004	33/33	99.31	Autographiviridae
v24006	12/44	35.18	Winoviridae
v24010	7/8	95.20	Microviridae
v24014	4/19	32.73	Guelinviridae
v24017	5/9	55.82	Microviridae
v24021	28/58	47.49	Autographiviridae
v24029	9/9	54.73	Microviridae
v24034	66/74	90.26	Autographiviridae
v24042	10/43	43.32	Aliceevansviridae
v24043	11/112	48.30	Suoliviridae
v24047	10/42	35.98	Aliceevansviridae
v24048	7/7	75.44	Microviridae
v24063	4/10	56.42	Microviridae
v24069	8/8	87.12	Microviridae
v24070	7/19	39.97	Guelinviridae
v24071	5/21	38.24	Salasmaviridae
v24073	4/8	37.50	Microviridae
v24077	7/9	71.91	Microviridae
v24078	5/7	85.82	Microviridae
v24079	17/38	55.18	Aliceevansviridae
v24080	7/8	94.00	Microviridae
v24089	82/82	98.13	Drexlerviridae
v24097	7/8	88.03	Microviridae
v24102	6/7	60.12	Microviridae
v24103	5/18	35.12	Salasmaviridae
v24104	6/19	38.82	Salasmaviridae
v24105	5/20	38.56	Salasmaviridae
v24107	5/18	31.44	Guelinviridae
v24115	4/4	87.65	Microviridae
v24121	1/5	30.60	Forsetiviridae
v24123	4/8	49.38	Microviridae
v24124	6/8	63.62	Microviridae
v24126	10/50	38.85	Aliceevansviridae
v24129	14/189	40.00	Herelleviridae
v24132	7/8	91.86	Microviridae
v24135	18/32	67.46	Microviridae
v24142	17/235	43.38	Herelleviridae
v24144	7/33	35.47	Aliceevansviridae
v24145	10/53	51.56	Aliceevansviridae
v24146	21/288	37.34	Herelleviridae
v24147	7/9	70.44	Microviridae
v24148	7/7	72.23	Microviridae
v24153	11/88	46.02	Herelleviridae
v24156	5/15	32.80	Guelinviridae
v24158	8/9	61.62	Microviridae
v24164	12/147	37.83	Herelleviridae
v24170	5/23	33.84	Salasmaviridae
v24177	3/7	34.27	Microviridae
v24181	9/10	60.69	Microviridae
v24186	7/23	32.13	Salasmaviridae
v24188	7/23	38.17	Salasmaviridae
v24189	33/34	97.09	Autographiviridae
v24190	5/8	38.26	Microviridae
v24192	3/6	39.70	Microviridae
v24195	6/20	39.12	Salasmaviridae
v24196	11/123	32.05	Herelleviridae
v24201	8/8	86.83	Microviridae
v24203	4/18	52.90	Aliceevansviridae
v24206	11/41	48.19	Aliceevansviridae
v24207	10/61	41.95	Aliceevansviridae
v24210	19/60	50.51	Aliceevansviridae
v24216	18/136	40.61	Herelleviridae
v24227	10/40	49.55	Aliceevansviridae
v24229	22/300	37.93	Herelleviridae
v24232	24/55	47.54	Autographiviridae
v24239	15/417	36.05	Herelleviridae
v24242	5/6	42.02	Microviridae
v24247	5/8	45.46	Microviridae
v24250	1/5	42.40	Guelinviridae
v24262	5/10	59.96	Microviridae
v24266	7/10	82.46	Microviridae
v24267	2/9	41.95	Herelleviridae
v24277	10/36	49.49	Aliceevansviridae
v24278	10/179	39.35	Straboviridae
v24290	12/50	40.05	Aliceevansviridae
v24292	43/46	85.31	Aliceevansviridae
v24293	7/9	88.21	Microviridae
v24298	6/11	48.48	Microviridae
v24299	4/8	45.15	Microviridae
v24310	6/9	56.55	Microviridae
v24312	8/8	60.71	Microviridae
v24316	7/34	35.31	Aliceevansviridae
v24325	32/37	86.98	Aliceevansviridae
v24329	7/22	56.74	Aliceevansviridae
v24331	6/26	32.78	Salasmaviridae
v24333	5/22	38.04	Guelinviridae
v24345	51/58	77.91	Aliceevansviridae
v24360	3/9	30.37	Guelinviridae
v24362	11/129	50.55	Aliceevansviridae
v24367	13/136	43.90	Suoliviridae
v24385	11/48	44.30	Aliceevansviridae
v24386	6/8	66.00	Microviridae
v24401	6/18	31.97	Guelinviridae
v24406	4/8	44.33	Microviridae
v24414	22/50	45.87	Autographiviridae
v24423	49/54	80.06	Aliceevansviridae
v24436	8/8	54.61	Microviridae
v24438	12/118	33.83	Aliceevansviridae
v24439	7/7	88.86	Microviridae
v24440	11/111	30.09	Herelleviridae
v24441	8/8	84.94	Microviridae
v24453	5/8	41.86	Guelinviridae
v24460	6/22	34.72	Salasmaviridae
v24462	12/61	41.14	Aliceevansviridae
v24464	5/8	49.92	Microviridae
v24469	57/57	97.79	Autographiviridae
v24476	11/68	37.80	Aliceevansviridae
v24477	4/17	32.60	Guelinviridae
v24488	7/9	60.49	Microviridae
v24489	5/23	33.66	Salasmaviridae
v24497	8/9	56.38	Microviridae
v24498	4/7	44.77	Microviridae
v24502	4/12	32.73	Guelinviridae
v24504	39/46	80.42	Peduoviridae
v24512	34/47	95.03	Peduoviridae
v24522	10/60	35.77	Aliceevansviridae
v24523	6/7	95.83	Microviridae
v24529	23/218	37.93	Herelleviridae
v24534	9/11	77.93	Microviridae
v24544	35/42	85.57	Aliceevansviridae
v24545	13/89	42.59	Aliceevansviridae
v24553	20/220	30.98	Herelleviridae
v24557	10/46	85.77	Peduoviridae
v24558	4/15	33.42	Guelinviridae
v24559	7/7	81.93	Microviridae
v24561	5/7	64.36	Microviridae
v24565	4/15	45.30	Aliceevansviridae
v24566	49/66	75.24	Aliceevansviridae
v24567	45/171	37.31	Kyanoviridae
v24594	22/45	46.86	Autographiviridae
v24601	6/27	42.80	Aliceevansviridae
v24605	8/9	63.55	Microviridae
v24608	3/15	47.30	Aliceevansviridae
v24613	10/10	60.30	Microviridae
v24614	12/38	65.75	Aliceevansviridae
v24617	52/60	86.17	Aliceevansviridae
v24619	7/25	32.24	Salasmaviridae
v24620	14/23	45.51	Aliceevansviridae
v24633	6/6	79.13	Microviridae
v24640	3/12	34.37	Salasmaviridae
v24642	7/11	89.53	Microviridae
v24645	10/134	39.48	Aliceevansviridae
v24651	4/14	31.30	Guelinviridae
v24652	20/46	47.55	Autographiviridae
v24664	10/68	40.44	Aliceevansviridae
v24666	7/23	42.06	Salasmaviridae
v24669	34/216	46.04	Steigviridae
v24673	4/6	41.83	Microviridae
v24674	5/7	91.60	Microviridae
v24675	58/93	52.71	Intestiviridae
v24678	11/206	37.56	Suoliviridae
v24697	11/42	50.64	Aliceevansviridae
v24700	85/87	91.84	Suoliviridae
v24714	5/22	36.04	Salasmaviridae
v24717	13/116	32.57	Herelleviridae
v24720	14/98	46.17	Drexlerviridae
v24723	6/8	57.45	Microviridae
v24728	39/40	93.14	Peduoviridae
v24735	11/156	40.41	Suoliviridae
v24736	7/7	71.24	Microviridae
v24739	11/49	37.76	Aliceevansviridae
v24740	23/252	36.22	Herelleviridae
v24745	5/19	31.64	Salasmaviridae
v24749	33/36	78.00	Aliceevansviridae
v24754	7/7	74.44	Microviridae
v24759	10/82	42.60	Aliceevansviridae
v24778	2/9	39.90	Microviridae
v24781	13/120	52.39	Aliceevansviridae
v24790	11/40	42.16	Drexlerviridae
v24793	33/37	92.85	Peduoviridae
v24794	38/56	96.07	Peduoviridae
v24797	4/17	44.48	Guelinviridae
v24800	12/104	31.78	Herelleviridae
v24803	82/87	90.66	Suoliviridae
v24819	1/2	31.10	Metaviridae
v24838	6/17	33.43	Guelinviridae
v24844	5/7	39.28	Microviridae
v24846	7/9	82.14	Microviridae
v24847	27/69	43.96	Zierdtviridae
v24853	21/56	58.63	Aliceevansviridae
v24859	13/34	56.35	Aliceevansviridae
v24861	71/86	75.23	Suoliviridae
v24866	12/201	42.48	Herelleviridae
v24874	30/35	93.27	Peduoviridae
v24883	7/21	40.74	Salasmaviridae
v24884	3/7	37.57	Microviridae
v24887	3/8	40.33	Microviridae
v24890	5/20	31.16	Salasmaviridae
v24893	24/315	38.59	Herelleviridae
v24899	5/13	34.38	Guelinviridae
v24906	5/8	44.74	Microviridae
v24908	6/22	34.50	Salasmaviridae
v24911	14/203	40.66	Herelleviridae
v24914	7/14	39.54	Salasmaviridae
v24920	7/10	93.31	Microviridae
v24934	5/18	33.58	Salasmaviridae
v24935	5/6	67.04	Microviridae
v24961	7/8	97.04	Microviridae
v24962	13/267	40.45	Herelleviridae
v24974	13/200	44.61	Suoliviridae
v24975	7/24	41.11	Aliceevansviridae
v24986	7/22	37.03	Salasmaviridae
v24998	7/9	61.84	Microviridae
v25001	9/42	36.63	Aliceevansviridae
v25003	2/7	32.25	Guelinviridae
v25006	26/266	41.58	Straboviridae
v25009	57/78	65.77	Chaseviridae
v25015	28/30	89.23	Aliceevansviridae
v25016	11/84	38.39	Aliceevansviridae
v25026	85/96	80.04	Suoliviridae
v25027	6/20	33.42	Salasmaviridae
v25028	5/5	75.60	Microviridae
v25032	12/144	43.55	Suoliviridae
v25035	10/204	42.33	Suoliviridae
v25038	87/89	95.37	Intestiviridae
v25042	7/7	70.60	Microviridae
v25046	19/220	46.97	Steigviridae
v25048	14/40	51.06	Aliceevansviridae
v25073	5/16	32.62	Guelinviridae
v25092	10/57	40.55	Aliceevansviridae
v25094	80/98	70.00	Suoliviridae
v25119	65/117	47.34	Steigviridae
v25122	12/97	40.52	Aliceevansviridae
v25123	5/19	37.22	Salasmaviridae
v25128	24/51	47.84	Autographiviridae
v25130	40/46	90.04	Aliceevansviridae
v25131	6/19	43.90	Aliceevansviridae
v25133	41/55	74.28	Aliceevansviridae
v25139	11/52	40.32	Aliceevansviridae
v25146	29/37	73.62	Aliceevansviridae
v25147	5/19	48.80	Aliceevansviridae
v25156	18/56	50.22	Aliceevansviridae
v25170	5/16	31.26	Guelinviridae
v25193	7/7	86.36	Microviridae
v25195	5/8	84.78	Microviridae
v25204	10/152	43.08	Suoliviridae
v25207	43/169	37.17	Kyanoviridae
v25211	10/56	40.66	Aliceevansviridae
v25214	8/20	37.05	Salasmaviridae
v25216	6/27	36.90	Guelinviridae
v25217	3/12	30.07	Guelinviridae
v25233	14/171	41.19	Herelleviridae
v25241	29/43	66.78	Aliceevansviridae
v25242	22/55	52.33	Aliceevansviridae
v25244	4/15	32.58	Guelinviridae
v25245	4/20	30.90	Salasmaviridae
v25247	18/257	41.27	Herelleviridae
v25248	38/44	86.43	Aliceevansviridae
v25251	5/9	51.94	Microviridae
v25252	7/8	60.90	Microviridae
v25253	8/9	61.92	Microviridae
v25267	8/40	51.12	Aliceevansviridae
v25274	14/24	60.90	Guelinviridae
v25275	7/7	74.04	Microviridae
v25276	4/4	44.02	Microviridae
v25277	7/8	59.73	Microviridae
v25278	4/18	31.18	Guelinviridae
v25279	4/8	43.12	Microviridae
v25288	51/63	88.21	Autographiviridae
v25289	7/21	37.69	Salasmaviridae
v25290	7/24	33.79	Salasmaviridae
v25293	4/19	30.23	Guelinviridae
v25297	10/70	38.28	Aliceevansviridae
v25298	7/8	62.63	Microviridae
v25300	7/7	75.39	Microviridae
v25303	2/7	32.40	Guelinviridae
v25309	3/13	30.20	Guelinviridae
v25311	11/73	38.27	Steigviridae
v25312	9/10	59.77	Microviridae
v25317	7/21	38.24	Salasmaviridae
v25324	5/15	34.66	Salasmaviridae
v25326	10/57	38.28	Aliceevansviridae
v25328	15/52	50.15	Aliceevansviridae
v25331	12/20	36.83	Aliceevansviridae
v25336	7/7	89.00	Microviridae
v25338	32/70	58.55	Aliceevansviridae
v25341	28/31	81.26	Aliceevansviridae
v25344	5/23	33.72	Salasmaviridae
v25345	6/9	47.35	Microviridae
v25346	4/16	34.05	Guelinviridae
v25348	4/14	32.20	Guelinviridae
v25350	7/7	85.73	Microviridae
v25352	4/7	39.02	Microviridae
v25360	5/21	66.00	Aliceevansviridae
v25367	39/60	60.39	Aliceevansviridae
v25369	7/9	62.94	Microviridae
v25370	4/8	43.05	Microviridae
v25373	7/20	37.94	Salasmaviridae
v25376	5/7	52.60	Microviridae
v25379	5/20	31.04	Salasmaviridae
v25380	11/186	37.00	Herelleviridae
v25381	11/190	44.84	Suoliviridae
v25387	3/14	33.73	Salasmaviridae
v25388	91/106	80.30	Steigviridae
v25389	4/7	37.35	Microviridae
v25397	5/17	34.92	Guelinviridae
v25408	4/17	34.02	Guelinviridae
v25413	6/6	84.48	Microviridae
v25417	6/7	55.72	Microviridae
v25418	8/9	82.86	Microviridae
v25420	6/20	33.38	Guelinviridae
v25421	5/21	33.10	Salasmaviridae
v25425	24/48	46.64	Autographiviridae
v25426	5/6	83.22	Microviridae
v25429	24/55	48.27	Autographiviridae
v25431	11/56	40.15	Aliceevansviridae
v25433	5/17	37.02	Salasmaviridae
v25442	11/45	46.48	Aliceevansviridae
v25443	7/8	94.13	Microviridae
v25447	5/18	34.96	Guelinviridae
v25455	5/17	32.82	Guelinviridae
v25457	5/18	33.60	Salasmaviridae
v25459	21/23	95.58	Guelinviridae
v25467	22/22	95.00	Guelinviridae
v25469	6/8	65.13	Microviridae
v25470	6/7	79.83	Microviridae
v25478	6/6	62.53	Microviridae
v25487	19/20	94.92	Guelinviridae
v25491	9/28	49.18	Aliceevansviridae
v25495	5/9	55.40	Microviridae
v25500	11/165	37.49	Herelleviridae
v25501	5/20	32.84	Salasmaviridae
v25505	6/7	58.62	Microviridae
v25515	14/39	45.31	Autographiviridae
v25521	6/6	75.67	Microviridae
v25523	10/66	37.45	Aliceevansviridae
v25525	4/17	32.52	Guelinviridae
v25527	10/34	50.78	Drexlerviridae
v25529	7/23	38.50	Salasmaviridae
v25530	99/108	90.15	Suoliviridae
v25531	4/16	30.43	Guelinviridae
v25542	18/24	70.47	Guelinviridae
v25543	6/8	52.77	Microviridae
v25544	6/8	84.55	Microviridae
v25546	4/5	64.00	Microviridae
v25547	7/8	83.19	Microviridae
v25550	7/8	94.26	Microviridae
v25555	10/48	33.67	Winoviridae
v25559	28/31	76.49	Aliceevansviridae
v25562	4/13	33.02	Guelinviridae
v25568	38/44	92.81	Peduoviridae
v25572	13/75	39.43	Aliceevansviridae
v25578	6/17	37.10	Salasmaviridae
v25593	7/15	33.33	Salasmaviridae
v25596	29/257	47.38	Steigviridae
v25598	4/6	38.23	Microviridae
v25599	6/21	33.62	Salasmaviridae
v25607	4/16	32.33	Guelinviridae
v25609	17/111	35.46	Herelleviridae
v25613	98/100	94.60	Suoliviridae
v25614	3/8	43.17	Microviridae
v25617	6/7	48.17	Microviridae
v25624	25/29	68.14	Aliceevansviridae
v25628	12/126	40.47	Herelleviridae
v25635	7/7	60.53	Microviridae
v25637	4/6	47.40	Microviridae
v25643	15/50	56.51	Aliceevansviridae
v25644	7/25	35.54	Guelinviridae
v25653	5/5	71.40	Microviridae
v25656	13/53	42.37	Aliceevansviridae
v25659	12/191	38.02	Herelleviridae
v25660	6/19	34.78	Guelinviridae
v25661	8/10	61.35	Microviridae
v25662	5/8	46.34	Microviridae
v25663	8/10	58.41	Microviridae
v25664	7/9	49.04	Microviridae
v25673	18/25	55.94	Aliceevansviridae
v25679	83/89	90.65	Schitoviridae
v25682	11/303	46.94	Steigviridae
v25686	7/25	34.06	Aliceevansviridae
v25690	12/69	39.26	Aliceevansviridae
v25692	4/13	33.02	Guelinviridae
v25697	6/15	45.77	Inoviridae
v25700	4/18	35.10	Salasmaviridae
v25701	47/49	89.66	Autographiviridae
v25705	9/16	37.04	Salasmaviridae
v25707	6/17	35.85	Salasmaviridae
v25709	5/17	33.58	Salasmaviridae
v25710	4/16	31.27	Salasmaviridae
v25711	3/15	32.20	Guelinviridae
v25713	7/8	71.29	Microviridae
v25720	7/7	82.24	Microviridae
v25722	12/29	45.49	Autographiviridae
v25725	55/56	96.02	Autographiviridae
v25733	5/21	32.26	Salasmaviridae
v25744	9/10	60.81	Microviridae
v25754	11/51	37.58	Aliceevansviridae
v25756	13/50	52.08	Aliceevansviridae
v25761	7/7	83.19	Microviridae
v25764	7/16	36.64	Salasmaviridae
v25766	7/7	78.31	Microviridae
v25768	5/6	65.60	Microviridae
v25769	23/212	44.92	Steigviridae
v25778	5/22	33.62	Salasmaviridae
v25779	5/15	44.22	Aliceevansviridae
v25783	10/62	44.48	Aliceevansviridae
v25787	13/198	40.40	Suoliviridae
v25794	15/163	37.33	Herelleviridae
v25795	7/8	82.70	Microviridae
v25796	2/7	30.30	Salasmaviridae
v25797	13/182	38.34	Herelleviridae
v25800	5/24	30.56	Salasmaviridae
v25804	4/18	34.35	Guelinviridae
v25809	94/94	96.03	Suoliviridae
v25811	38/45	92.45	Peduoviridae
v25812	15/58	40.14	Aliceevansviridae
v25819	4/13	34.23	Guelinviridae
v25823	7/7	87.70	Microviridae
v25824	3/10	31.07	Microviridae
v25830	3/10	32.83	Microviridae
v25833	5/9	52.34	Microviridae
v25839	7/7	82.11	Microviridae
v25850	6/6	68.97	Microviridae
v25851	11/67	41.07	Winoviridae
v25854	11/122	47.04	Suoliviridae
v25858	4/5	36.05	Microviridae
v25862	4/10	33.92	Guelinviridae
v25864	43/47	96.24	Peduoviridae
v25866	6/20	41.25	Winoviridae
v25867	11/153	42.53	Herelleviridae
v25869	5/6	40.94	Microviridae
v25870	7/7	86.91	Microviridae
v25872	12/134	34.58	Herelleviridae
v25878	36/36	95.03	Peduoviridae
v25882	6/18	37.77	Salasmaviridae
v25883	12/136	35.22	Herelleviridae
v25886	48/61	66.60	Aliceevansviridae
v25888	7/8	57.70	Microviridae
v25889	11/105	41.85	Casjensviridae
v25890	85/86	94.54	Schitoviridae
v25897	27/29	87.35	Peduoviridae
v25906	11/55	46.38	Aliceevansviridae
v25907	9/9	60.84	Microviridae
v25909	6/22	31.40	Guelinviridae
v25922	4/5	47.62	Microviridae
v25924	5/9	42.22	Guelinviridae
v25927	38/38	80.12	Peduoviridae
v25932	5/20	45.14	Peduoviridae
v25938	24/33	94.18	Peduoviridae
v25939	20/25	80.86	Peduoviridae
v25944	3/9	30.67	Guelinviridae
v25952	4/6	38.60	Microviridae
v25953	6/8	60.62	Microviridae
v25969	10/61	64.58	Steigviridae
v25973	6/29	43.92	Aliceevansviridae
v25976	6/9	74.50	Microviridae
v25981	7/20	38.10	Salasmaviridae
v25982	5/23	32.96	Guelinviridae
v25997	5/25	59.90	Guelinviridae
v25998	5/20	33.12	Salasmaviridae
v26006	5/7	54.58	Microviridae
v26008	7/17	38.77	Salasmaviridae
v26009	4/20	37.52	Salasmaviridae
v26014	4/18	32.05	Guelinviridae
v26016	59/68	94.32	Autographiviridae
v26017	6/19	31.92	Guelinviridae
v26018	4/16	32.40	Salasmaviridae
v26021	4/11	34.48	Guelinviridae
v26022	4/5	44.67	Microviridae
v26024	6/6	67.90	Microviridae
v26028	4/19	30.45	Guelinviridae
v26035	9/45	36.04	Winoviridae
v26037	5/11	48.66	Microviridae
v26041	4/13	34.35	Guelinviridae
v26043	3/15	32.67	Guelinviridae
v26045	51/57	88.35	Aliceevansviridae
v26048	4/6	37.67	Microviridae
v26049	5/9	43.26	Microviridae
v26050	5/20	32.20	Guelinviridae
v26054	6/19	34.33	Salasmaviridae
v26062	13/49	42.76	Autographiviridae
v26066	11/31	42.06	Autographiviridae
v26070	7/30	52.43	Aliceevansviridae
v26071	22/199	39.84	Herelleviridae
v26080	21/54	50.72	Aliceevansviridae
v26082	12/119	46.07	Drexlerviridae
v26088	5/8	92.24	Microviridae
v26091	23/42	61.55	Aliceevansviridae
v26101	4/13	32.50	Guelinviridae
v26102	9/40	46.39	Drexlerviridae
v26105	11/74	38.26	Peduoviridae
v26106	6/16	38.17	Salasmaviridae
v26108	5/8	45.20	Microviridae
v26110	2/4	31.80	Microviridae
v26114	14/58	43.64	Peduoviridae
v26116	4/8	45.83	Microviridae
v26117	54/67	88.05	Autographiviridae
v26118	6/28	51.00	Peduoviridae
v26120	6/6	76.30	Microviridae
v26124	7/33	40.96	Aliceevansviridae
v26126	9/9	61.81	Microviridae
v26129	1/4	44.00	Nenyaviridae
v26131	6/20	35.87	Guelinviridae
v26132	21/45	46.17	Autographiviridae
v26134	8/24	45.31	Guelinviridae
v26139	10/178	50.37	Suoliviridae
v26144	6/22	34.00	Salasmaviridae
v26145	7/7	82.27	Microviridae
v26146	9/9	57.98	Microviridae
v26150	22/220	44.55	Steigviridae
v26155	6/19	53.30	Inoviridae
v26160	7/23	37.87	Salasmaviridae
v26161	3/14	33.80	Guelinviridae
v26162	4/13	34.48	Guelinviridae
v26164	6/22	37.10	Guelinviridae
v26166	8/8	86.83	Microviridae
v26167	6/8	56.42	Microviridae
v26172	2/10	32.05	Salasmaviridae
v26175	4/17	32.95	Salasmaviridae
v26176	6/21	31.00	Guelinviridae
v26178	4/5	45.50	Microviridae
v26179	6/12	36.77	Salasmaviridae
v26180	21/21	91.52	Guelinviridae
v26184	2/7	30.60	Salasmaviridae
v26186	10/112	31.69	Herelleviridae
v26187	18/53	47.03	Aliceevansviridae
v26192	22/42	37.25	Steigviridae
v26199	6/24	74.33	Peduoviridae
v26206	6/19	35.30	Guelinviridae
v26211	4/7	50.12	Microviridae
v26214	6/23	36.95	Salasmaviridae
v26225	4/19	31.75	Guelinviridae
v26227	4/14	34.08	Guelinviridae
v26228	6/9	81.77	Microviridae
v26235	6/9	62.00	Microviridae
v26236	11/53	46.41	Aliceevansviridae
v26240	2/4	30.05	Microviridae
v26241	7/21	37.60	Salasmaviridae
v26242	4/5	37.85	Microviridae
v26243	3/12	31.00	Guelinviridae
v26248	8/26	38.55	Guelinviridae
v26249	12/132	34.89	Herelleviridae
v26254	7/9	82.90	Microviridae
v26255	10/33	46.44	Aliceevansviridae
v26259	6/18	30.52	Salasmaviridae
v26266	8/9	61.94	Microviridae
v26268	16/22	44.11	Autographiviridae
v26269	6/22	34.77	Salasmaviridae
v26270	4/13	32.52	Guelinviridae
v26273	4/4	48.95	Microviridae
v26274	6/18	44.52	Guelinviridae
v26280	23/50	43.97	Autographiviridae
v26281	16/64	44.94	Autographiviridae
v26289	44/45	92.16	Suoliviridae
v26290	65/85	56.51	Intestiviridae
v26292	6/6	84.37	Microviridae
v26293	7/10	56.07	Microviridae
v26303	82/83	88.17	Suoliviridae
v26305	3/14	30.83	Guelinviridae
v26306	18/167	38.26	Herelleviridae
v26310	4/8	47.20	Microviridae
v26311	16/157	37.94	Herelleviridae
v26314	55/68	86.59	Autographiviridae
v26315	5/5	73.42	Microviridae
v26321	8/8	54.73	Microviridae
v26329	8/38	40.20	Winoviridae
v26336	21/67	38.30	Casjensviridae
v26339	13/62	45.15	Aliceevansviridae
v26343	6/20	33.98	Salasmaviridae
v26345	4/7	40.38	Microviridae
v26346	14/34	45.11	Drexlerviridae
v26348	22/23	96.38	Guelinviridae
v26350	27/44	70.75	Aliceevansviridae
v26351	5/9	55.06	Microviridae
v26355	10/142	38.38	Herelleviridae
v26356	4/20	43.75	Guelinviridae
v26357	8/8	53.48	Microviridae
v26362	4/7	43.50	Microviridae
v26364	5/7	62.42	Microviridae
v26365	5/9	44.12	Microviridae
v26366	7/9	63.17	Microviridae
v26371	7/7	59.19	Microviridae
v26373	5/5	77.60	Microviridae
v26378	7/7	51.30	Microviridae
v26379	4/8	44.60	Microviridae
v26380	8/11	87.25	Microviridae
v26383	9/17	40.18	Salasmaviridae
v26384	16/39	43.01	Autographiviridae
v26385	7/7	82.89	Microviridae
v26386	14/65	42.78	Aliceevansviridae
v26390	6/25	30.03	Guelinviridae
v26392	4/8	41.20	Microviridae
v26395	42/161	37.54	Kyanoviridae
v26397	11/53	42.67	Aliceevansviridae
v26398	6/9	66.10	Microviridae
v26400	2/7	30.35	Salasmaviridae
v26402	5/18	33.50	Guelinviridae
v26404	13/120	33.43	Herelleviridae
v26406	3/15	36.40	Guelinviridae
v26407	21/23	93.02	Guelinviridae
v26412	5/13	47.76	Aliceevansviridae
v26422	15/179	38.27	Herelleviridae
v26424	6/7	80.82	Microviridae
v26427	4/19	30.52	Guelinviridae
v26435	4/8	54.92	Microviridae
v26441	6/19	36.57	Salasmaviridae
v26443	23/47	46.63	Autographiviridae
v26447	5/8	45.22	Microviridae
v26449	7/25	37.94	Salasmaviridae
v26450	6/24	38.40	Salasmaviridae
v26453	4/20	32.70	Salasmaviridae
v26455	11/55	38.03	Aliceevansviridae
v26456	7/7	82.30	Microviridae
v26457	4/16	31.73	Guelinviridae
v26467	12/58	40.97	Aliceevansviridae
v26468	7/26	32.21	Salasmaviridae
v26469	21/205	44.79	Steigviridae
v26471	7/24	33.44	Salasmaviridae
v26475	12/162	42.00	Suoliviridae
v26476	12/52	40.15	Aliceevansviridae
v26480	4/13	34.50	Guelinviridae
v26482	2/7	30.70	Guelinviridae
v26493	10/111	30.41	Herelleviridae
v26500	27/49	57.22	Aliceevansviridae
v26504	17/40	55.65	Aliceevansviridae
v26506	10/99	40.53	Aliceevansviridae
v26508	23/39	74.34	Aliceevansviridae
v26509	80/84	91.16	Suoliviridae
v26516	10/128	44.06	Suoliviridae
v26517	4/8	45.62	Microviridae
v26521	6/9	87.20	Microviridae
v26529	4/9	50.48	Microviridae
v26530	7/16	33.06	Salasmaviridae
v26532	7/22	34.00	Salasmaviridae
v26534	13/70	51.78	Herelleviridae
v26539	7/7	46.26	Microviridae
v26546	92/99	78.57	Suoliviridae
v26548	5/12	78.02	Microviridae
v26549	2/8	88.10	Microviridae
v26550	5/9	57.88	Microviridae
v26558	11/41	39.88	Winoviridae
v26562	11/61	40.70	Peduoviridae
v26564	6/22	31.70	Guelinviridae
v26565	11/63	39.89	Aliceevansviridae
v26570	5/7	47.66	Microviridae
v26574	18/26	58.98	Aliceevansviridae
v26575	7/16	40.86	Salasmaviridae
v26576	7/9	61.96	Microviridae
v26577	6/6	78.53	Microviridae
v26579	4/14	32.88	Guelinviridae
v26580	7/23	31.70	Salasmaviridae
v26583	10/47	34.92	Aliceevansviridae
v26587	12/131	37.14	Suoliviridae
v26590	27/186	47.55	Steigviridae
v26591	10/141	49.95	Steigviridae
v26595	5/22	31.52	Guelinviridae
v26598	7/22	31.87	Salasmaviridae
v26602	3/13	33.73	Salasmaviridae
v26607	7/7	77.81	Microviridae
v26610	10/192	43.88	Suoliviridae
v26612	5/5	73.68	Microviridae
v26614	5/17	32.34	Guelinviridae
v26618	3/5	50.57	Microviridae
v26621	99/102	93.67	Suoliviridae
v26622	5/9	60.52	Microviridae
v26623	6/23	35.15	Salasmaviridae
v26624	98/99	93.29	Suoliviridae
v26626	6/20	34.32	Salasmaviridae
v26628	4/16	47.85	Aliceevansviridae
v26631	8/34	40.19	Aliceevansviridae
v26652	6/10	92.83	Microviridae
v26655	18/40	47.74	Aliceevansviridae
v26656	1/5	32.10	Circoviridae
v26657	6/24	37.25	Aliceevansviridae
v26660	5/25	34.66	Salasmaviridae
v26679	8/9	65.17	Microviridae
v26685	8/9	83.31	Microviridae
v26688	7/32	41.09	Aliceevansviridae
v26696	17/38	57.62	Aliceevansviridae
v26697	5/25	37.58	Salasmaviridae
v26698	5/7	40.26	Microviridae
v26701	4/14	34.17	Guelinviridae
v26706	7/7	69.66	Microviridae
v26708	21/28	63.29	Aliceevansviridae
v26709	36/39	84.17	Aliceevansviridae
v26711	15/30	46.51	Aliceevansviridae
v26722	3/5	39.23	Microviridae
v26727	6/8	56.72	Microviridae
v26729	2/4	61.25	Peduoviridae
v26733	14/198	37.74	Herelleviridae
v26738	2/9	32.30	Casjensviridae
v26744	13/152	41.47	Herelleviridae
v26749	7/18	32.99	Guelinviridae
v26758	4/7	37.77	Microviridae
v26761	17/69	48.73	Aliceevansviridae
v26763	3/14	33.97	Salasmaviridae
v26764	5/17	32.88	Guelinviridae
v26767	92/95	91.68	Suoliviridae
v26769	7/7	74.76	Microviridae
v26772	47/48	80.57	Aliceevansviridae
v26778	5/15	31.52	Guelinviridae
v26781	21/22	90.28	Guelinviridae
v26782	7/8	92.51	Microviridae
v26793	10/127	40.67	Herelleviridae
v26797	4/19	30.90	Guelinviridae
v26801	13/47	40.96	Autographiviridae
v26803	63/78	76.85	Steigviridae
v26808	5/6	54.14	Microviridae
v26813	11/49	47.48	Aliceevansviridae
v26816	7/20	37.77	Salasmaviridae
v26817	55/69	88.16	Autographiviridae
v26822	5/17	36.18	Guelinviridae
v26824	19/203	37.57	Suoliviridae
v26825	10/53	37.09	Peduoviridae
v26830	82/90	94.62	Crevaviridae
v26831	4/8	33.92	Microviridae
v26832	6/7	68.80	Microviridae
v26833	12/98	41.44	Aliceevansviridae
v26834	9/33	55.66	Aliceevansviridae
v26837	25/29	78.82	Aliceevansviridae
v26840	5/6	41.94	Microviridae
v26846	19/19	83.32	Guelinviridae
v26847	4/19	31.05	Guelinviridae
v26848	8/34	39.19	Aliceevansviridae
v26849	8/38	46.89	Herelleviridae
v26852	9/11	42.44	Guelinviridae
v26854	5/15	30.94	Salasmaviridae
v26855	12/195	40.13	Suoliviridae
v26856	5/6	69.16	Microviridae
v26857	4/6	37.52	Microviridae
v26858	7/8	61.37	Microviridae
v26870	4/20	32.38	Salasmaviridae
v26875	12/81	56.26	Autographiviridae
v26876	32/215	46.18	Steigviridae
v26881	47/54	78.26	Aliceevansviridae
v26883	53/58	88.52	Aliceevansviridae
v26889	10/71	41.83	Aliceevansviridae
v26896	28/49	47.16	Autographiviridae
v26897	4/13	34.00	Guelinviridae
v26917	5/7	55.22	Microviridae
v26920	7/19	43.07	Salasmaviridae
v26923	22/22	93.07	Guelinviridae
v26924	7/8	67.14	Microviridae
v26927	5/15	36.34	Guelinviridae
v26928	5/20	31.62	Salasmaviridae
v26931	10/49	47.04	Aliceevansviridae
v26932	5/19	32.24	Guelinviridae
v26941	3/10	47.20	Inoviridae
v26944	6/9	51.47	Microviridae
v26947	4/5	53.52	Microviridae
v26950	6/7	67.80	Microviridae
v26951	74/78	97.06	Zobellviridae
v26952	10/46	31.30	Winoviridae
v26959	6/6	84.30	Microviridae
v26963	11/105	48.83	Herelleviridae
v26966	14/121	33.18	Herelleviridae
v26968	4/8	47.15	Microviridae
v26969	5/23	34.08	Guelinviridae
v26985	27/45	60.19	Aliceevansviridae
v26986	10/41	43.00	Autographiviridae
v26994	5/8	49.06	Microviridae
v26995	6/29	37.33	Aliceevansviridae
v26996	4/4	40.48	Microviridae
v26997	5/5	79.34	Microviridae
v26998	2/7	30.15	Salasmaviridae
v26999	3/13	30.47	Guelinviridae
v27003	26/342	35.65	Kyanoviridae
v27007	10/82	42.70	Aliceevansviridae
v27010	3/14	42.90	Aliceevansviridae
v27012	13/49	37.41	Winoviridae
v27019	6/22	34.60	Salasmaviridae
v27020	6/8	50.45	Microviridae
v27023	8/9	80.97	Microviridae
v27027	7/20	57.19	Aliceevansviridae
v27035	5/8	62.48	Microviridae
v27036	5/18	35.46	Salasmaviridae
v27039	6/8	69.32	Microviridae
v27042	5/16	38.08	Salasmaviridae
v27048	5/16	30.28	Guelinviridae
v27053	23/46	47.90	Autographiviridae
v27056	29/218	41.01	Herelleviridae
v27057	6/19	33.77	Salasmaviridae
v27063	5/15	32.58	Guelinviridae
v27064	4/14	33.70	Guelinviridae
v27073	7/9	72.30	Microviridae
v27078	53/95	52.39	Suoliviridae
v27082	88/99	80.74	Suoliviridae
v27083	3/13	31.03	Guelinviridae
v27084	7/19	39.53	Salasmaviridae
v27085	24/232	47.60	Steigviridae
v27088	7/20	38.56	Salasmaviridae
v27093	19/53	54.63	Aliceevansviridae
v27094	9/9	57.26	Microviridae
v27095	5/7	42.16	Microviridae
v27106	6/19	33.47	Salasmaviridae
v27108	5/7	90.82	Microviridae
v27111	3/10	33.03	Salasmaviridae
v27118	12/47	35.85	Winoviridae
v27123	10/52	46.20	Aliceevansviridae
v27126	7/21	37.33	Salasmaviridae
v27127	4/19	30.25	Guelinviridae
v27130	28/28	89.99	Peduoviridae
v27132	8/9	56.38	Microviridae
v27133	7/9	66.19	Microviridae
v27134	4/18	32.92	Guelinviridae
v27135	6/22	34.17	Salasmaviridae
v27140	3/13	47.93	Aliceevansviridae
v27141	4/8	47.38	Microviridae
v27143	7/22	33.21	Salasmaviridae
v27144	14/140	36.94	Herelleviridae
v27147	3/12	33.30	Microviridae
v27151	5/21	33.62	Guelinviridae
v27152	10/119	30.31	Herelleviridae
v27156	6/26	37.28	Salasmaviridae
v27165	8/9	61.15	Microviridae
v27173	2/9	31.05	Guelinviridae
v27176	7/7	76.73	Microviridae
v27179	5/8	46.52	Microviridae
v27180	5/19	30.46	Guelinviridae
v27183	24/207	41.98	Steigviridae
v27185	7/20	36.69	Salasmaviridae
v27186	6/7	73.37	Microviridae
v27191	5/8	63.16	Microviridae
v27197	26/30	90.43	Peduoviridae
v27199	8/35	46.39	Aliceevansviridae
v27202	6/6	60.20	Microviridae
v27204	19/36	61.53	Aliceevansviridae
v27206	5/20	33.16	Salasmaviridae
v27207	7/18	37.56	Salasmaviridae
v27208	18/39	49.39	Aliceevansviridae
v27211	10/89	45.63	Aliceevansviridae
v27212	15/165	37.39	Herelleviridae
v27213	5/7	46.70	Microviridae
v27215	19/20	95.65	Guelinviridae
v27216	6/7	69.62	Microviridae
v27219	29/44	63.44	Aliceevansviridae
v27224	8/22	40.39	Salasmaviridae
v27226	4/13	34.17	Guelinviridae
v27231	5/20	33.64	Salasmaviridae
v27234	6/8	53.13	Microviridae
v27236	6/23	35.28	Salasmaviridae
v27242	5/6	67.96	Microviridae
v27243	7/8	57.01	Microviridae
v27245	12/24	41.57	Autographiviridae
v27250	31/34	92.98	Peduoviridae
v27251	6/8	65.67	Microviridae
v27257	4/12	32.73	Guelinviridae
v27259	7/7	85.86	Microviridae
v27262	7/8	79.39	Microviridae
v27266	6/20	38.42	Salasmaviridae
v27268	7/21	37.30	Guelinviridae
v27270	7/28	33.73	Salasmaviridae
v27272	4/12	34.27	Guelinviridae
v27275	3/6	38.03	Microviridae
v27277	6/21	34.35	Salasmaviridae
v27279	9/28	45.76	Aliceevansviridae
v27280	8/9	52.15	Microviridae
v27281	7/21	36.86	Salasmaviridae
v27282	6/7	70.52	Microviridae
v27285	7/20	31.14	Salasmaviridae
v27286	6/24	33.92	Duneviridae
v27296	7/9	78.87	Microviridae
v27299	12/59	34.77	Aliceevansviridae
v27301	15/187	38.95	Herelleviridae
v27303	5/21	33.40	Guelinviridae
v27304	4/17	34.27	Guelinviridae
v27305	6/17	37.72	Guelinviridae
v27306	7/9	64.07	Microviridae
v27307	10/134	47.70	Suoliviridae
v27308	7/8	59.29	Microviridae
v27313	5/15	32.52	Guelinviridae
v27314	17/51	46.73	Autographiviridae
v27315	4/18	31.45	Guelinviridae
v27318	4/8	36.23	Microviridae
v27328	36/233	47.46	Steigviridae
v27336	24/46	46.01	Autographiviridae
v27337	20/43	46.84	Autographiviridae
v27338	6/8	62.52	Microviridae
v27342	8/35	46.21	Drexlerviridae
v27343	5/5	88.66	Microviridae
v27347	7/15	42.21	Guelinviridae
v27349	5/13	41.88	Salasmaviridae
v27350	4/19	32.33	Salasmaviridae
v27354	11/64	39.72	Aliceevansviridae
v27357	3/6	33.97	Microviridae
v27358	5/21	32.16	Salasmaviridae
v27361	5/7	51.18	Microviridae
v27362	3/7	34.60	Microviridae
v27368	4/9	50.73	Microviridae
v27375	5/10	48.30	Microviridae
v27376	7/10	82.99	Microviridae
v27380	15/172	36.39	Herelleviridae
v27382	7/21	47.17	Aliceevansviridae
v27384	16/44	52.67	Aliceevansviridae
v27388	4/5	45.25	Microviridae
v27389	7/9	58.19	Microviridae
v27390	4/7	34.75	Microviridae
v27391	8/9	65.74	Microviridae
v27392	5/6	41.30	Microviridae
v27393	48/52	83.65	Aliceevansviridae
v27394	13/38	51.10	Aliceevansviridae
v27395	7/27	56.73	Aliceevansviridae
v27396	40/41	85.88	Aliceevansviridae
v27398	6/7	80.57	Microviridae
v27400	16/36	50.94	Aliceevansviridae
v27418	37/42	83.29	Peduoviridae
v27420	4/13	34.88	Guelinviridae
v27421	4/8	47.08	Microviridae
v27425	9/36	37.46	Aliceevansviridae
v27426	5/15	32.50	Guelinviridae
v27435	39/53	77.83	Aliceevansviridae
v27441	13/53	43.36	Aliceevansviridae
v27447	6/7	83.92	Microviridae
v27449	7/31	33.56	Peduoviridae
v27456	3/15	33.93	Guelinviridae
v27457	82/91	92.14	Crevaviridae
v27459	4/7	42.73	Microviridae
v27460	4/5	42.73	Microviridae
v27461	17/147	34.56	Herelleviridae
v27462	32/53	72.64	Peduoviridae
v27464	6/27	36.27	Casjensviridae
v27469	5/18	31.02	Salasmaviridae
v27479	6/30	32.23	Aliceevansviridae
v27495	10/79	40.49	Aliceevansviridae
v27497	4/7	33.83	Microviridae
v27501	6/8	60.57	Microviridae
v27506	10/58	34.27	Aliceevansviridae
v27507	10/23	55.43	Guelinviridae
v27508	3/12	30.23	Guelinviridae
v27513	18/197	48.11	Steigviridae
v27514	10/138	38.39	Herelleviridae
v27517	10/55	45.00	Aliceevansviridae
v27518	6/27	40.23	Aliceevansviridae
v27521	7/9	73.26	Microviridae
v27523	5/16	32.90	Guelinviridae
v27530	6/8	61.30	Microviridae
v27532	6/24	32.27	Guelinviridae
v27533	16/204	45.49	Herelleviridae
v27539	3/9	41.07	Microviridae
v27541	2/6	43.10	Microviridae
v27543	9/44	43.02	Aliceevansviridae
v27544	14/501	49.50	Steigviridae
v27547	6/8	53.22	Microviridae
v27550	7/8	75.49	Microviridae
v27556	6/18	34.15	Salasmaviridae
v27560	22/209	43.70	Steigviridae
v27564	14/88	41.61	Aliceevansviridae
v27569	6/9	58.33	Microviridae
v27570	12/53	39.55	Winoviridae
v27573	4/18	30.80	Guelinviridae
v27577	3/6	31.80	Microviridae
v27578	7/22	37.73	Salasmaviridae
v27590	9/9	57.39	Microviridae
v27593	7/7	83.53	Microviridae
v27596	7/7	81.96	Microviridae
v27601	12/43	47.10	Aliceevansviridae
v27606	8/9	73.14	Microviridae
v27611	10/63	42.94	Aliceevansviridae
v27618	17/205	39.17	Herelleviridae
v27630	6/27	30.28	Salasmaviridae
v27639	4/8	35.33	Microviridae
v27644	7/24	33.19	Salasmaviridae
v27649	7/8	74.14	Microviridae
v27651	7/7	76.86	Microviridae
v27661	4/6	45.50	Microviridae
v27664	10/62	45.01	Aliceevansviridae
v27671	14/173	37.41	Herelleviridae
v27672	4/5	38.62	Microviridae
v27673	3/5	32.47	Microviridae
v27674	4/8	46.83	Microviridae
v27675	3/8	35.13	Microviridae
v27687	7/18	34.46	Salasmaviridae
v27690	7/10	88.07	Microviridae
v27691	7/10	85.20	Microviridae
v27702	11/44	47.92	Aliceevansviridae
v27703	23/261	42.90	Herelleviridae
v27707	6/8	81.97	Microviridae
v27712	2/8	30.50	Microviridae
v27713	4/9	43.75	Microviridae
v27718	4/19	36.42	Guelinviridae
v27731	4/20	32.80	Guelinviridae
v27732	7/7	71.90	Microviridae
v27733	5/18	33.28	Guelinviridae
v27737	7/8	50.91	Microviridae
v27740	7/8	62.90	Microviridae
v27741	6/9	70.48	Microviridae
v27743	5/19	31.30	Salasmaviridae
v27746	7/25	33.36	Salasmaviridae
v27755	4/19	30.98	Guelinviridae
v27763	5/19	35.56	Salasmaviridae
v27768	5/17	32.66	Guelinviridae
v27772	14/71	53.02	Herelleviridae
v27776	33/173	49.43	Herelleviridae
v27783	5/18	32.42	Guelinviridae
v27787	40/50	93.05	Peduoviridae
v27791	7/25	34.71	Guelinviridae
v27793	7/7	71.66	Microviridae
v27796	4/12	34.20	Guelinviridae
v27801	2/7	30.35	Guelinviridae
v27802	3/8	39.40	Microviridae
v27804	8/34	45.89	Aliceevansviridae
v27805	2/5	31.30	Microviridae
v27812	8/8	53.09	Microviridae
v27813	7/8	61.09	Microviridae
v27817	9/40	48.02	Drexlerviridae
v27820	5/16	32.38	Guelinviridae
v27823	7/8	62.34	Microviridae
v27827	10/78	48.13	Aliceevansviridae
v27829	7/16	35.99	Salasmaviridae
v27831	5/16	32.72	Guelinviridae
v27835	6/6	75.40	Microviridae
v27842	12/63	39.47	Winoviridae
v27850	10/125	51.56	Aliceevansviridae
v27853	7/7	72.80	Microviridae
v27857	6/8	88.78	Microviridae
v27858	7/25	38.10	Salasmaviridae
v27863	10/56	36.98	Winoviridae
v27865	7/30	39.97	Aliceevansviridae
v27873	6/21	35.10	Salasmaviridae
v27874	10/54	46.00	Aliceevansviridae
v27876	6/9	83.88	Microviridae
v27896	4/9	41.73	Microviridae
v27897	4/7	39.95	Microviridae
v27908	7/7	77.14	Microviridae
v27916	88/92	91.27	Schitoviridae
v27917	16/54	55.81	Aliceevansviridae
v27923	35/59	57.23	Aliceevansviridae
v27924	23/53	63.04	Aliceevansviridae
v27925	31/59	63.85	Autographiviridae
v27926	33/35	84.54	Aliceevansviridae
v27928	9/26	55.80	Aliceevansviridae
v27933	4/18	31.48	Guelinviridae
v27939	5/20	54.16	Aliceevansviridae
v27941	41/55	73.12	Aliceevansviridae
v27942	5/20	33.48	Guelinviridae
v27943	3/12	43.80	Peduoviridae
v27945	28/33	89.99	Peduoviridae
v27947	27/56	52.20	Aliceevansviridae
v27958	33/115	48.95	Steigviridae
v27959	15/63	48.25	Aliceevansviridae
v27963	5/10	46.50	Microviridae
v27964	23/558	34.56	Straboviridae
v27967	5/7	39.66	Microviridae
v27969	5/8	44.10	Microviridae
v27970	30/234	48.56	Steigviridae
v27972	47/64	58.16	Intestiviridae
v27973	5/7	41.46	Microviridae
v27974	8/28	44.21	Aliceevansviridae
v27976	6/27	31.70	Salasmaviridae
v27984	5/16	32.26	Guelinviridae
v27985	11/162	36.00	Herelleviridae
v27986	4/8	42.83	Microviridae
v27988	11/142	45.80	Aliceevansviridae
v27993	8/10	55.02	Microviridae
v27999	6/8	51.65	Microviridae
v28000	57/64	87.79	Autographiviridae
v28004	3/6	35.07	Microviridae
v28005	6/6	80.47	Microviridae
v28014	7/9	76.47	Microviridae
v28015	5/20	50.36	Aliceevansviridae
v28016	12/122	39.87	Herelleviridae
v28019	24/209	46.75	Steigviridae
v28043	7/32	51.71	Aliceevansviridae
v28046	34/54	61.88	Aliceevansviridae
v28048	77/78	94.07	Casjensviridae
v28067	12/123	39.63	Herelleviridae
v28071	6/6	78.63	Microviridae
v28080	5/24	35.88	Salasmaviridae
v28081	11/137	41.92	Herelleviridae
v28087	49/57	87.37	Aliceevansviridae
v28091	6/18	42.07	Aliceevansviridae
v28093	23/57	56.32	Aliceevansviridae
v28104	108/116	90.01	Steigviridae
v28106	6/14	37.20	Salasmaviridae
v28109	11/65	37.12	Aliceevansviridae
v28110	14/101	44.94	Drexlerviridae
v28112	13/79	42.30	Aliceevansviridae
v28114	6/8	56.58	Microviridae
v28116	15/128	32.66	Herelleviridae
v28128	7/10	88.16	Microviridae
v28129	43/50	82.64	Aliceevansviridae
v28132	14/126	32.22	Herelleviridae
v28144	4/16	30.35	Guelinviridae
v28154	2/8	44.85	Peduoviridae
v28158	19/20	86.01	Aliceevansviridae
v28160	5/22	36.96	Salasmaviridae
v28165	20/222	45.78	Steigviridae
v28166	8/37	36.38	Peduoviridae
v28167	9/33	47.59	Aliceevansviridae
v28168	6/9	67.40	Microviridae
v28169	18/199	42.86	Steigviridae
v28170	20/146	47.77	Herelleviridae
v28180	4/9	56.40	Microviridae
v28181	19/21	94.47	Guelinviridae
v28183	4/16	30.95	Guelinviridae
v28186	10/82	55.29	Drexlerviridae
v28187	8/8	90.45	Microviridae
v28189	5/17	36.12	Guelinviridae
v28190	4/9	42.00	Microviridae
v28195	7/23	32.03	Salasmaviridae
v28197	6/18	38.60	Salasmaviridae
v28199	7/8	83.39	Microviridae
v28201	94/104	92.35	Steigviridae
v28205	10/52	47.99	Aliceevansviridae
v28206	7/7	79.49	Microviridae
v28213	24/223	37.62	Herelleviridae
v28215	6/10	48.17	Microviridae
v28216	26/27	98.43	Peduoviridae
v28219	7/8	61.30	Microviridae
v28221	58/73	86.19	Autographiviridae
v28226	29/56	62.56	Autographiviridae
v28232	15/162	36.33	Herelleviridae
v28233	33/254	32.73	Straboviridae
v28244	5/15	33.36	Salasmaviridae
v28245	5/8	44.10	Microviridae
v28246	44/46	94.63	Autographiviridae
v28247	7/8	85.60	Microviridae
v28249	12/60	34.49	Aliceevansviridae
v28252	7/10	82.03	Microviridae
v28253	8/10	85.47	Microviridae
v28255	8/23	37.67	Salasmaviridae
v28257	5/18	31.92	Guelinviridae
v28263	20/50	46.11	Autographiviridae
v28264	6/19	36.15	Salasmaviridae
v28265	11/63	39.40	Drexlerviridae
v28266	11/84	48.61	Drexlerviridae
v28267	8/9	88.11	Microviridae
v28268	7/7	73.11	Microviridae
v28269	7/7	79.87	Microviridae
v28271	7/9	62.31	Microviridae
v28276	6/7	96.70	Microviridae
v28277	6/6	82.12	Microviridae
v28278	5/6	51.08	Microviridae
v28284	12/93	42.98	Aliceevansviridae
v28288	7/9	61.23	Microviridae
v28289	10/125	32.53	Herelleviridae
v28291	6/8	74.63	Microviridae
v28294	5/19	32.64	Guelinviridae
v28295	5/7	41.18	Microviridae
v28297	7/8	83.31	Microviridae
v28298	6/6	78.68	Microviridae
v28302	17/223	39.56	Herelleviridae
v28318	21/23	93.24	Peduoviridae
v28320	57/101	44.15	Steigviridae
v28321	7/8	72.40	Microviridae
v28323	6/6	76.32	Microviridae
v28327	21/295	38.14	Herelleviridae
v28332	3/15	30.30	Guelinviridae
v28338	12/58	37.96	Aliceevansviridae
v28342	31/31	96.57	Autographiviridae
v28344	51/51	98.25	Autographiviridae
v28345	15/60	45.16	Peduoviridae
v28351	4/10	49.55	Inoviridae
v28354	7/8	61.41	Microviridae
v28359	8/8	61.05	Microviridae
v28366	7/7	74.23	Microviridae
v28372	50/50	97.25	Autographiviridae
v28373	18/88	48.87	Straboviridae
v28386	4/8	40.33	Microviridae
v28389	10/86	50.81	Schitoviridae
v28393	50/50	97.75	Autographiviridae
v28415	5/9	49.84	Microviridae
v28424	13/126	50.02	Drexlerviridae
v28433	22/91	37.85	Straboviridae
v28434	43/43	94.85	Autographiviridae
v28435	5/7	41.42	Microviridae
v28436	8/36	44.01	Aliceevansviridae
v28439	75/76	98.64	Drexlerviridae
v28442	45/91	45.51	Steigviridae
v28448	26/179	42.25	Herelleviridae
v28470	10/39	39.99	Aliceevansviridae
v28476	6/6	84.30	Microviridae
v28477	4/8	42.42	Microviridae
v28484	21/92	44.40	Straboviridae
v28487	2/8	32.00	Microviridae
v28490	10/115	34.97	Herelleviridae
v28494	2/7	31.35	Guelinviridae
v28495	31/34	98.80	Adenoviridae
v28500	5/8	46.72	Microviridae
v28503	6/20	40.02	Salasmaviridae
v28506	6/9	76.45	Microviridae
v28507	35/42	81.88	Peduoviridae
v28511	7/7	68.93	Microviridae
v28512	6/6	79.82	Microviridae
v28516	38/39	94.25	Suoliviridae
v28522	5/16	32.50	Guelinviridae
v28523	53/55	99.02	Autographiviridae
v28539	11/58	37.97	Aliceevansviridae
v28542	15/192	36.49	Herelleviridae
v28545	9/40	38.68	Aliceevansviridae
v28547	10/30	39.80	Salasmaviridae
v28552	3/8	34.33	Microviridae
v28553	10/33	44.20	Drexlerviridae
v28556	4/7	42.85	Microviridae
v28562	18/192	43.29	Steigviridae
v28564	7/8	61.27	Microviridae
v28566	6/22	33.95	Salasmaviridae
v28568	6/9	64.58	Microviridae
v28570	5/20	33.30	Salasmaviridae
v28571	9/15	53.41	Microviridae
v28572	10/90	50.10	Drexlerviridae
v28576	59/63	87.25	Aliceevansviridae
v28578	16/271	39.04	Herelleviridae
v28581	6/6	72.92	Microviridae
v28582	5/7	68.44	Microviridae
v28588	13/59	45.20	Aliceevansviridae
v28593	13/119	36.98	Herelleviridae
v28596	4/18	34.38	Guelinviridae
v28599	6/6	73.47	Microviridae
v28600	10/148	39.34	Steigviridae
v28601	3/7	41.33	Retroviridae
v28602	2/6	43.80	Retroviridae
v28603	11/118	34.45	Herelleviridae
v28605	1/5	57.20	Mitoviridae
v28607	7/7	79.46	Microviridae
v28608	7/7	76.94	Microviridae
v28612	8/9	58.35	Microviridae
v28613	5/7	55.74	Microviridae
v28618	4/20	31.80	Guelinviridae
v28622	7/8	90.76	Microviridae
v28623	4/8	43.70	Microviridae
v28624	47/57	70.72	Aliceevansviridae
v28630	7/7	80.23	Microviridae
v28632	7/34	60.29	Aliceevansviridae
v28637	1/2	37.00	Metaviridae
v28638	13/31	64.77	Aliceevansviridae
v28650	7/7	69.31	Microviridae
v28655	5/8	45.20	Microviridae
v28669	9/35	42.32	Aliceevansviridae
v28670	28/51	45.71	Autographiviridae
v28676	16/23	58.56	Guelinviridae
v28678	7/7	74.77	Microviridae
v28681	7/9	63.16	Microviridae
v28682	7/8	72.57	Microviridae
v28695	5/7	53.48	Microviridae
v28703	86/86	95.05	Schitoviridae
v28704	8/9	61.33	Microviridae
v28706	15/91	42.49	Herelleviridae
v28711	28/53	47.29	Autographiviridae
v28715	57/273	39.03	Kyanoviridae
v28726	13/130	33.72	Herelleviridae
v28734	15/66	46.35	Herelleviridae
v28741	8/31	41.19	Aliceevansviridae
v28754	7/25	33.71	Salasmaviridae
v28762	6/7	69.13	Microviridae
v28767	19/228	39.45	Herelleviridae
v28771	3/7	34.53	Microviridae
v28779	4/8	45.52	Microviridae
v28784	6/6	72.98	Microviridae
v28785	6/6	71.32	Microviridae
v28791	82/82	95.78	Drexlerviridae
v28796	7/8	90.54	Microviridae
v28797	2/7	31.75	Microviridae
v28798	5/9	47.18	Microviridae
v28805	5/5	77.58	Microviridae
v28806	18/48	54.12	Aliceevansviridae
v28809	5/8	54.62	Microviridae
v28820	19/177	37.59	Herelleviridae
v28822	16/223	37.88	Straboviridae
v28825	7/8	94.39	Microviridae
v28837	9/43	41.46	Aliceevansviridae
v28838	8/9	58.66	Microviridae
v28840	3/9	39.73	Microviridae
v28843	6/19	37.23	Salasmaviridae
v28848	5/16	32.68	Guelinviridae
v28850	14/42	46.99	Autographiviridae
v28851	7/8	77.13	Microviridae
v28852	10/97	45.15	Herelleviridae
v28853	4/9	43.15	Microviridae
v28854	7/7	72.74	Microviridae
v28860	36/64	62.51	Aliceevansviridae
v28864	13/110	41.02	Herelleviridae
v28865	10/92	45.12	Aliceevansviridae
v28868	10/55	44.53	Aliceevansviridae
v28874	11/143	36.40	Aliceevansviridae
v28880	2/10	34.65	Guelinviridae
v28886	21/23	89.14	Guelinviridae
v28888	13/74	36.32	Aliceevansviridae
v28897	13/178	41.90	Herelleviridae
v28898	52/52	96.28	Autographiviridae
v28899	6/8	50.75	Microviridae
v28905	7/7	82.20	Microviridae
v28913	49/49	96.97	Autographiviridae
v28917	6/8	59.58	Microviridae
v28918	9/9	60.90	Microviridae
v28920	3/7	39.73	Microviridae
v28924	13/70	37.96	Aliceevansviridae
v28925	8/9	61.16	Microviridae
v28926	7/8	85.36	Microviridae
v28927	5/10	47.54	Microviridae
v28930	6/22	33.92	Salasmaviridae
v28933	7/10	46.71	Microviridae
v28937	2/7	30.50	Guelinviridae
v28938	8/11	89.16	Microviridae
v28939	3/7	38.13	Microviridae
v28941	5/21	33.70	Salasmaviridae
v28942	7/16	34.49	Salasmaviridae
v28943	10/53	40.57	Aliceevansviridae
v28946	6/20	35.95	Salasmaviridae
v28948	6/7	77.17	Microviridae
v28950	7/7	77.71	Microviridae
v28956	5/21	34.24	Guelinviridae
v28958	6/8	66.48	Microviridae
v28959	5/8	46.88	Microviridae
v28961	6/7	91.57	Microviridae
v28962	4/8	43.85	Microviridae
v28963	51/51	98.21	Autographiviridae
v28967	8/9	60.40	Microviridae
v28969	7/21	33.77	Guelinviridae
v28971	6/6	78.15	Microviridae
v28975	7/8	94.29	Microviridae
v28976	7/7	77.56	Microviridae
v28977	7/8	60.39	Microviridae
v28979	53/53	98.84	Autographiviridae
v28982	6/6	78.18	Microviridae
v28983	83/83	97.65	Drexlerviridae
v28987	6/6	76.15	Microviridae
v28994	5/10	47.10	Microviridae
v28997	7/18	39.70	Salasmaviridae
v28998	7/9	66.90	Microviridae
v28999	5/19	33.54	Guelinviridae
v29000	4/17	30.38	Guelinviridae
v29003	22/45	44.93	Autographiviridae
v29004	4/9	48.48	Microviridae
v29005	5/10	46.70	Microviridae
v29009	5/24	34.20	Salasmaviridae
v29016	7/21	39.19	Salasmaviridae
v29018	5/5	86.78	Microviridae
v29020	2/10	31.30	Guelinviridae
v29026	3/15	33.27	Guelinviridae
v29032	7/21	32.63	Salasmaviridae
v29034	7/17	37.39	Guelinviridae
v29036	7/20	40.11	Salasmaviridae
v29037	7/7	70.83	Microviridae
v29038	19/68	45.58	Aliceevansviridae
v29040	4/6	41.00	Microviridae
v29048	12/206	43.27	Herelleviridae
v29049	11/25	42.05	Peduoviridae
v29055	9/41	48.68	Aliceevansviridae
v29059	7/8	93.53	Microviridae
v29060	7/8	73.67	Microviridae
v29073	8/24	34.81	Salasmaviridae
v29083	50/55	88.01	Aliceevansviridae
v29085	10/246	38.15	Herelleviridae
v29086	3/8	37.80	Microviridae
v29087	5/6	56.74	Microviridae
v29091	6/6	79.88	Microviridae
v29093	6/18	35.28	Salasmaviridae
v29094	93/99	91.25	Suoliviridae
v29098	6/23	37.47	Salasmaviridae
v29100	57/57	98.40	Autographiviridae
v29104	12/52	46.62	Aliceevansviridae
v29107	3/7	37.13	Microviridae
v29111	4/8	35.30	Microviridae
v29118	7/8	92.07	Microviridae
v29120	7/9	82.79	Microviridae
v29123	2/8	30.15	Microviridae
v29136	8/9	81.19	Microviridae
v29137	7/7	72.64	Microviridae
v29138	7/8	51.81	Microviridae
v29143	9/45	35.60	Winoviridae
v29146	15/48	44.04	Autographiviridae
v29147	7/7	72.86	Microviridae
v29152	8/9	90.16	Microviridae
v29154	5/7	55.42	Microviridae
v29156	3/14	32.87	Guelinviridae
v29158	4/16	30.62	Guelinviridae
v29162	5/21	32.42	Guelinviridae
v29163	7/9	79.44	Microviridae
v29165	6/7	52.38	Microviridae
v29169	82/87	90.48	Suoliviridae
v29175	80/92	80.94	Suoliviridae
v29178	19/197	38.79	Herelleviridae
v29182	11/65	46.31	Aliceevansviridae
v29185	6/20	37.55	Salasmaviridae
v29186	35/564	33.49	Straboviridae
v29188	14/102	39.97	Aliceevansviridae
v29189	5/24	32.72	Salasmaviridae
v29191	5/8	47.06	Microviridae
v29194	14/130	37.25	Herelleviridae
v29199	2/6	31.80	Microviridae
v29201	3/7	38.63	Microviridae
v29217	8/28	43.71	Guelinviridae
v29223	10/145	45.28	Suoliviridae
v29224	7/8	52.21	Microviridae
v29225	36/314	41.01	Herelleviridae
v29226	18/53	41.11	Autographiviridae
v29227	6/6	99.73	Papillomaviridae
v29229	10/75	34.98	Aliceevansviridae
v29231	83/102	72.11	Steigviridae
v29234	12/217	34.38	Straboviridae
v29235	3/4	33.97	Microviridae
v29236	3/5	36.20	Microviridae
v29253	44/76	53.48	Suoliviridae
v29255	7/7	85.41	Microviridae
v29256	15/211	39.27	Herelleviridae
v29259	5/9	44.76	Microviridae
v29260	4/17	42.00	Aliceevansviridae
v29262	55/61	88.62	Aliceevansviridae
v29263	24/173	41.26	Herelleviridae
v29268	15/95	38.03	Aliceevansviridae
v29269	96/105	91.45	Suoliviridae
v29272	71/86	75.44	Intestiviridae
v29273	6/6	76.28	Microviridae
v29277	10/64	44.01	Aliceevansviridae
v29284	7/7	79.13	Microviridae
v29289	4/8	37.52	Microviridae
v29290	4/9	45.17	Microviridae
v29291	7/7	79.46	Microviridae
v29293	6/6	88.63	Microviridae
v29296	10/56	36.93	Aliceevansviridae
v29299	4/7	38.55	Microviridae
v29304	13/318	39.85	Herelleviridae
v29308	5/16	32.70	Guelinviridae
v29310	5/16	32.98	Guelinviridae
v29315	92/112	73.91	Steigviridae
v29318	6/24	59.43	Aliceevansviridae
v29319	12/47	43.91	Aliceevansviridae
v29321	4/8	36.90	Microviridae
v29326	55/55	95.97	Autographiviridae
v29327	84/103	72.28	Steigviridae
v29329	6/8	78.22	Microviridae
v29340	96/108	85.83	Suoliviridae
v29342	16/252	35.23	Herelleviridae
v29348	11/95	49.09	Aliceevansviridae
v29350	5/7	34.98	Microviridae
v29351	7/8	50.70	Microviridae
v29354	6/8	51.15	Microviridae
v29359	5/22	33.86	Salasmaviridae
v29360	3/7	37.63	Microviridae
v29361	92/106	72.77	Steigviridae
v29362	66/76	84.27	Autographiviridae
v29369	4/6	33.55	Microviridae
v29370	3/15	32.07	Guelinviridae
v29371	4/19	35.10	Guelinviridae
v29372	7/8	60.84	Microviridae
v29375	5/8	71.00	Microviridae
v29376	4/8	43.33	Microviridae
v29378	14/107	37.82	Herelleviridae
v29380	13/159	38.82	Herelleviridae
v29381	4/17	31.38	Guelinviridae
v29389	5/25	30.58	Salasmaviridae
v29392	45/54	73.12	Suoliviridae
v29399	3/12	33.30	Guelinviridae
v29401	6/8	76.17	Microviridae
v29406	4/16	31.00	Guelinviridae
v29408	38/45	96.94	Peduoviridae
v29413	4/16	31.00	Guelinviridae
v29417	11/50	49.97	Herelleviridae
v29418	6/7	74.53	Microviridae
v29422	11/58	48.50	Aliceevansviridae
v29423	6/6	84.93	Papillomaviridae
v29424	8/9	85.50	Microviridae
v29425	4/18	33.23	Salasmaviridae
v29427	10/55	30.39	Winoviridae
v29428	7/23	37.77	Salasmaviridae
v29437	91/100	77.79	Suoliviridae
v29438	9/9	55.79	Microviridae
v29440	15/383	32.78	Straboviridae
v29451	3/12	35.07	Guelinviridae
v29461	7/23	37.91	Salasmaviridae
v29465	5/10	46.96	Microviridae
v29466	8/8	74.64	Microviridae
v29472	95/102	92.56	Suoliviridae
v29482	48/48	98.42	Autographiviridae
v29488	12/147	47.97	Suoliviridae
v29494	4/16	30.80	Guelinviridae
v29495	18/27	56.99	Autographiviridae
v29499	4/9	40.67	Microviridae
v29504	77/78	98.05	Drexlerviridae
v29508	6/8	59.87	Microviridae
v29509	6/6	60.37	Microviridae
v29517	3/8	40.67	Microviridae
v29543	50/50	98.97	Autographiviridae
v29545	11/76	43.41	Aliceevansviridae
v29547	10/67	35.90	Aliceevansviridae
v29554	7/7	79.57	Microviridae
v29567	7/8	83.19	Microviridae
v29580	7/23	33.57	Salasmaviridae
v29596	6/7	51.80	Microviridae
v29598	5/8	47.82	Microviridae
v29605	4/20	30.23	Salasmaviridae
v29608	7/7	73.49	Microviridae
v29609	6/7	81.08	Microviridae
v29617	10/116	31.40	Herelleviridae
v29623	7/8	50.89	Microviridae
v29627	51/51	97.44	Autographiviridae
v29633	5/21	39.48	Aliceevansviridae
v29634	7/8	58.33	Microviridae
v29637	12/87	36.07	Winoviridae
v29655	4/7	45.20	Microviridae
v29658	45/46	74.84	Drexlerviridae
v29659	3/5	33.33	Microviridae
v29660	11/47	37.99	Peduoviridae
v29663	89/112	68.91	Steigviridae
v29664	4/16	30.95	Guelinviridae
v29670	11/78	50.68	Autographiviridae
v29679	7/9	63.44	Microviridae
v29682	11/86	43.01	Herelleviridae
v29685	4/18	30.90	Guelinviridae
v29694	3/14	31.03	Guelinviridae
v29695	10/145	42.76	Herelleviridae
v29712	9/9	57.11	Microviridae
v29715	5/9	46.04	Microviridae
v29720	5/5	48.06	Parvoviridae
v29721	7/20	38.11	Salasmaviridae
v29725	11/175	30.65	Herelleviridae
v29726	6/11	84.33	Microviridae
v29729	4/19	44.62	Aliceevansviridae
v29730	19/184	38.15	Herelleviridae
v29731	21/78	47.86	Aliceevansviridae
v29732	7/8	74.36	Microviridae
v29738	12/117	33.62	Herelleviridae
v29742	7/11	84.64	Microviridae
v29751	11/51	42.13	Winoviridae
v29752	11/22	84.70	Peduoviridae
v29757	7/8	80.59	Microviridae
v29763	3/13	30.37	Guelinviridae
v29767	14/367	34.34	Straboviridae
v29777	5/5	86.34	Microviridae
v29779	5/19	32.98	Guelinviridae
v29794	5/9	43.18	Microviridae
v29797	14/179	39.67	Herelleviridae
v29799	29/360	36.91	Kyanoviridae
v29802	10/199	41.57	Suoliviridae
v29807	7/32	39.43	Aliceevansviridae
v29811	94/94	96.14	Suoliviridae
v29835	8/9	65.30	Microviridae
v29846	17/156	30.40	Herelleviridae
v29848	30/195	49.81	Steigviridae
v29852	5/8	45.52	Microviridae
v29854	80/81	99.28	Drexlerviridae
v29858	7/8	82.34	Microviridae
v29859	82/89	91.88	Intestiviridae
v29861	21/144	39.81	Herelleviridae
v29864	14/111	40.99	Aliceevansviridae
v29870	4/20	30.80	Guelinviridae
v29881	7/8	84.03	Microviridae
v29897	4/7	44.83	Microviridae
v29899	5/20	33.16	Salasmaviridae
v29901	6/22	36.82	Salasmaviridae
v29904	6/6	84.12	Microviridae
v29908	11/34	39.80	Winoviridae
v29910	7/9	65.77	Microviridae
v29922	56/58	94.30	Autographiviridae
v29924	18/205	41.36	Herelleviridae
v29927	50/50	95.07	Autographiviridae
v29928	11/48	37.93	Winoviridae
v29936	6/8	91.08	Microviridae
v29937	25/35	51.87	Peduoviridae
v29938	12/45	50.53	Aliceevansviridae
v29949	10/11	60.15	Microviridae
v29951	2/10	36.50	Retroviridae
v29952	3/8	50.27	Retroviridae
v29955	2/8	46.90	Retroviridae
v29958	3/9	64.10	Retroviridae
v29962	7/9	51.09	Retroviridae
v29967	2/8	49.15	Retroviridae
v29968	5/14	55.70	Retroviridae
v29970	2/7	37.70	Retroviridae
v29973	3/15	51.07	Retroviridae
v29975	2/8	41.85	Retroviridae
v29979	2/10	43.30	Retroviridae
v29984	5/8	35.94	Retroviridae
v29985	1/5	37.30	Retroviridae
v29986	3/13	40.47	Retroviridae
v29987	4/13	36.70	Retroviridae
v29991	4/9	49.08	Retroviridae
v29992	2/4	53.95	Retroviridae
v29993	8/12	46.84	Retroviridae
v30000	4/12	42.30	Retroviridae
v30001	3/8	51.63	Retroviridae
v30004	3/15	42.27	Retroviridae
v30005	7/10	54.89	Retroviridae
v30006	3/10	42.53	Retroviridae
v30007	3/12	55.37	Retroviridae
v30009	4/12	56.80	Retroviridae
v30011	1/5	44.80	Retroviridae
v30013	2/6	46.95	Retroviridae
v30014	7/22	54.13	Retroviridae
v30016	4/19	42.35	Retroviridae
v30017	6/11	49.87	Retroviridae
v30018	4/13	49.38	Retroviridae
v30021	2/4	36.30	Retroviridae
v30024	4/11	48.83	Retroviridae
v30030	2/5	59.75	Retroviridae
v30036	4/9	40.12	Retroviridae
v30039	4/15	50.23	Retroviridae
v30041	4/20	38.27	Retroviridae
v30042	6/10	50.20	Retroviridae
v30046	2/8	46.85	Retroviridae
v30047	2/5	54.00	Retroviridae
v30051	3/11	51.30	Retroviridae
v30053	2/8	43.70	Retroviridae
v30060	5/14	52.62	Retroviridae
v30064	3/9	44.70	Retroviridae
v30066	5/14	39.42	Retroviridae
v30076	8/18	47.39	Retroviridae
v30080	6/21	48.13	Retroviridae
v30084	5/15	43.14	Retroviridae
v30087	5/11	59.32	Retroviridae
v30089	2/10	52.25	Retroviridae
v30090	2/10	49.75	Retroviridae
v30092	2/9	51.40	Retroviridae
v30094	6/14	44.37	Retroviridae
v30096	2/10	43.75	Retroviridae
v30098	4/8	44.92	Retroviridae
v30099	2/7	33.65	Retroviridae
v30100	3/5	51.20	Retroviridae
v30101	3/15	74.67	Retroviridae
v30106	4/11	53.60	Retroviridae
v30109	1/4	38.70	Retroviridae
v30114	2/7	44.45	Retroviridae
v30115	1/5	31.40	Retroviridae
v30117	4/10	55.27	Retroviridae
v30118	2/6	52.45	Retroviridae
v30120	2/10	36.20	Retroviridae
v30123	4/15	40.70	Retroviridae
v30124	2/10	36.15	Retroviridae
v30125	4/14	44.45	Retroviridae
v30129	4/12	40.50	Retroviridae
v30137	2/4	39.05	Retroviridae
v30138	8/13	56.50	Retroviridae
v30140	2/7	44.00	Retroviridae
v30142	1/3	32.00	Retroviridae
v30144	2/6	42.45	Retroviridae
v30150	3/11	44.27	Retroviridae
v30155	6/15	41.70	Retroviridae
v30156	4/14	53.27	Retroviridae
v30157	2/10	48.95	Retroviridae
v30166	3/13	52.40	Retroviridae
v30168	3/10	47.03	Retroviridae
v30169	2/2	42.05	Retroviridae
v30174	3/15	44.50	Retroviridae
v30177	3/9	40.50	Retroviridae
v30178	3/6	40.23	Retroviridae
v30179	2/10	50.40	Retroviridae
v30181	2/5	37.30	Retroviridae
v30182	6/10	48.18	Retroviridae
v30186	5/21	44.96	Retroviridae
v30189	3/7	51.37	Retroviridae
v30191	2/9	44.35	Retroviridae
v30194	3/8	42.40	Retroviridae
v30199	1/5	37.00	Retroviridae
v30207	3/13	45.80	Retroviridae
v30208	1/4	84.60	Straboviridae
v30216	4/18	54.48	Retroviridae
v30217	2/6	43.20	Retroviridae
v30218	3/10	33.53	Retroviridae
v30221	6/12	40.22	Retroviridae
v30225	1/4	42.00	Retroviridae
v30228	2/7	39.00	Retroviridae
v30229	3/10	41.80	Retroviridae
v30231	4/8	40.30	Retroviridae
v30233	1/4	48.20	Retroviridae
v30236	1/4	40.70	Retroviridae
v30248	2/5	53.55	Retroviridae
v30249	4/12	47.80	Retroviridae
v30251	2/5	51.25	Retroviridae
v30253	2/8	33.85	Retroviridae
v30254	1/5	41.70	Retroviridae
v30260	4/15	53.33	Retroviridae
v30261	6/11	51.37	Retroviridae
v30263	4/12	48.02	Retroviridae
v30265	1/3	59.50	Retroviridae
v30266	4/19	39.23	Retroviridae
v30268	3/9	61.57	Retroviridae
v30271	4/16	44.38	Retroviridae
v30272	10/19	49.97	Retroviridae
v30279	2/6	49.45	Retroviridae
v30281	2/6	48.30	Retroviridae
v30290	12/20	48.98	Rountreeviridae
v30291	35/38	95.71	Peduoviridae
v30297	5/23	33.42	Guelinviridae
v30299	7/21	37.07	Salasmaviridae
v30303	30/41	96.68	Peduoviridae
v30309	7/7	73.61	Microviridae
v30317	7/7	52.50	Microviridae
v30322	4/12	46.02	Retroviridae
v30323	2/6	42.10	Retroviridae
v30324	2/10	34.60	Retroviridae
v30326	3/6	47.13	Retroviridae
v30327	1/5	45.60	Retroviridae
v30329	2/8	44.10	Retroviridae
v30331	78/80	95.87	Schitoviridae
v30332	3/8	46.17	Retroviridae
v30334	3/12	56.73	Retroviridae
v30335	1/5	50.40	Retroviridae
v30336	2/9	53.35	Retroviridae
v30339	1/4	45.20	Retroviridae
v30341	4/7	44.75	Retroviridae
v30345	2/10	42.60	Retroviridae
v30346	4/10	49.10	Retroviridae
v30354	3/4	39.83	Retroviridae
v30355	2/5	43.95	Retroviridae
v30356	1/5	49.20	Retroviridae
v30360	4/15	39.70	Retroviridae
v30362	3/7	39.30	Retroviridae
v30365	3/14	41.83	Retroviridae
v30367	2/10	43.20	Retroviridae
v30369	2/9	42.95	Retroviridae
v30371	4/10	52.00	Retroviridae
v30373	4/11	52.05	Retroviridae
v30374	2/8	49.15	Retroviridae
v30375	5/14	38.96	Retroviridae
v30378	1/4	30.10	Retroviridae
v30380	2/8	48.25	Retroviridae
v30382	6/7	49.28	Retroviridae
v30385	2/10	42.65	Retroviridae
v30387	3/9	52.17	Retroviridae
v30389	5/9	40.12	Retroviridae
v30393	2/6	43.30	Retroviridae
v30394	3/13	44.57	Retroviridae
v30395	2/7	45.20	Retroviridae
v30398	6/25	53.82	Retroviridae
v30401	4/16	39.12	Retroviridae
v30403	2/5	51.70	Retroviridae
v30404	2/6	50.35	Retroviridae
v30405	5/8	42.46	Retroviridae
v30406	4/8	39.00	Retroviridae
v30407	2/10	53.85	Retroviridae
v30410	5/10	53.76	Retroviridae
v30411	6/18	49.68	Retroviridae
v30421	6/16	46.60	Retroviridae
v30422	4/8	37.38	Retroviridae
v30424	2/6	57.60	Retroviridae
v30427	3/8	42.80	Retroviridae
v30428	5/9	58.08	Retroviridae
v30429	2/7	45.40	Retroviridae
v30430	3/10	48.67	Retroviridae
v30433	4/9	53.38	Retroviridae
v30434	4/12	43.38	Retroviridae
v30436	2/9	36.95	Retroviridae
v30438	1/4	45.80	Retroviridae
v30441	2/8	42.70	Retroviridae
v30443	3/7	42.20	Retroviridae
v30446	3/12	49.07	Retroviridae
v30447	3/7	54.30	Retroviridae
v30449	6/10	45.12	Retroviridae
v30452	6/13	48.85	Retroviridae
v30453	2/5	45.75	Retroviridae
v30457	3/10	47.03	Retroviridae
v30459	2/9	41.80	Retroviridae
v30462	4/19	44.42	Retroviridae
v30463	3/8	51.43	Retroviridae
v30465	2/9	48.75	Retroviridae
v30466	2/10	47.20	Retroviridae
v30469	3/4	60.47	Retroviridae
v30470	2/7	49.90	Retroviridae
v30472	3/9	61.13	Retroviridae
v30477	2/5	42.45	Retroviridae
v30482	4/7	61.15	Retroviridae
v30483	6/16	48.68	Retroviridae
v30484	2/9	38.00	Retroviridae
v30488	6/14	44.73	Retroviridae
v30490	5/8	48.82	Retroviridae
v30491	3/8	41.90	Retroviridae
v30492	6/21	43.88	Retroviridae
v30499	12/72	39.45	Winoviridae
v30509	3/9	51.07	Retroviridae
v30511	2/7	40.70	Retroviridae
v30512	4/13	48.05	Retroviridae
v30518	2/6	43.60	Retroviridae
v30522	3/13	44.73	Retroviridae
v30523	7/13	44.29	Retroviridae
v30525	5/14	51.48	Retroviridae
v30527	1/4	44.60	Retroviridae
v30529	4/19	51.38	Retroviridae
v30532	2/9	46.30	Retroviridae
v30538	2/2	54.30	Retroviridae
v30542	7/10	49.76	Retroviridae
v30544	2/7	49.00	Retroviridae
v30546	2/5	52.30	Retroviridae
v30548	2/6	34.55	Retroviridae
v30550	6/13	50.80	Retroviridae
v30551	4/19	49.73	Retroviridae
v30553	2/6	42.45	Retroviridae
v30554	3/7	47.50	Retroviridae
v30555	2/4	48.55	Retroviridae
v30558	5/11	51.10	Retroviridae
v30559	3/10	42.23	Retroviridae
v30566	2/8	39.90	Retroviridae
v30567	4/10	50.85	Retroviridae
v30568	3/8	51.20	Retroviridae
v30572	10/24	44.34	Retroviridae
v30577	2/9	48.60	Retroviridae
v30580	1/1	63.30	Retroviridae
v30581	7/15	43.17	Retroviridae
v30584	2/5	46.45	Retroviridae
v30586	4/9	47.40	Retroviridae
v30592	10/20	44.67	Retroviridae
v30593	2/7	50.85	Retroviridae
v30594	2/9	37.40	Retroviridae
v30595	3/13	47.13	Retroviridae
v30596	1/5	32.30	Retroviridae
v30601	7/12	51.37	Retroviridae
v30602	4/13	47.48	Retroviridae
v30604	4/9	48.20	Retroviridae
v30606	6/10	50.02	Retroviridae
v30608	3/6	48.80	Retroviridae
v30611	6/17	58.73	Retroviridae
v30612	1/3	41.10	Retroviridae
v30613	4/9	38.05	Retroviridae
v30615	1/3	35.10	Retroviridae
v30617	1/3	58.40	Retroviridae
v30621	9/14	64.91	Retroviridae
v30622	3/14	38.70	Retroviridae
v30623	3/11	44.70	Retroviridae
v30624	2/8	57.05	Retroviridae
v30630	4/20	41.30	Retroviridae
v30631	1/5	39.70	Retroviridae
v30634	6/18	54.85	Retroviridae
v30636	4/13	54.00	Retroviridae
v30640	3/11	43.90	Retroviridae
v30645	2/6	42.45	Retroviridae
v30648	8/10	48.24	Retroviridae
v30655	2/7	46.30	Retroviridae
v30659	3/7	48.47	Retroviridae
v30662	3/4	44.10	Retroviridae
v30665	2/10	36.15	Retroviridae
v30671	1/5	37.70	Retroviridae
v30682	5/19	59.02	Retroviridae
v30683	4/8	41.20	Retroviridae
v30685	5/21	45.94	Retroviridae
v30686	5/18	49.64	Retroviridae
v30687	2/6	49.80	Retroviridae
v30688	1/4	44.90	Retroviridae
v30692	7/13	43.73	Retroviridae
v30695	2/9	54.35	Retroviridae
v30698	3/10	46.13	Retroviridae
v30701	3/8	40.40	Retroviridae
v30706	1/5	33.90	Retroviridae
v30708	2/9	59.95	Retroviridae
v30710	2/7	62.25	Retroviridae
v30711	4/9	51.40	Retroviridae
v30713	6/15	44.05	Retroviridae
v30714	2/4	44.00	Retroviridae
v30715	2/7	41.15	Retroviridae
v30717	4/16	47.12	Retroviridae
v30720	3/12	43.33	Retroviridae
v30721	3/14	40.23	Retroviridae
v30722	3/11	39.33	Retroviridae
v30723	2/7	46.55	Retroviridae
v30726	2/10	37.25	Retroviridae
v30734	6/9	47.43	Retroviridae
v30737	4/11	39.30	Retroviridae
v30741	5/10	44.66	Retroviridae
v30742	7/12	50.54	Retroviridae
v30743	3/9	48.37	Retroviridae
v30747	3/7	56.77	Retroviridae
v30749	2/8	59.65	Retroviridae
v30751	1/4	35.80	Retroviridae
v30752	6/13	44.00	Retroviridae
v30755	3/9	42.00	Retroviridae
v30757	7/14	51.06	Retroviridae
v30758	5/17	49.36	Retroviridae
v30760	5/20	47.74	Retroviridae
v30762	2/7	48.60	Retroviridae
v30767	1/3	51.90	Retroviridae
v30768	2/6	59.00	Retroviridae
v30773	7/15	53.77	Retroviridae
v30776	2/10	43.45	Retroviridae
v30779	4/20	38.27	Retroviridae
v30781	1/5	42.00	Bornaviridae
v30782	5/10	55.58	Retroviridae
v30783	3/10	41.43	Retroviridae
v30784	4/8	49.38	Retroviridae
v30785	5/15	47.04	Retroviridae
v30786	4/6	44.25	Retroviridae
v30787	4/15	48.48	Retroviridae
v30788	3/5	42.93	Retroviridae
v30789	2/6	47.20	Retroviridae
v30796	2/4	39.70	Retroviridae
v30797	4/18	44.00	Retroviridae
v30803	3/8	37.63	Retroviridae
v30804	2/8	38.50	Retroviridae
v30807	4/13	45.88	Retroviridae
v30813	4/15	40.77	Retroviridae
v30818	6/13	45.07	Retroviridae
v30819	1/4	30.10	Retroviridae
v30821	4/9	48.85	Retroviridae
v30823	4/11	51.58	Retroviridae
v30826	4/15	44.12	Retroviridae
v30827	3/9	52.77	Retroviridae
v30830	7/18	44.04	Retroviridae
v30834	4/15	50.23	Retroviridae
v30835	5/12	49.28	Retroviridae
v30837	7/13	51.13	Retroviridae
v30838	2/7	33.15	Retroviridae
v30839	5/6	52.58	Retroviridae
v30843	6/29	50.00	Aliceevansviridae
v30844	13/53	34.99	Winoviridae
v30855	13/123	35.49	Herelleviridae
v30862	22/24	97.97	Guelinviridae
v30875	6/11	45.70	Microviridae
v30881	10/10	61.04	Microviridae
v30894	8/9	85.53	Microviridae
v30899	6/22	55.82	Aliceevansviridae
v30905	86/89	91.19	Schitoviridae
v30907	78/78	98.32	Drexlerviridae
v30908	5/6	58.74	Microviridae
v30909	14/60	44.21	Peduoviridae
v30915	31/35	97.65	Peduoviridae
v30927	5/6	32.78	Microviridae
v30929	11/110	55.79	Peduoviridae
v30932	7/7	83.36	Microviridae
v30939	57/69	86.77	Autographiviridae
v30941	1/5	40.70	Retroviridae
v30943	1/4	45.50	Retroviridae
v30944	1/5	37.50	Retroviridae
v30946	3/9	56.13	Retroviridae
v30947	1/3	52.50	Retroviridae
v30949	2/9	50.10	Retroviridae
v30950	3/4	44.10	Retroviridae
v30954	2/6	43.60	Retroviridae
v30957	1/4	45.40	Retroviridae
v30960	11/58	62.42	Peduoviridae
v30961	3/11	35.97	Retroviridae
v30962	4/9	40.67	Retroviridae
v30963	5/8	57.16	Retroviridae
v30966	4/7	45.08	Retroviridae
v30967	4/9	48.55	Retroviridae
v30970	3/3	47.90	Retroviridae
v30972	6/9	40.87	Retroviridae
v30973	14/97	37.83	Aliceevansviridae
v30976	2/9	40.80	Casjensviridae
v30981	40/44	96.39	Peduoviridae
v30987	5/7	91.64	Microviridae
v30990	6/8	75.58	Microviridae
v31001	4/5	41.25	Retroviridae
v31002	6/18	45.07	Retroviridae
v31003	4/9	42.98	Retroviridae
v31004	7/13	51.69	Retroviridae
v31006	3/8	46.47	Retroviridae
v31010	4/20	42.23	Retroviridae
v31013	4/17	40.48	Retroviridae
v31018	3/7	47.23	Retroviridae
v31020	4/17	55.55	Retroviridae
v31021	5/12	48.26	Retroviridae
v31022	6/13	45.98	Retroviridae
v31023	7/7	44.30	Retroviridae
v31024	2/5	33.25	Retroviridae
v31025	10/28	49.06	Retroviridae
v31026	4/18	47.10	Retroviridae
v31032	3/10	42.07	Retroviridae
v31033	3/6	53.83	Retroviridae
v31036	3/10	40.17	Retroviridae
v31038	7/12	45.87	Retroviridae
v31039	7/16	48.86	Retroviridae
v31041	4/11	50.58	Retroviridae
v31042	4/8	43.65	Retroviridae
v31044	4/15	43.62	Retroviridae
v31045	5/10	48.46	Retroviridae
v31048	3/14	46.37	Retroviridae
v31062	5/14	44.94	Retroviridae
v31063	5/12	44.68	Retroviridae
v31064	3/8	62.47	Retroviridae
v31067	4/14	41.25	Retroviridae
v31074	3/13	45.83	Retroviridae
v31075	4/11	44.40	Retroviridae
v31076	3/7	46.50	Retroviridae
v31077	5/12	45.04	Retroviridae
v31079	3/9	39.23	Retroviridae
v31080	4/10	50.60	Retroviridae
v31081	2/9	36.65	Retroviridae
v31085	4/17	53.20	Retroviridae
v31089	3/12	45.13	Retroviridae
v31091	2/10	45.10	Retroviridae
v31094	3/9	43.50	Retroviridae
v31095	5/16	52.12	Retroviridae
v31098	4/15	57.25	Retroviridae
v31101	2/4	34.50	Retroviridae
v31103	3/9	41.40	Retroviridae
v31104	5/11	48.88	Retroviridae
v31105	1/4	40.20	Retroviridae
v31110	5/13	57.98	Retroviridae
v31115	5/18	44.86	Retroviridae
v31116	2/5	41.00	Retroviridae
v31118	3/7	54.47	Retroviridae
v31120	2/10	49.00	Retroviridae
v31121	2/10	51.00	Retroviridae
v31123	7/12	40.71	Retroviridae
v31136	4/12	48.25	Retroviridae
v31138	3/6	45.20	Retroviridae
v31140	2/8	39.75	Retroviridae
v31142	3/10	42.47	Retroviridae
v31143	4/18	53.42	Retroviridae
v31146	3/15	41.33	Retroviridae
v31149	3/11	45.57	Retroviridae
v31161	2/7	39.20	Retroviridae
v31167	2/10	43.70	Retroviridae
v31168	5/13	47.76	Retroviridae
v31171	4/10	45.67	Retroviridae
v31173	5/12	50.72	Retroviridae
v31174	8/28	46.52	Retroviridae
v31178	2/6	39.45	Retroviridae
v31182	4/8	54.85	Retroviridae
v31183	1/4	51.20	Retroviridae
v31185	2/7	39.45	Retroviridae
v31189	1/5	43.00	Retroviridae
v31193	2/6	38.80	Retroviridae
v31194	3/13	46.57	Retroviridae
v31195	4/9	40.60	Retroviridae
v31196	4/12	45.40	Retroviridae
v31198	5/13	48.54	Retroviridae
v31199	3/12	46.93	Retroviridae
v31200	6/25	53.57	Retroviridae
v31201	4/6	50.75	Retroviridae
v31202	7/13	49.64	Retroviridae
v31204	3/14	81.63	Retroviridae
v31207	2/10	36.25	Retroviridae
v31208	2/10	32.80	Retroviridae
v31209	2/10	70.10	Retroviridae
v31210	2/8	34.50	Retroviridae
v31212	2/10	46.25	Retroviridae
v31217	4/16	45.65	Retroviridae
v31223	9/16	51.17	Retroviridae
v31228	4/13	51.45	Retroviridae
v31230	4/14	45.65	Retroviridae
v31233	5/10	48.78	Retroviridae
v31235	4/11	40.62	Retroviridae
v31237	7/19	54.10	Retroviridae
v31239	5/10	41.64	Retroviridae
v31245	3/9	55.67	Retroviridae
v31246	6/10	47.73	Retroviridae
v31251	4/5	44.42	Retroviridae
v31252	4/16	45.50	Retroviridae
v31253	2/7	41.95	Retroviridae
v31254	2/7	36.30	Retroviridae
v31259	5/11	53.42	Retroviridae
v31260	4/10	53.02	Retroviridae
v31268	6/13	50.45	Retroviridae
v31269	2/5	46.10	Retroviridae
v31271	4/12	44.58	Retroviridae
v31272	3/11	45.80	Retroviridae
v31277	3/14	38.80	Retroviridae
v31281	11/28	48.78	Retroviridae
v31284	5/18	49.50	Retroviridae
v31289	4/8	46.83	Retroviridae
v31290	5/10	45.74	Retroviridae
v31291	2/10	52.05	Retroviridae
v31293	4/15	52.92	Retroviridae
v31294	7/13	53.71	Retroviridae
v31298	7/15	43.11	Retroviridae
v31301	8/20	51.77	Retroviridae
v31306	6/14	58.35	Retroviridae
v31309	5/15	44.42	Retroviridae
v31313	3/9	53.47	Retroviridae
v31315	7/26	44.31	Retroviridae
v31317	2/8	44.60	Retroviridae
v31318	3/5	51.77	Retroviridae
v31326	6/13	46.92	Retroviridae
v31329	4/11	39.75	Retroviridae
v31330	3/11	48.87	Retroviridae
v31335	2/10	38.80	Retroviridae
v31337	2/6	47.95	Retroviridae
v31338	2/9	38.45	Retroviridae
v31347	3/7	40.63	Retroviridae
v31351	2/7	32.60	Retroviridae
v31353	2/10	42.35	Retroviridae
v31354	2/4	40.95	Retroviridae
v31356	1/5	51.90	Retroviridae
v31357	2/7	45.80	Retroviridae
v31359	3/11	45.13	Retroviridae
v31365	1/4	42.00	Retroviridae
v31367	7/11	50.54	Retroviridae
v31369	1/2	70.90	Retroviridae
v31370	4/10	49.55	Retroviridae
v31373	1/5	34.70	Retroviridae
v31374	4/10	50.55	Retroviridae
v31375	2/8	42.25	Retroviridae
v31380	4/17	44.95	Retroviridae
v31386	4/15	42.67	Retroviridae
v31387	7/21	55.61	Retroviridae
v31389	3/13	46.53	Retroviridae
v31390	3/10	40.07	Retroviridae
v31391	1/5	68.50	Retroviridae
v31394	4/15	73.25	Retroviridae
v31398	2/6	46.00	Retroviridae
v31400	4/11	40.50	Retroviridae
v31406	1/5	36.60	Retroviridae
v31409	3/8	44.97	Retroviridae
v31412	3/3	49.90	Retroviridae
v31413	4/11	40.02	Retroviridae
v31416	2/10	44.00	Retroviridae
v31417	2/6	33.40	Retroviridae
v31418	4/8	41.42	Retroviridae
v31421	1/4	40.30	Retroviridae
v31422	5/24	35.40	Retroviridae
v31427	6/17	50.23	Retroviridae
v31428	4/17	50.52	Retroviridae
v31430	1/5	34.20	Retroviridae
v31432	3/15	46.47	Retroviridae
v31435	4/17	45.58	Retroviridae
v31437	2/10	46.35	Retroviridae
v31443	2/9	51.75	Retroviridae
v31444	4/16	45.55	Retroviridae
v31446	8/40	49.29	Retroviridae
v31447	4/11	52.00	Retroviridae
v31449	5/19	41.12	Retroviridae
v31453	5/18	51.48	Retroviridae
v31454	2/10	34.40	Retroviridae
v31456	3/6	49.90	Retroviridae
v31457	5/9	54.32	Retroviridae
v31461	4/16	52.50	Retroviridae
v31462	2/4	33.25	Retroviridae
v31464	2/10	45.75	Retroviridae
v31465	2/9	33.70	Retroviridae
v31468	3/9	52.80	Retroviridae
v31470	4/8	51.40	Retroviridae
v31471	2/10	47.30	Retroviridae
v31472	3/15	54.30	Retroviridae
v31473	2/7	37.05	Retroviridae
v31475	2/9	52.95	Retroviridae
v31476	5/7	45.68	Retroviridae
v31477	5/12	50.64	Retroviridae
v31478	11/16	50.69	Retroviridae
v31481	2/8	41.60	Retroviridae
v31483	2/4	44.95	Retroviridae
v31486	2/9	30.00	Retroviridae
v31487	4/20	49.75	Retroviridae
v31491	2/9	52.55	Retroviridae
v31493	3/14	52.93	Retroviridae
v31496	4/7	41.33	Retroviridae
v31501	2/10	36.10	Retroviridae
v31508	5/19	45.14	Retroviridae
v31509	4/10	36.67	Retroviridae
v31510	3/13	39.03	Retroviridae
v31511	4/20	46.25	Retroviridae
v31512	3/9	42.67	Retroviridae
v31515	4/19	41.38	Retroviridae
v31516	2/9	45.75	Retroviridae
v31520	2/10	39.95	Retroviridae
v31521	10/17	58.39	Retroviridae
v31522	2/6	46.10	Retroviridae
v31523	2/7	50.65	Retroviridae
v31525	3/9	43.17	Retroviridae
v31527	3/14	40.63	Retroviridae
v31531	5/22	48.52	Retroviridae
v31532	2/7	35.30	Retroviridae
v31534	4/5	44.25	Retroviridae
v31535	2/7	52.60	Retroviridae
v31542	2/9	63.10	Retroviridae
v31547	5/18	57.50	Retroviridae
v31548	5/11	42.96	Retroviridae
v31549	2/7	32.30	Retroviridae
v31550	2/9	43.50	Retroviridae
v31553	2/10	47.85	Retroviridae
v31557	3/10	51.33	Retroviridae
v31558	3/5	37.70	Retroviridae
v31559	6/8	45.20	Retroviridae
v31560	2/7	48.85	Retroviridae
v31561	3/9	52.57	Retroviridae
v31565	5/19	50.42	Retroviridae
v31566	2/10	48.00	Retroviridae
v31567	1/5	39.80	Retroviridae
v31569	4/15	56.05	Retroviridae
v31571	2/7	30.80	Retroviridae
v31581	2/10	31.15	Retroviridae
v31582	5/7	53.08	Retroviridae
v31584	3/11	45.93	Retroviridae
v31585	5/9	50.14	Retroviridae
v31586	2/8	48.00	Retroviridae
v31587	2/7	43.20	Retroviridae
v31591	3/13	57.57	Retroviridae
v31593	2/7	33.15	Retroviridae
v31597	3/9	42.97	Retroviridae
v31598	5/8	50.84	Retroviridae
v31600	2/7	54.40	Retroviridae
v31609	2/9	42.30	Retroviridae
v31612	2/10	37.10	Retroviridae
v31613	1/5	70.00	Straboviridae
v31614	5/15	51.42	Retroviridae
v31615	2/4	49.25	Retroviridae
v31620	2/5	43.80	Retroviridae
v31622	5/19	42.82	Retroviridae
v31624	5/9	51.22	Retroviridae
v31627	3/8	38.63	Retroviridae
v31630	3/6	48.43	Retroviridae
v31631	5/7	46.28	Retroviridae
v31635	1/3	63.90	Retroviridae
v31640	3/12	40.97	Retroviridae
v31644	4/13	47.30	Retroviridae
v31648	4/6	48.45	Retroviridae
v31653	3/7	32.97	Retroviridae
v31654	3/8	56.77	Retroviridae
v31655	4/13	41.90	Retroviridae
v31659	5/20	55.60	Retroviridae
v31664	5/9	56.72	Retroviridae
v31666	5/14	49.56	Retroviridae
v31669	4/10	40.95	Retroviridae
v31671	3/14	40.27	Retroviridae
v31675	4/12	43.70	Retroviridae
v31678	6/20	45.70	Retroviridae
v31679	3/10	50.93	Retroviridae
v31681	6/8	46.33	Retroviridae
v31682	5/19	49.50	Retroviridae
v31686	2/8	91.20	Retroviridae
v31688	2/7	47.30	Retroviridae
v31695	4/13	48.05	Retroviridae
v31696	3/9	44.10	Retroviridae
v31697	5/12	83.02	Retroviridae
v31699	5/13	39.90	Retroviridae
v31700	4/12	49.77	Retroviridae
v31702	1/5	53.50	Retroviridae
v31705	2/5	55.50	Retroviridae
v31708	4/12	43.38	Retroviridae
v31718	4/9	49.38	Retroviridae
v31722	2/9	32.40	Retroviridae
v31723	3/8	56.03	Retroviridae
v31727	3/8	48.97	Retroviridae
v31728	3/13	47.30	Retroviridae
v31729	1/5	36.80	Retroviridae
v31730	8/8	52.60	Retroviridae
v31733	25/173	38.46	Herelleviridae
v31740	17/20	57.55	Guelinviridae
v31747	7/17	36.44	Salasmaviridae
v31748	3/8	38.87	Microviridae
v31749	12/80	42.66	Aliceevansviridae
v31750	4/12	33.80	Guelinviridae
v31753	3/8	38.73	Microviridae
v31754	11/52	46.22	Aliceevansviridae
v31755	6/7	84.08	Microviridae
v31758	6/9	50.55	Microviridae
v31762	3/9	47.10	Aliceevansviridae
v31765	30/61	60.29	Autographiviridae
v31766	6/7	75.43	Microviridae
v31772	6/7	62.72	Microviridae
v31773	5/9	48.34	Microviridae
v31776	5/24	30.44	Salasmaviridae
v31777	7/26	35.71	Guelinviridae
v31783	7/9	86.91	Microviridae
v31784	5/8	46.64	Microviridae
v31789	7/9	71.01	Microviridae
v31796	6/6	77.98	Microviridae
v31799	5/8	41.40	Microviridae
v31805	26/243	44.42	Steigviridae
v31807	10/50	34.91	Winoviridae
v31813	3/8	38.97	Microviridae
v31814	5/8	46.52	Microviridae
v31819	3/11	30.27	Guelinviridae
v31820	7/7	80.76	Microviridae
v31822	4/7	42.70	Microviridae
v31823	6/8	45.90	Microviridae
v31824	7/7	85.34	Microviridae
v31827	5/20	34.36	Salasmaviridae
v31831	4/10	60.80	Microviridae
v31832	7/7	60.14	Microviridae
v31834	3/9	38.47	Microviridae
v31837	27/168	40.51	Herelleviridae
v31838	8/10	59.02	Microviridae
v31841	8/8	86.58	Microviridae
v31843	5/9	49.32	Microviridae
v31845	6/8	69.58	Microviridae
v31849	6/8	69.38	Microviridae
v31852	7/17	37.16	Salasmaviridae
v31853	12/146	41.35	Suoliviridae
v31854	6/6	76.93	Microviridae
v31855	7/22	32.19	Salasmaviridae
v31858	7/7	74.17	Microviridae
v31862	6/25	40.73	Salasmaviridae
v31864	11/99	42.30	Suoliviridae
v31869	13/193	38.32	Herelleviridae
v31870	27/320	37.27	Herelleviridae
v31875	6/6	62.05	Microviridae
v31876	50/85	46.45	Intestiviridae
v31878	11/120	44.68	Herelleviridae
v31883	24/322	36.94	Herelleviridae
v31886	14/198	42.85	Herelleviridae
v31888	6/6	65.93	Microviridae
v31894	6/6	82.62	Microviridae
v31896	6/7	56.98	Microviridae
v31897	5/20	31.80	Salasmaviridae
v31903	4/4	64.22	Microviridae
v31913	4/19	30.30	Guelinviridae
v31921	5/14	33.38	Guelinviridae
v31927	8/9	60.12	Microviridae
v31934	10/181	36.17	Straboviridae
v31937	5/6	54.28	Microviridae
v31941	24/211	47.45	Steigviridae
v31943	11/136	46.48	Aliceevansviridae
v31945	6/8	83.35	Microviridae
v31946	8/9	60.34	Microviridae
v31947	7/7	76.19	Microviridae
v31948	6/19	34.30	Salasmaviridae
v31951	5/6	48.96	Microviridae
v31953	10/10	59.12	Microviridae
v31960	77/90	77.48	Suoliviridae
v31963	4/8	45.25	Microviridae
v31967	5/17	32.62	Guelinviridae
v31968	4/18	32.48	Guelinviridae
v31970	4/9	58.58	Microviridae
v31971	13/396	38.87	Herelleviridae
v31972	1/5	33.10	Microviridae
v31975	11/122	41.52	Herelleviridae
v31981	6/6	84.52	Microviridae
v31984	51/51	98.57	Autographiviridae
v31987	10/87	37.62	Aliceevansviridae
v31988	10/94	46.58	Suoliviridae
v31989	2/4	36.45	Microviridae
v31990	5/5	53.86	Microviridae
v31992	17/255	37.81	Herelleviridae
v31993	6/18	38.42	Salasmaviridae
v31996	6/9	81.83	Microviridae
v32000	2/8	32.20	Salasmaviridae
v32011	7/8	95.50	Microviridae
v32014	77/77	97.31	Drexlerviridae
v32015	13/137	48.28	Suoliviridae
v32018	6/6	82.72	Microviridae
v32022	4/9	49.60	Microviridae
v32027	7/21	37.24	Salasmaviridae
v32030	6/6	86.42	Microviridae
v32031	5/21	34.06	Salasmaviridae
v32033	7/23	38.63	Salasmaviridae
v32035	3/8	40.73	Microviridae
v32036	4/16	32.27	Guelinviridae
v32039	6/13	37.18	Salasmaviridae
v32045	3/8	37.77	Microviridae
v32047	32/55	52.41	Peduoviridae
v32054	9/9	60.66	Microviridae
v32056	11/114	41.75	Herelleviridae
v32062	17/21	56.10	Peduoviridae
v32065	84/86	88.98	Intestiviridae
v32068	47/53	83.23	Aliceevansviridae
v32070	11/28	45.21	Autographiviridae
v32074	11/31	57.31	Aliceevansviridae
v32076	6/8	56.62	Microviridae
v32082	5/6	55.60	Microviridae
v32088	7/23	35.81	Salasmaviridae
v32099	19/132	41.51	Herelleviridae
v32104	19/224	37.97	Herelleviridae
v32105	51/51	98.76	Autographiviridae
v32109	13/78	54.70	Aliceevansviridae
v32111	5/6	42.66	Microviridae
v32113	7/7	82.76	Microviridae
v32115	30/36	79.46	Aliceevansviridae
v32116	5/10	47.06	Microviridae
v32118	22/29	65.87	Aliceevansviridae
v32122	5/24	34.78	Guelinviridae
v32130	48/52	80.23	Aliceevansviridae
v32131	17/224	40.37	Herelleviridae
v32139	10/36	40.24	Aliceevansviridae
v32144	77/77	97.56	Drexlerviridae
v32145	47/58	88.13	Aliceevansviridae
v32152	51/51	98.50	Autographiviridae
v32154	7/24	41.86	Aliceevansviridae
v32158	16/241	40.70	Herelleviridae
v32160	21/59	59.69	Aliceevansviridae
v32166	21/227	38.21	Herelleviridae
v32173	17/45	52.24	Aliceevansviridae
v32178	17/19	90.32	Aliceevansviridae
v32180	49/55	88.12	Aliceevansviridae
v32184	4/4	42.45	Microviridae
v32188	4/17	50.02	Mitoviridae
v32189	20/41	53.14	Aliceevansviridae
v32191	19/64	47.57	Aliceevansviridae
v32193	30/49	70.49	Aliceevansviridae
v32198	17/64	47.80	Aliceevansviridae
v32199	14/38	40.82	Aliceevansviridae
v32200	5/24	36.90	Aliceevansviridae
v32202	12/35	47.46	Aliceevansviridae
v32203	7/34	48.51	Aliceevansviridae
v32205	13/41	51.92	Autographiviridae
v32206	80/81	95.00	Drexlerviridae
v32207	44/83	54.61	Suoliviridae
v32208	56/56	98.11	Autographiviridae
v32209	7/8	55.13	Microviridae
v32210	11/56	43.19	Aliceevansviridae
v32211	7/31	46.33	Aliceevansviridae
v32213	38/71	56.97	Aliceevansviridae
v32214	16/48	46.05	Autographiviridae
v32215	22/47	48.96	Aliceevansviridae
v32218	6/8	83.57	Microviridae
v32223	7/27	39.93	Aliceevansviridae
v32230	21/56	53.91	Aliceevansviridae
v32236	13/67	42.00	Aliceevansviridae
v32237	7/9	62.44	Microviridae
v32241	7/7	69.90	Microviridae
v32244	31/34	79.70	Aliceevansviridae
v32245	24/31	65.03	Peduoviridae
v32247	27/51	53.62	Aliceevansviridae
v32248	51/51	99.32	Autographiviridae
v32251	10/48	44.05	Aliceevansviridae
v32255	85/89	93.56	Schitoviridae
v32259	6/7	59.47	Microviridae
v32265	10/77	35.31	Peduoviridae
v32267	46/53	69.58	Aliceevansviridae
v32270	23/35	65.08	Aliceevansviridae
v32273	17/54	51.23	Aliceevansviridae
v32275	18/42	52.78	Aliceevansviridae
v32278	6/6	79.17	Microviridae
v32282	25/27	74.54	Rountreeviridae
v32283	30/51	61.36	Aliceevansviridae
v32285	42/53	73.55	Aliceevansviridae
v32286	57/62	84.17	Aliceevansviridae
v32287	7/25	48.31	Aliceevansviridae
v32300	10/118	39.05	Herelleviridae
v32304	34/54	70.20	Aliceevansviridae
v32306	23/54	55.73	Aliceevansviridae
v32310	5/21	53.40	Aliceevansviridae
v32317	13/51	43.71	Aliceevansviridae
v32320	7/33	43.60	Aliceevansviridae
v32322	6/7	73.93	Microviridae
v32323	6/6	73.12	Microviridae
v32324	39/61	60.57	Aliceevansviridae
v32326	11/51	43.23	Aliceevansviridae
v32331	54/60	85.32	Aliceevansviridae
v32332	7/27	57.99	Aliceevansviridae
v32336	22/70	36.50	Casjensviridae
v32341	60/61	96.15	Autographiviridae
v32348	51/51	96.87	Autographiviridae
v32349	11/48	44.08	Aliceevansviridae
v32351	5/16	32.42	Guelinviridae
v32352	12/51	44.12	Aliceevansviridae
v32355	53/57	86.30	Aliceevansviridae
v32359	15/45	55.63	Aliceevansviridae
v32360	19/42	56.48	Aliceevansviridae
v32363	7/8	75.94	Microviridae
v32365	7/7	83.27	Microviridae
v32386	22/142	43.50	Steigviridae
v32389	8/12	58.21	Microviridae
v32397	6/8	69.58	Microviridae
v32398	92/98	91.86	Suoliviridae
v32400	7/8	95.93	Microviridae
v32401	7/8	64.07	Microviridae
v32403	7/10	60.21	Microviridae
v32405	10/205	36.21	Herelleviridae
v32406	10/60	47.99	Suoliviridae
v32407	56/57	97.55	Autographiviridae
v32411	34/34	99.26	Autographiviridae
v32414	16/99	35.46	Herelleviridae
v32417	4/8	39.38	Microviridae
v32422	6/8	75.37	Microviridae
v32424	2/8	31.15	Microviridae
v32426	10/72	39.07	Herelleviridae
v32428	5/8	46.34	Microviridae
v32432	11/34	42.29	Aliceevansviridae
v32434	12/98	45.18	Drexlerviridae
v32437	6/28	34.17	Aliceevansviridae
v32441	12/135	47.83	Suoliviridae
v32447	10/191	38.52	Herelleviridae
v32459	5/7	38.64	Microviridae
v32465	6/23	37.53	Salasmaviridae
v32471	56/72	85.84	Autographiviridae
v32482	14/51	40.42	Autographiviridae
v32486	7/7	74.14	Microviridae
v32487	6/19	35.13	Salasmaviridae
v32492	5/24	32.26	Salasmaviridae
v32493	4/12	32.73	Guelinviridae
v32496	3/9	37.30	Microviridae
v32498	7/8	96.60	Microviridae
v32504	4/8	74.60	Microviridae
v32519	7/8	60.01	Microviridae
v32523	8/9	63.16	Microviridae
v32531	5/25	35.20	Salasmaviridae
v32538	2/10	33.75	Guelinviridae
v32539	50/93	45.25	Intestiviridae
v32541	71/96	63.40	Suoliviridae
v32542	12/131	31.93	Herelleviridae
v32543	5/10	49.84	Microviridae
v32548	11/80	41.70	Aliceevansviridae
v32552	11/52	43.06	Schitoviridae
v32554	7/8	83.09	Microviridae
v32557	7/9	70.10	Microviridae
v32570	6/8	49.57	Microviridae
v32571	10/89	42.39	Aliceevansviridae
v32573	5/18	32.82	Guelinviridae
v32577	10/73	44.31	Aliceevansviridae
v32584	13/197	38.47	Herelleviridae
v32586	7/20	38.56	Salasmaviridae
v32590	10/67	40.79	Drexlerviridae
v32591	48/48	97.01	Autographiviridae
v32600	7/8	95.33	Microviridae
v32603	10/56	40.76	Aliceevansviridae
v32604	94/100	78.75	Suoliviridae
v32610	6/9	93.95	Microviridae
v32615	17/24	89.35	Peduoviridae
v32618	5/9	41.78	Microviridae
v32623	5/25	36.02	Salasmaviridae
v32625	4/19	30.07	Guelinviridae
v32626	4/8	42.10	Microviridae
v32630	6/7	52.55	Microviridae
v32636	23/214	39.06	Herelleviridae
v32643	7/8	93.51	Microviridae
v32647	7/8	97.20	Microviridae
v32658	5/5	85.98	Microviridae
v32664	10/132	49.26	Aliceevansviridae
v32671	8/10	66.42	Microviridae
v32672	7/8	79.74	Microviridae
v32681	77/77	98.92	Drexlerviridae
v32684	6/6	87.37	Microviridae
v32704	7/21	38.36	Salasmaviridae
v32705	25/229	41.05	Herelleviridae
v32706	5/16	32.62	Guelinviridae
v32718	10/121	50.15	Steigviridae
v32730	2/4	80.25	Microviridae
v32731	12/65	39.54	Winoviridae
v32735	6/9	67.92	Microviridae
v32737	5/16	33.04	Guelinviridae
v32739	5/20	33.78	Guelinviridae
v32747	7/7	88.16	Microviridae
v32752	11/192	37.38	Suoliviridae
v32753	8/27	73.71	Peduoviridae
v32754	27/28	94.25	Autographiviridae
v32755	50/50	99.29	Autographiviridae
v32756	55/55	94.35	Autographiviridae
v32757	7/8	77.84	Microviridae
v32771	4/6	38.42	Microviridae
v32774	6/22	38.12	Salasmaviridae
v32777	11/59	46.51	Aliceevansviridae
v32778	11/28	38.21	Peduoviridae
v32782	6/6	72.97	Microviridae
v32783	7/10	85.54	Microviridae
v32785	8/9	66.26	Microviridae
v32786	4/16	30.93	Guelinviridae
v32790	15/188	37.31	Herelleviridae
v32793	6/9	80.63	Microviridae
v32800	12/202	35.93	Herelleviridae
v32802	6/8	59.65	Microviridae
v32806	7/7	75.60	Microviridae
v32812	6/22	36.15	Salasmaviridae
v32819	7/7	77.03	Microviridae
v32821	5/9	54.18	Microviridae
v32822	10/133	44.13	Aliceevansviridae
v32836	5/7	87.52	Microviridae
v32838	7/8	92.23	Microviridae
v32839	7/7	75.33	Microviridae
v32851	6/19	31.23	Guelinviridae
v32853	7/25	33.83	Salasmaviridae
v32859	7/9	68.13	Microviridae
v32860	6/20	34.67	Salasmaviridae
v32869	6/20	34.57	Guelinviridae
v32884	6/8	72.25	Microviridae
v32889	8/18	33.36	Salasmaviridae
v32894	5/7	65.82	Microviridae
v32898	6/22	38.02	Salasmaviridae
v32903	70/97	58.21	Suoliviridae
v32904	6/25	38.73	Aliceevansviridae
v32907	5/9	63.90	Microviridae
v32909	5/11	47.44	Microviridae
v32911	6/8	56.87	Microviridae
v32912	7/7	60.61	Microviridae
v32913	21/21	94.75	Peduoviridae
v32915	7/8	95.51	Microviridae
v32921	7/9	88.49	Microviridae
v32922	6/7	59.22	Microviridae
v32925	3/9	43.93	Microviridae
v32926	10/134	45.52	Suoliviridae
v32927	7/24	43.11	Guelinviridae
v32930	5/7	54.60	Microviridae
v32933	4/8	49.23	Microviridae
v32934	4/8	41.90	Microviridae
v32936	16/242	38.58	Herelleviridae
v32938	7/8	95.36	Microviridae
v32939	7/10	87.87	Microviridae
v32940	6/21	36.72	Guelinviridae
v32945	4/18	30.80	Guelinviridae
v32948	8/10	60.95	Microviridae
v32949	5/6	85.98	Microviridae
v32968	7/21	38.14	Salasmaviridae
v32973	6/14	32.92	Salasmaviridae
v32977	85/109	68.58	Steigviridae
v32979	12/61	35.48	Aliceevansviridae
v32980	3/14	31.43	Guelinviridae
v32984	7/8	73.37	Microviridae
v32996	4/20	32.85	Guelinviridae
v32998	8/9	52.49	Microviridae
v33001	12/142	47.17	Suoliviridae
v33003	11/171	40.71	Herelleviridae
v33004	3/8	37.53	Microviridae
v33012	23/126	42.68	Straboviridae
v33014	10/63	40.38	Drexlerviridae
v33015	18/93	55.43	Herelleviridae
v33027	13/74	45.45	Drexlerviridae
v33029	75/79	90.08	Suoliviridae
v33033	5/21	35.84	Salasmaviridae
v33043	2/8	31.35	Microviridae
v33044	6/7	45.48	Microviridae
v33045	7/9	69.74	Microviridae
v33050	8/9	63.96	Microviridae
v33063	6/29	51.57	Aliceevansviridae
v33071	4/4	72.20	Microviridae
v33074	6/7	69.93	Microviridae
v33076	6/11	83.80	Microviridae
v33077	7/7	85.89	Microviridae
v33083	7/8	94.54	Microviridae
v33088	10/47	45.34	Aliceevansviridae
v33095	9/35	44.52	Anaerodiviridae
v33099	6/8	93.32	Microviridae
v33100	6/10	46.17	Microviridae
v33103	11/96	33.05	Herelleviridae
v33119	30/30	98.28	Autographiviridae
v33120	4/8	42.45	Microviridae
v33124	12/53	47.67	Aliceevansviridae
v33130	7/8	61.33	Microviridae
v33133	7/7	78.37	Microviridae
v33136	6/29	39.93	Aliceevansviridae
v33153	1/1	34.10	Metaviridae
v33157	4/7	42.90	Microviridae
v33170	4/4	67.22	Microviridae
v33172	8/9	59.64	Microviridae
v33174	5/15	32.36	Guelinviridae
v33177	1/1	83.30	Potyviridae
v33178	6/9	70.00	Microviridae
v33179	6/7	81.08	Microviridae
v33180	48/48	98.72	Autographiviridae
v33189	6/8	59.88	Microviridae
v33192	78/80	98.12	Drexlerviridae
v33194	40/42	79.83	Aliceevansviridae
v33196	7/19	42.61	Salasmaviridae
v33199	54/56	97.16	Autographiviridae
v33203	5/16	32.82	Guelinviridae
v33207	11/24	54.17	Guelinviridae
v33213	5/8	45.52	Microviridae
v33214	3/7	32.10	Microviridae
v33220	12/60	37.60	Winoviridae
v33231	7/7	86.46	Microviridae
v33236	6/20	33.68	Guelinviridae
v33239	14/59	36.02	Winoviridae
v33240	6/8	69.17	Microviridae
v33245	2/9	31.10	Guelinviridae
v33247	5/6	69.24	Microviridae
v33263	8/8	59.80	Microviridae
v33264	9/39	52.38	Aliceevansviridae
v33266	52/52	95.99	Autographiviridae
v33267	51/61	81.12	Aliceevansviridae
v33271	15/15	58.84	Guelinviridae
v33272	5/7	58.50	Microviridae
v33275	10/100	44.62	Suoliviridae
v33277	10/37	42.89	Winoviridae
v33281	5/16	32.34	Guelinviridae
v33283	10/35	37.73	Peduoviridae
v33296	6/27	42.48	Aliceevansviridae
v33297	10/49	42.85	Aliceevansviridae
v33303	2/7	30.05	Microviridae
v33305	11/27	37.49	Peduoviridae
v33311	1/2	33.90	Metaviridae
v33323	1/1	38.30	Metaviridae
v33326	25/144	39.05	Herelleviridae
v33329	2/6	43.65	Retroviridae
v33335	5/8	44.16	Microviridae
v33336	5/7	38.60	Microviridae
v33340	4/4	42.50	Microviridae
v33343	13/62	43.56	Aliceevansviridae
v33348	6/6	70.00	Microviridae
v33351	6/6	73.13	Microviridae
v33352	5/20	32.16	Salasmaviridae
v33353	15/25	57.27	Guelinviridae
v33355	8/11	88.24	Microviridae
v33385	95/103	86.77	Steigviridae
v33389	4/19	32.48	Guelinviridae
v33396	7/33	47.13	Aliceevansviridae
v33397	6/8	70.90	Microviridae
v33400	7/7	74.89	Microviridae
v33401	7/8	60.60	Microviridae
v33405	3/9	52.50	Microviridae
v33409	7/8	78.11	Microviridae
v33410	7/7	74.46	Microviridae
v33412	8/9	60.77	Microviridae
v33420	11/81	46.12	Drexlerviridae
v33422	4/16	32.50	Guelinviridae
v33424	5/15	33.22	Guelinviridae
v33426	27/55	46.77	Autographiviridae
v33437	7/8	58.96	Microviridae
v33438	6/9	85.72	Microviridae
v33441	5/24	30.82	Salasmaviridae
v33442	2/6	30.25	Microviridae
v33443	4/6	45.15	Microviridae
v33445	93/102	75.28	Suoliviridae
v33446	4/9	51.15	Microviridae
v33447	8/40	43.25	Aliceevansviridae
v33449	6/6	69.90	Microviridae
v33453	1/1	98.70	Potyviridae
v33456	1/2	88.30	Secoviridae
v33460	10/99	40.77	Aliceevansviridae
v33462	4/17	30.48	Guelinviridae
v33463	7/10	80.14	Microviridae
v33465	5/23	36.02	Salasmaviridae
v33472	5/11	33.92	Guelinviridae
v33477	8/10	88.45	Microviridae
v33478	6/7	51.32	Microviridae
v33486	7/8	94.46	Microviridae
v33491	5/22	32.76	Salasmaviridae
v33495	12/91	42.79	Aliceevansviridae
v33503	7/8	52.07	Microviridae
v33507	5/16	32.32	Guelinviridae
v33513	4/8	40.20	Microviridae
v33515	4/20	33.05	Salasmaviridae
v33518	7/8	80.06	Microviridae
v33520	7/19	37.01	Salasmaviridae
v33521	4/8	44.75	Microviridae
v33524	15/56	42.25	Aliceevansviridae
v33525	14/73	41.19	Aliceevansviridae
v33528	6/6	77.22	Microviridae
v33530	8/9	59.90	Microviridae
v33531	6/10	82.13	Microviridae
v33532	5/6	86.42	Microviridae
v33533	5/9	52.90	Microviridae
v33537	10/250	34.89	Herelleviridae
v33540	1/2	38.60	Metaviridae
v33550	11/55	39.29	Aliceevansviridae
v33551	7/18	43.76	Salasmaviridae
v33552	10/10	61.22	Microviridae
v33555	6/8	55.65	Microviridae
v33556	7/7	70.11	Microviridae
v33557	5/8	46.72	Microviridae
v33560	7/7	80.11	Microviridae
v33565	7/22	35.91	Salasmaviridae
v33567	7/20	39.51	Salasmaviridae
v33570	7/7	77.01	Microviridae
v33571	11/58	48.25	Aliceevansviridae
v33579	4/9	47.80	Microviridae
v33581	5/9	45.00	Microviridae
v33582	7/7	74.04	Microviridae
v33583	4/14	32.15	Guelinviridae
v33585	9/9	82.48	Microviridae
v33588	7/9	61.67	Microviridae
v33589	13/51	42.87	Aliceevansviridae
v33592	12/116	46.66	Suoliviridae
v33596	7/9	72.67	Microviridae
v33597	5/8	39.12	Microviridae
v33599	8/9	90.16	Microviridae
v33600	8/9	62.59	Microviridae
v33603	4/14	33.85	Guelinviridae
v33605	29/168	38.39	Herelleviridae
v33608	7/21	34.71	Salasmaviridae
v33612	7/7	79.01	Microviridae
v33613	7/10	93.11	Microviridae
v33617	7/8	64.59	Microviridae
v33622	3/9	38.63	Microviridae
v33625	10/132	44.41	Aliceevansviridae
v33627	7/8	60.67	Microviridae
v33630	12/117	41.71	Herelleviridae
v33634	13/491	43.35	Steigviridae
v33640	3/13	51.57	Inoviridae
v33643	5/6	40.04	Microviridae
v33646	6/10	51.82	Microviridae
v33647	7/23	38.40	Salasmaviridae
v33648	7/7	78.64	Microviridae
v33650	3/6	69.60	Microviridae
v33653	7/24	31.81	Salasmaviridae
v33660	6/20	37.90	Salasmaviridae
v33673	2/7	30.15	Guelinviridae
v33677	5/25	50.94	Aliceevansviridae
v33685	82/82	97.93	Drexlerviridae
v33689	7/7	81.00	Microviridae
v33690	5/9	46.72	Microviridae
v33695	4/8	42.20	Microviridae
v33696	6/29	49.90	Aliceevansviridae
v33710	3/9	36.23	Guelinviridae
v33711	4/6	36.88	Microviridae
v33723	5/7	48.10	Microviridae
v33727	8/8	87.88	Microviridae
v33730	7/9	80.21	Microviridae
v33734	3/7	39.70	Microviridae
v33740	7/23	32.04	Salasmaviridae
v33753	8/39	36.96	Aliceevansviridae
v33757	7/8	86.46	Microviridae
v33763	6/19	34.33	Salasmaviridae
v33778	8/9	67.41	Microviridae
v33779	6/6	60.95	Microviridae
v33782	6/24	36.35	Salasmaviridae
v33783	6/8	54.22	Microviridae
v33784	8/8	53.75	Microviridae
v33785	7/7	72.74	Microviridae
v33787	10/39	46.98	Aliceevansviridae
v33788	5/16	32.98	Guelinviridae
v33790	5/18	32.34	Guelinviridae
v33791	21/45	46.66	Autographiviridae
v33793	4/9	55.80	Microviridae
v33798	10/80	42.37	Drexlerviridae
v33801	5/15	33.38	Guelinviridae
v33802	5/16	32.72	Guelinviridae
v33804	93/103	88.60	Suoliviridae
v33812	4/17	30.80	Guelinviridae
v33813	6/9	64.17	Microviridae
v33817	7/8	76.54	Microviridae
v33820	17/189	44.70	Herelleviridae
v33822	7/8	61.83	Microviridae
v33823	10/57	46.13	Aliceevansviridae
v33824	14/148	35.32	Herelleviridae
v33825	22/255	35.65	Arenbergviridae
v33830	7/21	38.27	Salasmaviridae
v33833	7/7	76.41	Microviridae
v33834	84/96	86.87	Suoliviridae
v33835	4/13	33.80	Guelinviridae
v33840	3/7	31.50	Microviridae
v33851	6/13	67.55	Microviridae
v33853	14/117	36.26	Herelleviridae
v33859	6/8	61.33	Microviridae
v33870	10/10	58.77	Microviridae
v33871	4/8	42.45	Microviridae
v33873	7/7	75.59	Microviridae
v33875	7/9	59.23	Microviridae
v33876	4/20	33.05	Salasmaviridae
v33882	10/120	43.30	Herelleviridae
v33888	7/24	31.81	Salasmaviridae
v33889	5/6	53.18	Microviridae
v33892	7/7	80.80	Microviridae
v33893	7/7	73.81	Microviridae
v33896	7/7	69.43	Microviridae
v33898	7/7	77.11	Microviridae
v33902	6/20	36.33	Salasmaviridae
v33905	34/35	93.19	Peduoviridae
v33906	7/8	62.29	Microviridae
v33913	5/6	54.72	Microviridae
v33920	7/9	84.67	Microviridae
v33933	11/35	43.69	Aliceevansviridae
v33936	7/9	63.23	Microviridae
v33943	7/8	83.80	Microviridae
v33944	8/17	41.35	Guelinviridae
v33945	6/7	72.77	Microviridae
v33951	11/52	41.03	Aliceevansviridae
v33952	6/7	58.97	Microviridae
v33954	12/68	46.14	Aliceevansviridae
v33956	5/9	41.70	Microviridae
v33959	3/8	38.03	Microviridae
v33960	3/15	36.97	Guelinviridae
v33963	4/8	43.55	Microviridae
v33965	4/13	32.83	Guelinviridae
v33966	11/188	40.26	Herelleviridae
v33967	6/6	84.85	Microviridae
v33969	6/7	83.32	Microviridae
v33970	5/6	45.14	Microviridae
v33971	4/7	36.40	Microviridae
v33972	10/148	42.99	Herelleviridae
v33976	5/21	31.58	Salasmaviridae
v33977	5/18	37.92	Salasmaviridae
v33980	4/19	30.43	Guelinviridae
v33985	45/53	77.54	Aliceevansviridae
v33990	4/9	44.30	Microviridae
v34003	10/106	41.35	Aliceevansviridae
v34004	6/6	82.77	Microviridae
v34011	3/9	39.97	Microviridae
v34015	7/8	96.66	Microviridae
v34016	6/7	74.70	Microviridae
v34021	7/7	61.11	Microviridae
v34022	6/7	94.93	Microviridae
v34028	7/8	73.81	Microviridae
v34031	11/84	50.66	Drexlerviridae
v34032	10/79	40.59	Aliceevansviridae
v34037	7/7	72.34	Microviridae
v34045	81/86	90.17	Suoliviridae
v34047	24/279	40.69	Herelleviridae
v34053	4/4	89.55	Betaflexiviridae
v34056	1/1	82.30	Betaflexiviridae
v34075	5/8	44.06	Microviridae
v34084	8/9	59.12	Microviridae
v34088	3/7	37.83	Microviridae
v34092	24/180	40.31	Herelleviridae
v34093	12/82	43.94	Drexlerviridae
v34111	5/21	34.22	Guelinviridae
v34116	6/9	73.55	Microviridae
v34117	5/7	50.32	Microviridae
v34120	5/10	90.92	Microviridae
v34123	5/10	52.94	Microviridae
v34124	6/7	96.23	Microviridae
v34131	85/98	76.57	Suoliviridae
v34135	7/7	82.20	Microviridae
v34138	4/20	32.83	Guelinviridae
v34139	5/19	33.30	Guelinviridae
v34141	5/16	32.58	Guelinviridae
v34143	10/77	42.90	Aliceevansviridae
v34147	12/123	32.33	Herelleviridae
v34151	7/9	79.50	Microviridae
v34154	6/8	92.02	Microviridae
v34158	5/9	50.96	Microviridae
v34160	5/8	43.34	Microviridae
v34165	5/8	45.28	Microviridae
v34169	5/10	44.54	Microviridae
v34173	7/31	52.29	Aliceevansviridae
v34174	6/25	34.98	Salasmaviridae
v34176	5/5	83.20	Microviridae
v34177	12/71	39.04	Aliceevansviridae
v34182	6/7	76.00	Microviridae
v34187	4/19	31.65	Guelinviridae
v34191	4/12	34.17	Guelinviridae
v34192	8/10	88.71	Microviridae
v34193	7/9	81.86	Microviridae
v34198	6/8	53.67	Microviridae
v34200	4/5	45.67	Microviridae
v34202	6/18	34.52	Guelinviridae
v34205	13/62	40.42	Aliceevansviridae
v34206	8/9	79.26	Microviridae
v34208	13/121	37.06	Herelleviridae
v34209	274/274	99.67	Straboviridae
v34211	7/8	69.00	Microviridae
v34213	37/42	94.24	Peduoviridae
v34215	3/4	33.43	Microviridae
v34216	11/84	38.85	Aliceevansviridae
v34225	7/9	70.03	Microviridae
v34226	14/46	35.91	Winoviridae
v34235	4/9	47.20	Microviridae
v34240	5/8	46.16	Microviridae
v34242	4/10	38.35	Microviridae
v34244	5/9	58.32	Microviridae
v34246	18/26	93.85	Peduoviridae
v34247	11/67	40.25	Aliceevansviridae
v34250	10/95	42.42	Winoviridae
v34253	9/37	36.50	Aliceevansviridae
v34257	66/68	94.55	Casjensviridae
v34258	22/202	48.54	Steigviridae
v34259	7/7	61.77	Microviridae
v34260	1/3	37.40	Casjensviridae
v34262	5/22	36.66	Salasmaviridae
v34263	7/22	44.63	Guelinviridae
v34264	13/201	39.94	Herelleviridae
v34266	47/47	97.25	Autographiviridae
v34267	5/11	36.12	Salasmaviridae
v34269	6/21	36.20	Salasmaviridae
v34274	6/17	36.85	Salasmaviridae
v34279	7/20	33.41	Guelinviridae
v34281	7/7	68.80	Microviridae
v34284	6/18	38.53	Salasmaviridae
v34285	6/8	96.35	Microviridae
v34286	5/9	38.20	Microviridae
v34288	6/7	53.15	Microviridae
v34292	6/6	66.95	Microviridae
v34298	4/15	31.00	Guelinviridae
v34301	5/22	33.82	Salasmaviridae
v34304	7/7	72.17	Microviridae
v34305	6/7	59.73	Microviridae
v34314	10/55	38.22	Aliceevansviridae
v34323	30/77	49.81	Schitoviridae
v34327	28/56	50.66	Peduoviridae
v34330	36/43	82.13	Peduoviridae
v34333	7/7	50.94	Microviridae
v34337	11/115	39.39	Suoliviridae
v34340	29/39	88.62	Autographiviridae
v34344	20/222	43.46	Herelleviridae
v34365	12/185	37.33	Herelleviridae
v34367	94/100	82.54	Suoliviridae
v34369	11/48	43.11	Drexlerviridae
v34372	21/45	44.54	Peduoviridae
v34378	7/8	96.14	Microviridae
v34379	6/8	57.62	Microviridae
v34391	5/8	53.94	Microviridae
v34393	7/8	92.14	Microviridae
v34401	11/108	46.73	Aliceevansviridae
v34403	7/9	64.97	Microviridae
v34414	8/10	87.62	Microviridae
v34421	7/8	94.54	Microviridae
v34427	7/9	58.90	Microviridae
v34428	6/8	45.73	Microviridae
v34430	7/10	64.87	Microviridae
v34432	7/8	96.24	Microviridae
v34433	33/33	99.97	Peduoviridae
v34438	10/136	44.58	Aliceevansviridae
v34444	5/8	47.62	Microviridae
v34447	8/34	44.59	Aliceevansviridae
v34450	5/8	45.58	Microviridae
v34451	7/7	59.41	Microviridae
v34461	7/7	79.33	Microviridae
v34462	10/34	38.08	Drexlerviridae
v34465	12/190	51.98	Suoliviridae
v34468	8/9	87.81	Microviridae
v34474	3/7	37.33	Microviridae
v34479	10/60	45.24	Aliceevansviridae
v34493	6/20	49.65	Microviridae
v34502	3/4	41.63	Microviridae
v34510	5/13	48.50	Aliceevansviridae
v34516	11/57	39.24	Aliceevansviridae
v34521	7/25	34.73	Guelinviridae
v34524	5/20	32.52	Salasmaviridae
v34525	5/23	33.24	Guelinviridae
v34528	4/20	33.48	Salasmaviridae
v34533	39/40	71.74	Suoliviridae
v34546	23/528	36.77	Herelleviridae
v34548	12/149	40.00	Steigviridae
v34550	6/6	75.23	Microviridae
v34560	55/55	98.39	Autographiviridae
v34563	11/66	43.93	Aliceevansviridae
v34570	13/137	43.09	Herelleviridae
v34579	10/118	49.97	Aliceevansviridae
v34581	65/127	48.24	Steigviridae
v34587	10/59	49.04	Aliceevansviridae
v34596	25/191	51.15	Steigviridae
v34607	7/10	92.41	Microviridae
v34623	52/55	83.49	Aliceevansviridae
v34627	10/64	45.91	Aliceevansviridae
v34629	10/117	45.04	Aliceevansviridae
v34632	3/8	37.67	Microviridae
v34652	10/147	41.55	Aliceevansviridae
v34660	4/13	33.67	Guelinviridae
v34663	3/11	32.27	Salasmaviridae
v34665	10/56	40.53	Aliceevansviridae
v34677	7/8	94.00	Microviridae
v34683	9/35	38.38	Aliceevansviridae
v34692	7/27	53.01	Aliceevansviridae
v34694	7/25	50.54	Aliceevansviridae
v34702	6/22	38.30	Salasmaviridae
v34703	12/157	44.41	Herelleviridae
v34707	4/9	44.50	Microviridae
v34709	10/66	42.77	Aliceevansviridae
v34715	7/8	96.66	Microviridae
v34722	16/502	37.44	Herelleviridae
v34730	12/116	39.84	Herelleviridae
v34731	5/15	31.64	Guelinviridae
v34740	73/99	58.72	Suoliviridae
v34741	7/7	85.50	Microviridae
v34745	4/8	99.88	Microviridae
v34755	6/6	81.60	Microviridae
v34756	4/6	37.30	Microviridae
v34759	56/56	95.25	Autographiviridae
v34766	9/30	37.69	Guelinviridae
v34770	4/7	57.98	Microviridae
v34782	6/8	83.68	Microviridae
v34786	4/8	44.75	Microviridae
v34788	10/75	46.21	Aliceevansviridae
v34790	6/7	95.28	Microviridae
v34800	10/68	42.35	Straboviridae
v34808	7/7	77.70	Microviridae
v34809	5/24	36.20	Salasmaviridae
v34811	10/51	40.10	Aliceevansviridae
v34826	15/56	43.47	Peduoviridae
v34829	6/8	67.38	Microviridae
v34831	5/18	32.62	Guelinviridae
v34843	7/7	75.99	Microviridae
v34852	16/50	57.47	Aliceevansviridae
v34853	7/8	93.60	Microviridae
v34857	7/7	76.87	Microviridae
v34862	11/48	48.98	Aliceevansviridae
v34863	4/8	42.05	Microviridae
v34865	6/7	89.55	Microviridae
v34868	6/6	75.12	Microviridae
v34871	10/106	50.33	Aliceevansviridae
v34876	14/21	57.04	Guelinviridae
v34879	5/5	40.60	Microviridae
v34890	4/17	31.32	Salasmaviridae
v34892	6/21	35.77	Salasmaviridae
v34894	3/13	50.17	Inoviridae
v34895	7/19	38.36	Salasmaviridae
v34903	4/8	47.92	Microviridae
v34904	2/5	34.00	Microviridae
v34912	6/6	93.63	Microviridae
v34916	7/8	93.11	Microviridae
v34919	3/7	33.30	Microviridae
v34927	6/17	33.57	Salasmaviridae
v34929	12/84	40.51	Aliceevansviridae
v34930	5/6	39.40	Microviridae
v34938	6/6	75.23	Microviridae
v34939	6/11	46.12	Guelinviridae
v34941	7/8	82.97	Microviridae
v34949	19/23	95.42	Peduoviridae
v34966	14/67	38.68	Mesyanzhinovviridae
v34985	49/49	98.76	Autographiviridae
v34988	6/6	87.68	Microviridae
v34989	7/8	94.10	Microviridae
v34992	4/8	42.38	Microviridae
v34999	10/53	46.66	Herelleviridae
v35004	6/28	55.17	Aliceevansviridae
v35014	6/8	60.77	Microviridae
v35024	10/101	31.16	Herelleviridae
v35028	6/23	31.20	Guelinviridae
v35031	18/50	49.99	Schitoviridae
v35040	5/16	32.66	Guelinviridae
v35043	7/8	62.34	Microviridae
v35051	7/7	85.21	Microviridae
v35054	7/7	83.24	Microviridae
v35060	7/7	86.16	Microviridae
v35063	14/202	37.78	Herelleviridae
v35064	4/7	38.23	Microviridae
v35065	47/47	98.77	Autographiviridae
v35067	57/75	89.60	Autographiviridae
v35068	15/61	51.35	Autographiviridae
v35069	6/22	38.72	Salasmaviridae
v35070	6/28	30.22	Salasmaviridae
v35081	6/6	83.83	Microviridae
v35083	7/7	85.69	Microviridae
v35089	4/16	35.15	Guelinviridae
v35096	4/9	35.38	Salasmaviridae
v35106	80/87	89.58	Suoliviridae
v35107	30/35	81.81	Peduoviridae
v35111	34/36	94.79	Peduoviridae
v35115	5/6	34.90	Microviridae
v35126	5/19	32.70	Salasmaviridae
v35129	5/6	47.48	Microviridae
v35133	5/6	42.80	Microviridae
v35141	11/137	42.05	Steigviridae
v35147	7/7	81.16	Microviridae
v35152	63/70	87.63	Autographiviridae
v35156	13/56	39.27	Aliceevansviridae
v35160	13/65	38.55	Mesyanzhinovviridae
v35162	3/4	35.33	Microviridae
v35164	7/9	59.60	Microviridae
v35166	12/211	38.98	Herelleviridae
v35167	7/32	38.14	Winoviridae
v35168	51/52	96.49	Autographiviridae
v35169	65/79	68.59	Drexlerviridae
v35179	7/9	83.71	Microviridae
v35182	5/20	33.76	Salasmaviridae
v35188	44/45	84.84	Aliceevansviridae
v35192	7/7	76.33	Microviridae
v35193	19/24	95.11	Peduoviridae
v35202	6/7	73.07	Microviridae
v35210	10/68	51.15	Peduoviridae
v35213	3/7	35.43	Microviridae
v35218	7/7	78.77	Microviridae
v35219	10/47	34.35	Winoviridae
v35221	6/6	83.82	Microviridae
v35227	7/17	37.70	Salasmaviridae
v35234	3/10	65.23	Inoviridae
v35242	18/47	47.37	Aliceevansviridae
v35244	5/11	70.00	Microviridae
v35247	6/8	84.42	Microviridae
v35248	7/7	70.10	Microviridae
v35253	5/9	57.14	Microviridae
v35260	14/60	45.19	Peduoviridae
v35265	5/11	47.36	Microviridae
v35271	77/80	95.79	Casjensviridae
v35274	2/7	31.15	Guelinviridae
v35276	4/9	38.58	Microviridae
v35278	78/79	94.97	Casjensviridae
v35279	7/7	79.40	Microviridae
v35280	5/7	57.90	Microviridae
v35283	4/12	32.08	Guelinviridae
v35297	3/7	37.27	Microviridae
v35298	15/16	98.37	Autographiviridae
v35302	28/31	87.49	Aliceevansviridae
v35305	5/16	39.14	Guelinviridae
v35311	10/54	41.48	Aliceevansviridae
v35313	5/20	33.00	Guelinviridae
v35317	5/25	34.30	Salasmaviridae
v35321	7/7	76.37	Microviridae
v35322	6/7	63.08	Microviridae
v35330	53/53	98.53	Autographiviridae
v35340	10/52	40.14	Aliceevansviridae
v35341	7/18	38.93	Salasmaviridae
v35343	39/40	96.61	Autographiviridae
v35348	4/8	56.20	Microviridae
v35350	5/23	30.24	Guelinviridae
v35353	2/8	30.75	Guelinviridae
v35357	15/145	34.52	Herelleviridae
v35358	6/9	83.75	Microviridae
v35360	12/28	43.87	Autographiviridae
v35381	6/19	33.90	Salasmaviridae
v35399	33/39	94.38	Peduoviridae
v35401	6/10	97.13	Microviridae
v35407	45/48	88.70	Aliceevansviridae
v35411	22/22	80.77	Aliceevansviridae
v35412	7/8	96.40	Microviridae
v35415	6/6	83.12	Microviridae
v35418	3/8	38.10	Microviridae
v35419	6/7	84.72	Microviridae
v35422	5/25	34.74	Salasmaviridae
v35424	10/222	39.78	Herelleviridae
v35429	6/17	33.68	Salasmaviridae
v35430	5/24	33.16	Salasmaviridae
v35445	4/17	30.40	Guelinviridae
v35448	4/7	42.00	Microviridae
v35457	4/12	33.00	Guelinviridae
v35458	5/11	38.46	Salasmaviridae
v35462	6/20	34.12	Salasmaviridae
v35465	65/90	67.50	Intestiviridae
v35467	11/151	37.27	Herelleviridae
v35468	4/12	34.02	Guelinviridae
v35469	6/20	38.20	Salasmaviridae
v35473	14/32	54.19	Aliceevansviridae
v35476	7/24	32.67	Salasmaviridae
v35477	4/16	31.30	Guelinviridae
v35482	21/55	45.43	Aliceevansviridae
v35485	11/22	38.47	Salasmaviridae
v35489	2/7	30.25	Microviridae
v35490	7/22	37.59	Guelinviridae
v35496	5/19	30.80	Salasmaviridae
v35503	51/51	96.93	Autographiviridae
v35504	9/10	60.83	Microviridae
v35510	1/1	92.00	Potyviridae
v35517	5/22	34.00	Salasmaviridae
v35518	50/54	85.68	Aliceevansviridae
v35519	5/8	52.98	Microviridae
v35525	7/7	81.20	Microviridae
v35531	7/9	86.06	Microviridae
v35545	4/14	31.30	Guelinviridae
v35546	12/87	49.15	Suoliviridae
v35555	4/8	42.85	Microviridae
v35561	4/7	48.95	Microviridae
v35562	7/8	59.66	Microviridae
v35565	8/10	52.23	Microviridae
v35566	4/19	31.70	Guelinviridae
v35567	21/23	76.92	Guelinviridae
v35571	6/8	56.57	Microviridae
v35576	10/10	94.72	Microviridae
v35578	6/7	56.63	Microviridae
v35597	57/57	98.44	Autographiviridae
v35602	7/30	35.76	Guelinviridae
v35606	8/8	82.34	Microviridae
v35607	4/9	55.20	Microviridae
v35611	7/8	95.17	Microviridae
v35612	7/7	76.44	Microviridae
v35613	8/9	60.00	Microviridae
v35620	16/23	60.04	Guelinviridae
v35629	13/57	40.16	Aliceevansviridae
v35631	11/79	43.72	Drexlerviridae
v35634	7/7	90.59	Microviridae
v35639	7/20	37.64	Salasmaviridae
v35643	4/8	56.20	Microviridae
v35657	12/125	39.22	Aliceevansviridae
v35659	7/8	90.63	Microviridae
v35660	7/7	60.64	Microviridae
v35669	13/165	33.93	Ackermannviridae
v35670	7/8	86.14	Microviridae
v35672	6/28	33.87	Casjensviridae
v35682	7/7	75.76	Microviridae
v35683	10/87	51.06	Suoliviridae
v35690	8/8	83.80	Microviridae
v35694	6/8	51.12	Microviridae
v35695	5/6	46.02	Microviridae
v35698	6/7	84.05	Microviridae
v35701	6/21	38.00	Salasmaviridae
v35702	8/9	62.26	Microviridae
v35705	13/51	43.39	Aliceevansviridae
v35710	7/7	75.96	Microviridae
v35713	42/52	93.31	Peduoviridae
v35717	14/163	37.93	Herelleviridae
v35718	7/7	70.44	Microviridae
v35719	7/8	92.77	Microviridae
v35721	8/9	60.08	Microviridae
v35724	5/17	32.54	Guelinviridae
v35726	5/7	43.70	Microviridae
v35727	7/7	86.91	Microviridae
v35728	14/217	38.91	Herelleviridae
v35732	7/8	60.20	Microviridae
v35735	7/8	95.73	Microviridae
v35737	7/23	37.04	Salasmaviridae
v35738	4/16	31.20	Guelinviridae
v35741	5/9	48.68	Microviridae
v35742	15/25	56.45	Guelinviridae
v35746	6/16	38.87	Salasmaviridae
v35748	11/68	40.59	Aliceevansviridae
v35752	6/10	59.15	Microviridae
v35753	14/113	40.45	Aliceevansviridae
v35755	13/42	43.79	Aliceevansviridae
v35762	5/23	33.96	Salasmaviridae
v35763	6/21	33.63	Salasmaviridae
v35764	7/7	72.30	Microviridae
v35766	6/8	69.10	Microviridae
v35768	6/26	36.72	Salasmaviridae
v35771	7/21	41.04	Salasmaviridae
v35774	7/8	66.76	Microviridae
v35776	4/17	31.07	Guelinviridae
v35781	10/121	34.66	Herelleviridae
v35782	8/10	80.92	Microviridae
v35783	5/19	35.48	Salasmaviridae
v35787	8/8	99.41	Microviridae
v35790	6/21	38.23	Guelinviridae
v35800	4/8	43.20	Microviridae
v35803	18/69	47.76	Aliceevansviridae
v35805	11/134	50.41	Suoliviridae
v35809	7/8	51.24	Microviridae
v35810	8/12	85.40	Microviridae
v35811	7/9	59.86	Microviridae
v35812	11/135	34.80	Herelleviridae
v35815	8/8	52.98	Microviridae
v35816	13/87	41.61	Suoliviridae
v35821	5/21	34.36	Salasmaviridae
v35824	6/20	36.17	Guelinviridae
v35832	13/127	33.18	Herelleviridae
v35834	4/20	33.65	Guelinviridae
v35837	18/136	39.02	Herelleviridae
v35845	11/22	91.24	Peduoviridae
v35847	10/34	40.77	Aliceevansviridae
v35848	9/9	59.92	Microviridae
v35850	11/67	48.08	Herelleviridae
v35852	16/21	58.11	Guelinviridae
v35854	25/57	53.34	Aliceevansviridae
v35858	3/15	30.10	Guelinviridae
v35859	4/5	35.25	Microviridae
v35861	5/16	56.76	Inoviridae
v35865	13/139	39.46	Herelleviridae
v35866	5/21	36.14	Salasmaviridae
v35869	20/256	44.24	Herelleviridae
v35871	7/8	50.29	Microviridae
v35872	7/8	94.50	Microviridae
v35874	5/7	54.04	Microviridae
v35875	12/148	39.67	Herelleviridae
v35878	7/7	72.84	Microviridae
v35879	8/34	48.19	Anaerodiviridae
v35880	8/10	79.42	Microviridae
v35881	8/23	31.01	Salasmaviridae
v35884	20/211	44.30	Steigviridae
v35885	7/8	73.56	Microviridae
v35886	8/11	86.90	Microviridae
v35895	31/34	97.13	Peduoviridae
v35898	6/9	47.12	Microviridae
v35899	8/9	53.27	Microviridae
v35905	4/17	31.18	Guelinviridae
v35907	7/7	82.51	Microviridae
v35908	16/198	37.37	Herelleviridae
v35915	8/9	63.79	Microviridae
v35920	22/23	72.27	Peduoviridae
v35921	51/52	96.08	Autographiviridae
v35924	6/8	80.70	Microviridae
v35927	3/7	40.60	Microviridae
v35928	55/55	98.60	Autographiviridae
v35934	30/172	38.70	Herelleviridae
v35938	8/19	33.23	Salasmaviridae
v35940	7/8	80.40	Microviridae
v35944	10/52	39.09	Aliceevansviridae
v35948	7/7	77.00	Microviridae
v35949	6/8	55.10	Microviridae
v35951	9/9	65.00	Microviridae
v35954	37/41	71.63	Peduoviridae
v35961	12/82	39.37	Aliceevansviridae
v35964	12/59	39.51	Winoviridae
v35966	7/8	81.50	Microviridae
v35967	7/7	80.00	Microviridae
v35968	13/121	31.28	Herelleviridae
v35972	7/7	74.49	Microviridae
v35973	10/109	43.99	Suoliviridae
v35974	7/7	77.24	Microviridae
v35976	7/7	66.91	Microviridae
v35977	7/10	59.89	Microviridae
v35978	14/149	39.89	Steigviridae
v35980	6/7	71.07	Microviridae
v35981	7/21	41.36	Aliceevansviridae
v35985	7/8	94.41	Microviridae
v35988	5/8	45.34	Microviridae
v35993	7/7	72.79	Microviridae
v35996	10/49	38.86	Aliceevansviridae
v36002	3/12	31.33	Guelinviridae
v36006	10/10	59.28	Microviridae
v36008	6/11	65.68	Microviridae
v36015	7/26	42.17	Aliceevansviridae
v36018	22/134	41.89	Straboviridae
v36027	8/10	54.88	Microviridae
v36030	4/9	48.00	Microviridae
v36031	8/9	61.16	Microviridae
v36033	12/150	44.39	Suoliviridae
v36035	5/6	39.70	Microviridae
v36043	33/35	86.98	Peduoviridae
v36044	7/35	36.89	Autographiviridae
v36046	7/7	72.51	Microviridae
v36048	8/26	40.76	Guelinviridae
v36053	12/72	39.46	Winoviridae
v36055	7/7	69.71	Microviridae
v36064	6/8	50.65	Microviridae
v36065	7/7	85.96	Microviridae
v36069	25/30	96.71	Peduoviridae
v36073	26/28	74.87	Peduoviridae
v36074	13/121	34.18	Herelleviridae
v36079	3/7	50.00	Microviridae
v36086	7/7	76.89	Microviridae
v36091	11/97	41.44	Winoviridae
v36092	39/80	63.64	Autographiviridae
v36098	56/57	98.23	Autographiviridae
v36101	4/13	33.80	Guelinviridae
v36105	4/8	44.15	Microviridae
v36106	29/35	93.14	Peduoviridae
v36107	12/193	38.09	Herelleviridae
v36109	8/9	61.44	Microviridae
v36111	4/19	33.88	Salasmaviridae
v36112	4/7	48.27	Microviridae
v36115	5/8	66.38	Microviridae
v36116	5/16	32.66	Guelinviridae
v36127	5/9	48.90	Microviridae
v36129	10/69	38.91	Aliceevansviridae
v36140	5/18	35.92	Salasmaviridae
v36143	52/56	78.27	Aliceevansviridae
v36144	10/24	47.27	Aliceevansviridae
v36145	52/60	80.23	Aliceevansviridae
v36146	6/8	46.92	Microviridae
v36155	4/8	47.70	Microviridae
v36166	11/275	38.20	Herelleviridae
v36177	4/8	35.30	Microviridae
v36181	6/8	92.10	Microviridae
v36182	18/163	47.51	Herelleviridae
v36192	6/18	33.70	Salasmaviridae
v36195	5/6	44.42	Microviridae
v36196	89/94	93.52	Suoliviridae
v36208	13/265	34.22	Herelleviridae
v36223	22/23	97.25	Rountreeviridae
v36224	25/317	38.01	Herelleviridae
v36225	13/131	49.41	Suoliviridae
v36227	19/64	44.20	Aliceevansviridae
v36229	18/56	47.81	Aliceevansviridae
v36230	12/234	40.05	Herelleviridae
v36232	84/88	94.16	Schitoviridae
v36241	7/8	81.61	Microviridae
v36242	16/160	40.32	Herelleviridae
v36250	10/68	38.69	Aliceevansviridae
v36267	10/190	51.40	Herelleviridae
v36274	8/22	35.09	Salasmaviridae
v36276	4/6	43.65	Microviridae
v36282	15/111	46.30	Herelleviridae
v36283	14/130	44.46	Aliceevansviridae
v36286	10/63	48.98	Herelleviridae
v36292	7/24	45.73	Aliceevansviridae
v36293	9/26	39.00	Peduoviridae
v36303	11/12	85.77	Microviridae
v36308	13/49	52.62	Herelleviridae
v36309	13/53	44.87	Aliceevansviridae
v36311	21/22	89.70	Peduoviridae
v36312	6/11	33.53	Salasmaviridae
v36314	7/9	85.61	Microviridae
v36318	18/50	60.44	Aliceevansviridae
v36320	20/21	92.64	Aliceevansviridae
v36322	5/18	32.28	Salasmaviridae
v36323	8/20	33.79	Salasmaviridae
v36324	5/19	34.02	Guelinviridae
v36333	9/42	45.70	Anaerodiviridae
v36340	7/22	51.33	Aliceevansviridae
v36343	5/18	35.48	Salasmaviridae
v36346	2/7	30.40	Guelinviridae
v36348	7/9	86.36	Microviridae
v36349	11/146	48.24	Steigviridae
v36354	15/26	59.51	Guelinviridae
v36355	7/22	32.21	Salasmaviridae
v36356	7/18	36.26	Salasmaviridae
v36357	8/25	42.54	Guelinviridae
v36358	12/49	42.19	Aliceevansviridae
v36360	108/277	89.59	Suoliviridae
v36366	6/22	36.47	Salasmaviridae
v36376	4/18	31.60	Guelinviridae
v36383	6/17	41.77	Tectiviridae
v36384	106/285	92.60	Suoliviridae
v36385	38/46	83.83	Peduoviridae
v36394	4/7	33.73	Microviridae
v36395	6/10	82.72	Microviridae
v36402	5/5	85.14	Microviridae
v36404	12/77	45.43	Drexlerviridae
v36406	5/25	37.16	Peduoviridae
v36407	4/8	35.48	Microviridae
v36408	19/296	41.39	Herelleviridae
v36419	14/23	56.86	Guelinviridae
v36422	12/54	40.55	Winoviridae
v36423	11/57	35.21	Aliceevansviridae
v36426	6/20	34.12	Salasmaviridae
v36428	10/94	37.91	Peduoviridae
v36437	7/15	34.13	Salasmaviridae
v36444	8/22	33.05	Salasmaviridae
v36445	5/18	33.58	Guelinviridae
v36452	10/46	48.52	Aliceevansviridae
v36456	6/6	57.57	Microviridae
v36458	5/11	48.60	Microviridae
v36459	102/111	77.80	Aliceevansviridae
v36470	4/17	41.67	Aliceevansviridae
v36477	5/20	36.94	Salasmaviridae
v36478	4/16	31.05	Guelinviridae
v36479	7/7	74.73	Microviridae
v36485	22/23	89.66	Guelinviridae
v36487	7/7	72.80	Microviridae
v36488	4/9	57.10	Microviridae
v36495	7/9	84.53	Microviridae
v36507	5/24	30.08	Guelinviridae
v36509	5/9	35.42	Microviridae
v36510	7/11	84.57	Microviridae
v36511	1/2	33.10	Metaviridae
v36512	49/101	47.42	Steigviridae
v36513	10/151	36.57	Aliceevansviridae
v36515	12/67	36.94	Aliceevansviridae
v36517	10/71	40.36	Suoliviridae
v36522	5/22	37.80	Salasmaviridae
v36523	5/18	35.84	Guelinviridae
v36525	7/7	78.94	Microviridae
v36526	5/9	58.06	Microviridae
v36527	7/8	79.93	Microviridae
v36528	10/76	44.56	Aliceevansviridae
v36531	6/19	33.92	Guelinviridae
v36534	4/7	40.62	Microviridae
v36539	5/9	46.34	Microviridae
v36553	4/7	39.00	Microviridae
v36554	10/149	44.18	Suoliviridae
v36560	11/11	78.11	Microviridae
v36566	7/23	38.19	Salasmaviridae
v36567	4/18	31.27	Guelinviridae
v36568	7/9	71.83	Microviridae
v36569	10/207	37.95	Herelleviridae
v36580	11/51	50.96	Drexlerviridae
v36594	6/7	95.00	Microviridae
v36600	3/6	37.37	Microviridae
v36603	13/24	45.26	Aliceevansviridae
v36604	3/15	32.30	Herelleviridae
v36609	12/52	46.59	Aliceevansviridae
v36615	3/6	34.07	Microviridae
v36616	28/176	41.99	Herelleviridae
v36628	1/1	32.80	Metaviridae
v36634	5/25	30.52	Salasmaviridae
v36635	5/18	32.50	Guelinviridae
v36638	11/64	41.67	Aliceevansviridae
v36641	52/55	79.17	Aliceevansviridae
v36642	22/53	57.24	Aliceevansviridae
v36645	6/8	65.52	Microviridae
v36646	59/103	55.05	Suoliviridae
v36654	3/8	38.73	Microviridae
v36663	7/8	95.54	Microviridae
v36666	10/77	37.73	Peduoviridae
v36675	6/12	67.98	Microviridae
v36681	13/137	48.43	Suoliviridae
v36684	57/58	97.69	Autographiviridae
v36693	5/24	38.68	Guelinviridae
v36694	5/9	91.10	Microviridae
v36706	5/8	39.26	Microviridae
v36707	7/10	81.86	Microviridae
v36708	11/157	36.61	Herelleviridae
v36721	7/8	56.26	Microviridae
v36722	96/124	78.39	Suoliviridae
v36729	17/167	37.79	Herelleviridae
v36748	50/50	96.45	Autographiviridae
v36754	7/22	38.91	Salasmaviridae
v36756	7/7	85.84	Microviridae
v36757	4/7	47.75	Microviridae
v36758	4/7	37.30	Microviridae
v36759	12/186	36.27	Herelleviridae
v36763	23/27	82.78	Peduoviridae
v36767	6/10	60.38	Microviridae
v36768	6/9	83.17	Microviridae
v36772	7/7	87.20	Microviridae
v36773	5/8	49.40	Microviridae
v36775	65/72	81.76	Suoliviridae
v36779	10/56	41.16	Suoliviridae
v36785	7/7	86.63	Microviridae
v36786	26/189	39.97	Herelleviridae
v36793	71/71	98.34	Drexlerviridae
v36798	2/7	30.00	Microviridae
v36799	25/213	46.88	Steigviridae
v36811	5/8	49.52	Microviridae
v36814	11/108	42.92	Aliceevansviridae
v36819	2/7	34.75	Microviridae
v36820	5/6	51.72	Microviridae
v36821	4/7	49.67	Microviridae
v36822	3/7	35.33	Microviridae
v36823	8/10	81.15	Microviridae
v36824	7/7	74.80	Microviridae
v36825	12/135	43.68	Suoliviridae
v36831	59/95	54.23	Suoliviridae
v36836	4/7	38.90	Microviridae
v36837	6/10	48.55	Microviridae
v36841	11/139	40.60	Steigviridae
v36842	83/86	85.61	Schitoviridae
v36843	12/65	48.20	Aliceevansviridae
v36844	24/46	51.94	Aliceevansviridae
v36846	20/20	73.28	Aliceevansviridae
v36847	5/6	73.40	Microviridae
v36849	19/220	41.85	Herelleviridae
v36850	24/132	40.09	Straboviridae
v36858	5/10	60.82	Microviridae
v36859	7/7	88.03	Microviridae
v36864	8/9	66.34	Microviridae
v36865	12/55	45.58	Aliceevansviridae
v36866	38/42	94.09	Peduoviridae
v36870	11/64	48.14	Drexlerviridae
v36873	74/74	96.39	Drexlerviridae
v36881	6/6	76.30	Microviridae
v36888	26/27	94.56	Peduoviridae
v36890	7/8	95.50	Microviridae
v36891	14/185	42.79	Herelleviridae
v36898	11/241	42.13	Steigviridae
v36900	10/140	44.42	Aliceevansviridae
v36904	7/7	73.60	Microviridae
v36907	8/40	48.40	Suoliviridae
v36916	12/56	48.14	Aliceevansviridae
v36920	6/23	38.18	Salasmaviridae
v36921	8/9	61.80	Microviridae
v36922	168/176	90.77	Intestiviridae
v36923	24/205	45.79	Steigviridae
v36931	10/63	38.95	Drexlerviridae
v36932	13/61	39.78	Aliceevansviridae
v36936	10/27	38.39	Guelinviridae
v36938	6/20	36.52	Salasmaviridae
v36941	6/8	93.95	Microviridae
v36953	17/25	59.46	Guelinviridae
v36954	5/8	45.68	Microviridae
v36955	11/137	43.57	Aliceevansviridae
v36957	11/99	46.15	Suoliviridae
v36970	8/9	62.71	Microviridae
v36971	8/8	78.03	Microviridae
v36981	7/8	79.37	Microviridae
v36983	11/66	41.06	Aliceevansviridae
v36990	5/22	33.56	Salasmaviridae
v36991	4/16	30.77	Guelinviridae
v37000	5/7	68.40	Microviridae
v37012	9/30	37.39	Guelinviridae
v37018	8/9	64.24	Microviridae
v37019	7/9	86.86	Microviridae
v37020	24/223	34.17	Herelleviridae
v37021	10/147	43.38	Herelleviridae
v37030	9/29	49.66	Aliceevansviridae
v37032	26/270	42.69	Straboviridae
v37033	90/92	94.08	Schitoviridae
v37035	51/51	97.23	Autographiviridae
v37036	10/47	46.98	Aliceevansviridae
v37049	11/49	44.45	Aliceevansviridae
v37053	6/21	34.07	Guelinviridae
v37062	99/108	72.81	Steigviridae
v37068	5/8	38.50	Microviridae
v37069	16/207	39.38	Suoliviridae
v37071	85/98	78.79	Suoliviridae
v37073	13/142	47.70	Suoliviridae
v37084	34/66	76.52	Microviridae
v37093	7/28	40.60	Aliceevansviridae
v37095	20/102	39.73	Aliceevansviridae
v37107	5/10	47.44	Microviridae
v37108	13/175	40.40	Herelleviridae
v37111	10/81	42.13	Suoliviridae
v37116	6/23	33.18	Guelinviridae
v37119	7/9	81.71	Microviridae
v37120	6/8	82.35	Microviridae
v37122	12/119	45.62	Aliceevansviridae
v37129	2/6	30.00	Microviridae
v37130	6/6	75.88	Microviridae
v37131	12/135	43.75	Herelleviridae
v37134	7/19	39.76	Guelinviridae
v37135	4/8	44.52	Microviridae
v37136	7/9	60.76	Microviridae
v37137	5/8	42.80	Microviridae
v37138	6/7	80.57	Microviridae
v37139	4/8	43.73	Microviridae
v37145	18/278	40.38	Herelleviridae
v37146	18/210	39.86	Herelleviridae
v37163	5/9	54.26	Microviridae
v37164	4/8	42.38	Microviridae
v37165	8/8	88.45	Microviridae
v37166	7/8	81.67	Microviridae
v37174	12/16	70.77	Microviridae
v37176	11/117	40.40	Steigviridae
v37181	11/76	43.44	Aliceevansviridae
v37185	5/22	34.42	Salasmaviridae
v37187	5/9	48.28	Microviridae
v37188	4/8	47.98	Microviridae
v37189	3/7	36.97	Microviridae
v37190	5/7	61.66	Microviridae
v37199	50/51	96.63	Autographiviridae
v37202	7/7	59.29	Microviridae
v37203	25/216	43.49	Steigviridae
v37206	12/55	35.73	Steigviridae
v37222	8/9	58.54	Microviridae
v37223	6/6	78.77	Microviridae
v37225	21/220	39.67	Herelleviridae
v37246	4/17	32.08	Guelinviridae
v37247	4/8	47.80	Microviridae
v37248	12/130	41.32	Aliceevansviridae
v37251	15/56	62.30	Microviridae
v37257	6/6	65.43	Microviridae
v37270	10/46	48.35	Aliceevansviridae
v37272	5/8	48.32	Microviridae
v37278	54/54	96.93	Autographiviridae
v37281	7/9	83.54	Microviridae
v37282	3/7	36.73	Microviridae
v37294	7/33	36.24	Aliceevansviridae
v37299	3/15	31.83	Guelinviridae
v37303	12/74	45.84	Suoliviridae
v37312	10/54	56.01	Aliceevansviridae
v37321	7/31	46.39	Aliceevansviridae
v37322	5/24	33.76	Salasmaviridae
v37324	4/20	39.90	Guelinviridae
v37325	4/19	30.30	Guelinviridae
v37326	6/8	48.15	Microviridae
v37334	6/8	58.70	Microviridae
v37337	13/17	65.19	Microviridae
v37352	5/18	32.86	Guelinviridae
v37353	6/7	71.60	Microviridae
v37354	19/165	39.50	Herelleviridae
v37360	31/34	89.89	Peduoviridae
v37369	11/15	56.51	Microviridae
v37370	5/8	43.64	Microviridae
v37371	7/7	75.69	Microviridae
v37383	6/8	69.78	Microviridae
v37388	12/12	61.91	Microviridae
v37405	4/20	32.98	Salasmaviridae
v37408	10/16	43.50	Microviridae
v37409	3/8	36.73	Microviridae
v37410	6/6	87.02	Microviridae
v37411	8/8	53.00	Microviridae
v37412	6/9	63.63	Microviridae
v37413	5/7	54.86	Microviridae
v37414	5/9	49.12	Microviridae
v37415	6/9	70.83	Microviridae
v37416	5/8	46.58	Microviridae
v37417	8/8	87.38	Microviridae
v37424	37/48	88.66	Peduoviridae
v37426	36/40	91.77	Peduoviridae
v37428	6/6	78.55	Microviridae
v37429	4/8	55.70	Microviridae
v37430	2/8	44.80	Peduoviridae
v37434	7/7	72.90	Microviridae
v37435	4/7	39.52	Microviridae
v37439	7/35	34.69	Aliceevansviridae
v37440	10/25	46.39	Guelinviridae
v37446	4/9	38.85	Microviridae
v37453	7/7	73.99	Microviridae
v37463	7/8	60.11	Microviridae
v37464	6/6	79.25	Microviridae
v37465	6/7	93.10	Microviridae
v37466	12/80	46.47	Drexlerviridae
v37472	4/8	37.95	Microviridae
v37473	3/7	33.10	Microviridae
v37474	8/11	90.01	Microviridae
v37475	7/10	79.97	Microviridae
v37476	5/6	83.12	Microviridae
v37480	6/30	43.47	Aliceevansviridae
v37482	3/7	37.77	Microviridae
v37487	7/8	51.31	Microviridae
v37488	11/199	40.20	Herelleviridae
v37494	7/20	38.23	Guelinviridae
v37496	8/9	52.12	Microviridae
v37497	11/93	39.64	Aliceevansviridae
v37500	31/32	99.37	Peduoviridae
v37502	64/98	58.90	Suoliviridae
v37505	5/9	55.28	Microviridae
v37509	7/7	74.41	Microviridae
v37514	8/9	88.96	Microviridae
v37518	3/13	33.83	Guelinviridae
v37519	7/7	71.90	Microviridae
v37520	12/128	40.28	Autographiviridae
v37526	11/55	47.03	Aliceevansviridae
v37532	6/6	80.35	Microviridae
v37533	9/9	59.96	Microviridae
v37543	2/7	30.75	Guelinviridae
v37547	11/66	39.79	Aliceevansviridae
v37550	6/6	78.90	Microviridae
v37551	8/8	52.35	Microviridae
v37552	96/117	86.23	Steigviridae
v37564	6/8	77.40	Microviridae
v37565	2/7	51.60	Microviridae
v37566	12/189	37.47	Herelleviridae
v37567	32/180	39.61	Herelleviridae
v37582	4/16	36.67	Guelinviridae
v37583	5/9	42.00	Microviridae
v37584	3/6	48.83	Microviridae
v37585	25/134	47.62	Steigviridae
v37593	48/48	97.78	Autographiviridae
v37596	5/21	33.66	Salasmaviridae
v37597	6/7	82.57	Microviridae
v37598	7/8	83.56	Microviridae
v37599	11/122	39.27	Herelleviridae
v37608	7/8	60.59	Microviridae
v37609	15/230	39.81	Herelleviridae
v37619	5/9	51.70	Microviridae
v37621	10/81	35.27	Herelleviridae
v37634	6/16	34.17	Guelinviridae
v37645	8/10	60.59	Microviridae
v37646	13/207	40.46	Suoliviridae
v37656	7/8	59.60	Microviridae
v37657	5/6	56.48	Microviridae
v37662	10/153	43.78	Herelleviridae
v37673	10/49	39.70	Aliceevansviridae
v37677	5/19	32.82	Guelinviridae
v37680	2/5	30.75	Microviridae
v37695	6/7	96.28	Microviridae
v37696	13/177	37.12	Herelleviridae
v37709	5/23	36.60	Salasmaviridae
v37710	4/8	46.17	Microviridae
v37714	7/7	73.51	Microviridae
v37723	5/21	32.94	Salasmaviridae
v37724	12/16	77.85	Microviridae
v37725	10/123	46.64	Aliceevansviridae
v37732	3/6	37.77	Microviridae
v37734	4/9	43.02	Microviridae
v37738	6/9	66.32	Microviridae
v37740	6/16	31.73	Guelinviridae
v37744	7/10	82.53	Microviridae
v37756	6/9	69.57	Microviridae
v37763	31/34	95.06	Peduoviridae
v37766	5/7	39.50	Microviridae
v37768	4/8	37.67	Microviridae
v37770	3/7	37.60	Microviridae
v37776	5/9	49.12	Microviridae
v37777	2/2	32.05	Noraviridae
v37781	5/22	32.18	Salasmaviridae
v37782	38/41	74.53	Peduoviridae
v37785	11/208	40.14	Suoliviridae
v37786	17/204	40.02	Herelleviridae
v37794	6/6	79.78	Microviridae
v37800	6/7	53.40	Microviridae
v37804	9/43	51.01	Aliceevansviridae
v37814	15/203	40.02	Herelleviridae
v37816	14/75	39.71	Aliceevansviridae
v37820	11/66	42.95	Aliceevansviridae
v37822	7/8	80.40	Microviridae
v37824	11/55	39.99	Aliceevansviridae
v37828	62/76	88.71	Autographiviridae
v37837	5/18	31.34	Guelinviridae
v37838	5/23	34.00	Salasmaviridae
v37845	6/6	86.35	Microviridae
v37846	17/45	43.56	Aliceevansviridae
v37849	30/169	37.91	Herelleviridae
v37852	8/32	39.24	Aliceevansviridae
v37862	4/20	32.42	Salasmaviridae
v37864	3/15	30.23	Guelinviridae
v37870	11/60	43.85	Aliceevansviridae
v37873	10/48	47.03	Aliceevansviridae
v37874	12/129	42.76	Steigviridae
v37884	10/63	37.30	Aliceevansviridae
v37886	5/23	36.22	Salasmaviridae
v37894	4/7	39.90	Microviridae
v37905	7/20	36.27	Salasmaviridae
v37907	3/15	51.80	Inoviridae
v37913	40/43	89.27	Peduoviridae
v37916	5/22	34.14	Guelinviridae
v37918	3/12	33.47	Inoviridae
v37921	6/6	76.13	Microviridae
v37930	10/70	40.36	Aliceevansviridae
v37946	16/26	64.50	Guelinviridae
v37948	7/9	71.76	Microviridae
v37951	10/182	45.92	Herelleviridae
v37952	51/51	95.80	Autographiviridae
v37955	10/81	43.77	Herelleviridae
v37956	4/8	40.45	Microviridae
v37957	5/19	32.30	Guelinviridae
v37958	4/6	40.70	Microviridae
v37959	15/52	47.34	Aliceevansviridae
v37964	8/34	37.39	Guelinviridae
v37967	10/32	39.80	Guelinviridae
v37969	7/10	80.56	Microviridae
v37982	8/32	39.02	Aliceevansviridae
v37985	15/137	38.66	Herelleviridae
v37996	5/20	33.10	Guelinviridae
v37998	42/42	95.34	Aliceevansviridae
v38000	6/6	81.58	Microviridae
v38004	2/7	33.80	Salasmaviridae
v38006	6/7	89.53	Microviridae
v38007	22/74	41.55	Aliceevansviridae
v38008	6/28	45.90	Aliceevansviridae
v38012	6/6	85.13	Microviridae
v38017	5/19	33.10	Salasmaviridae
v38024	8/9	59.67	Microviridae
v38039	7/9	79.03	Microviridae
v38041	7/31	42.13	Aliceevansviridae
v38044	10/143	40.47	Suoliviridae
v38048	4/17	31.65	Guelinviridae
v38050	3/7	37.60	Microviridae
v38052	4/19	30.43	Guelinviridae
v38053	7/8	83.61	Caulimoviridae
v38056	1/2	35.10	Metaviridae
v38057	7/10	70.16	Microviridae
v38059	6/26	32.27	Salasmaviridae
v38063	8/39	37.80	Winoviridae
v38064	93/110	66.04	Steigviridae
v38068	7/8	91.91	Microviridae
v38069	7/8	95.81	Microviridae
v38070	11/119	45.31	Herelleviridae
v38073	7/7	72.77	Microviridae
v38080	8/11	57.61	Microviridae
v38081	94/98	95.16	Suoliviridae
v38082	8/12	58.76	Microviridae
v38083	10/65	42.27	Winoviridae
v38090	7/7	69.99	Microviridae
v38093	8/9	58.21	Microviridae
v38101	5/7	58.94	Microviridae
v38111	5/17	33.10	Guelinviridae
v38114	7/26	44.56	Guelinviridae
v38118	6/8	82.17	Microviridae
v38121	14/106	43.87	Aliceevansviridae
v38124	22/172	40.63	Herelleviridae
v38127	28/228	45.75	Steigviridae
v38136	37/37	98.84	Peduoviridae
v38139	47/49	95.22	Autographiviridae
v38140	7/8	90.57	Microviridae
v38144	5/23	33.22	Salasmaviridae
v38148	5/23	33.32	Guelinviridae
v38152	3/5	39.47	Microviridae
v38157	7/7	72.79	Microviridae
v38160	11/156	37.74	Herelleviridae
v38162	5/17	33.08	Guelinviridae
v38165	10/76	35.09	Aliceevansviridae
v38173	8/10	67.79	Microviridae
v38177	11/56	45.55	Aliceevansviridae
v38181	16/210	53.05	Straboviridae
v38182	3/7	37.90	Microviridae
v38183	6/22	37.98	Salasmaviridae
v38186	4/18	30.73	Guelinviridae
v38190	31/41	68.91	Peduoviridae
v38196	4/8	82.17	Microviridae
v38197	5/9	40.32	Microviridae
v38199	12/83	35.06	Peduoviridae
v38203	1/3	33.60	Metaviridae
v38204	1/2	32.30	Metaviridae
v38209	3/8	68.30	Mitoviridae
v38212	5/19	33.36	Guelinviridae
v38213	7/8	52.67	Microviridae
v38218	7/9	61.29	Microviridae
v38219	6/8	67.30	Microviridae
v38222	6/6	64.83	Microviridae
v38226	71/99	54.43	Intestiviridae
v38227	4/16	31.30	Guelinviridae
v38231	56/58	92.51	Autographiviridae
v38233	7/8	71.33	Microviridae
v38235	6/18	34.47	Salasmaviridae
v38237	4/8	37.65	Microviridae
v38242	6/10	72.12	Microviridae
v38244	7/8	98.40	Microviridae
v38245	7/7	73.96	Microviridae
v38250	95/106	74.40	Steigviridae
v38256	7/11	88.26	Microviridae
v38266	12/127	38.36	Aliceevansviridae
v38278	6/21	37.70	Salasmaviridae
v38283	13/141	38.22	Herelleviridae
v38286	7/18	34.17	Salasmaviridae
v38288	4/19	35.88	Guelinviridae
v38289	4/17	30.75	Guelinviridae
v38292	35/41	96.45	Peduoviridae
v38293	23/57	51.05	Aliceevansviridae
v38297	18/188	42.58	Herelleviridae
v38299	5/21	30.82	Salasmaviridae
v38304	5/25	30.50	Salasmaviridae
v38307	6/18	36.23	Salasmaviridae
v38319	5/6	67.60	Microviridae
v38322	11/139	41.91	Steigviridae
v38326	6/21	35.10	Salasmaviridae
v38327	67/98	53.72	Intestiviridae
v38328	6/8	65.70	Microviridae
v38331	10/287	39.90	Herelleviridae
v38332	5/8	83.90	Microviridae
v38335	6/21	32.97	Salasmaviridae
v38338	5/8	88.34	Microviridae
v38343	13/26	54.22	Guelinviridae
v38349	11/55	41.64	Winoviridae
v38356	2/8	30.15	Guelinviridae
v38357	23/54	48.69	Aliceevansviridae
v38358	11/44	43.90	Aliceevansviridae
v38362	3/10	51.33	Inoviridae
v38364	44/46	94.73	Peduoviridae
v38365	22/24	91.81	Peduoviridae
v38367	10/65	38.21	Aliceevansviridae
v38370	5/7	49.02	Microviridae
v38371	4/7	48.95	Microviridae
v38373	49/55	77.33	Aliceevansviridae
v38374	7/11	70.14	Microviridae
v38378	5/6	41.02	Microviridae
v38382	5/18	31.56	Salasmaviridae
v38384	6/6	71.88	Microviridae
v38385	3/8	37.87	Microviridae
v38387	2/7	30.20	Microviridae
v38390	11/181	38.31	Herelleviridae
v38395	2/9	32.65	Guelinviridae
v38396	5/19	34.86	Salasmaviridae
v38401	4/16	30.88	Guelinviridae
v38402	6/7	57.32	Microviridae
v38403	13/177	36.86	Herelleviridae
v38404	6/10	90.02	Microviridae
v38408	48/84	52.50	Intestiviridae
v38417	98/114	77.09	Steigviridae
v38428	1/3	38.10	Metaviridae
v38429	13/114	37.98	Herelleviridae
v38436	11/120	32.92	Herelleviridae
v38443	13/121	33.55	Herelleviridae
v38445	5/22	32.00	Salasmaviridae
v38446	6/19	34.23	Salasmaviridae
v38447	10/87	41.17	Aliceevansviridae
v38448	8/19	34.21	Salasmaviridae
v38450	6/6	81.90	Microviridae
v38451	11/81	48.18	Suoliviridae
v38456	4/13	33.25	Guelinviridae
v38458	7/8	96.64	Microviridae
v38467	10/49	38.35	Aliceevansviridae
v38469	6/8	47.42	Microviridae
v38470	11/64	42.14	Aliceevansviridae
v38471	4/6	51.15	Microviridae
v38476	4/7	38.52	Microviridae
v38477	2/8	31.10	Guelinviridae
v38479	15/138	53.57	Herelleviridae
v38489	7/7	71.21	Microviridae
v38493	8/19	36.40	Guelinviridae
v38498	6/8	64.82	Microviridae
v38499	6/6	72.23	Microviridae
v38500	17/144	40.55	Herelleviridae
v38507	5/7	35.70	Microviridae
v38508	3/5	33.20	Microviridae
v38514	7/24	42.56	Salasmaviridae
v38518	5/19	32.48	Guelinviridae
v38522	7/8	83.30	Microviridae
v38527	7/8	82.63	Microviridae
v38529	5/17	32.70	Guelinviridae
v38532	8/8	62.50	Microviridae
v38534	4/9	46.70	Microviridae
v38535	14/54	36.02	Winoviridae
v38536	6/22	31.42	Guelinviridae
v38538	4/7	49.52	Microviridae
v38539	6/7	52.67	Microviridae
v38550	21/60	42.28	Autographiviridae
v38559	3/13	34.73	Guelinviridae
v38561	2/9	30.05	Guelinviridae
v38571	4/18	31.45	Guelinviridae
v38576	77/94	75.72	Suoliviridae
v38579	41/43	89.14	Aliceevansviridae
v38581	15/205	46.24	Suoliviridae
v38583	3/15	30.40	Guelinviridae
v38586	3/7	39.80	Microviridae
v38592	7/7	90.16	Microviridae
v38605	6/18	32.63	Salasmaviridae
v38614	7/8	87.90	Microviridae
v38617	4/18	30.85	Guelinviridae
v38618	7/8	92.40	Microviridae
v38620	11/150	44.45	Suoliviridae
v38623	5/23	34.34	Guelinviridae
v38624	8/9	61.31	Microviridae
v38629	2/8	30.25	Guelinviridae
v38631	10/108	38.77	Herelleviridae
v38632	46/47	96.91	Autographiviridae
v38640	102/105	95.31	Suoliviridae
v38641	10/46	37.18	Aliceevansviridae
v38643	4/9	58.05	Microviridae
v38659	7/9	71.33	Microviridae
v38660	6/6	60.38	Microviridae
v38667	9/20	36.10	Guelinviridae
v38669	4/18	30.43	Guelinviridae
v38670	7/23	37.80	Salasmaviridae
v38671	100/106	89.83	Steigviridae
v38676	6/18	36.27	Salasmaviridae
v38678	5/18	32.70	Guelinviridae
v38682	10/139	46.41	Suoliviridae
v38692	7/7	74.09	Microviridae
v38693	5/6	69.38	Microviridae
v38696	12/57	39.42	Winoviridae
v38698	7/7	75.86	Microviridae
v38699	6/18	37.30	Salasmaviridae
v38703	5/17	32.38	Guelinviridae
v38707	6/8	67.08	Microviridae
v38715	32/39	93.73	Peduoviridae
v38725	6/7	94.22	Microviridae
v38729	4/16	31.32	Guelinviridae
v38731	31/228	46.47	Steigviridae
v38738	5/6	64.48	Microviridae
v38739	4/13	34.15	Guelinviridae
v38741	5/10	41.06	Microviridae
v38745	6/7	78.40	Microviridae
v38746	31/33	96.98	Peduoviridae
v38747	7/20	68.04	Peduoviridae
v38749	4/19	31.27	Guelinviridae
v38759	7/8	72.17	Microviridae
v38761	6/8	55.55	Microviridae
v38764	6/7	96.70	Microviridae
v38767	6/7	66.72	Microviridae
v38768	6/6	74.77	Microviridae
v38770	5/11	48.98	Microviridae
v38773	7/7	77.17	Microviridae
v38774	40/45	93.42	Peduoviridae
v38777	72/75	92.45	Schitoviridae
v38778	103/112	87.66	Steigviridae
v38789	10/99	49.39	Suoliviridae
v38793	95/110	93.53	Steigviridae
v38795	7/7	62.24	Microviridae
v38796	21/48	50.34	Aliceevansviridae
v38798	7/29	43.51	Aliceevansviridae
v38804	5/9	60.50	Microviridae
v38806	5/6	54.40	Microviridae
v38809	3/13	31.23	Guelinviridae
v38812	5/22	31.42	Guelinviridae
v38813	15/136	39.83	Herelleviridae
v38814	12/82	47.90	Schitoviridae
v38818	6/17	38.55	Salasmaviridae
v38824	11/95	47.90	Drexlerviridae
v38827	10/68	39.14	Aliceevansviridae
v38828	6/7	96.07	Microviridae
v38834	3/7	33.03	Microviridae
v38842	3/11	33.03	Salasmaviridae
v38843	5/8	45.72	Microviridae
v38855	6/27	37.65	Autographiviridae
v38857	11/83	48.19	Drexlerviridae
v38858	4/7	45.58	Microviridae
v38860	5/5	50.76	Microviridae
v38870	10/123	48.45	Aliceevansviridae
v38871	7/15	40.31	Guelinviridae
v38876	10/162	34.08	Straboviridae
v38881	6/8	69.35	Microviridae
v38886	6/16	38.58	Salasmaviridae
v38894	11/110	30.13	Herelleviridae
v38895	7/7	90.73	Microviridae
v38896	78/84	80.01	Suoliviridae
v38898	4/20	32.60	Salasmaviridae
v38900	3/14	30.40	Guelinviridae
v38909	12/163	37.50	Herelleviridae
v38911	6/7	84.35	Microviridae
v38913	12/103	46.26	Aliceevansviridae
v38919	6/6	76.08	Microviridae
v38920	8/8	60.79	Microviridae
v38931	7/7	76.53	Microviridae
v38932	9/41	41.58	Aliceevansviridae
v38933	6/18	36.13	Salasmaviridae
v38935	3/9	30.07	Guelinviridae
v38937	4/20	33.98	Salasmaviridae
v38948	2/8	32.15	Guelinviridae
v38956	43/50	60.65	Steigviridae
v38957	7/23	34.49	Guelinviridae
v38958	87/102	68.77	Suoliviridae
v38962	4/7	43.98	Microviridae
v38964	7/7	86.99	Microviridae
v38966	14/58	50.78	Autographiviridae
v38968	5/24	37.20	Guelinviridae
v38969	6/16	34.70	Guelinviridae
v38971	8/9	64.33	Microviridae
v38974	4/8	41.60	Microviridae
v38975	13/205	37.74	Herelleviridae
v38976	7/20	34.83	Salasmaviridae
v38982	10/44	36.94	Casjensviridae
v38984	7/8	75.29	Microviridae
v38985	2/10	35.45	Microviridae
v38990	9/38	50.84	Aliceevansviridae
v38998	15/231	38.49	Herelleviridae
v39003	12/89	53.86	Drexlerviridae
v39006	5/16	47.06	Aliceevansviridae
v39009	7/30	49.44	Aliceevansviridae
v39012	6/8	86.55	Microviridae
v39024	53/54	95.37	Autographiviridae
v39030	2/4	33.35	Microviridae
v39031	6/7	74.65	Microviridae
v39033	10/117	31.81	Herelleviridae
v39042	8/9	78.69	Microviridae
v39047	10/73	44.47	Drexlerviridae
v39049	7/20	37.76	Salasmaviridae
v39053	11/61	39.05	Aliceevansviridae
v39055	82/82	98.16	Drexlerviridae
v39058	5/20	33.16	Salasmaviridae
v39059	8/29	42.86	Drexlerviridae
v39062	11/115	30.60	Herelleviridae
v39066	6/6	76.90	Microviridae
v39069	26/27	85.97	Aliceevansviridae
v39072	7/16	36.56	Salasmaviridae
v39092	7/7	75.17	Microviridae
v39097	8/9	61.19	Microviridae
v39106	2/7	30.55	Microviridae
v39109	7/21	41.36	Salasmaviridae
v39111	18/214	37.08	Herelleviridae
v39117	4/7	37.85	Microviridae
v39121	20/66	47.60	Aliceevansviridae
v39125	5/22	30.02	Salasmaviridae
v39127	51/51	98.76	Autographiviridae
v39134	5/8	40.66	Microviridae
v39136	52/53	96.61	Autographiviridae
v39142	8/9	66.39	Microviridae
v39146	21/26	90.15	Peduoviridae
v39154	61/73	88.52	Autographiviridae
v39156	18/274	35.86	Herelleviridae
v39160	6/16	31.62	Guelinviridae
v39164	11/77	43.15	Drexlerviridae
v39167	6/25	31.70	Salasmaviridae
v39173	7/7	74.36	Microviridae
v39175	6/22	37.77	Salasmaviridae
v39179	11/132	38.07	Herelleviridae
v39181	5/8	48.80	Microviridae
v39182	6/8	82.52	Microviridae
v39187	11/94	41.84	Aliceevansviridae
v39191	41/45	93.73	Peduoviridae
v39197	12/106	43.83	Casjensviridae
v39198	6/15	45.07	Inoviridae
v39209	6/9	51.77	Microviridae
v39212	5/9	46.30	Microviridae
v39213	7/16	40.10	Guelinviridae
v39221	5/21	33.38	Guelinviridae
v39232	82/84	96.76	Drexlerviridae
v39234	6/29	32.95	Casjensviridae
v39235	77/100	68.65	Intestiviridae
v39236	5/9	47.38	Microviridae
v39240	6/8	49.25	Microviridae
v39247	7/10	83.79	Microviridae
v39248	46/50	83.04	Aliceevansviridae
v39249	7/7	77.77	Microviridae
v39252	18/224	46.32	Straboviridae
v39256	7/22	34.41	Salasmaviridae
v39257	35/38	82.08	Peduoviridae
v39266	10/70	38.62	Peduoviridae
v39269	8/25	37.36	Casjensviridae
v39270	7/8	90.90	Microviridae
v39275	13/39	43.35	Aliceevansviridae
v39276	16/66	47.51	Aliceevansviridae
v39286	5/6	53.92	Microviridae
v39287	6/9	39.07	Microviridae
v39299	2/7	38.55	Salasmaviridae
v39300	41/42	97.71	Peduoviridae
v39301	6/7	96.33	Microviridae
v39306	2/9	31.60	Guelinviridae
v39308	6/22	33.25	Salasmaviridae
v39310	8/9	60.38	Microviridae
v39311	10/49	45.13	Aliceevansviridae
v39312	4/8	50.00	Microviridae
v39313	10/52	45.74	Aliceevansviridae
v39314	3/14	31.43	Guelinviridae
v39316	7/10	85.93	Microviridae
v39317	18/263	37.54	Herelleviridae
v39322	61/72	94.17	Peduoviridae
v39326	5/20	33.40	Salasmaviridae
v39327	6/24	42.08	Aliceevansviridae
v39328	5/10	48.08	Microviridae
v39332	12/52	36.27	Casjensviridae
v39339	82/82	98.73	Drexlerviridae
v39340	5/8	49.98	Microviridae
v39352	5/20	35.64	Salasmaviridae
v39354	5/20	33.18	Salasmaviridae
v39356	5/17	32.76	Guelinviridae
v39357	10/44	46.40	Aliceevansviridae
v39359	7/9	67.80	Microviridae
v39360	10/126	41.93	Herelleviridae
v39361	5/8	37.28	Microviridae
v39363	17/171	42.85	Herelleviridae
v39364	7/7	79.03	Microviridae
v39370	5/8	36.64	Microviridae
v39376	4/17	31.12	Guelinviridae
v39382	3/7	38.40	Microviridae
v39383	5/16	33.28	Guelinviridae
v39384	2/8	31.15	Salasmaviridae
v39385	6/9	50.58	Microviridae
v39390	7/8	59.60	Microviridae
v39392	6/19	34.28	Guelinviridae
v39394	19/278	39.18	Herelleviridae
v39403	5/25	39.24	Aliceevansviridae
v39404	10/59	44.94	Aliceevansviridae
v39406	3/9	72.60	Microviridae
v39415	55/56	94.54	Autographiviridae
v39416	33/36	86.22	Peduoviridae
v39417	11/125	33.95	Herelleviridae
v39422	6/19	34.23	Guelinviridae
v39426	6/14	38.23	Salasmaviridae
v39428	5/23	36.44	Salasmaviridae
v39439	7/25	35.10	Guelinviridae
v39443	16/241	41.83	Herelleviridae
v39447	6/18	33.53	Guelinviridae
v39456	5/8	46.38	Microviridae
v39460	7/7	82.04	Microviridae
v39470	4/16	32.08	Salasmaviridae
v39474	4/18	30.60	Guelinviridae
v39479	4/19	32.88	Salasmaviridae
v39481	11/158	35.65	Steigviridae
v39490	13/63	36.82	Aliceevansviridae
v39494	6/8	62.48	Microviridae
v39513	3/5	38.97	Microviridae
v39518	4/15	36.15	Guelinviridae
v39522	6/24	34.43	Salasmaviridae
v39526	5/18	36.60	Salasmaviridae
v39527	3/7	41.27	Microviridae
v39532	33/56	53.93	Peduoviridae
v39535	51/51	96.90	Autographiviridae
v39536	20/23	84.31	Peduoviridae
v39537	13/71	38.43	Mesyanzhinovviridae
v39539	10/113	32.45	Herelleviridae
v39545	13/164	34.47	Herelleviridae
v39560	5/9	41.50	Microviridae
v39564	4/7	35.73	Microviridae
v39566	10/53	50.44	Aliceevansviridae
v39570	7/10	84.73	Microviridae
v39573	7/7	73.14	Microviridae
v39579	6/10	50.57	Microviridae
v39582	3/7	37.83	Microviridae
v39583	8/10	53.44	Microviridae
v39584	7/9	66.57	Microviridae
v39587	10/69	42.76	Aliceevansviridae
v39588	4/6	47.52	Microviridae
v39591	5/8	45.14	Microviridae
v39592	6/6	73.92	Microviridae
v39601	2/7	30.30	Guelinviridae
v39604	11/49	39.59	Winoviridae
v39606	6/8	81.20	Microviridae
v39607	6/8	80.90	Microviridae
v39611	4/19	30.25	Guelinviridae
v39613	47/47	98.46	Autographiviridae
v39637	59/73	82.11	Autographiviridae
v39645	24/206	35.33	Straboviridae
v39646	5/15	31.84	Guelinviridae
v39647	7/9	85.09	Microviridae
v39648	7/9	73.87	Microviridae
v39652	7/7	80.84	Microviridae
v39654	6/6	83.88	Microviridae
v39655	12/108	32.58	Herelleviridae
v39657	7/10	56.94	Microviridae
v39665	9/10	58.46	Microviridae
v39666	5/22	33.70	Salasmaviridae
v39670	8/9	63.54	Microviridae
v39671	4/10	55.42	Microviridae
v39673	7/8	64.44	Microviridae
v39675	5/23	32.46	Salasmaviridae
v39679	7/7	56.84	Microviridae
v39682	7/8	75.69	Microviridae
v39683	7/7	71.34	Microviridae
v39686	9/40	42.76	Aliceevansviridae
v39689	7/8	94.63	Microviridae
v39694	6/7	47.22	Microviridae
v39696	7/9	60.59	Microviridae
v39705	7/7	88.29	Microviridae
v39709	5/9	47.08	Microviridae
v39712	4/6	39.08	Microviridae
v39716	3/7	36.77	Microviridae
v39726	5/7	87.22	Microviridae
v39728	5/16	32.84	Guelinviridae
v39729	3/7	38.23	Microviridae
v39730	4/8	47.67	Microviridae
v39731	104/116	90.15	Steigviridae
v39732	48/49	95.26	Autographiviridae
v39736	4/6	43.25	Microviridae
v39740	6/26	37.77	Salasmaviridae
v39741	4/8	37.60	Microviridae
v39743	4/12	41.70	Microviridae
v39744	77/80	90.80	Suoliviridae
v39757	7/21	37.97	Salasmaviridae
v39767	3/14	35.97	Inoviridae
v39769	7/7	74.83	Microviridae
v39770	3/7	32.10	Microviridae
v39776	7/7	78.19	Microviridae
v39778	7/10	54.19	Microviridae
v39780	3/7	39.00	Microviridae
v39782	19/32	46.27	Autographiviridae
v39785	5/8	42.78	Microviridae
v39792	10/20	92.10	Inoviridae
v39800	66/103	46.86	Steigviridae
v39802	4/9	42.77	Microviridae
v39803	9/9	83.06	Microviridae
v39804	47/47	93.50	Autographiviridae
v39805	7/7	71.49	Microviridae
v39812	10/62	41.59	Aliceevansviridae
v39815	5/21	36.48	Salasmaviridae
v39816	13/211	36.93	Herelleviridae
v39818	8/8	61.62	Microviridae
v39819	10/62	41.60	Winoviridae
v39820	6/9	50.78	Microviridae
v39835	4/14	33.70	Guelinviridae
v39838	6/6	86.33	Microviridae
v39839	6/6	85.03	Microviridae
v39840	5/22	33.76	Salasmaviridae
v39845	23/242	38.75	Herelleviridae
v39848	7/9	82.51	Microviridae
v39849	6/9	84.48	Microviridae
v39852	7/24	40.39	Salasmaviridae
v39857	6/6	83.77	Microviridae
v39861	10/144	46.23	Aliceevansviridae
v39867	32/64	60.48	Autographiviridae
v39868	33/37	93.52	Autographiviridae
v39869	33/36	84.46	Aliceevansviridae
v39872	7/10	86.70	Microviridae
v39877	5/7	42.14	Microviridae
v39881	10/111	43.36	Aliceevansviridae
v39884	4/18	30.60	Guelinviridae
v39888	86/103	86.45	Intestiviridae
v39891	6/20	36.53	Salasmaviridae
v39903	35/214	47.21	Steigviridae
v39907	9/29	36.61	Peduoviridae
v39908	8/8	51.45	Microviridae
v39910	6/16	45.17	Aliceevansviridae
v39911	7/21	44.60	Guelinviridae
v39919	26/34	88.38	Peduoviridae
v39923	38/40	76.93	Aliceevansviridae
v39924	7/21	38.16	Salasmaviridae
v39925	10/199	40.34	Suoliviridae
v39926	11/65	47.75	Herelleviridae
v39928	7/8	59.54	Microviridae
v39929	7/32	42.70	Aliceevansviridae
v39930	2/7	30.90	Microviridae
v39931	5/19	32.80	Guelinviridae
v39939	13/61	48.35	Aliceevansviridae
v39940	13/31	50.95	Aliceevansviridae
v39943	6/7	68.93	Microviridae
v39945	21/282	38.43	Herelleviridae
v39946	1/1	98.50	Iflaviridae
v39955	7/10	78.91	Microviridae
v39956	12/187	39.42	Herelleviridae
v39961	4/6	62.00	Microviridae
v39965	18/117	40.59	Herelleviridae
v39968	5/7	45.74	Microviridae
v39973	4/20	44.95	Guelinviridae
v39981	31/53	49.62	Peduoviridae
v39988	4/5	98.05	Retroviridae
v39996	13/45	41.48	Autographiviridae
v39997	10/74	43.05	Aliceevansviridae
v40004	38/43	72.14	Peduoviridae
v40014	10/176	32.10	Straboviridae
v40019	6/16	38.50	Salasmaviridae
v40022	86/93	91.24	Intestiviridae
v40029	11/100	41.66	Aliceevansviridae
v40032	6/8	83.77	Microviridae
v40038	6/7	93.92	Microviridae
v40041	50/56	85.36	Aliceevansviridae
v40042	22/52	48.96	Aliceevansviridae
v40043	3/13	30.57	Guelinviridae
v40047	3/3	97.97	Alphaflexiviridae
v40050	10/218	39.59	Herelleviridae
v40052	6/9	65.90	Microviridae
v40060	4/18	31.45	Guelinviridae
v40064	13/80	44.05	Herelleviridae
v40070	6/21	33.48	Salasmaviridae
v40072	11/98	33.35	Herelleviridae
v40075	9/15	67.20	Microviridae
v40076	5/25	41.64	Aliceevansviridae
v40077	7/28	41.44	Aliceevansviridae
v40082	11/83	47.31	Drexlerviridae
v40085	16/236	38.02	Herelleviridae
v40088	5/22	49.64	Aliceevansviridae
v40091	45/51	68.63	Steigviridae
v40096	8/10	88.22	Microviridae
v40097	11/70	42.01	Aliceevansviridae
v40099	44/54	70.55	Aliceevansviridae
v40107	6/9	68.07	Microviridae
v40108	7/9	64.21	Microviridae
v40109	4/5	48.98	Microviridae
v40111	4/7	41.65	Microviridae
v40112	3/15	30.07	Guelinviridae
v40113	12/54	49.99	Aliceevansviridae
v40119	4/8	37.73	Microviridae
v40129	4/9	41.02	Microviridae
v40140	9/28	43.12	Aliceevansviridae
v40141	17/147	37.82	Herelleviridae
v40151	3/15	54.93	Aliceevansviridae
v40160	80/83	94.90	Schitoviridae
v40164	6/10	63.92	Microviridae
v40166	22/35	63.99	Aliceevansviridae
v40170	6/6	87.52	Microviridae
v40172	12/103	46.61	Drexlerviridae
v40173	8/35	42.96	Aliceevansviridae
v40178	37/242	43.96	Straboviridae
v40190	9/20	38.72	Rountreeviridae
v40192	12/54	41.10	Aliceevansviridae
v40194	30/61	55.82	Aliceevansviridae
v40196	12/125	32.27	Herelleviridae
v40198	13/195	38.81	Herelleviridae
v40203	11/247	34.83	Straboviridae
v40206	7/25	40.77	Aliceevansviridae
v40217	81/86	89.80	Intestiviridae
v40220	64/179	41.08	Herelleviridae
v40238	6/23	34.65	Salasmaviridae
v40241	18/212	37.68	Herelleviridae
v40262	8/36	39.19	Aliceevansviridae
v40263	22/177	44.09	Herelleviridae
v40264	32/224	47.23	Steigviridae
v40265	7/19	37.79	Guelinviridae
v40266	13/40	62.85	Aliceevansviridae
v40267	3/13	52.70	Aliceevansviridae
v40277	3/15	30.07	Guelinviridae
v40279	6/6	84.20	Microviridae
v40287	2/7	30.10	Guelinviridae
v40291	4/9	46.67	Microviridae
v40294	3/11	48.17	Microviridae
v40301	30/40	71.88	Aliceevansviridae
v40303	13/63	33.14	Herelleviridae
v40315	8/39	45.19	Aliceevansviridae
v40331	4/13	33.23	Guelinviridae
v40332	87/91	94.64	Schitoviridae
v40339	98/102	88.52	Steigviridae
v40346	6/21	31.83	Salasmaviridae
v40347	11/134	48.71	Aliceevansviridae
v40353	27/58	58.54	Aliceevansviridae
v40357	19/25	65.31	Aliceevansviridae
v40362	10/62	38.27	Aliceevansviridae
v40364	18/216	45.29	Herelleviridae
v40366	4/18	30.90	Guelinviridae
v40367	7/8	63.13	Microviridae
v40370	15/223	40.49	Herelleviridae
v40378	11/98	40.76	Herelleviridae
v40382	26/214	48.43	Steigviridae
v40383	6/8	96.77	Microviridae
v40387	26/81	38.98	Straboviridae
v40393	6/14	38.77	Salasmaviridae
v40395	15/165	43.74	Aliceevansviridae
v40398	6/18	33.98	Salasmaviridae
v40399	7/8	81.37	Microviridae
v40400	5/9	46.66	Microviridae
v40401	4/6	37.95	Microviridae
v40403	6/8	65.08	Microviridae
v40404	9/28	35.76	Guelinviridae
v40408	12/186	43.78	Herelleviridae
v40418	95/109	92.11	Suoliviridae
v40419	4/17	33.08	Guelinviridae
v40420	97/102	94.83	Suoliviridae
v40423	10/126	48.91	Aliceevansviridae
v40425	10/212	37.94	Herelleviridae
v40431	19/159	37.83	Herelleviridae
v40434	23/48	69.22	Aliceevansviridae
v40435	106/113	94.13	Steigviridae
v40439	50/58	78.82	Aliceevansviridae
v40440	11/51	47.10	Aliceevansviridae
v40445	8/31	48.10	Drexlerviridae
v40446	11/95	41.30	Aliceevansviridae
v40448	50/57	87.70	Aliceevansviridae
v40454	5/21	34.12	Salasmaviridae
v40458	5/16	32.92	Guelinviridae
v40461	22/207	38.52	Herelleviridae
v40464	6/21	44.42	Aliceevansviridae
v40471	13/79	46.72	Drexlerviridae
v40476	2/2	98.50	Fusariviridae
v40479	5/18	32.94	Guelinviridae
v40486	10/64	42.96	Aliceevansviridae
v40493	21/225	43.08	Herelleviridae
v40497	9/31	39.43	Aliceevansviridae
v40500	20/59	48.93	Aliceevansviridae
v40501	8/9	64.12	Microviridae
v40503	39/43	78.29	Aliceevansviridae
v40506	10/58	41.85	Aliceevansviridae
v40510	6/9	80.07	Microviridae
v40515	7/8	96.09	Microviridae
v40519	50/84	51.88	Intestiviridae
v40524	12/48	40.85	Winoviridae
v40530	12/148	46.12	Suoliviridae
v40534	5/17	46.64	Aliceevansviridae
v40543	19/228	38.17	Herelleviridae
v40549	7/8	87.34	Microviridae
v40551	5/25	30.88	Salasmaviridae
v40555	11/20	48.37	Salasmaviridae
v40575	21/28	70.85	Peduoviridae
v40584	5/24	33.96	Salasmaviridae
v40589	26/314	38.46	Herelleviridae
v40591	2/7	38.35	Salasmaviridae
v40593	7/10	87.64	Microviridae
v40602	26/58	48.50	Autographiviridae
v40606	11/49	40.47	Aliceevansviridae
v40608	4/17	44.15	Aliceevansviridae
v40619	31/33	94.29	Peduoviridae
v40632	11/185	38.92	Herelleviridae
v40634	7/7	90.86	Microviridae
v40638	4/9	43.42	Microviridae
v40639	14/102	40.02	Herelleviridae
v40641	6/6	89.97	Microviridae
v40644	5/22	33.04	Guelinviridae
v40646	4/8	45.83	Microviridae
v40647	10/179	42.56	Suoliviridae
v40652	34/109	41.61	Steigviridae
v40656	40/42	89.81	Peduoviridae
v40658	10/30	44.01	Aliceevansviridae
v40662	13/141	39.28	Suoliviridae
v40664	2/10	30.45	Salasmaviridae
v40668	10/62	40.37	Aliceevansviridae
v40669	7/10	87.87	Microviridae
v40671	7/10	89.30	Microviridae
v40674	3/12	30.20	Guelinviridae
v40689	42/43	94.19	Peduoviridae
v40691	6/29	42.33	Drexlerviridae
v40700	6/6	72.43	Microviridae
v40701	5/8	45.94	Microviridae
v40702	9/32	46.18	Aliceevansviridae
v40709	7/11	81.26	Microviridae
v40710	16/27	58.02	Guelinviridae
v40713	4/12	37.67	Aliceevansviridae
v40714	6/9	52.50	Microviridae
v40715	8/9	87.46	Microviridae
v40723	4/16	33.73	Guelinviridae
v40724	23/61	53.00	Aliceevansviridae
v40739	16/171	41.93	Herelleviridae
v40741	12/121	35.64	Herelleviridae
v40742	2/5	30.15	Microviridae
v40745	40/41	81.24	Aliceevansviridae
v40748	15/25	59.29	Guelinviridae
v40753	39/67	61.87	Autographiviridae
v40754	12/56	52.75	Autographiviridae
v40755	24/182	39.18	Herelleviridae
v40767	4/15	30.88	Guelinviridae
v40769	5/20	32.80	Guelinviridae
v40776	7/8	94.31	Microviridae
v40784	5/5	81.26	Microviridae
v40786	4/17	31.05	Guelinviridae
v40794	42/47	80.57	Aliceevansviridae
v40796	6/8	43.80	Microviridae
v40802	12/51	47.17	Aliceevansviridae
v40810	7/9	83.77	Microviridae
v40811	11/89	53.71	Drexlerviridae
v40814	12/78	43.57	Aliceevansviridae
v40818	7/8	91.10	Microviridae
v40822	93/100	75.56	Suoliviridae
v40829	5/9	50.30	Microviridae
v40847	17/205	41.03	Herelleviridae
v40851	3/7	37.07	Microviridae
v40853	9/9	82.50	Microviridae
v40858	17/142	39.89	Herelleviridae
v40859	5/21	33.24	Salasmaviridae
v40861	3/8	38.33	Microviridae
v40862	16/231	41.98	Herelleviridae
v40865	12/52	44.83	Aliceevansviridae
v40875	6/8	56.68	Microviridae
v40877	7/7	80.39	Microviridae
v40881	15/108	40.14	Aliceevansviridae
v40886	33/47	93.54	Peduoviridae
v40898	8/39	38.15	Aliceevansviridae
v40909	5/6	66.36	Microviridae
v40915	10/51	45.15	Aliceevansviridae
v40922	12/132	41.03	Herelleviridae
v40923	80/83	95.52	Casjensviridae
v40924	7/7	67.60	Microviridae
v40932	12/212	45.17	Herelleviridae
v40938	22/24	75.96	Aliceevansviridae
v40941	7/10	83.33	Microviridae
v40943	35/39	95.96	Peduoviridae
v40956	60/60	93.33	Suoliviridae
v40959	12/67	45.71	Herelleviridae
v40965	7/7	83.80	Microviridae
v40979	6/10	82.00	Microviridae
v40982	8/33	44.46	Aliceevansviridae
v40990	84/115	56.36	Steigviridae
v40991	4/20	32.30	Salasmaviridae
v40999	9/44	39.99	Aliceevansviridae
v41000	56/57	95.57	Autographiviridae
v41003	37/57	61.07	Aliceevansviridae
v41008	26/211	46.96	Steigviridae
v41013	6/8	77.23	Microviridae
v41014	7/9	84.40	Microviridae
v41022	4/8	46.30	Microviridae
v41026	11/133	47.44	Herelleviridae
v41029	5/23	33.62	Salasmaviridae
v41030	5/24	33.04	Salasmaviridae
v41031	12/45	35.75	Winoviridae
v41037	18/199	42.29	Herelleviridae
v41038	4/8	43.83	Microviridae
v41042	8/10	67.47	Microviridae
v41044	7/9	83.76	Microviridae
v41045	39/42	78.92	Aliceevansviridae
v41047	15/44	56.26	Aliceevansviridae
v41051	24/273	38.87	Herelleviridae
v41055	20/321	37.93	Herelleviridae
v41064	7/9	84.20	Microviridae
v41074	46/49	87.59	Aliceevansviridae
v41076	15/152	36.51	Herelleviridae
v41079	23/211	39.52	Herelleviridae
v41083	14/196	41.50	Steigviridae
v41085	7/35	41.03	Aliceevansviridae
v41086	10/177	32.30	Herelleviridae
v41089	6/28	41.90	Aliceevansviridae
v41092	5/22	35.68	Salasmaviridae
v41094	7/29	34.03	Salasmaviridae
v41102	6/10	64.07	Microviridae
v41116	13/98	42.05	Aliceevansviridae
v41118	29/365	38.18	Herelleviridae
v41125	7/7	85.04	Microviridae
v41133	11/102	31.92	Herelleviridae
v41137	5/17	34.16	Guelinviridae
v41149	11/141	38.80	Herelleviridae
v41151	102/111	90.78	Steigviridae
v41152	11/129	46.07	Aliceevansviridae
v41161	6/7	52.80	Microviridae
v41165	37/120	52.07	Grimontviridae
v41170	10/10	60.28	Microviridae
v41174	7/9	87.43	Microviridae
v41181	11/174	41.02	Herelleviridae
v41182	12/99	34.88	Herelleviridae
v41184	2/10	42.75	Aliceevansviridae
v41187	9/32	38.62	Winoviridae
v41190	51/56	78.76	Aliceevansviridae
v41192	10/142	38.22	Herelleviridae
v41196	17/210	36.18	Herelleviridae
v41202	13/200	42.64	Suoliviridae
v41203	6/29	32.40	Aliceevansviridae
v41205	18/220	39.42	Herelleviridae
v41209	24/295	39.39	Herelleviridae
v41215	7/9	82.33	Microviridae
v41219	15/155	45.87	Herelleviridae
v41230	8/11	88.31	Microviridae
v41253	6/8	72.83	Microviridae
v41254	16/22	94.28	Peduoviridae
v41263	13/82	42.42	Aliceevansviridae
v41267	111/118	85.56	Steigviridae
v41270	23/58	55.69	Aliceevansviridae
v41273	14/113	43.39	Herelleviridae
v41274	4/19	33.33	Salasmaviridae
v41278	10/109	43.24	Herelleviridae
v41284	31/54	50.08	Peduoviridae
v41287	6/27	38.77	Aliceevansviridae
v41301	14/108	44.94	Aliceevansviridae
v41303	7/7	75.61	Microviridae
v41305	6/15	41.98	Guelinviridae
v41309	10/146	38.77	Aliceevansviridae
v41313	8/35	37.91	Aliceevansviridae
v41314	4/14	34.75	Guelinviridae
v41319	10/93	40.68	Aliceevansviridae
v41332	4/9	46.52	Microviridae
v41339	5/24	32.68	Guelinviridae
v41340	5/23	32.74	Salasmaviridae
v41341	12/206	38.48	Suoliviridae
v41346	14/214	39.76	Herelleviridae
v41349	7/22	34.66	Guelinviridae
v41353	7/18	32.73	Guelinviridae
v41359	14/155	41.84	Herelleviridae
v41368	12/25	55.57	Rountreeviridae
v41369	12/43	53.27	Aliceevansviridae
v41373	10/73	46.35	Aliceevansviridae
v41377	11/126	32.09	Herelleviridae
v41386	19/19	79.43	Aliceevansviridae
v41392	7/20	35.24	Salasmaviridae
v41393	154/154	98.92	Demerecviridae
v41395	5/5	52.24	Microviridae
v41396	50/60	77.07	Aliceevansviridae
v41398	27/305	39.00	Herelleviridae
v41401	7/9	85.21	Microviridae
v41402	13/52	49.18	Aliceevansviridae
v41404	74/101	65.96	Suoliviridae
v41414	7/8	94.83	Microviridae
v41419	27/179	39.45	Herelleviridae
v41421	14/150	36.02	Winoviridae
v41424	3/3	99.10	Alphaflexiviridae
v41425	5/7	40.28	Microviridae
v41435	5/8	38.52	Microviridae
v41440	7/10	85.99	Microviridae
v41446	15/41	45.19	Aliceevansviridae
v41450	8/39	39.74	Aliceevansviridae
v41463	7/23	31.86	Salasmaviridae
v41471	7/7	90.17	Microviridae
v41472	7/31	34.71	Casjensviridae
v41473	48/57	86.56	Aliceevansviridae
v41477	6/6	76.80	Microviridae
v41478	10/51	41.47	Winoviridae
v41479	12/127	38.81	Aliceevansviridae
v41481	12/200	40.73	Suoliviridae
v41483	13/131	48.15	Aliceevansviridae
v41489	7/7	86.07	Microviridae
v41493	13/75	38.74	Aliceevansviridae
v41494	14/183	39.66	Herelleviridae
v41496	6/7	95.53	Microviridae
v41497	5/18	32.64	Guelinviridae
v41511	10/105	42.10	Steigviridae
v41512	8/37	44.56	Aliceevansviridae
v41514	18/50	60.44	Aliceevansviridae
v41515	50/54	82.07	Aliceevansviridae
v41516	7/19	40.04	Salasmaviridae
v41517	14/166	39.48	Herelleviridae
v41518	15/39	51.62	Aliceevansviridae
v41521	6/7	86.77	Microviridae
v41531	7/18	34.47	Salasmaviridae
v41538	6/9	71.75	Inoviridae
v41548	11/58	39.24	Aliceevansviridae
v41549	38/63	65.09	Aliceevansviridae
v41554	14/75	42.78	Aliceevansviridae
v41555	22/51	52.10	Aliceevansviridae
v41559	10/43	49.37	Drexlerviridae
v41562	4/10	38.70	Microviridae
v41566	19/50	46.31	Aliceevansviridae
v41567	43/57	63.82	Aliceevansviridae
v41581	39/52	92.71	Peduoviridae
v41588	14/75	45.26	Aliceevansviridae
v41589	19/62	47.78	Aliceevansviridae
v41592	15/65	40.85	Aliceevansviridae
v41594	13/80	44.53	Aliceevansviridae
v41595	15/68	42.16	Aliceevansviridae
v41601	50/56	76.93	Aliceevansviridae
v41603	37/56	65.83	Aliceevansviridae
v41604	11/56	44.87	Aliceevansviridae
v41605	11/40	41.55	Aliceevansviridae
v41606	4/20	63.33	Aliceevansviridae
v41608	20/52	48.49	Aliceevansviridae
v41612	14/46	48.32	Aliceevansviridae
v41613	19/61	47.64	Aliceevansviridae
v41621	12/51	39.51	Winoviridae
v41625	43/53	69.29	Peduoviridae
v41639	13/113	39.90	Aliceevansviridae
v41651	10/172	35.65	Herelleviridae
v41655	27/28	84.86	Peduoviridae
v41670	11/175	44.50	Herelleviridae
v41673	14/212	40.08	Herelleviridae
v41681	35/56	61.97	Aliceevansviridae
v41683	22/66	43.85	Aliceevansviridae
v41696	12/60	56.34	Peduoviridae
v41697	11/58	39.58	Aliceevansviridae
v41700	7/8	83.07	Microviridae
v41714	21/283	37.67	Herelleviridae
v41742	10/55	47.37	Aliceevansviridae
v41746	4/6	90.35	Microviridae
v41755	11/106	36.31	Herelleviridae
v41758	7/26	43.61	Drexlerviridae
v41762	11/63	40.96	Aliceevansviridae
v41768	11/133	42.22	Herelleviridae
v41774	13/31	48.95	Aliceevansviridae
v41775	22/68	46.77	Aliceevansviridae
v41786	34/62	64.59	Aliceevansviridae
v41794	10/62	49.62	Drexlerviridae
v41802	14/50	42.18	Autographiviridae
v41803	41/50	91.43	Peduoviridae
v41804	23/226	38.72	Herelleviridae
v41827	4/8	89.03	Microviridae
v41833	19/211	36.54	Herelleviridae
v41834	13/184	40.82	Herelleviridae
v41849	18/185	39.54	Herelleviridae
v41860	10/69	38.69	Aliceevansviridae
v41861	38/58	63.06	Aliceevansviridae
v41862	12/45	40.72	Aliceevansviridae
v41863	20/47	40.53	Aliceevansviridae
v41864	12/59	40.57	Aliceevansviridae
v41879	11/153	41.65	Herelleviridae
v41895	17/205	41.61	Herelleviridae
v41896	10/41	47.50	Aliceevansviridae
v41904	10/64	46.20	Aliceevansviridae
v41905	14/66	35.99	Winoviridae
v41910	11/194	38.90	Herelleviridae
v41911	12/371	36.08	Herelleviridae
v41917	15/116	36.08	Aliceevansviridae
v41924	18/51	63.76	Aliceevansviridae
v41935	11/57	40.80	Aliceevansviridae
v41936	8/39	49.88	Aliceevansviridae
v41937	2/6	56.95	Inoviridae
v41938	24/48	63.11	Aliceevansviridae
v41951	10/60	46.41	Aliceevansviridae
v41952	10/51	42.56	Aliceevansviridae
v41956	8/35	38.62	Aliceevansviridae
v41973	15/204	39.67	Herelleviridae
v41978	17/50	45.18	Aliceevansviridae
v41991	11/55	42.95	Aliceevansviridae
v41995	11/220	39.35	Herelleviridae
v42004	11/44	46.30	Aliceevansviridae
v42011	39/41	90.43	Peduoviridae
v42013	14/70	41.23	Aliceevansviridae
v42014	18/269	42.42	Herelleviridae
v42020	10/78	44.60	Aliceevansviridae
v42031	12/33	47.84	Aliceevansviridae
v42032	11/57	44.57	Aliceevansviridae
v42033	34/38	83.44	Peduoviridae
v42034	13/84	44.05	Aliceevansviridae
v42035	10/62	46.34	Aliceevansviridae
v42046	19/196	40.47	Herelleviridae
v42048	58/68	76.93	Aliceevansviridae
v42050	47/50	92.60	Aliceevansviridae
v42052	12/76	43.23	Aliceevansviridae
v42055	8/31	49.59	Drexlerviridae
v42057	12/202	37.12	Aliceevansviridae
v42059	16/216	38.12	Herelleviridae
v42060	10/80	40.43	Aliceevansviridae
v42061	20/48	47.84	Aliceevansviridae
v42076	6/29	32.42	Casjensviridae
v42078	23/23	90.46	Aliceevansviridae
v42082	13/63	43.48	Aliceevansviridae
v42101	11/318	37.46	Herelleviridae
v42119	5/9	90.24	Microviridae
v42125	18/76	40.32	Aliceevansviridae
v42126	10/65	46.76	Aliceevansviridae
v42128	10/74	41.76	Aliceevansviridae
v42129	18/69	41.63	Aliceevansviridae
v42134	12/64	43.77	Aliceevansviridae
v42145	37/46	82.47	Peduoviridae
v42149	12/62	42.86	Aliceevansviridae
v42154	10/93	43.71	Aliceevansviridae
v42173	7/30	43.41	Aliceevansviridae
v42181	12/102	42.86	Aliceevansviridae
v42193	13/130	48.41	Aliceevansviridae
v42196	27/31	88.61	Peduoviridae
v42203	15/202	43.85	Herelleviridae
v42208	8/10	54.25	Microviridae
v42209	13/158	39.16	Herelleviridae
v42222	6/17	45.38	Aliceevansviridae
v42223	25/247	42.41	Herelleviridae
v42232	16/185	41.38	Herelleviridae
v42242	14/58	45.74	Aliceevansviridae
v42243	4/18	47.30	Aliceevansviridae
v42244	16/65	48.15	Aliceevansviridae
v42245	13/63	43.37	Aliceevansviridae
v42246	14/128	38.72	Herelleviridae
v42247	11/55	39.29	Aliceevansviridae
v42258	20/120	42.12	Aliceevansviridae
v42274	17/56	48.41	Aliceevansviridae
v42286	11/170	39.78	Herelleviridae
v42288	10/206	42.75	Herelleviridae
v42300	14/142	40.52	Herelleviridae
v42301	14/44	47.34	Aliceevansviridae
v42303	11/49	35.76	Winoviridae
v42319	20/290	38.48	Herelleviridae
v42320	36/62	65.47	Aliceevansviridae
v42338	7/9	82.86	Inoviridae
v42349	10/217	37.38	Herelleviridae
v42355	6/9	84.93	Inoviridae
v42367	24/476	37.83	Herelleviridae
v42369	11/148	36.65	Herelleviridae
v42370	16/126	41.41	Herelleviridae
v42372	3/6	46.17	Inoviridae
v42386	11/322	33.63	Herelleviridae
v42412	12/157	45.02	Herelleviridae
v42413	4/14	44.08	Inoviridae
v42426	15/158	40.35	Herelleviridae
v42431	4/14	67.92	Microviridae
v42434	7/8	84.91	Inoviridae
v42442	4/14	46.52	Inoviridae
v42447	3/11	45.07	Inoviridae
v42460	25/270	42.80	Herelleviridae
v42464	17/162	39.55	Herelleviridae
v42482	18/66	42.27	Aliceevansviridae
v42491	9/34	52.50	Aliceevansviridae
v42500	16/231	37.38	Herelleviridae
v42511	1/3	37.30	Mimiviridae
v42512	19/58	45.69	Aliceevansviridae
v42532	11/52	44.18	Suoliviridae
v42534	18/208	41.22	Herelleviridae
v42557	13/60	43.88	Aliceevansviridae
v42568	8/38	38.59	Aliceevansviridae
v42570	10/197	41.93	Herelleviridae
v42573	14/169	35.65	Aliceevansviridae
v42591	10/51	40.37	Aliceevansviridae
v42595	1/5	33.30	Circoviridae
v42597	17/40	62.91	Aliceevansviridae
v42599	7/33	35.63	Peduoviridae
v42600	11/208	37.48	Herelleviridae
v42608	22/320	37.88	Herelleviridae
v42611	4/16	46.95	Aliceevansviridae
v42613	13/74	49.27	Aliceevansviridae
v42618	13/52	39.92	Aliceevansviridae
v42640	4/6	60.12	Microviridae
v42647	10/106	35.43	Aliceevansviridae
v42655	11/180	36.20	Herelleviridae
v42657	14/220	39.10	Herelleviridae
v42660	20/57	46.96	Aliceevansviridae
v42670	12/42	37.74	Aliceevansviridae
v42725	12/69	39.87	Aliceevansviridae
v42733	17/157	43.76	Herelleviridae
v42739	22/33	65.76	Aliceevansviridae
v42741	42/50	96.40	Peduoviridae
v42743	10/57	36.60	Aliceevansviridae
v42774	13/282	38.59	Herelleviridae
v42778	13/211	43.37	Herelleviridae
v42781	50/56	89.27	Aliceevansviridae
v42821	11/69	36.62	Aliceevansviridae
v42831	10/76	40.39	Aliceevansviridae
v42832	6/12	92.83	Microviridae
v42833	15/102	46.84	Aliceevansviridae
v42840	11/166	45.65	Herelleviridae
v42841	10/43	48.04	Aliceevansviridae
v42857	8/36	35.19	Winoviridae
v42861	42/63	60.51	Aliceevansviridae
v42863	13/37	45.65	Aliceevansviridae
v42876	10/97	46.01	Suoliviridae
v42881	21/215	39.53	Herelleviridae
v42890	8/9	85.91	Inoviridae
v42918	41/44	87.79	Peduoviridae
v42920	10/57	46.01	Aliceevansviridae
v42924	48/52	77.10	Aliceevansviridae
v42928	46/50	80.48	Aliceevansviridae
v42933	13/53	45.82	Aliceevansviridae
v42934	11/82	37.13	Aliceevansviridae
v42935	11/184	39.31	Herelleviridae
v42936	12/59	37.30	Aliceevansviridae
v42944	6/27	40.57	Aliceevansviridae
v42959	13/221	43.72	Herelleviridae
v42963	5/25	43.00	Aliceevansviridae
v42969	14/216	41.59	Herelleviridae
v42975	17/367	36.97	Herelleviridae
v42980	20/47	46.09	Aliceevansviridae
v42982	29/32	81.77	Aliceevansviridae
v42984	9/44	39.26	Aliceevansviridae
v42987	17/228	42.89	Herelleviridae
v42993	12/51	36.31	Winoviridae
v43002	13/68	37.70	Aliceevansviridae
v43005	8/10	65.78	Microviridae
v43010	17/159	43.86	Herelleviridae
v43014	16/69	46.97	Aliceevansviridae
v43017	15/215	40.91	Herelleviridae
v43020	14/161	42.46	Herelleviridae
v43024	23/56	51.10	Aliceevansviridae
v43025	10/148	42.53	Aliceevansviridae
v43027	12/67	41.26	Aliceevansviridae
v43028	12/57	45.54	Peduoviridae
v43039	10/193	36.46	Herelleviridae
v43040	13/58	45.95	Aliceevansviridae
v43042	5/22	47.80	Aliceevansviridae
v43044	33/43	90.01	Peduoviridae
v43047	13/128	49.29	Peduoviridae
v43050	11/97	44.89	Aliceevansviridae
v43051	12/270	41.08	Herelleviridae
v43067	13/77	38.15	Aliceevansviridae
v43069	20/212	38.73	Herelleviridae
v43074	8/34	40.86	Aliceevansviridae
v43079	10/88	41.01	Aliceevansviridae
v43084	6/13	47.58	Microviridae
v43092	10/50	48.23	Aliceevansviridae
v43093	10/53	40.00	Aliceevansviridae
v43100	17/40	55.24	Aliceevansviridae
v43109	14/188	39.23	Herelleviridae
v43115	18/88	42.42	Aliceevansviridae
v43121	13/62	38.52	Aliceevansviridae
v43127	12/65	41.54	Aliceevansviridae
v43134	11/35	48.05	Aliceevansviridae
v43137	43/50	93.38	Peduoviridae
v43140	19/58	55.99	Aliceevansviridae
v43155	16/366	33.59	Herelleviridae
v43156	6/10	56.57	Inoviridae
v43163	12/66	40.62	Aliceevansviridae
v43168	10/74	43.27	Aliceevansviridae
v43186	12/55	42.13	Aliceevansviridae
v43188	10/93	38.23	Aliceevansviridae
v43194	9/37	38.53	Anaerodiviridae
v43198	10/73	42.66	Aliceevansviridae
v43201	3/7	34.10	Microviridae
v43203	18/315	44.43	Herelleviridae
v43227	10/131	46.89	Aliceevansviridae
v43232	11/137	30.75	Mimiviridae
v43234	18/399	38.71	Herelleviridae
v43237	10/336	35.77	Herelleviridae
v43246	11/38	38.12	Aliceevansviridae
v43249	26/27	89.45	Peduoviridae
v43253	23/62	48.13	Aliceevansviridae
v43256	12/49	43.23	Aliceevansviridae
v43261	57/62	83.64	Aliceevansviridae
v43266	10/51	36.58	Aliceevansviridae
v43268	25/299	39.54	Herelleviridae
v43273	10/48	50.38	Aliceevansviridae
v43278	10/175	37.67	Herelleviridae
v43280	11/61	39.49	Aliceevansviridae
v43293	23/214	39.84	Herelleviridae
v43295	4/12	35.05	Microviridae
v43298	38/54	59.80	Aliceevansviridae
v43299	36/71	61.33	Aliceevansviridae
v43301	5/16	43.20	Aliceevansviridae
v43302	11/48	36.19	Aliceevansviridae
v43303	14/31	50.06	Aliceevansviridae
v43311	19/245	39.34	Herelleviridae
v43314	11/48	42.83	Aliceevansviridae
v43315	3/8	46.47	Microviridae
v43318	20/23	94.25	Peduoviridae
v43326	6/9	94.10	Inoviridae
v43332	3/13	55.30	Inoviridae
v43335	3/12	44.17	Inoviridae
v43341	13/211	37.69	Herelleviridae
v43343	40/45	96.78	Peduoviridae
v43345	11/51	45.87	Aliceevansviridae
v43362	9/44	41.89	Aliceevansviridae
v43365	32/37	73.83	Peduoviridae
v43370	35/37	75.86	Peduoviridae
v43372	10/39	42.16	Aliceevansviridae
v43380	7/35	36.16	Winoviridae
v43383	9/38	40.16	Aliceevansviridae
v43394	11/64	50.12	Drexlerviridae
v43410	3/11	50.33	Peduoviridae
v43414	16/45	43.73	Autographiviridae
v43416	10/60	52.14	Aliceevansviridae
v43419	7/30	43.83	Aliceevansviridae
v43421	10/38	41.70	Aliceevansviridae
v43422	4/8	57.27	Microviridae
v43429	41/46	86.38	Peduoviridae
v43452	9/38	48.06	Aliceevansviridae
v43455	17/109	41.68	Aliceevansviridae
v43461	17/69	41.61	Aliceevansviridae
v43462	10/46	43.49	Aliceevansviridae
v43480	12/59	44.41	Aliceevansviridae
v43484	18/50	47.33	Aliceevansviridae
v43487	38/50	87.51	Peduoviridae
v43488	10/49	41.38	Aliceevansviridae
v43497	6/7	60.98	Microviridae
v43499	8/39	39.85	Aliceevansviridae
v43506	7/10	77.41	Inoviridae
v43525	29/50	56.10	Peduoviridae
v43533	39/50	76.03	Peduoviridae
v43534	5/10	67.72	Microviridae
v43540	39/46	93.16	Peduoviridae
v43544	10/61	42.18	Winoviridae
v43557	10/54	45.68	Aliceevansviridae
v43558	11/67	40.26	Aliceevansviridae
v43584	34/40	74.04	Peduoviridae
v43594	10/105	45.18	Aliceevansviridae
v43599	10/73	37.61	Aliceevansviridae
v43600	12/178	47.04	Herelleviridae
v43635	35/37	76.74	Peduoviridae
v43637	17/63	43.86	Aliceevansviridae
v43639	16/47	44.81	Aliceevansviridae
v43659	28/54	55.97	Autographiviridae
v43662	11/33	38.48	Drexlerviridae
v43690	7/9	81.54	Inoviridae
v43701	11/86	45.17	Herelleviridae
v43708	12/168	40.15	Herelleviridae
v43730	7/26	39.59	Drexlerviridae
v43738	41/44	94.93	Peduoviridae
v43751	11/52	46.50	Aliceevansviridae
v43763	22/56	59.42	Aliceevansviridae
v43777	28/301	39.60	Herelleviridae
v43779	14/243	42.74	Herelleviridae
v43782	13/91	49.90	Aliceevansviridae
v43786	24/51	51.10	Aliceevansviridae
v43800	10/64	42.59	Aliceevansviridae
v43810	32/63	61.57	Aliceevansviridae
v43811	15/95	42.53	Aliceevansviridae
v43818	20/55	44.63	Autographiviridae
v43822	36/50	84.14	Peduoviridae
v43824	21/41	52.08	Aliceevansviridae
v43834	14/62	36.02	Winoviridae
v43845	2/10	56.55	Inoviridae
v43849	6/9	95.38	Inoviridae
v43861	8/29	46.79	Drexlerviridae
v43863	31/32	93.10	Peduoviridae
v43865	39/43	93.97	Peduoviridae
v43875	11/63	39.70	Aliceevansviridae
v43880	4/9	45.95	Microviridae
v43881	17/229	38.95	Herelleviridae
v43896	14/49	37.87	Winoviridae
v43898	18/24	74.96	Peduoviridae
v43928	33/50	81.78	Peduoviridae
v43929	4/8	39.33	Microviridae
v43949	22/84	45.20	Aliceevansviridae
v43950	18/61	46.22	Aliceevansviridae
v43951	10/54	44.44	Aliceevansviridae
v43958	39/50	98.74	Peduoviridae
v43966	10/52	43.22	Aliceevansviridae
v43974	4/15	42.17	Microviridae
v43998	8/24	99.85	Microviridae
v44005	3/10	56.60	Inoviridae
v44006	21/459	40.08	Herelleviridae
v44091	7/10	95.54	Inoviridae
v44094	2/10	51.50	Inoviridae
v44129	6/12	49.12	Microviridae
v44132	15/126	42.65	Herelleviridae
v44135	4/8	38.95	Microviridae
v44145	5/24	38.82	Aliceevansviridae
v44146	33/48	94.33	Peduoviridae
v44171	16/44	45.60	Autographiviridae
v44175	10/99	48.91	Suoliviridae
v44186	11/54	42.74	Aliceevansviridae
v44196	10/61	34.55	Winoviridae
v44197	5/10	69.54	Microviridae
v44205	11/44	44.31	Winoviridae
v44210	4/10	44.15	Microviridae
v44216	11/48	41.64	Aliceevansviridae
v44225	9/41	42.98	Aliceevansviridae
v44232	35/48	92.02	Peduoviridae
v44235	11/73	42.04	Aliceevansviridae
v44237	4/16	33.27	Guelinviridae
v44242	11/177	35.95	Aliceevansviridae
v44245	10/54	39.41	Aliceevansviridae
v44248	13/57	47.32	Aliceevansviridae
v44264	10/49	35.35	Peduoviridae
v44268	30/43	91.05	Peduoviridae
v44278	11/62	42.24	Drexlerviridae
v44279	10/49	38.94	Aliceevansviridae
v44283	23/275	39.03	Herelleviridae
v44284	38/44	76.99	Peduoviridae
v44288	15/43	42.69	Autographiviridae
v44305	13/50	43.93	Aliceevansviridae
v44307	10/39	32.68	Duneviridae
v44317	13/80	43.85	Aliceevansviridae
v44351	4/12	48.35	Microviridae
v44363	5/17	42.14	Aliceevansviridae
v44404	11/50	40.18	Aliceevansviridae
v44416	7/30	43.04	Aliceevansviridae
v44432	14/93	43.67	Drexlerviridae
v44482	21/232	40.48	Herelleviridae
v44485	6/9	95.30	Microviridae
v44487	3/8	45.47	Microviridae
v44495	10/210	39.93	Herelleviridae
v44521	15/141	43.34	Herelleviridae
v44528	30/34	94.23	Peduoviridae
v44536	11/122	32.55	Duneviridae
v44539	6/12	46.40	Microviridae
v44543	25/314	38.42	Herelleviridae
v44553	12/80	44.05	Aliceevansviridae
v44566	21/138	39.98	Herelleviridae
v44576	7/9	61.83	Microviridae
v44581	10/74	41.41	Aliceevansviridae
v44582	4/7	49.88	Microviridae
v44598	10/51	43.36	Aliceevansviridae
v44608	14/62	44.39	Aliceevansviridae
v44615	4/6	83.15	Microviridae
v44618	39/50	96.03	Peduoviridae
v44656	9/9	91.64	Microviridae
v44671	5/10	48.76	Microviridae
v44675	6/29	58.83	Aliceevansviridae
v44679	18/50	44.73	Autographiviridae
v44689	38/50	97.76	Peduoviridae
v44706	17/204	39.77	Herelleviridae
v44708	26/30	93.44	Peduoviridae
v44713	17/62	47.09	Aliceevansviridae
v44724	14/52	36.56	Winoviridae
v44735	15/50	45.28	Autographiviridae
v44738	6/6	81.45	Microviridae
v44746	11/47	39.94	Aliceevansviridae
v44753	7/24	31.97	Salasmaviridae
v44755	13/57	37.25	Aliceevansviridae
v44760	14/59	36.02	Winoviridae
v44791	8/12	62.90	Microviridae
v44793	10/50	37.95	Winoviridae
v44802	10/50	45.47	Aliceevansviridae
v44836	13/69	42.00	Aliceevansviridae
v44840	10/45	46.78	Aliceevansviridae
v44842	3/11	35.57	Microviridae
v44859	10/50	37.14	Winoviridae
v44860	9/40	43.54	Aliceevansviridae
v44861	7/33	39.49	Aliceevansviridae
v44867	21/288	38.34	Herelleviridae
v44870	10/42	46.25	Aliceevansviridae
v44885	7/31	41.19	Aliceevansviridae
v44887	7/33	44.03	Aliceevansviridae
v44900	14/77	36.02	Winoviridae
v44907	11/79	42.62	Aliceevansviridae
v44912	15/268	39.23	Herelleviridae
v44943	11/39	39.38	Winoviridae
v44950	20/22	91.97	Peduoviridae
v44961	40/43	97.66	Peduoviridae
v44964	11/92	44.03	Aliceevansviridae
v44973	9/33	49.73	Aliceevansviridae
v44990	12/143	41.65	Herelleviridae
v44994	5/10	46.34	Microviridae
v45002	10/58	42.52	Aliceevansviridae
v45007	41/47	78.11	Peduoviridae
v45018	4/4	45.30	Microviridae
v45020	11/50	49.09	Aliceevansviridae
v45021	13/192	38.15	Herelleviridae
v45030	20/228	44.63	Herelleviridae
v45032	9/30	41.39	Aliceevansviridae
v45033	14/109	43.01	Aliceevansviridae
v45037	36/41	91.74	Peduoviridae
v45043	4/5	87.95	Microviridae
v45050	8/40	35.73	Casjensviridae
v45051	25/226	36.63	Herelleviridae
v45059	40/50	94.91	Peduoviridae
v45067	11/64	42.39	Winoviridae
v45076	5/10	49.58	Inoviridae
v45077	7/8	83.90	Inoviridae
v45090	3/12	48.07	Inoviridae
v45100	4/10	53.40	Inoviridae
v45103	5/6	80.62	Inoviridae
v45141	12/114	37.49	Aliceevansviridae
v45176	8/37	33.66	Winoviridae
v45183	19/46	47.82	Autographiviridae
v45190	4/17	36.35	Microviridae
v45194	5/25	36.70	Aliceevansviridae
v45205	29/34	60.86	Autographiviridae
v45209	10/52	33.21	Peduoviridae
v45213	8/33	43.01	Aliceevansviridae
v45219	13/49	46.72	Aliceevansviridae
v45220	6/6	47.88	Microviridae
v45223	14/128	43.84	Herelleviridae
v45231	20/55	46.18	Aliceevansviridae
v45233	9/44	41.79	Aliceevansviridae
v45247	8/37	44.06	Aliceevansviridae
v45283	10/67	39.11	Aliceevansviridae
v45286	3/5	45.37	Microviridae
v45289	18/61	49.78	Aliceevansviridae
v45360	11/248	41.22	Herelleviridae
v45371	6/8	83.67	Inoviridae
v45374	7/8	75.49	Inoviridae
v45385	8/8	85.60	Inoviridae
v45402	12/54	39.28	Aliceevansviridae
v45407	10/95	43.25	Suoliviridae
v45416	15/176	41.17	Herelleviridae
v45418	3/7	33.03	Microviridae
v45420	4/8	40.90	Microviridae
v45422	15/184	39.50	Herelleviridae
v45448	31/31	87.58	Peduoviridae
v45454	18/208	36.28	Herelleviridae
v45456	13/114	44.80	Herelleviridae
v45458	10/67	45.23	Aliceevansviridae
v45472	16/213	42.81	Herelleviridae
v45473	19/225	40.15	Herelleviridae
v45483	10/46	44.23	Aliceevansviridae
v45492	25/25	72.26	Peduoviridae
v45494	36/46	81.16	Peduoviridae
v45495	10/97	42.54	Suoliviridae
v45510	14/63	39.07	Aliceevansviridae
v45512	30/50	54.89	Autographiviridae
v45518	11/60	44.49	Aliceevansviridae
v45522	16/134	42.79	Herelleviridae
v45528	42/50	93.00	Peduoviridae
v45529	4/18	41.80	Microviridae
v45534	11/60	45.95	Aliceevansviridae
v45536	13/230	40.19	Herelleviridae
v45538	16/235	41.16	Herelleviridae
v45553	10/56	40.96	Aliceevansviridae
v45557	10/57	53.67	Peduoviridae
v45577	13/209	42.66	Herelleviridae
v45588	17/183	39.81	Herelleviridae
v45590	11/60	42.39	Winoviridae
v45592	14/78	39.45	Aliceevansviridae
v45593	6/29	38.82	Aliceevansviridae
v45599	36/47	90.21	Peduoviridae
v45604	9/38	44.22	Aliceevansviridae
v45622	12/52	46.39	Aliceevansviridae
v45623	26/28	86.53	Peduoviridae
v45624	36/41	85.27	Peduoviridae
v45639	13/51	45.83	Aliceevansviridae
v45676	10/46	47.95	Aliceevansviridae
v45682	18/226	41.10	Herelleviridae
v45687	13/136	43.28	Aliceevansviridae
v45695	10/68	47.00	Aliceevansviridae
v45706	48/52	80.50	Aliceevansviridae
v45712	21/210	41.31	Herelleviridae
v45717	7/11	85.41	Microviridae
v45731	12/126	30.72	Herelleviridae
v45754	7/33	51.17	Aliceevansviridae
v45760	37/40	90.91	Peduoviridae
v45768	15/236	40.55	Herelleviridae
v45783	25/28	71.73	Peduoviridae
v45788	12/126	40.55	Winoviridae
v45791	10/50	34.93	Winoviridae
v45796	36/39	95.32	Peduoviridae
v45811	39/43	91.95	Peduoviridae
v45824	40/50	89.05	Peduoviridae
v45831	10/99	43.66	Aliceevansviridae
v45832	5/6	80.44	Microviridae
v45868	18/231	39.97	Herelleviridae
v45876	16/55	38.30	Winoviridae
v45884	5/25	38.02	Autographiviridae
v45894	17/49	43.49	Autographiviridae
v45896	38/43	83.76	Aliceevansviridae
v45902	16/94	46.39	Aliceevansviridae
v45903	7/9	82.39	Microviridae
v45918	40/50	99.51	Peduoviridae
v45920	6/11	48.52	Microviridae
v45923	30/30	98.28	Peduoviridae
v45925	8/38	46.46	Aliceevansviridae
v45927	41/51	98.89	Peduoviridae
v45928	10/48	71.12	Peduoviridae
v45934	40/43	97.44	Peduoviridae
v45949	36/59	62.35	Aliceevansviridae
v45951	37/40	93.51	Peduoviridae
v45953	8/35	38.21	Aliceevansviridae
v45969	2/10	34.65	Peduoviridae
v45974	11/333	36.87	Phycodnaviridae
v45975	3/14	44.57	Inoviridae
v45995	14/406	40.67	Herelleviridae
v46009	30/51	55.53	Autographiviridae
v46014	12/89	44.85	Herelleviridae
v46016	4/8	44.65	Microviridae
v46025	8/13	67.49	Microviridae
v46031	11/55	42.76	Aliceevansviridae
v46032	44/50	94.48	Peduoviridae
v46037	11/54	36.31	Winoviridae
v46040	16/177	36.73	Herelleviridae
v46051	7/30	42.91	Aliceevansviridae
v46061	7/30	40.94	Aliceevansviridae
v46064	10/83	42.67	Aliceevansviridae
v46105	40/49	90.06	Peduoviridae
v46109	15/260	36.87	Herelleviridae
v46117	33/59	94.48	Peduoviridae
v46120	10/56	52.30	Aliceevansviridae
v46125	21/237	41.44	Herelleviridae
v46129	37/43	92.73	Peduoviridae
v46139	4/8	46.25	Microviridae
v46147	10/51	48.48	Aliceevansviridae
v46148	11/58	45.31	Aliceevansviridae
v46149	20/67	46.28	Aliceevansviridae
v46150	11/54	41.80	Aliceevansviridae
v46153	12/197	40.78	Herelleviridae
v46155	23/56	51.67	Aliceevansviridae
v46169	11/175	42.10	Herelleviridae
v46175	14/52	36.02	Winoviridae
v46201	8/36	40.58	Aliceevansviridae
v46203	34/40	75.67	Peduoviridae
v46238	15/163	39.37	Herelleviridae
v46240	31/33	89.67	Peduoviridae
v46256	19/44	42.93	Autographiviridae
v46261	11/55	46.55	Aliceevansviridae
v46270	36/45	87.74	Peduoviridae
v46277	27/47	49.53	Peduoviridae
v46281	10/134	34.13	Herelleviridae
v46288	12/55	35.79	Winoviridae
v46290	10/48	49.64	Aliceevansviridae
v46297	21/244	42.44	Herelleviridae
v46303	4/10	38.48	Microviridae
v46305	11/48	42.65	Aliceevansviridae
v46306	16/106	38.80	Aliceevansviridae
v46307	12/159	40.98	Herelleviridae
v46318	3/12	44.10	Inoviridae
v46321	10/133	38.27	Herelleviridae
v46323	3/11	80.00	Inoviridae
v46353	10/210	34.31	Herelleviridae
v46380	7/10	81.71	Inoviridae
v46396	19/21	89.11	Peduoviridae
v46403	11/67	42.50	Aliceevansviridae
v46413	15/216	39.17	Herelleviridae
v46417	11/70	45.71	Drexlerviridae
v46419	10/43	38.06	Peduoviridae
v46421	5/7	57.18	Microviridae
v46435	12/51	39.54	Aliceevansviridae
v46451	15/188	44.63	Herelleviridae
v46452	4/6	87.88	Microviridae
v46465	3/5	38.40	Microviridae
v46471	35/62	59.53	Aliceevansviridae
v46478	3/9	42.60	Microviridae
v46491	10/46	44.27	Drexlerviridae
v46499	10/71	37.53	Aliceevansviridae
v46517	16/245	41.48	Herelleviridae
v46518	17/153	40.60	Herelleviridae
v46531	16/51	39.74	Peduoviridae
v46575	45/49	95.69	Peduoviridae
v46579	28/45	50.30	Peduoviridae
v46599	21/75	43.29	Peduoviridae
v46613	11/53	41.27	Aliceevansviridae
v46647	18/243	39.89	Herelleviridae
v46648	11/66	55.85	Peduoviridae
v46650	20/54	46.22	Autographiviridae
v46651	22/37	43.74	Peduoviridae
v46656	10/54	38.30	Aliceevansviridae
v46667	14/50	45.46	Autographiviridae
v46674	13/73	42.66	Aliceevansviridae
v46677	13/309	38.39	Herelleviridae
v46681	10/50	45.71	Aliceevansviridae
v46685	36/41	75.32	Peduoviridae
v46686	38/44	90.41	Peduoviridae
v46694	39/42	96.57	Peduoviridae
v46705	10/64	41.46	Aliceevansviridae
v46710	28/58	55.96	Autographiviridae
v46713	30/35	91.25	Peduoviridae
v46724	12/50	39.42	Winoviridae
v46734	11/50	39.18	Winoviridae
v46752	35/67	94.25	Peduoviridae
v46765	10/204	40.49	Herelleviridae
v46768	12/176	44.38	Herelleviridae
v46777	21/238	41.30	Herelleviridae
v46794	10/37	44.69	Aliceevansviridae
v46807	24/63	42.66	Peduoviridae
v46809	27/287	42.67	Herelleviridae
v46814	12/206	37.99	Herelleviridae
v46820	11/226	38.37	Herelleviridae
v46845	35/42	97.25	Peduoviridae
v46846	8/9	67.56	Microviridae
v46848	35/47	94.56	Peduoviridae
v46857	3/11	99.87	Microviridae
v46873	10/84	43.86	Aliceevansviridae
v46875	12/51	38.22	Aliceevansviridae
v46876	10/189	36.25	Herelleviridae
v46926	19/162	39.68	Winoviridae
v46932	10/48	46.10	Aliceevansviridae
v46934	11/205	37.55	Herelleviridae
v46940	21/219	41.97	Herelleviridae
v46945	4/10	75.12	Microviridae
v46951	24/215	43.76	Herelleviridae
v46959	35/38	78.15	Peduoviridae
v46964	12/198	38.02	Herelleviridae
v46966	22/218	38.93	Herelleviridae
v46972	34/69	60.51	Aliceevansviridae
v46981	7/8	86.11	Inoviridae
v46983	3/13	44.73	Inoviridae
v46996	3/13	42.47	Inoviridae
v47004	6/9	93.05	Inoviridae
v47005	3/14	44.73	Inoviridae
v47010	30/41	54.74	Peduoviridae
v47013	3/7	37.83	Microviridae
v47021	10/56	40.06	Aliceevansviridae
v47028	28/44	93.90	Peduoviridae
v47030	1/5	35.70	Mimiviridae
v47040	6/16	60.50	Microviridae
v47041	31/38	65.49	Peduoviridae
v47043	10/68	39.51	Aliceevansviridae
v47044	4/6	37.73	Microviridae
v47045	8/33	41.51	Aliceevansviridae
v47046	3/6	42.63	Microviridae
v47053	3/11	63.47	Peduoviridae
v47054	10/52	43.83	Aliceevansviridae
v47055	14/49	36.56	Winoviridae
v47058	11/99	35.25	Aliceevansviridae
v47060	5/17	41.40	Aliceevansviridae
v47062	38/41	97.08	Peduoviridae
v47073	40/44	88.25	Peduoviridae
v47082	48/50	95.51	Peduoviridae
v47083	5/8	51.12	Microviridae
v47088	6/11	89.42	Microviridae
v47092	35/39	97.09	Peduoviridae
v47095	14/54	36.02	Winoviridae
v47098	6/8	92.37	Microviridae
v47100	37/41	85.64	Peduoviridae
v47103	10/52	37.38	Aliceevansviridae
v47109	1/5	32.80	Circoviridae
v47116	19/459	36.73	Herelleviridae
v47120	3/11	79.23	Inoviridae
v47122	4/12	43.90	Inoviridae
v47131	6/10	76.17	Inoviridae
v47146	4/12	72.05	Inoviridae
v47149	7/10	76.89	Inoviridae
v47150	3/11	47.53	Inoviridae
v47159	2/10	47.25	Inoviridae
v47162	4/18	47.20	Inoviridae
v47163	6/8	81.22	Inoviridae
v47166	5/16	47.56	Inoviridae
v47172	3/6	44.83	Inoviridae
v47175	11/286	36.87	Herelleviridae
v47179	11/305	37.49	Herelleviridae
v47183	3/12	40.80	Aliceevansviridae
v47203	16/435	36.01	Herelleviridae
v47205	10/158	41.92	Herelleviridae
v47225	11/129	34.16	Herelleviridae
v47226	3/15	44.57	Inoviridae
v47248	4/10	61.50	Inoviridae
v47253	6/29	34.12	Herelleviridae
v47259	2/7	46.65	Inoviridae
v47286	13/48	48.85	Aliceevansviridae
v47288	12/157	39.19	Herelleviridae
v47293	44/58	88.57	Peduoviridae
v47295	15/262	37.35	Herelleviridae
v47298	8/36	42.41	Aliceevansviridae
v47301	24/59	56.33	Aliceevansviridae
v47304	12/112	48.08	Aliceevansviridae
v47305	20/263	39.82	Aliceevansviridae
v47310	12/58	39.97	Aliceevansviridae
v47317	10/63	43.29	Aliceevansviridae
v47319	41/46	93.51	Peduoviridae
v47323	10/53	48.46	Aliceevansviridae
v47326	19/19	99.24	Peduoviridae
v47332	16/186	43.52	Herelleviridae
v47345	13/181	38.21	Herelleviridae
v47346	16/56	42.27	Aliceevansviridae
v47351	31/50	55.01	Autographiviridae
v47358	5/25	36.76	Aliceevansviridae
v47359	12/50	45.93	Aliceevansviridae
v47372	22/287	38.61	Herelleviridae
v47381	12/62	43.56	Aliceevansviridae
v47383	18/71	46.76	Aliceevansviridae
v47393	12/50	41.02	Aliceevansviridae
v47402	6/8	84.30	Microviridae
v47403	3/6	46.20	Microviridae
v47414	15/76	50.81	Aliceevansviridae
v47416	19/54	49.39	Aliceevansviridae
v47420	14/96	43.59	Aliceevansviridae
v47428	13/44	44.65	Autographiviridae
v47437	15/85	42.66	Aliceevansviridae
v47438	10/136	36.11	Herelleviridae
v47454	20/57	50.76	Aliceevansviridae
v47462	10/41	39.73	Aliceevansviridae
v47469	10/40	45.84	Aliceevansviridae
v47470	33/66	62.65	Aliceevansviridae
v47474	17/213	39.14	Herelleviridae
v47476	4/15	40.62	Aliceevansviridae
v47478	10/48	48.92	Aliceevansviridae
v47485	52/58	86.41	Aliceevansviridae
v47489	40/45	96.95	Peduoviridae
v47491	12/207	42.00	Herelleviridae
v47494	15/48	44.96	Autographiviridae
v47499	12/167	43.00	Herelleviridae
v47503	26/26	72.96	Peduoviridae
v47514	6/30	45.73	Aliceevansviridae
v47515	11/54	39.40	Aliceevansviridae
v47522	27/47	69.17	Aliceevansviridae
v47523	18/245	40.94	Herelleviridae
v47524	14/57	43.05	Aliceevansviridae
v47529	9/43	41.80	Aliceevansviridae
v47542	17/104	43.02	Aliceevansviridae
v47543	15/220	42.83	Herelleviridae
v47548	12/35	49.42	Aliceevansviridae
v47555	11/86	40.65	Aliceevansviridae
v47562	20/257	37.95	Herelleviridae
v47564	12/57	35.10	Aliceevansviridae
v47565	15/230	36.44	Herelleviridae
v47568	14/195	40.89	Herelleviridae
v47570	11/56	44.56	Aliceevansviridae
v47579	10/48	51.05	Aliceevansviridae
v47582	11/57	45.47	Aliceevansviridae
v47592	11/57	41.86	Aliceevansviridae
v47595	4/12	39.02	Microviridae
v47609	12/152	39.41	Herelleviridae
v47632	17/211	39.35	Herelleviridae
v47643	13/146	41.69	Herelleviridae
v47649	10/38	40.60	Aliceevansviridae
v47651	10/33	46.22	Drexlerviridae
v47653	9/45	37.21	Aliceevansviridae
v47656	22/58	44.49	Aliceevansviridae
v47660	12/106	46.36	Aliceevansviridae
v47667	54/63	80.57	Aliceevansviridae
v47674	10/48	48.06	Aliceevansviridae
v47686	23/53	60.09	Aliceevansviridae
v47700	46/49	93.39	Aliceevansviridae
v47701	20/278	41.36	Herelleviridae
v47708	21/146	41.00	Herelleviridae
v47717	8/39	37.49	Aliceevansviridae
v47720	10/60	42.06	Aliceevansviridae
v47721	15/183	37.53	Herelleviridae
v47727	11/51	40.86	Aliceevansviridae
v47730	12/54	46.19	Aliceevansviridae
v47736	8/37	42.45	Autographiviridae
v47739	17/242	44.76	Herelleviridae
v47751	10/56	42.48	Aliceevansviridae
v47767	18/23	75.68	Peduoviridae
v47771	21/205	38.43	Herelleviridae
v47789	16/50	42.29	Autographiviridae
v47791	8/34	49.51	Aliceevansviridae
v47795	14/105	44.34	Aliceevansviridae
v47797	10/88	43.63	Aliceevansviridae
v47800	10/56	39.72	Aliceevansviridae
v47811	10/38	38.19	Aliceevansviridae
v47819	35/42	75.72	Peduoviridae
v47821	12/56	44.78	Aliceevansviridae
v47823	6/12	95.20	Microviridae
v47828	11/53	49.26	Aliceevansviridae
v47829	3/8	33.63	Microviridae
v47830	35/41	94.87	Peduoviridae
v47833	23/56	53.57	Aliceevansviridae
v47841	10/313	45.26	Herelleviridae
v47842	13/82	43.15	Aliceevansviridae
v47846	4/9	40.73	Microviridae
v47851	54/57	80.90	Aliceevansviridae
v47857	11/63	44.72	Aliceevansviridae
v47870	10/48	41.03	Aliceevansviridae
v47872	9/32	46.39	Aliceevansviridae
v47880	32/37	94.00	Peduoviridae
v47884	10/246	39.90	Herelleviridae
v47905	11/49	40.99	Aliceevansviridae
v47914	24/312	36.55	Herelleviridae
v47917	11/185	36.70	Herelleviridae
v47936	30/34	94.46	Peduoviridae
v47944	14/91	42.66	Aliceevansviridae
v47952	12/56	41.35	Aliceevansviridae
v47957	14/44	45.65	Aliceevansviridae
v47964	16/67	44.60	Aliceevansviridae
v47972	17/194	40.44	Herelleviridae
v47980	35/43	84.05	Peduoviridae
v47983	13/190	42.82	Herelleviridae
v47984	6/12	82.45	Microviridae
v47986	31/45	69.38	Aliceevansviridae
v47987	5/19	49.30	Aliceevansviridae
v48017	12/47	46.49	Aliceevansviridae
v48025	11/143	41.83	Herelleviridae
v48031	9/44	44.13	Aliceevansviridae
v48052	6/28	48.50	Aliceevansviridae
v48065	18/51	55.62	Aliceevansviridae
v48077	10/57	49.88	Aliceevansviridae
v48084	26/232	41.32	Herelleviridae
v48087	28/35	87.26	Peduoviridae
v48094	33/48	80.14	Peduoviridae
v48095	13/182	43.71	Herelleviridae
v48104	22/50	50.35	Aliceevansviridae
v48110	23/209	40.21	Herelleviridae
v48122	10/49	40.68	Aliceevansviridae
v48138	20/224	39.98	Herelleviridae
v48139	34/59	59.54	Aliceevansviridae
v48158	10/47	52.29	Aliceevansviridae
v48163	11/437	39.76	Herelleviridae
v48166	14/162	37.13	Herelleviridae
v48179	10/34	45.03	Suoliviridae
v48205	3/9	47.93	Inoviridae
v48214	18/297	33.59	Mimiviridae
v48220	3/13	51.70	Inoviridae
v48221	10/122	35.28	Herelleviridae
v48232	3/14	44.40	Inoviridae
v48234	5/8	47.08	Inoviridae
v48236	8/10	73.71	Inoviridae
v48249	10/222	36.35	Herelleviridae
v48252	18/451	36.18	Herelleviridae
v48257	11/303	40.17	Herelleviridae
v48261	7/8	81.70	Inoviridae
v48264	11/136	34.54	Herelleviridae
v48281	15/251	34.53	Herelleviridae
v48285	5/9	48.88	Inoviridae
v48288	4/8	49.70	Inoviridae
v48296	11/194	36.74	Herelleviridae
v48318	13/45	47.78	Aliceevansviridae
v48321	10/51	44.95	Drexlerviridae
v48327	9/41	42.88	Aliceevansviridae
v48338	12/60	45.33	Aliceevansviridae
v48342	5/6	60.80	Microviridae
v48346	10/44	37.50	Aliceevansviridae
v48347	10/51	39.36	Aliceevansviridae
v48352	14/61	44.94	Aliceevansviridae
v48354	12/66	45.23	Aliceevansviridae
v48365	19/270	39.74	Herelleviridae
v48377	4/13	49.23	Aliceevansviridae
v48393	10/72	37.41	Aliceevansviridae
v48399	35/43	91.13	Peduoviridae
v48408	36/60	65.29	Aliceevansviridae
v48409	13/62	39.38	Aliceevansviridae
v48410	11/54	46.29	Aliceevansviridae
v48414	8/38	46.17	Aliceevansviridae
v48415	19/37	52.37	Aliceevansviridae
v48426	12/50	38.71	Aliceevansviridae
v48428	10/53	45.66	Aliceevansviridae
v48429	11/52	47.43	Aliceevansviridae
v48437	25/317	39.54	Herelleviridae
v48438	14/108	39.79	Aliceevansviridae
v48448	10/45	39.13	Aliceevansviridae
v48450	11/77	43.15	Aliceevansviridae
v48453	17/47	43.09	Autographiviridae
v48469	10/61	46.25	Aliceevansviridae
v48470	12/57	46.47	Aliceevansviridae
v48471	14/90	39.77	Aliceevansviridae
v48492	38/43	98.46	Peduoviridae
v48496	10/50	49.66	Aliceevansviridae
v48501	7/34	39.41	Aliceevansviridae
v48508	41/50	89.77	Peduoviridae
v48511	10/51	47.89	Aliceevansviridae
v48515	6/12	82.03	Microviridae
v48517	6/10	83.27	Microviridae
v48519	14/261	36.61	Herelleviridae
v48522	12/175	38.17	Herelleviridae
v48527	19/224	41.85	Herelleviridae
v48531	37/48	90.36	Peduoviridae
v48541	11/156	37.96	Herelleviridae
v48543	10/44	46.93	Aliceevansviridae
v48550	12/53	45.60	Aliceevansviridae
v48566	19/55	47.45	Aliceevansviridae
v48574	10/211	37.24	Herelleviridae
v48575	17/61	44.64	Aliceevansviridae
v48576	11/53	37.44	Aliceevansviridae
v48593	10/62	37.30	Aliceevansviridae
v48602	10/98	46.89	Aliceevansviridae
v48606	8/40	40.90	Aliceevansviridae
v48623	11/171	37.96	Herelleviridae
v48628	13/49	39.89	Aliceevansviridae
v48636	23/237	44.50	Herelleviridae
v48644	22/199	39.88	Herelleviridae
v48647	12/39	41.33	Aliceevansviridae
v48653	11/48	42.73	Aliceevansviridae
v48662	20/243	41.67	Herelleviridae
v48666	14/166	41.99	Herelleviridae
v48670	10/45	42.83	Aliceevansviridae
v48675	13/209	35.94	Herelleviridae
v48699	13/176	38.93	Herelleviridae
v48703	20/50	43.73	Autographiviridae
v48720	6/29	43.92	Aliceevansviridae
v48728	19/183	47.82	Herelleviridae
v48730	11/49	39.22	Aliceevansviridae
v48733	15/132	46.95	Herelleviridae
v48735	48/53	82.28	Aliceevansviridae
v48738	10/76	42.90	Aliceevansviridae
v48747	10/54	53.70	Peduoviridae
v48748	11/50	38.59	Aliceevansviridae
v48783	12/46	40.42	Peduoviridae
v48785	9/34	50.44	Aliceevansviridae
v48786	10/43	42.55	Aliceevansviridae
v48790	12/48	39.88	Aliceevansviridae
v48793	10/59	39.20	Aliceevansviridae
v48795	52/60	88.02	Aliceevansviridae
v48796	23/179	44.54	Herelleviridae
v48799	32/33	75.40	Aliceevansviridae
v48805	37/41	75.67	Peduoviridae
v48823	13/160	39.42	Herelleviridae
v48828	20/284	42.62	Herelleviridae
v48830	10/55	40.66	Aliceevansviridae
v48840	24/55	43.16	Peduoviridae
v48846	17/91	40.21	Herelleviridae
v48848	10/54	51.82	Aliceevansviridae
v48849	15/163	44.80	Aliceevansviridae
v48853	18/203	43.44	Herelleviridae
v48859	15/154	42.27	Herelleviridae
v48868	10/64	37.78	Aliceevansviridae
v48878	54/62	77.88	Aliceevansviridae
v48884	33/55	60.18	Aliceevansviridae
v48913	10/103	39.84	Suoliviridae
v48927	2/4	53.10	Mitoviridae
v48936	10/48	41.43	Aliceevansviridae
v48943	20/213	39.41	Herelleviridae
v48957	21/50	45.16	Autographiviridae
v48980	15/231	41.08	Herelleviridae
v48993	9/39	42.90	Aliceevansviridae
v48994	11/133	40.57	Herelleviridae
v48999	10/98	46.54	Aliceevansviridae
v49010	10/72	38.50	Aliceevansviridae
v49014	5/19	46.68	Aliceevansviridae
v49016	10/39	43.23	Aliceevansviridae
v49018	34/51	77.26	Peduoviridae
v49019	13/63	45.46	Drexlerviridae
v49022	15/213	39.35	Herelleviridae
v49025	11/216	42.61	Herelleviridae
v49027	21/239	39.40	Herelleviridae
v49030	17/50	42.58	Autographiviridae
v49045	10/95	46.61	Aliceevansviridae
v49049	41/45	97.26	Peduoviridae
v49053	10/50	50.93	Aliceevansviridae
v49063	10/50	45.29	Aliceevansviridae
v49069	12/106	40.87	Herelleviridae
v49070	13/45	44.66	Aliceevansviridae
v49082	14/50	47.04	Aliceevansviridae
v49089	11/285	38.06	Herelleviridae
v49092	28/57	63.74	Aliceevansviridae
v49102	5/8	40.64	Microviridae
v49114	28/254	42.31	Herelleviridae
v49124	8/37	36.38	Aliceevansviridae
v49125	15/283	39.79	Herelleviridae
v49134	14/264	37.86	Herelleviridae
v49147	22/211	38.64	Herelleviridae
v49154	12/168	40.91	Herelleviridae
v49159	8/36	42.09	Aliceevansviridae
v49162	5/21	34.14	Aliceevansviridae
v49165	11/55	46.48	Aliceevansviridae
v49174	21/56	41.73	Autographiviridae
v49184	10/45	40.54	Aliceevansviridae
v49194	13/61	36.43	Aliceevansviridae
v49195	3/9	46.43	Inoviridae
v49197	3/10	46.77	Inoviridae
v49204	7/9	88.21	Inoviridae
v49223	11/287	37.21	Herelleviridae
v49234	21/395	38.60	Herelleviridae
v49250	3/12	41.47	Inoviridae
v49260	23/470	33.69	Mimiviridae
v49266	3/12	53.53	Inoviridae
v49273	3/9	54.53	Inoviridae
v49280	5/25	46.18	Inoviridae
v49282	3/14	31.60	Peduoviridae
v49300	10/179	32.30	Mimiviridae
v49309	3/12	46.50	Inoviridae
v49315	18/190	41.75	Herelleviridae
v49318	12/219	37.88	Herelleviridae
v49321	13/351	43.88	Herelleviridae
v49326	5/24	42.14	Inoviridae
v49342	6/24	44.68	Aliceevansviridae
v49347	18/54	41.97	Autographiviridae
v49378	24/287	40.10	Herelleviridae
v49383	6/22	44.28	Aliceevansviridae
v49389	11/76	43.15	Aliceevansviridae
v49391	26/288	39.96	Herelleviridae
v49405	9/43	43.30	Aliceevansviridae
v49407	19/237	38.58	Herelleviridae
v49409	15/178	37.39	Herelleviridae
v49415	19/293	40.87	Herelleviridae
v49430	10/126	41.13	Herelleviridae
v49446	24/47	62.87	Aliceevansviridae
v49447	13/74	39.54	Aliceevansviridae
v49448	30/55	55.91	Aliceevansviridae
v49459	11/73	40.95	Aliceevansviridae
v49460	13/61	44.42	Aliceevansviridae
v49463	10/62	38.68	Aliceevansviridae
v49487	19/62	46.21	Aliceevansviridae
v49488	11/51	44.14	Aliceevansviridae
v49494	10/51	44.73	Aliceevansviridae
v49496	9/44	47.61	Aliceevansviridae
v49497	12/62	44.69	Aliceevansviridae
v49500	12/60	42.94	Aliceevansviridae
v49504	30/52	61.78	Aliceevansviridae
v49508	27/33	64.13	Aliceevansviridae
v49516	12/207	41.02	Herelleviridae
v49520	3/7	46.97	Microviridae
v49522	6/30	54.63	Aliceevansviridae
v49528	20/243	40.84	Herelleviridae
v49536	24/25	89.64	Peduoviridae
v49540	21/247	41.88	Herelleviridae
v49541	21/210	40.27	Herelleviridae
v49547	11/49	46.58	Aliceevansviridae
v49560	20/68	58.43	Aliceevansviridae
v49568	11/44	47.07	Aliceevansviridae
v49589	24/55	55.38	Aliceevansviridae
v49597	19/310	37.82	Herelleviridae
v49602	12/86	41.04	Aliceevansviridae
v49603	13/227	40.28	Herelleviridae
v49606	10/44	42.57	Aliceevansviridae
v49611	18/97	42.16	Aliceevansviridae
v49613	10/48	37.71	Aliceevansviridae
v49623	38/47	94.65	Peduoviridae
v49628	20/283	37.78	Herelleviridae
v49638	11/203	40.64	Herelleviridae
v49641	10/70	44.27	Aliceevansviridae
v49642	10/49	47.21	Aliceevansviridae
v49645	10/65	39.51	Aliceevansviridae
v49655	11/210	37.03	Herelleviridae
v49660	10/82	40.67	Aliceevansviridae
v49665	38/41	97.27	Peduoviridae
v49666	13/147	45.50	Aliceevansviridae
v49669	17/220	39.28	Herelleviridae
v49676	10/45	35.57	Winoviridae
v49677	14/234	42.69	Herelleviridae
v49680	10/29	47.77	Aliceevansviridae
v49686	27/310	40.11	Herelleviridae
v49695	14/169	37.76	Herelleviridae
v49696	10/64	42.17	Aliceevansviridae
v49720	10/122	35.45	Straboviridae
v49733	21/296	39.30	Herelleviridae
v49734	7/33	52.64	Aliceevansviridae
v49753	8/38	42.52	Aliceevansviridae
v49758	3/8	42.37	Microviridae
v49760	11/106	38.25	Herelleviridae
v49771	14/47	49.93	Aliceevansviridae
v49774	8/31	46.85	Aliceevansviridae
v49778	42/46	78.69	Aliceevansviridae
v49780	10/47	51.26	Aliceevansviridae
v49785	12/71	42.02	Aliceevansviridae
v49802	10/60	36.37	Winoviridae
v49823	23/53	47.06	Aliceevansviridae
v49832	14/39	40.83	Autographiviridae
v49841	11/55	36.52	Aliceevansviridae
v49842	35/41	88.54	Peduoviridae
v49864	49/53	77.90	Aliceevansviridae
v49866	1/5	38.90	Circoviridae
v49873	21/222	41.04	Herelleviridae
v49888	13/216	41.12	Herelleviridae
v49889	6/17	41.43	Aliceevansviridae
v49908	12/106	45.81	Herelleviridae
v49923	16/208	39.26	Herelleviridae
v49936	22/63	47.17	Aliceevansviridae
v49938	12/60	42.77	Aliceevansviridae
v49944	10/58	36.93	Aliceevansviridae
v49945	8/35	46.64	Aliceevansviridae
v49947	10/42	44.44	Aliceevansviridae
v49950	12/130	39.64	Aliceevansviridae
v49957	6/21	45.50	Aliceevansviridae
v49962	10/43	45.35	Aliceevansviridae
v49966	11/61	37.44	Winoviridae
v49967	11/53	48.03	Aliceevansviridae
v49968	11/54	47.28	Aliceevansviridae
v49970	11/60	44.99	Aliceevansviridae
v49971	10/50	47.16	Aliceevansviridae
v49990	14/134	44.72	Herelleviridae
v49996	10/211	36.72	Herelleviridae
v50003	12/46	44.91	Aliceevansviridae
v50021	23/260	39.90	Herelleviridae
v50025	20/214	39.87	Herelleviridae
v50036	12/53	46.04	Aliceevansviridae
v50037	11/57	45.60	Aliceevansviridae
v50038	12/51	48.34	Aliceevansviridae
v50045	25/34	60.01	Aliceevansviridae
v50046	10/190	40.68	Herelleviridae
v50049	12/166	40.97	Herelleviridae
v50051	10/49	49.45	Aliceevansviridae
v50055	50/57	75.19	Aliceevansviridae
v50057	3/8	37.00	Microviridae
v50058	7/31	33.84	Aliceevansviridae
v50062	10/20	46.05	Aliceevansviridae
v50064	7/34	39.29	Aliceevansviridae
v50074	10/52	42.60	Aliceevansviridae
v50078	24/41	94.60	Peduoviridae
v50093	31/51	64.14	Aliceevansviridae
v50097	9/41	50.70	Aliceevansviridae
v50100	10/54	37.71	Aliceevansviridae
v50110	18/212	40.11	Herelleviridae
v50116	11/89	44.64	Aliceevansviridae
v50119	14/224	43.31	Herelleviridae
v50123	13/47	41.24	Drexlerviridae
v50131	15/50	44.99	Autographiviridae
v50133	12/101	39.12	Aliceevansviridae
v50137	9/44	39.70	Aliceevansviridae
v50138	19/223	43.24	Herelleviridae
v50141	11/58	42.74	Aliceevansviridae
v50147	7/30	38.96	Aliceevansviridae
v50148	24/291	38.81	Herelleviridae
v50151	15/49	47.61	Autographiviridae
v50159	16/65	42.58	Aliceevansviridae
v50165	11/56	47.59	Aliceevansviridae
v50183	14/39	47.64	Aliceevansviridae
v50211	19/63	44.03	Aliceevansviridae
v50218	16/284	39.43	Herelleviridae
v50220	11/110	38.75	Herelleviridae
v50226	26/284	37.45	Herelleviridae
v50230	10/52	47.10	Aliceevansviridae
v50244	5/22	41.48	Aliceevansviridae
v50246	11/47	40.47	Aliceevansviridae
v50285	11/47	46.01	Aliceevansviridae
v50314	7/9	91.17	Inoviridae
v50330	4/10	55.83	Inoviridae
v50336	3/6	44.63	Inoviridae
v50345	18/236	40.07	Herelleviridae
v50346	4/9	66.10	Inoviridae
v50357	12/293	32.08	Phycodnaviridae
v50363	7/8	92.14	Inoviridae
v50366	13/356	42.33	Herelleviridae
v50375	12/279	36.76	Herelleviridae
v50382	13/385	37.02	Herelleviridae
v50391	7/9	87.10	Inoviridae
v50401	11/172	34.75	Herelleviridae
v50404	3/11	39.63	Inoviridae
v50425	11/345	36.91	Herelleviridae
v50455	1/5	51.40	Autographiviridae
v50462	12/63	48.16	Aliceevansviridae
v50468	11/74	42.24	Aliceevansviridae
v50477	9/35	42.67	Aliceevansviridae
v50486	5/19	50.82	Aliceevansviridae
v50488	4/7	63.65	Microviridae
v50490	14/161	44.63	Herelleviridae
v50492	12/126	44.43	Herelleviridae
v50501	7/11	59.87	Microviridae
v50502	10/61	48.23	Aliceevansviridae
v50512	17/250	39.51	Herelleviridae
v50515	12/72	43.82	Herelleviridae
v50521	11/57	45.72	Drexlerviridae
v50523	10/64	41.50	Aliceevansviridae
v50536	10/50	47.65	Aliceevansviridae
v50540	18/228	39.78	Herelleviridae
v50547	36/46	89.65	Peduoviridae
v50552	49/54	84.90	Aliceevansviridae
v50554	12/87	39.24	Aliceevansviridae
v50565	12/57	47.29	Aliceevansviridae
v50566	13/152	39.80	Herelleviridae
v50571	14/22	58.91	Autographiviridae
v50582	6/9	82.25	Microviridae
v50597	22/252	41.94	Herelleviridae
v50616	14/28	86.40	Peduoviridae
v50620	9/32	40.02	Aliceevansviridae
v50626	10/52	42.08	Aliceevansviridae
v50629	11/54	44.74	Aliceevansviridae
v50637	10/134	34.38	Herelleviridae
v50639	17/66	46.88	Aliceevansviridae
v50647	33/35	91.99	Peduoviridae
v50649	10/64	32.92	Aliceevansviridae
v50652	10/35	43.35	Drexlerviridae
v50653	36/48	74.71	Peduoviridae
v50664	6/29	56.65	Aliceevansviridae
v50677	10/205	42.51	Herelleviridae
v50684	10/58	39.04	Aliceevansviridae
v50703	19/48	42.08	Autographiviridae
v50712	46/56	64.13	Aliceevansviridae
v50719	19/277	42.31	Herelleviridae
v50724	18/52	43.67	Autographiviridae
v50732	10/241	37.70	Herelleviridae
v50737	19/51	42.68	Autographiviridae
v50757	14/161	42.36	Herelleviridae
v50764	10/76	41.37	Aliceevansviridae
v50765	19/55	42.14	Autographiviridae
v50766	12/65	47.89	Drexlerviridae
v50768	16/150	40.55	Herelleviridae
v50770	41/43	89.82	Peduoviridae
v50776	22/231	40.25	Herelleviridae
v50781	43/50	92.83	Peduoviridae
v50782	13/56	39.76	Aliceevansviridae
v50784	5/23	34.88	Aliceevansviridae
v50786	24/24	78.56	Aliceevansviridae
v50806	10/60	38.97	Aliceevansviridae
v50810	10/33	37.97	Aliceevansviridae
v50812	12/44	45.60	Aliceevansviridae
v50822	19/230	40.36	Herelleviridae
v50832	16/184	37.54	Herelleviridae
v50841	12/60	34.58	Aliceevansviridae
v50856	6/22	54.30	Aliceevansviridae
v50866	18/252	40.72	Herelleviridae
v50870	13/60	47.14	Aliceevansviridae
v50871	16/234	38.59	Herelleviridae
v50873	42/50	97.95	Peduoviridae
v50875	17/38	49.42	Aliceevansviridae
v50876	21/43	63.80	Aliceevansviridae
v50880	13/207	36.47	Herelleviridae
v50892	51/57	85.14	Aliceevansviridae
v50894	19/289	37.35	Herelleviridae
v50900	6/18	46.75	Aliceevansviridae
v50903	13/110	44.84	Herelleviridae
v50919	10/40	49.10	Aliceevansviridae
v50921	11/76	43.90	Suoliviridae
v50936	17/231	46.96	Herelleviridae
v50937	10/50	46.60	Aliceevansviridae
v50938	10/88	37.91	Aliceevansviridae
v50941	23/221	40.12	Herelleviridae
v50942	11/64	35.15	Aliceevansviridae
v50943	26/28	77.07	Peduoviridae
v50949	32/40	78.04	Peduoviridae
v50952	14/239	40.75	Herelleviridae
v50953	11/132	42.89	Aliceevansviridae
v50954	10/74	41.58	Aliceevansviridae
v50990	12/48	39.49	Winoviridae
v50991	14/53	49.09	Aliceevansviridae
v50994	10/61	41.21	Aliceevansviridae
v50998	10/111	39.66	Aliceevansviridae
v51011	24/56	59.26	Aliceevansviridae
v51016	10/62	40.93	Aliceevansviridae
v51022	2/10	32.35	Circoviridae
v51026	10/53	44.12	Aliceevansviridae
v51039	19/216	39.37	Herelleviridae
v51041	18/229	37.74	Herelleviridae
v51046	8/28	41.86	Aliceevansviridae
v51049	16/97	40.45	Herelleviridae
v51055	11/261	37.93	Herelleviridae
v51061	12/79	40.39	Aliceevansviridae
v51065	10/50	42.54	Aliceevansviridae
v51068	11/68	51.45	Aliceevansviridae
v51078	12/77	63.61	Peduoviridae
v51080	5/24	39.48	Aliceevansviridae
v51082	10/133	35.23	Aliceevansviridae
v51083	10/39	41.53	Aliceevansviridae
v51085	40/50	96.95	Peduoviridae
v51086	17/224	40.79	Herelleviridae
v51087	43/50	93.24	Peduoviridae
v51098	27/309	36.53	Herelleviridae
v51107	22/56	47.94	Aliceevansviridae
v51128	10/62	45.86	Aliceevansviridae
v51132	10/57	42.52	Aliceevansviridae
v51136	19/60	47.68	Aliceevansviridae
v51137	15/51	45.49	Aliceevansviridae
v51148	10/33	42.16	Aliceevansviridae
v51151	17/54	42.51	Autographiviridae
v51156	27/317	42.24	Herelleviridae
v51163	15/48	46.78	Autographiviridae
v51170	38/67	58.83	Aliceevansviridae
v51198	15/69	39.77	Aliceevansviridae
v51199	11/54	47.59	Aliceevansviridae
v51210	10/55	53.15	Aliceevansviridae
v51211	11/48	46.15	Aliceevansviridae
v51214	46/52	86.99	Aliceevansviridae
v51217	13/129	43.12	Herelleviridae
v51218	10/52	45.89	Aliceevansviridae
v51219	4/20	38.52	Aliceevansviridae
v51225	42/46	79.69	Peduoviridae
v51227	22/50	49.02	Aliceevansviridae
v51238	16/253	43.79	Herelleviridae
v51245	10/50	42.23	Aliceevansviridae
v51248	5/8	78.64	Microviridae
v51253	7/34	44.70	Aliceevansviridae
v51254	18/53	46.52	Aliceevansviridae
v51255	12/284	34.99	Herelleviridae
v51258	10/108	36.75	Aliceevansviridae
v51259	10/47	48.52	Aliceevansviridae
v51269	7/34	36.70	Aliceevansviridae
v51306	14/62	43.84	Aliceevansviridae
v51311	18/234	41.73	Herelleviridae
v51322	3/12	47.23	Inoviridae
v51333	25/493	36.34	Herelleviridae
v51342	12/141	34.70	Herelleviridae
v51350	20/520	36.28	Straboviridae
v51380	7/9	79.16	Inoviridae
v51383	4/13	50.67	Inoviridae
v51388	4/7	61.35	Inoviridae
v51391	9/10	97.47	Inoviridae
v51393	3/6	45.27	Inoviridae
v51399	3/11	47.63	Herelleviridae
v51400	4/13	45.35	Inoviridae
v51413	2/10	48.30	Inoviridae
v51417	3/11	48.53	Inoviridae
v51421	17/361	37.21	Herelleviridae
v51428	3/11	46.40	Inoviridae
v51457	10/233	36.42	Herelleviridae
v51467	4/14	43.88	Inoviridae
v51476	2/9	47.65	Inoviridae
v51479	28/59	66.06	Aliceevansviridae
v51505	39/44	67.24	Peduoviridae
v51522	12/255	37.67	Herelleviridae
v51526	21/198	41.01	Herelleviridae
v51529	5/6	58.70	Microviridae
v51537	11/55	38.56	Aliceevansviridae
v51539	10/57	35.50	Aliceevansviridae
v51551	25/27	73.30	Peduoviridae
v51555	34/42	75.75	Peduoviridae
v51569	10/54	37.04	Aliceevansviridae
v51570	4/15	36.67	Microviridae
v51580	6/14	53.57	Microviridae
v51587	12/45	48.76	Aliceevansviridae
v51589	20/57	45.28	Aliceevansviridae
v51590	10/44	47.83	Aliceevansviridae
v51597	11/46	44.37	Aliceevansviridae
v51605	15/39	43.19	Autographiviridae
v51607	10/50	47.26	Aliceevansviridae
v51610	16/44	42.58	Autographiviridae
v51620	10/172	37.85	Herelleviridae
v51629	34/51	74.71	Peduoviridae
v51633	29/33	99.23	Peduoviridae
v51636	33/62	64.93	Aliceevansviridae
v51649	9/43	39.82	Aliceevansviridae
v51655	16/69	42.31	Aliceevansviridae
v51659	10/60	40.59	Aliceevansviridae
v51681	11/190	36.11	Herelleviridae
v51692	38/50	93.01	Peduoviridae
v51719	3/14	64.67	Peduoviridae
v51729	12/88	40.98	Aliceevansviridae
v51734	10/97	44.79	Aliceevansviridae
v51737	19/213	40.03	Herelleviridae
v51738	15/80	40.77	Aliceevansviridae
v51745	10/34	31.43	Duneviridae
v51747	10/50	42.03	Aliceevansviridae
v51752	17/179	39.91	Herelleviridae
v51754	15/50	50.28	Aliceevansviridae
v51760	13/56	40.32	Aliceevansviridae
v51761	12/245	39.79	Herelleviridae
v51767	8/37	50.45	Aliceevansviridae
v51771	12/42	44.24	Aliceevansviridae
v51778	12/55	47.08	Aliceevansviridae
v51780	5/21	35.06	Casjensviridae
v51794	3/8	40.70	Microviridae
v51795	48/56	87.50	Aliceevansviridae
v51797	11/53	50.73	Aliceevansviridae
v51803	14/132	41.94	Herelleviridae
v51810	26/309	40.20	Herelleviridae
v51812	11/214	41.59	Herelleviridae
v51815	15/270	38.44	Herelleviridae
v51817	40/50	93.03	Peduoviridae
v51833	5/11	40.20	Microviridae
v51837	12/63	40.02	Aliceevansviridae
v51838	13/98	43.75	Aliceevansviridae
v51845	21/211	40.09	Herelleviridae
v51850	18/171	43.70	Herelleviridae
v51858	51/55	85.91	Aliceevansviridae
v51861	19/152	43.58	Herelleviridae
v51869	19/189	39.87	Herelleviridae
v51874	15/57	46.17	Aliceevansviridae
v51890	19/221	43.12	Herelleviridae
v51898	11/38	45.73	Aliceevansviridae
v51899	15/225	40.14	Herelleviridae
v51902	12/56	45.58	Aliceevansviridae
v51903	13/63	42.70	Aliceevansviridae
v51913	11/49	50.27	Aliceevansviridae
v51917	10/178	44.74	Herelleviridae
v51926	18/172	40.49	Herelleviridae
v51927	21/295	35.77	Herelleviridae
v51931	12/54	42.51	Aliceevansviridae
v51950	12/84	42.32	Aliceevansviridae
v51966	3/8	36.33	Microviridae
v51969	6/17	43.20	Aliceevansviridae
v51970	4/16	53.50	Aliceevansviridae
v51971	11/48	46.36	Aliceevansviridae
v51976	26/250	40.20	Herelleviridae
v51982	10/61	41.89	Aliceevansviridae
v51983	19/278	40.39	Herelleviridae
v51984	14/211	35.65	Herelleviridae
v51993	7/28	45.71	Aliceevansviridae
v51998	10/52	46.48	Aliceevansviridae
v52002	10/29	46.27	Aliceevansviridae
v52006	14/42	42.79	Autographiviridae
v52011	10/46	46.94	Aliceevansviridae
v52013	12/117	38.75	Herelleviridae
v52014	14/135	40.43	Herelleviridae
v52016	38/42	82.16	Peduoviridae
v52017	10/36	51.58	Aliceevansviridae
v52030	24/197	38.44	Herelleviridae
v52037	11/59	35.53	Aliceevansviridae
v52041	22/283	41.04	Herelleviridae
v52043	17/323	33.62	Herelleviridae
v52053	15/231	37.95	Herelleviridae
v52062	10/53	49.81	Aliceevansviridae
v52072	6/24	41.15	Aliceevansviridae
v52079	14/182	43.41	Herelleviridae
v52081	10/59	42.77	Aliceevansviridae
v52087	13/265	40.05	Herelleviridae
v52090	49/57	78.34	Aliceevansviridae
v52091	10/62	40.96	Aliceevansviridae
v52093	19/217	42.57	Herelleviridae
v52097	12/47	46.27	Aliceevansviridae
v52110	23/302	40.33	Herelleviridae
v52114	14/211	36.71	Herelleviridae
v52116	3/11	37.13	Microviridae
v52119	11/50	36.67	Aliceevansviridae
v52126	10/49	43.05	Aliceevansviridae
v52132	12/219	42.35	Herelleviridae
v52147	6/29	44.08	Aliceevansviridae
v52154	14/143	43.69	Herelleviridae
v52163	16/205	45.08	Herelleviridae
v52168	12/50	42.13	Aliceevansviridae
v52178	40/41	94.51	Peduoviridae
v52187	11/126	40.66	Herelleviridae
v52193	10/49	38.56	Aliceevansviridae
v52210	12/50	46.79	Aliceevansviridae
v52214	16/262	40.33	Herelleviridae
v52215	18/185	43.29	Herelleviridae
v52217	9/39	41.18	Aliceevansviridae
v52227	27/33	88.27	Peduoviridae
v52228	18/62	46.03	Aliceevansviridae
v52230	10/49	48.16	Aliceevansviridae
v52234	14/60	45.26	Aliceevansviridae
v52235	16/201	41.54	Herelleviridae
v52236	22/204	37.70	Herelleviridae
v52237	19/63	46.43	Aliceevansviridae
v52239	15/208	43.16	Herelleviridae
v52240	9/37	40.36	Aliceevansviridae
v52255	29/45	75.21	Peduoviridae
v52267	10/60	47.52	Aliceevansviridae
v52268	39/48	71.85	Aliceevansviridae
v52269	5/16	48.68	Aliceevansviridae
v52272	22/28	95.06	Peduoviridae
v52275	24/56	67.18	Aliceevansviridae
v52279	10/87	38.49	Aliceevansviridae
v52281	17/54	41.13	Autographiviridae
v52283	18/234	41.89	Herelleviridae
v52293	29/302	41.42	Herelleviridae
v52300	9/44	42.74	Aliceevansviridae
v52308	16/50	46.24	Autographiviridae
v52317	18/56	47.67	Aliceevansviridae
v52322	11/53	42.73	Aliceevansviridae
v52327	11/54	46.05	Aliceevansviridae
v52331	27/57	61.20	Aliceevansviridae
v52334	19/207	37.79	Herelleviridae
v52341	16/141	43.81	Herelleviridae
v52347	12/220	41.66	Herelleviridae
v52351	9/37	41.71	Aliceevansviridae
v52353	7/35	43.91	Aliceevansviridae
v52363	10/52	50.44	Aliceevansviridae
v52364	14/135	40.60	Herelleviridae
v52375	18/75	43.17	Aliceevansviridae
v52385	7/31	38.53	Aliceevansviridae
v52387	14/166	41.81	Herelleviridae
v52392	18/106	44.46	Aliceevansviridae
v52395	13/173	36.57	Herelleviridae
v52407	25/50	63.35	Aliceevansviridae
v52409	11/59	46.03	Aliceevansviridae
v52417	14/389	36.78	Herelleviridae
v52422	10/56	40.93	Aliceevansviridae
v52424	22/63	47.52	Aliceevansviridae
v52430	19/254	38.54	Herelleviridae
v52431	12/142	38.93	Herelleviridae
v52432	19/274	40.18	Herelleviridae
v52443	24/54	43.78	Peduoviridae
v52451	2/10	37.60	Druskaviridae
v52458	2/10	36.35	Aliceevansviridae
v52462	11/170	36.53	Herelleviridae
v52482	35/39	96.94	Peduoviridae
v52496	12/52	42.05	Aliceevansviridae
v52502	14/133	41.01	Herelleviridae
v52511	21/192	41.58	Herelleviridae
v52516	3/9	32.80	Microviridae
v52517	10/64	33.78	Aliceevansviridae
v52552	8/39	74.81	Straboviridae
v52556	10/52	40.23	Aliceevansviridae
v52558	10/86	47.69	Suoliviridae
v52559	12/83	36.61	Peduoviridae
v52576	10/52	34.66	Aliceevansviridae
v52577	9/34	40.18	Aliceevansviridae
v52592	20/60	46.51	Aliceevansviridae
v52598	4/18	40.83	Aliceevansviridae
v52604	20/58	47.24	Aliceevansviridae
v52617	21/199	41.16	Herelleviridae
v52625	67/71	93.92	Peduoviridae
v52651	18/61	46.63	Aliceevansviridae
v52656	11/53	47.54	Aliceevansviridae
v52658	20/54	44.38	Autographiviridae
v52667	11/171	44.70	Herelleviridae
v52668	12/51	44.98	Aliceevansviridae
v52679	17/115	42.54	Aliceevansviridae
v52684	18/133	38.96	Herelleviridae
v52685	18/255	44.71	Herelleviridae
v52690	12/59	44.36	Aliceevansviridae
v52700	10/59	46.06	Aliceevansviridae
v52707	12/193	45.53	Herelleviridae
v52709	13/66	39.89	Aliceevansviridae
v52716	10/46	46.49	Aliceevansviridae
v52720	15/233	37.51	Herelleviridae
v52728	9/10	91.51	Inoviridae
v52738	4/20	46.30	Inoviridae
v52745	11/46	44.23	Aliceevansviridae
v52769	38/50	63.20	Peduoviridae
v52775	44/50	76.85	Aliceevansviridae
v52781	11/66	42.64	Aliceevansviridae
v52784	10/55	37.13	Aliceevansviridae
v52796	17/53	45.58	Autographiviridae
v52798	5/14	46.22	Aliceevansviridae
v52807	9/44	31.06	Winoviridae
v52812	6/18	45.50	Inoviridae
v52822	17/289	39.04	Herelleviridae
v52825	11/43	37.03	Winoviridae
v52831	24/308	38.38	Herelleviridae
v52843	10/51	44.63	Aliceevansviridae
v52844	10/58	46.54	Aliceevansviridae
v52848	10/98	37.28	Aliceevansviridae
v52863	35/51	70.96	Aliceevansviridae
v52870	16/110	44.99	Herelleviridae
v52871	17/207	40.32	Herelleviridae
v52883	10/108	44.40	Aliceevansviridae
v52887	9/33	47.04	Aliceevansviridae
v52899	12/55	40.54	Aliceevansviridae
v52900	17/117	41.78	Herelleviridae
v52904	13/229	39.58	Herelleviridae
v52908	25/41	69.36	Aliceevansviridae
v52911	10/57	36.48	Aliceevansviridae
v52913	10/163	39.64	Herelleviridae
v52949	10/53	36.15	Aliceevansviridae
v52951	10/66	42.98	Aliceevansviridae
v52953	13/156	40.28	Herelleviridae
v52955	10/62	48.83	Aliceevansviridae
v52968	10/44	41.22	Aliceevansviridae
v52993	2/8	44.40	Inoviridae
v53022	10/57	39.26	Aliceevansviridae
v53027	6/29	31.53	Aliceevansviridae
v53040	17/183	43.10	Herelleviridae
v53045	18/246	42.64	Herelleviridae
v53050	18/47	60.01	Aliceevansviridae
v53058	15/198	47.71	Herelleviridae
v53073	17/125	41.49	Aliceevansviridae
v53093	17/486	34.62	Herelleviridae
v53104	8/34	41.86	Aliceevansviridae
v53106	13/111	45.75	Autographiviridae
v53112	29/33	94.06	Peduoviridae
v53117	6/30	39.78	Aliceevansviridae
v53120	25/32	81.85	Peduoviridae
v53124	15/51	43.73	Aliceevansviridae
v53128	40/48	90.11	Peduoviridae
v53132	28/44	57.40	Peduoviridae
v53137	11/101	44.37	Aliceevansviridae
v53143	19/248	41.54	Herelleviridae
v53145	14/166	38.04	Herelleviridae
v53149	20/51	53.49	Aliceevansviridae
v53150	13/279	33.66	Herelleviridae
v53151	24/297	38.40	Herelleviridae
v53158	3/11	41.13	Microviridae
v53160	7/34	42.79	Aliceevansviridae
v53168	12/55	47.04	Aliceevansviridae
v53178	35/38	92.27	Peduoviridae
v53201	10/49	31.00	Winoviridae
v53202	38/44	80.95	Peduoviridae
v53209	11/48	37.55	Winoviridae
v53218	34/41	79.32	Peduoviridae
v53222	14/161	40.17	Herelleviridae
v53224	10/44	40.44	Aliceevansviridae
v53226	8/38	40.71	Aliceevansviridae
v53261	36/43	87.81	Peduoviridae
v53267	39/55	61.50	Peduoviridae
v53268	11/129	40.03	Herelleviridae
v53270	17/138	39.64	Herelleviridae
v53272	4/16	44.52	Aliceevansviridae
v53276	17/181	37.06	Herelleviridae
v53281	17/240	44.53	Herelleviridae
v53282	13/47	44.38	Autographiviridae
v53288	21/26	53.03	Peduoviridae
v53291	11/85	43.78	Aliceevansviridae
v53293	10/85	44.60	Aliceevansviridae
v53299	16/52	40.10	Autographiviridae
v53303	25/266	42.40	Herelleviridae
v53305	10/55	43.99	Aliceevansviridae
v53310	9/41	49.98	Aliceevansviridae
v53322	23/41	59.38	Aliceevansviridae
v53330	18/213	41.85	Herelleviridae
v53335	13/90	40.34	Aliceevansviridae
v53336	6/19	59.78	Aliceevansviridae
v53342	11/49	46.59	Aliceevansviridae
v53348	11/56	52.11	Aliceevansviridae
v53353	21/201	42.59	Herelleviridae
v53356	19/280	36.59	Herelleviridae
v53359	22/59	59.10	Aliceevansviridae
v53373	20/49	45.76	Aliceevansviridae
v53378	10/52	47.20	Aliceevansviridae
v53409	18/228	40.41	Herelleviridae
v53414	19/308	40.95	Herelleviridae
v53417	10/81	41.30	Aliceevansviridae
v53424	14/216	40.56	Herelleviridae
v53434	7/29	49.33	Drexlerviridae
v53440	13/67	40.69	Aliceevansviridae
v53443	11/38	41.86	Aliceevansviridae
v53445	10/47	51.97	Aliceevansviridae
v53451	5/25	31.06	Aliceevansviridae
v53469	10/57	47.07	Aliceevansviridae
v53471	8/27	43.50	Peduoviridae
v53474	36/42	87.36	Peduoviridae
v53482	13/66	40.56	Aliceevansviridae
v53487	4/10	72.62	Inoviridae
v53490	3/10	46.60	Inoviridae
v53504	4/12	49.73	Inoviridae
v53512	4/13	40.80	Inoviridae
v53514	10/393	34.09	Herelleviridae
v53524	13/56	41.94	Aliceevansviridae
v53526	35/42	96.29	Peduoviridae
v53529	15/53	44.31	Drexlerviridae
v53531	35/46	90.43	Peduoviridae
v53566	10/65	44.52	Aliceevansviridae
v53575	4/12	46.00	Microviridae
v53581	18/199	38.69	Herelleviridae
v53587	36/46	78.51	Peduoviridae
v53600	26/29	75.80	Peduoviridae
v53608	13/48	45.01	Autographiviridae
v53632	12/63	43.16	Aliceevansviridae
v53634	13/51	40.75	Aliceevansviridae
v53641	10/67	38.58	Aliceevansviridae
v53656	10/176	37.50	Herelleviridae
v53663	12/47	40.93	Aliceevansviridae
v53683	10/49	46.45	Aliceevansviridae
v53689	31/41	52.85	Peduoviridae
v53692	9/45	41.09	Aliceevansviridae
v53693	17/174	37.65	Herelleviridae
v53694	8/40	47.49	Aliceevansviridae
v53703	11/50	42.16	Aliceevansviridae
v53706	12/420	32.65	Mimiviridae
v53725	17/495	31.84	Mimiviridae
v53751	2/10	46.00	Inoviridae
v53778	2/10	46.85	Inoviridae
v53780	1/5	36.50	Aliceevansviridae
v53782	11/193	39.98	Herelleviridae
v53800	13/237	35.88	Herelleviridae
v53803	5/8	49.64	Inoviridae
v53806	3/8	47.97	Inoviridae
v53841	7/9	89.39	Inoviridae
v53842	14/301	38.63	Herelleviridae
v53857	34/51	65.06	Aliceevansviridae
v53861	10/49	39.08	Aliceevansviridae
v53870	10/71	37.43	Aliceevansviridae
v53883	11/190	36.06	Herelleviridae
v53889	9/44	41.80	Aliceevansviridae
v53895	15/232	41.61	Herelleviridae
v53906	11/72	38.96	Aliceevansviridae
v53918	13/185	38.66	Herelleviridae
v53920	4/15	42.40	Aliceevansviridae
v53929	11/91	45.40	Aliceevansviridae
v53933	10/54	42.53	Aliceevansviridae
v53934	19/107	46.27	Aliceevansviridae
v53948	8/36	47.70	Aliceevansviridae
v53958	13/186	37.39	Herelleviridae
v53980	9/40	43.90	Aliceevansviridae
v53983	10/53	43.76	Aliceevansviridae
v53984	11/50	40.65	Aliceevansviridae
v53985	46/50	77.67	Aliceevansviridae
v54003	6/10	59.37	Microviridae
v54009	15/62	45.42	Drexlerviridae
v54014	10/223	42.70	Herelleviridae
v54018	19/199	38.64	Herelleviridae
v54035	11/163	37.05	Herelleviridae
v54039	9/42	43.17	Aliceevansviridae
v54048	15/219	35.47	Herelleviridae
v54050	11/56	33.59	Aliceevansviridae
v54054	20/55	48.93	Aliceevansviridae
v54055	10/57	63.69	Peduoviridae
v54058	5/17	53.00	Aliceevansviridae
v54066	10/52	41.43	Aliceevansviridae
v54075	14/113	44.85	Herelleviridae
v54079	16/284	41.67	Herelleviridae
v54080	11/62	41.45	Aliceevansviridae
v54097	25/315	36.00	Herelleviridae
v54099	10/36	42.64	Aliceevansviridae
v54100	10/42	51.76	Aliceevansviridae
v54103	9/41	48.69	Aliceevansviridae
v54116	20/232	40.30	Herelleviridae
v54127	14/180	46.15	Herelleviridae
v54133	10/69	37.44	Aliceevansviridae
v54144	13/60	40.71	Aliceevansviridae
v54156	13/66	40.40	Aliceevansviridae
v54159	10/75	38.07	Aliceevansviridae
v54164	37/55	64.38	Aliceevansviridae
v54174	20/49	64.72	Aliceevansviridae
v54178	14/59	43.54	Aliceevansviridae
v54180	55/63	76.49	Aliceevansviridae
v54181	21/58	49.86	Aliceevansviridae
v54182	8/31	50.79	Aliceevansviridae
v54184	21/52	59.05	Aliceevansviridae
v54190	46/49	81.02	Aliceevansviridae
v54191	11/78	39.75	Aliceevansviridae
v54194	12/86	43.13	Aliceevansviridae
v54200	11/118	37.55	Aliceevansviridae
v54204	10/175	35.03	Herelleviridae
v54208	12/66	42.91	Aliceevansviridae
v54224	12/151	46.20	Aliceevansviridae
v54233	14/53	52.04	Aliceevansviridae
v54234	12/52	42.80	Aliceevansviridae
v54236	24/66	57.33	Aliceevansviridae
v54238	10/45	47.20	Aliceevansviridae
v54245	3/15	35.93	Aliceevansviridae
v54248	41/120	60.74	Aliceevansviridae
v54267	9/40	41.59	Aliceevansviridae
v54269	20/119	41.34	Aliceevansviridae
v54272	8/11	85.72	Microviridae
v54284	8/38	43.08	Aliceevansviridae
v54285	39/62	62.33	Aliceevansviridae
v54296	22/227	42.25	Herelleviridae
v54305	14/72	42.15	Aliceevansviridae
v54312	52/57	84.21	Aliceevansviridae
v54313	30/57	50.63	Peduoviridae
v54314	13/111	39.62	Aliceevansviridae
v54317	7/35	39.83	Aliceevansviridae
v54339	10/140	48.61	Aliceevansviridae
v54355	13/54	45.21	Aliceevansviridae
v54382	7/33	42.11	Aliceevansviridae
v54383	6/16	47.95	Aliceevansviridae
v54386	10/48	41.30	Aliceevansviridae
v54401	18/241	40.59	Herelleviridae
v54412	12/91	38.98	Aliceevansviridae
v54414	19/50	44.06	Autographiviridae
v54415	13/56	39.34	Aliceevansviridae
v54448	6/30	42.53	Aliceevansviridae
v54475	14/69	40.66	Aliceevansviridae
v54487	12/56	43.28	Aliceevansviridae
v54488	11/159	38.55	Herelleviridae
v54491	10/49	46.61	Aliceevansviridae
v54496	15/60	46.62	Aliceevansviridae
v54504	17/84	38.95	Aliceevansviridae
v54507	12/31	48.51	Aliceevansviridae
v54517	6/8	53.22	Microviridae
v54522	9/39	39.28	Aliceevansviridae
v54534	11/52	41.00	Aliceevansviridae
v54546	10/50	40.92	Aliceevansviridae
v54556	12/54	45.44	Aliceevansviridae
v54558	47/50	98.99	Peduoviridae
v54562	11/70	38.74	Aliceevansviridae
v54566	10/51	51.83	Aliceevansviridae
v54575	33/47	74.83	Aliceevansviridae
v54584	12/48	44.58	Aliceevansviridae
v54590	46/50	92.83	Peduoviridae
v54599	5/25	31.86	Aliceevansviridae
v54610	11/35	46.21	Aliceevansviridae
v54617	12/58	39.77	Aliceevansviridae
v54619	40/62	63.45	Aliceevansviridae
v54642	5/18	52.34	Aliceevansviridae
v54658	10/72	39.41	Aliceevansviridae
v54659	10/59	36.05	Aliceevansviridae
v54663	24/52	63.64	Aliceevansviridae
v54664	18/54	42.88	Autographiviridae
v54665	11/50	41.36	Aliceevansviridae
v54666	15/45	47.09	Aliceevansviridae
v54668	9/28	41.10	Aliceevansviridae
v54672	10/49	41.73	Aliceevansviridae
v54674	9/42	46.29	Aliceevansviridae
v54680	10/73	37.87	Aliceevansviridae
v54681	13/80	40.80	Aliceevansviridae
v54686	5/17	51.24	Aliceevansviridae
v54696	38/62	62.88	Aliceevansviridae
v54698	10/68	42.62	Aliceevansviridae
v54699	10/48	38.51	Aliceevansviridae
v54704	21/45	60.38	Aliceevansviridae
v54705	24/54	56.33	Aliceevansviridae
v54706	12/81	42.02	Aliceevansviridae
v54715	10/60	41.84	Aliceevansviridae
v54716	10/60	39.10	Aliceevansviridae
v54722	11/52	45.97	Aliceevansviridae
v54727	19/221	47.29	Herelleviridae
v54731	10/65	38.63	Aliceevansviridae
v54732	10/73	41.91	Aliceevansviridae
v54738	3/13	39.60	Aliceevansviridae
v54742	14/122	33.69	Aliceevansviridae
v54757	33/50	58.73	Aliceevansviridae
v54761	13/201	41.11	Herelleviridae
v54772	10/58	33.19	Aliceevansviridae
v54773	12/113	44.02	Aliceevansviridae
v54795	53/58	88.71	Aliceevansviridae
v54798	16/57	42.13	Peduoviridae
v54815	14/232	36.97	Herelleviridae
v54826	10/46	40.90	Aliceevansviridae
v54837	10/66	39.37	Aliceevansviridae
v54847	11/125	40.12	Aliceevansviridae
v54850	11/50	41.01	Aliceevansviridae
v54859	14/59	40.98	Aliceevansviridae
v54861	11/47	48.62	Aliceevansviridae
v54866	10/85	31.34	Aliceevansviridae
v54868	15/61	39.99	Aliceevansviridae
v54870	26/57	54.42	Aliceevansviridae
v54875	5/15	41.34	Aliceevansviridae
v54876	34/46	79.02	Aliceevansviridae
v54882	12/79	45.20	Aliceevansviridae
v54883	12/55	39.88	Aliceevansviridae
v54892	10/52	49.01	Aliceevansviridae
v54902	8/39	48.12	Aliceevansviridae
v54912	5/17	51.96	Aliceevansviridae
v54913	9/41	35.60	Winoviridae
v54914	10/62	43.20	Aliceevansviridae
v54919	12/50	38.15	Aliceevansviridae
v54920	29/53	63.00	Aliceevansviridae
v54925	12/63	45.20	Aliceevansviridae
v54930	37/52	54.39	Aliceevansviridae
v54935	33/51	72.55	Aliceevansviridae
v54940	13/131	46.70	Aliceevansviridae
v54948	10/60	40.23	Aliceevansviridae
v54950	10/51	47.67	Aliceevansviridae
v54952	15/55	46.07	Aliceevansviridae
v54958	16/190	45.49	Herelleviridae
v54965	13/169	36.82	Herelleviridae
v54978	53/60	80.58	Aliceevansviridae
v54984	49/56	83.03	Aliceevansviridae
v54989	9/36	43.19	Aliceevansviridae
v54997	10/58	38.96	Aliceevansviridae
v55002	12/51	37.71	Aliceevansviridae
v55007	40/44	94.55	Peduoviridae
v55015	18/143	44.62	Herelleviridae
v55042	45/125	59.75	Aliceevansviridae
v55046	30/54	52.70	Aliceevansviridae
v55056	11/174	38.17	Aliceevansviridae
v55063	12/140	34.77	Herelleviridae
v55069	38/63	59.66	Aliceevansviridae
v55077	3/12	35.40	Inoviridae
v55079	3/7	34.40	Inoviridae
v55093	44/46	89.90	Peduoviridae
v55096	17/57	41.94	Aliceevansviridae
v55100	13/57	44.71	Aliceevansviridae
v55102	6/22	46.37	Aliceevansviridae
v55103	35/50	68.72	Peduoviridae
v55106	26/50	48.84	Peduoviridae
v55110	20/109	39.16	Aliceevansviridae
v55111	14/55	46.42	Aliceevansviridae
v55113	18/54	46.51	Aliceevansviridae
v55120	10/59	44.22	Aliceevansviridae
v55122	10/52	44.25	Aliceevansviridae
v55134	11/48	43.30	Aliceevansviridae
v55135	27/43	51.20	Peduoviridae
v55136	4/17	39.05	Aliceevansviridae
v55138	23/51	50.30	Aliceevansviridae
v55139	15/52	46.97	Aliceevansviridae
v55140	16/65	44.88	Aliceevansviridae
v55147	11/59	43.89	Aliceevansviridae
v55149	17/64	44.62	Aliceevansviridae
v55150	7/31	47.11	Aliceevansviridae
v55151	5/14	45.62	Aliceevansviridae
v55159	10/41	35.80	Aliceevansviridae
v55160	15/50	45.05	Aliceevansviridae
v55161	11/55	40.62	Aliceevansviridae
v55162	10/63	42.19	Aliceevansviridae
v55167	13/50	41.58	Drexlerviridae
v55174	39/40	94.33	Peduoviridae
v55176	15/45	43.13	Aliceevansviridae
v55178	28/31	84.74	Aliceevansviridae
v55179	34/41	77.51	Peduoviridae
v55180	5/22	53.24	Aliceevansviridae
v55181	14/48	49.75	Aliceevansviridae
v55184	17/45	52.86	Aliceevansviridae
v55188	11/64	41.61	Aliceevansviridae
v55190	26/31	72.80	Peduoviridae
v55197	35/39	96.17	Peduoviridae
v55198	29/52	67.17	Peduoviridae
v55203	39/47	87.94	Peduoviridae
v55205	39/47	87.52	Peduoviridae
v55206	29/37	80.35	Peduoviridae
v55210	22/60	53.09	Aliceevansviridae
v55212	11/156	35.24	Herelleviridae
v55215	4/10	49.50	Inoviridae
v55217	1/4	51.70	Retroviridae
v55229	11/55	45.38	Drexlerviridae
v55237	12/55	42.12	Aliceevansviridae
v55243	11/51	43.79	Aliceevansviridae
v55245	10/41	39.64	Aliceevansviridae
v55248	14/44	42.01	Aliceevansviridae
v55253	11/76	49.15	Herelleviridae
v55256	19/248	41.45	Herelleviridae
v55257	10/51	39.08	Aliceevansviridae
v55259	27/35	96.31	Peduoviridae
v55264	14/57	39.48	Aliceevansviridae
v55268	12/193	35.29	Herelleviridae
v55269	23/26	64.18	Aliceevansviridae
v55270	13/68	48.65	Herelleviridae
v55271	20/57	46.10	Aliceevansviridae
v55272	12/36	42.42	Drexlerviridae
v55273	19/58	39.34	Aliceevansviridae
v55281	19/60	45.80	Aliceevansviridae
v55282	18/62	44.30	Aliceevansviridae
v55284	3/13	42.47	Orlajensenviridae
v55286	15/50	42.23	Aliceevansviridae
v55292	22/51	48.92	Aliceevansviridae
v55295	13/105	40.85	Aliceevansviridae
v55300	10/66	41.89	Aliceevansviridae
v55303	4/16	43.92	Aliceevansviridae
v55304	39/50	82.54	Peduoviridae
v55305	6/16	44.57	Aliceevansviridae
v55313	23/57	59.87	Aliceevansviridae
v55320	30/55	52.68	Peduoviridae
v55321	18/57	43.47	Aliceevansviridae
v55328	18/226	38.57	Herelleviridae
v55330	49/54	73.96	Aliceevansviridae
v55333	37/44	81.54	Peduoviridae
v55334	36/40	74.96	Peduoviridae
v55341	14/51	43.16	Aliceevansviridae
v55351	2/8	35.70	Inoviridae
v55352	2/10	38.85	Inoviridae
v55355	3/7	60.30	Inoviridae
v55366	12/56	41.42	Aliceevansviridae
v55378	14/59	46.26	Aliceevansviridae
v55380	13/61	43.62	Aliceevansviridae
v55381	22/52	49.99	Aliceevansviridae
v55383	17/53	48.29	Aliceevansviridae
v55384	9/43	44.58	Aliceevansviridae
v55390	11/52	43.35	Aliceevansviridae
v55393	12/54	37.48	Aliceevansviridae
v55394	11/60	37.32	Aliceevansviridae
v55396	13/257	33.91	Herelleviridae
v55398	21/24	92.78	Peduoviridae
v55409	32/39	67.84	Peduoviridae
v55412	12/55	37.92	Aliceevansviridae
v55422	27/70	60.27	Aliceevansviridae
v55425	16/67	53.52	Herelleviridae
v55427	11/50	40.73	Aliceevansviridae
v55428	10/58	44.81	Aliceevansviridae
v55431	10/57	41.12	Aliceevansviridae
v55432	10/40	40.56	Aliceevansviridae
v55434	13/70	49.29	Herelleviridae
v55435	11/49	43.44	Aliceevansviridae
v55439	10/53	43.64	Aliceevansviridae
v55440	6/26	36.62	Casjensviridae
v55447	10/47	43.26	Aliceevansviridae
v55454	24/46	69.26	Aliceevansviridae
v55456	38/45	77.43	Peduoviridae
v55457	36/36	99.52	Peduoviridae
v55466	31/36	93.78	Peduoviridae
v55469	18/56	57.92	Aliceevansviridae
v55473	38/39	77.04	Peduoviridae
v55474	30/39	74.70	Peduoviridae
v55478	10/49	49.52	Aliceevansviridae
v55484	20/280	40.47	Herelleviridae
v55486	4/13	50.58	Aliceevansviridae
v55491	5/25	57.14	Aliceevansviridae
v55508	4/17	41.62	Aliceevansviridae
v55509	6/29	46.48	Herelleviridae
v55514	38/53	74.95	Peduoviridae
v55523	30/31	74.33	Peduoviridae
v55524	21/58	47.38	Aliceevansviridae
v55531	37/50	85.99	Peduoviridae
v55537	10/51	45.65	Aliceevansviridae
v55538	13/58	42.68	Aliceevansviridae
v55543	10/50	37.06	Aliceevansviridae
v55556	29/39	56.00	Peduoviridae
v55560	12/136	32.56	Herelleviridae
v55561	40/54	78.83	Aliceevansviridae
v55563	5/25	44.10	Aliceevansviridae
v55565	9/44	37.34	Aliceevansviridae
v55567	10/54	45.32	Aliceevansviridae
v55568	6/27	40.92	Aliceevansviridae
v55569	10/45	40.03	Aliceevansviridae
v55572	14/63	45.52	Aliceevansviridae
v55575	11/50	44.20	Aliceevansviridae
v55576	10/43	41.37	Aliceevansviridae
v55578	10/56	41.35	Aliceevansviridae
v55579	17/32	47.62	Aliceevansviridae
v55584	46/52	77.64	Aliceevansviridae
v55588	10/66	47.21	Herelleviridae
v55591	14/57	40.26	Aliceevansviridae
v55592	12/218	38.43	Herelleviridae
v55593	15/49	42.33	Aliceevansviridae
v55594	21/50	64.37	Aliceevansviridae
v55599	6/16	46.27	Aliceevansviridae
v55600	2/7	33.80	Aliceevansviridae
v55605	7/32	47.06	Aliceevansviridae
v55606	12/62	37.38	Peduoviridae
v55607	47/54	67.04	Aliceevansviridae
v55608	5/17	43.52	Aliceevansviridae
v55609	37/41	80.70	Peduoviridae
v55611	10/56	41.05	Drexlerviridae
v55619	6/19	48.00	Aliceevansviridae
v55623	14/61	39.12	Aliceevansviridae
v55629	11/65	40.25	Aliceevansviridae
v55638	9/43	45.07	Aliceevansviridae
v55640	10/60	46.03	Aliceevansviridae
v55642	12/54	50.01	Aliceevansviridae
v55643	12/57	61.59	Peduoviridae
v55658	31/205	75.68	Peduoviridae
v55687	5/8	75.36	Inoviridae
v55688	4/8	49.98	Inoviridae
v55692	6/10	77.45	Inoviridae
v55706	3/14	45.70	Inoviridae
v55723	6/8	79.62	Inoviridae
v55735	7/9	92.26	Microviridae
v55738	27/299	39.17	Herelleviridae
v55744	4/7	37.52	Microviridae
v55750	3/6	38.47	Microviridae
v55756	54/60	83.89	Aliceevansviridae
v55758	5/16	48.88	Aliceevansviridae
v55761	4/17	47.92	Aliceevansviridae
v55763	19/53	53.61	Aliceevansviridae
v55766	5/6	73.14	Microviridae
v55770	36/46	64.24	Peduoviridae
v55771	36/50	87.90	Peduoviridae
v55778	4/9	39.98	Microviridae
v55811	9/12	51.41	Inoviridae
v55832	10/43	30.74	Winoviridae
v55833	11/50	47.45	Aliceevansviridae
v55846	10/72	48.94	Drexlerviridae
v55884	3/8	40.67	Microviridae
v55891	11/121	45.64	Suoliviridae
v55910	10/64	51.25	Aliceevansviridae
v55911	10/48	41.90	Aliceevansviridae
v55923	6/8	72.82	Microviridae
v55938	10/157	42.79	Herelleviridae
v55941	10/116	36.09	Herelleviridae
v55954	27/61	65.78	Aliceevansviridae
v55955	7/24	48.83	Aliceevansviridae
v55956	9/26	47.01	Aliceevansviridae
v55961	4/6	37.98	Microviridae
v55972	15/67	41.90	Drexlerviridae
v55974	39/41	94.13	Peduoviridae
v55977	39/50	95.18	Peduoviridae
v55979	19/54	50.98	Aliceevansviridae
v55981	13/42	42.65	Aliceevansviridae
v55982	13/55	39.57	Aliceevansviridae
v56004	10/58	45.19	Aliceevansviridae
v56006	18/47	43.44	Autographiviridae
v56008	12/64	37.57	Aliceevansviridae
v56013	8/40	33.60	Duneviridae
v56015	38/40	98.37	Peduoviridae
v56019	17/89	42.52	Aliceevansviridae
v56036	6/12	84.38	Microviridae
v56055	11/57	40.80	Aliceevansviridae
v56056	43/46	95.07	Peduoviridae
v56057	5/7	73.84	Microviridae
v56071	10/60	35.92	Winoviridae
v56086	19/57	47.58	Aliceevansviridae
v56091	11/46	38.17	Aliceevansviridae
v56097	9/40	52.88	Aliceevansviridae
v56101	11/53	39.78	Winoviridae
v56107	4/7	37.10	Microviridae
v56111	13/48	44.19	Aliceevansviridae
v56113	14/331	36.07	Herelleviridae
v56130	9/33	39.12	Aliceevansviridae
v56134	14/173	42.04	Herelleviridae
v56143	10/182	37.66	Herelleviridae
v56155	8/9	64.64	Microviridae
v56156	5/9	51.18	Microviridae
v56158	3/10	55.77	Inoviridae
v56173	7/9	94.04	Inoviridae
v56198	4/15	46.38	Inoviridae
v56220	7/8	79.73	Inoviridae
v56223	10/137	37.31	Herelleviridae
v56226	4/7	80.95	Inoviridae
v56227	6/7	71.83	Inoviridae
v56241	5/8	91.28	Inoviridae
v56258	18/357	33.98	Mimiviridae
v56273	3/15	44.17	Peduoviridae
v56286	47/50	95.17	Peduoviridae
v56289	6/12	90.30	Microviridae
v56291	13/62	45.63	Aliceevansviridae
v56293	5/5	51.56	Microviridae
v56304	12/124	37.21	Aliceevansviridae
v56308	12/51	40.99	Aliceevansviridae
v56312	10/55	34.82	Winoviridae
v56318	12/54	35.42	Winoviridae
v56328	17/240	39.43	Herelleviridae
v56329	41/44	93.77	Peduoviridae
v56337	10/87	43.93	Aliceevansviridae
v56341	15/136	40.43	Herelleviridae
v56348	10/35	46.13	Aliceevansviridae
v56363	27/38	51.23	Peduoviridae
v56376	45/50	99.92	Peduoviridae
v56381	9/45	38.41	Aliceevansviridae
v56400	10/14	90.12	Microviridae
v56401	11/58	61.91	Peduoviridae
v56419	10/74	42.68	Aliceevansviridae
v56428	29/31	92.23	Peduoviridae
v56431	14/241	41.81	Herelleviridae
v56433	15/206	37.09	Herelleviridae
v56445	16/134	43.59	Herelleviridae
v56449	10/36	49.85	Aliceevansviridae
v56478	9/40	45.69	Aliceevansviridae
v56491	9/42	41.60	Aliceevansviridae
v56492	14/242	38.16	Herelleviridae
v56497	14/62	39.32	Aliceevansviridae
v56506	9/43	51.30	Aliceevansviridae
v56508	11/47	38.80	Aliceevansviridae
v56518	11/56	46.54	Aliceevansviridae
v56537	13/155	40.29	Herelleviridae
v56545	11/50	46.13	Aliceevansviridae
v56549	16/176	45.02	Herelleviridae
v56551	7/29	40.20	Aliceevansviridae
v56553	14/50	36.02	Winoviridae
v56555	11/202	37.93	Herelleviridae
v56559	3/8	37.93	Microviridae
v56563	17/235	40.59	Herelleviridae
v56569	11/43	38.19	Winoviridae
v56588	14/67	36.04	Winoviridae
v56595	13/58	41.30	Aliceevansviridae
v56599	16/302	35.22	Herelleviridae
v56606	12/50	36.18	Winoviridae
v56619	15/117	41.72	Aliceevansviridae
v56621	11/215	41.41	Herelleviridae
v56630	10/98	44.91	Suoliviridae
v56658	10/116	35.66	Aliceevansviridae
v56666	10/50	52.29	Aliceevansviridae
v56678	11/46	36.66	Winoviridae
v56688	9/38	53.07	Aliceevansviridae
v56694	9/44	33.79	Winoviridae
v56722	15/227	36.74	Herelleviridae
v56732	11/179	39.79	Herelleviridae
v56762	12/172	43.86	Herelleviridae
v56770	11/49	46.61	Aliceevansviridae
v56772	10/44	43.14	Aliceevansviridae
v56780	11/46	37.46	Peduoviridae
v56784	15/61	47.78	Aliceevansviridae
v56795	12/215	42.37	Herelleviridae
v56798	10/60	34.15	Duneviridae
v56835	12/51	44.63	Aliceevansviridae
v56856	10/55	40.85	Aliceevansviridae
v56858	10/59	43.38	Aliceevansviridae
v56861	26/32	93.60	Peduoviridae
v56879	8/38	43.59	Aliceevansviridae
v56886	11/48	46.67	Aliceevansviridae
v56918	6/8	87.45	Inoviridae
v56936	7/9	89.27	Inoviridae
v56943	15/347	36.63	Herelleviridae
v56950	3/7	48.90	Inoviridae
v56953	6/9	93.45	Inoviridae
v56966	6/8	94.82	Inoviridae
v56991	11/126	35.74	Herelleviridae
v56993	6/9	91.82	Inoviridae
v57015	24/59	42.76	Peduoviridae
v57021	11/74	38.23	Peduoviridae
v57023	10/50	36.19	Winoviridae
v57024	12/92	44.59	Aliceevansviridae
v57027	12/78	39.25	Aliceevansviridae
v57047	5/9	48.88	Microviridae
v57084	13/52	36.07	Winoviridae
v57088	9/39	35.84	Winoviridae
v57111	5/11	50.84	Microviridae
v57112	10/62	41.87	Aliceevansviridae
v57116	14/223	37.91	Herelleviridae
v57118	15/51	46.34	Aliceevansviridae
v57137	20/232	42.15	Herelleviridae
v57143	15/286	43.81	Steigviridae
v57150	57/62	83.84	Aliceevansviridae
v57154	19/51	50.78	Aliceevansviridae
v57163	17/54	48.28	Aliceevansviridae
v57170	10/60	38.15	Aliceevansviridae
v57175	17/236	36.70	Herelleviridae
v57188	10/146	38.23	Herelleviridae
v57193	41/42	91.82	Peduoviridae
v57197	8/31	40.95	Aliceevansviridae
v57201	10/51	41.82	Aliceevansviridae
v57215	13/76	35.93	Peduoviridae
v57239	4/13	42.62	Microviridae
v57250	19/65	41.95	Aliceevansviridae
v57262	11/65	39.56	Winoviridae
v57264	8/38	51.98	Aliceevansviridae
v57268	6/9	88.95	Microviridae
v57284	11/61	54.16	Microviridae
v57290	12/49	35.63	Winoviridae
v57303	32/35	88.20	Peduoviridae
v57307	10/60	40.32	Aliceevansviridae
v57325	37/46	92.82	Peduoviridae
v57328	8/38	68.94	Peduoviridae
v57331	7/32	48.14	Aliceevansviridae
v57338	10/61	39.71	Aliceevansviridae
v57347	15/247	39.44	Herelleviridae
v57349	10/49	38.04	Winoviridae
v57351	11/51	46.48	Aliceevansviridae
v57353	16/109	40.90	Aliceevansviridae
v57356	12/53	39.55	Winoviridae
v57371	10/65	44.02	Steigviridae
v57385	19/242	41.50	Herelleviridae
v57387	10/52	43.12	Winoviridae
v57390	11/50	46.69	Aliceevansviridae
v57399	35/47	59.96	Autographiviridae
v57417	14/50	40.18	Aliceevansviridae
v57420	43/50	92.35	Peduoviridae
v57445	12/61	40.68	Winoviridae
v57460	10/164	43.44	Aliceevansviridae
v57462	11/47	45.99	Aliceevansviridae
v57472	13/196	49.75	Herelleviridae
v57476	35/59	62.71	Aliceevansviridae
v57479	13/163	42.86	Suoliviridae
v57484	14/54	36.02	Winoviridae
v57488	20/245	41.67	Herelleviridae
v57489	19/50	65.39	Aliceevansviridae
v57495	29/49	50.66	Peduoviridae
v57499	10/50	39.68	Aliceevansviridae
v57502	11/65	40.83	Aliceevansviridae
v57515	14/84	46.42	Aliceevansviridae
v57518	10/61	40.88	Aliceevansviridae
v57530	11/77	41.74	Aliceevansviridae
v57535	4/18	30.82	Guelinviridae
v57553	6/17	73.53	Microviridae
v57569	6/29	41.57	Winoviridae
v57572	16/149	37.59	Herelleviridae
v57580	23/256	45.67	Herelleviridae
v57581	52/56	89.27	Aliceevansviridae
v57587	14/110	36.02	Winoviridae
v57602	10/51	51.20	Aliceevansviridae
v57610	14/96	40.74	Herelleviridae
v57630	18/276	40.70	Herelleviridae
v57638	12/51	46.88	Aliceevansviridae
v57648	12/116	42.19	Herelleviridae
v57665	10/72	42.62	Aliceevansviridae
v57681	12/184	38.59	Herelleviridae
v57747	6/7	88.33	Inoviridae
v57748	6/8	81.52	Inoviridae
v57757	7/8	81.63	Inoviridae
v57768	3/14	45.30	Inoviridae
v57777	11/253	37.87	Herelleviridae
v57786	5/11	48.94	Microviridae
v57792	12/88	42.00	Aliceevansviridae
v57820	9/36	47.29	Aliceevansviridae
v57821	10/49	43.55	Aliceevansviridae
v57834	8/35	48.29	Aliceevansviridae
v57837	14/90	40.67	Aliceevansviridae
v57849	11/65	36.41	Aliceevansviridae
v57854	35/43	71.27	Aliceevansviridae
v57866	15/85	48.37	Aliceevansviridae
v57867	20/248	41.77	Herelleviridae
v57897	8/36	40.95	Aliceevansviridae
v57924	19/192	38.95	Herelleviridae
v57926	9/41	70.41	Peduoviridae
v57927	10/50	40.28	Aliceevansviridae
v57963	39/51	97.83	Peduoviridae
v57967	11/72	38.97	Peduoviridae
v58000	10/46	36.50	Winoviridae
v58024	11/107	37.90	Aliceevansviridae
v58030	4/9	44.15	Microviridae
v58036	10/49	35.75	Peduoviridae
v58039	5/13	46.10	Microviridae
v58044	9/42	51.46	Aliceevansviridae
v58046	11/44	40.62	Aliceevansviridae
v58062	19/245	38.23	Herelleviridae
v58066	15/232	38.76	Herelleviridae
v58074	43/45	94.18	Peduoviridae
v58084	7/32	32.69	Duneviridae
v58096	7/10	86.74	Microviridae
v58103	12/95	46.08	Drexlerviridae
v58120	4/7	42.33	Microviridae
v58121	15/192	39.91	Herelleviridae
v58123	3/6	93.80	Microviridae
v58129	11/46	41.26	Winoviridae
v58142	51/59	79.73	Aliceevansviridae
v58150	43/50	92.58	Peduoviridae
v58189	11/51	36.25	Aliceevansviridae
v58198	6/9	83.30	Microviridae
v58201	15/242	40.78	Herelleviridae
v58205	10/45	43.44	Aliceevansviridae
v58209	12/93	40.27	Aliceevansviridae
v58211	22/51	46.60	Autographiviridae
v58219	86/215	97.35	Peduoviridae
v58220	16/235	40.42	Herelleviridae
v58222	6/29	45.33	Aliceevansviridae
v58225	10/94	36.54	Peduoviridae
v58233	26/102	46.78	Schitoviridae
v58238	3/5	38.57	Microviridae
v58247	20/240	40.63	Herelleviridae
v58254	9/44	43.12	Aliceevansviridae
v58259	12/53	46.24	Aliceevansviridae
v58261	13/100	43.05	Aliceevansviridae
v58262	12/172	39.73	Herelleviridae
v58270	11/141	39.59	Herelleviridae
v58280	14/53	36.71	Winoviridae
v58297	28/39	66.30	Aliceevansviridae
v58301	17/50	42.30	Autographiviridae
v58303	13/214	40.00	Herelleviridae
v58308	11/70	39.81	Winoviridae
v58324	12/101	42.94	Aliceevansviridae
v58335	17/50	47.36	Autographiviridae
v58343	4/8	87.60	Microviridae
v58349	21/245	39.74	Herelleviridae
v58360	13/50	36.35	Winoviridae
v58381	4/9	48.38	Microviridae
v58391	22/105	43.12	Aliceevansviridae
v58399	10/138	40.22	Aliceevansviridae
v58408	5/10	48.24	Microviridae
v58415	11/222	48.88	Herelleviridae
v58421	10/51	49.47	Aliceevansviridae
v58430	33/36	91.72	Peduoviridae
v58438	8/39	40.70	Aliceevansviridae
v58442	20/234	43.30	Herelleviridae
v58449	16/80	41.83	Aliceevansviridae
v58454	4/9	39.33	Microviridae
v58457	10/46	46.69	Aliceevansviridae
v58476	10/71	43.49	Aliceevansviridae
v58481	12/145	40.08	Herelleviridae
v58482	15/199	44.60	Herelleviridae
v58493	55/103	80.94	Peduoviridae
v58511	12/15	99.55	Inoviridae
v58536	3/15	45.40	Inoviridae
v58546	4/11	52.15	Inoviridae
v58547	3/10	46.90	Inoviridae
v58553	11/325	37.66	Herelleviridae
v58555	3/11	45.70	Inoviridae
v58556	7/8	84.33	Inoviridae
v58561	10/161	33.51	Herelleviridae
v58571	11/180	36.88	Herelleviridae
v58573	19/167	42.63	Autographiviridae
v58588	9/33	46.84	Aliceevansviridae
v58596	13/124	47.71	Aliceevansviridae
v58617	10/187	36.51	Herelleviridae
v58619	7/27	48.51	Aliceevansviridae
v58622	23/239	39.13	Herelleviridae
v58627	10/50	49.70	Aliceevansviridae
v58664	6/8	57.78	Microviridae
v58670	33/43	80.08	Peduoviridae
v58674	12/66	42.37	Drexlerviridae
v58675	14/68	36.31	Winoviridae
v58678	36/41	81.25	Peduoviridae
v58679	29/59	61.88	Aliceevansviridae
v58680	41/120	89.94	Peduoviridae
v58681	7/33	41.43	Aliceevansviridae
v58682	14/33	48.07	Aliceevansviridae
v58683	15/45	47.99	Autographiviridae
v58686	6/9	95.58	Microviridae
v58699	10/128	41.88	Herelleviridae
v58713	13/209	38.93	Herelleviridae
v58722	36/51	60.79	Aliceevansviridae
v58725	9/44	51.31	Aliceevansviridae
v58727	23/26	75.78	Peduoviridae
v58729	11/45	44.86	Aliceevansviridae
v58730	19/42	55.97	Aliceevansviridae
v58740	12/56	41.29	Aliceevansviridae
v58742	13/62	43.81	Peduoviridae
v58747	19/228	38.41	Herelleviridae
v58754	4/11	34.40	Microviridae
v58771	37/50	93.76	Peduoviridae
v58773	13/107	35.21	Winoviridae
v58787	6/12	49.97	Microviridae
v58802	14/235	41.40	Herelleviridae
v58805	14/51	34.59	Winoviridae
v58809	40/45	87.04	Peduoviridae
v58812	36/37	95.04	Peduoviridae
v58817	10/52	50.00	Aliceevansviridae
v58819	40/46	97.68	Peduoviridae
v58835	36/45	93.64	Peduoviridae
v58837	36/41	75.53	Peduoviridae
v58841	16/50	47.98	Aliceevansviridae
v58858	12/85	45.20	Aliceevansviridae
v58862	10/47	47.13	Aliceevansviridae
v58874	40/49	96.79	Peduoviridae
v58879	11/164	41.14	Herelleviridae
v58881	11/39	41.70	Aliceevansviridae
v58895	13/171	43.72	Herelleviridae
v58900	35/43	73.03	Peduoviridae
v58902	13/274	36.42	Herelleviridae
v58920	11/49	42.60	Aliceevansviridae
v58922	12/54	54.58	Aliceevansviridae
v58926	16/228	40.21	Herelleviridae
v58930	5/19	50.20	Inoviridae
v58936	10/55	43.19	Aliceevansviridae
v58937	39/44	94.58	Peduoviridae
v58946	10/63	39.94	Aliceevansviridae
v58959	19/144	41.56	Autographiviridae
v58976	11/42	48.16	Aliceevansviridae
v58982	5/20	45.74	Aliceevansviridae
v58987	13/98	36.82	Winoviridae
v58995	29/36	52.47	Peduoviridae
v59012	10/50	49.60	Aliceevansviridae
v59022	34/50	73.26	Peduoviridae
v59023	36/50	80.89	Peduoviridae
v59038	38/48	84.82	Peduoviridae
v59046	11/107	37.25	Aliceevansviridae
v59050	18/109	39.22	Aliceevansviridae
v59052	10/84	30.29	Winoviridae
v59066	11/59	48.55	Aliceevansviridae
v59070	12/170	40.48	Aliceevansviridae
v59072	8/24	47.42	Aliceevansviridae
v59080	10/63	41.19	Aliceevansviridae
v59084	13/93	46.37	Drexlerviridae
v59089	42/50	96.36	Peduoviridae
v59091	41/44	93.64	Peduoviridae
v59102	18/152	39.33	Herelleviridae
v59115	20/146	41.20	Aliceevansviridae
v59116	12/64	47.59	Aliceevansviridae
v59119	6/27	45.40	Aliceevansviridae
v59131	2/8	49.40	Inoviridae
v59134	5/12	47.60	Inoviridae
v59155	9/40	41.08	Aliceevansviridae
v59157	11/93	42.32	Aliceevansviridae
v59171	20/236	39.66	Herelleviridae
v59177	8/30	49.75	Aliceevansviridae
v59178	21/235	39.60	Herelleviridae
v59181	2/9	36.05	Microviridae
v59183	10/58	35.87	Aliceevansviridae
v59189	16/100	41.98	Aliceevansviridae
v59193	20/231	38.10	Herelleviridae
v59202	9/38	41.98	Aliceevansviridae
v59204	5/15	44.66	Microviridae
v59224	6/30	46.25	Drexlerviridae
v59230	4/7	53.25	Microviridae
v59231	12/100	37.56	Winoviridae
v59234	5/6	85.14	Microviridae
v59256	38/42	98.06	Peduoviridae
v59267	37/41	83.16	Aliceevansviridae
v59268	11/71	37.11	Aliceevansviridae
v59269	29/52	56.27	Autographiviridae
v59291	11/89	52.64	Suoliviridae
v59295	24/55	42.85	Peduoviridae
v59298	36/41	66.59	Peduoviridae
v59305	12/126	40.08	Herelleviridae
v59307	8/34	40.55	Aliceevansviridae
v59312	22/252	35.72	Herelleviridae
v59315	37/49	81.75	Peduoviridae
v59323	41/49	97.21	Peduoviridae
v59344	7/33	36.03	Casjensviridae
v59350	9/40	48.82	Aliceevansviridae
v59357	5/6	95.34	Microviridae
v59370	15/164	43.51	Herelleviridae
v59371	6/28	40.08	Aliceevansviridae
v59376	12/48	41.05	Aliceevansviridae
v59388	39/104	88.96	Peduoviridae
v59396	11/47	42.01	Aliceevansviridae
v59439	11/50	41.78	Winoviridae
v59454	19/234	38.97	Herelleviridae
v59464	10/54	41.37	Aliceevansviridae
v59473	8/34	42.60	Aliceevansviridae
v59483	36/39	93.14	Peduoviridae
v59496	18/125	42.13	Herelleviridae
v59498	10/46	44.41	Aliceevansviridae
v59512	3/8	37.73	Microviridae
v59516	4/15	36.02	Inoviridae
v59520	28/31	87.06	Peduoviridae
v59524	11/218	35.99	Herelleviridae
v59528	18/208	41.44	Herelleviridae
v59538	14/141	41.30	Herelleviridae
v59565	4/7	79.10	Microviridae
v59566	41/46	93.61	Peduoviridae
v59567	10/55	42.18	Winoviridae
v59572	25/236	39.68	Herelleviridae
v59576	4/10	34.83	Microviridae
v59577	10/46	41.26	Aliceevansviridae
v59588	10/120	32.16	Casjensviridae
v59594	9/44	41.92	Aliceevansviridae
v59595	10/66	43.52	Aliceevansviridae
v59602	11/55	44.85	Aliceevansviridae
v59604	28/31	88.28	Peduoviridae
v59625	11/51	44.23	Aliceevansviridae
v59636	35/43	62.36	Peduoviridae
v59639	10/64	43.49	Aliceevansviridae
v59651	28/49	55.12	Autographiviridae
v59654	12/84	46.33	Aliceevansviridae
v59660	29/53	56.63	Autographiviridae
v59668	12/198	43.48	Herelleviridae
v59669	8/19	52.55	Microviridae
v59676	20/464	34.32	Herelleviridae
v59687	8/23	62.90	Inoviridae
v59704	11/110	32.89	Herelleviridae
v59711	30/36	93.42	Peduoviridae
v59713	12/100	45.71	Aliceevansviridae
v59717	10/74	41.37	Winoviridae
v59723	28/33	87.17	Peduoviridae
v59726	10/172	40.99	Herelleviridae
v59736	9/11	79.33	Microviridae
v59744	27/30	74.11	Peduoviridae
v59766	10/128	40.72	Herelleviridae
v59780	26/30	83.41	Peduoviridae
v59784	11/88	43.44	Aliceevansviridae
v59790	14/168	42.36	Herelleviridae
v59795	19/235	35.75	Winoviridae
v59797	5/8	85.38	Microviridae
v59803	27/30	82.17	Peduoviridae
v59811	26/76	45.46	Schitoviridae
v59824	4/6	49.45	Microviridae
v59825	7/32	41.41	Aliceevansviridae
v59834	11/57	37.00	Winoviridae
v59838	16/248	43.39	Herelleviridae
v59839	5/8	46.94	Microviridae
v59847	5/7	64.86	Microviridae
v59857	36/40	97.52	Peduoviridae
v59859	40/67	84.86	Peduoviridae
v59860	15/219	37.11	Herelleviridae
v59864	10/55	46.36	Aliceevansviridae
v59867	10/52	34.80	Aliceevansviridae
v59870	4/4	43.55	Microviridae
v59897	12/53	40.85	Aliceevansviridae
v59909	10/54	40.47	Aliceevansviridae
v59923	12/202	38.08	Herelleviridae
v59926	13/146	45.49	Herelleviridae
v59927	18/229	41.11	Herelleviridae
v59928	16/54	46.23	Autographiviridae
v59930	10/56	38.03	Aliceevansviridae
v59945	12/145	39.65	Aliceevansviridae
v59950	7/11	81.26	Inoviridae
v59964	3/14	31.80	Inoviridae
v59976	20/51	45.62	Autographiviridae
v59994	11/61	46.85	Aliceevansviridae
v60001	16/204	41.47	Herelleviridae
v60025	17/54	39.78	Peduoviridae
v60028	5/25	51.16	Straboviridae
v60033	10/60	37.05	Peduoviridae
v60038	5/9	66.02	Microviridae
v60039	12/83	43.41	Drexlerviridae
v60057	18/51	44.30	Autographiviridae
v60060	29/33	94.69	Peduoviridae
v60071	18/234	39.24	Herelleviridae
v60076	13/204	42.22	Herelleviridae
v60085	29/31	99.20	Peduoviridae
v60089	10/57	40.84	Aliceevansviridae
v60091	9/27	46.30	Drexlerviridae
v60102	14/161	39.96	Herelleviridae
v60103	14/58	36.56	Winoviridae
v60105	9/41	34.23	Winoviridae
v60113	9/40	72.87	Straboviridae
v60123	4/13	44.75	Microviridae
v60125	8/35	42.73	Aliceevansviridae
v60128	3/14	36.07	Microviridae
v60135	7/10	61.96	Microviridae
v60141	11/60	44.18	Aliceevansviridae
v60144	10/55	41.58	Aliceevansviridae
v60145	41/51	93.29	Peduoviridae
v60148	11/66	42.27	Aliceevansviridae
v60152	9/45	39.08	Drexlerviridae
v60154	8/34	47.75	Aliceevansviridae
v60158	4/12	38.73	Microviridae
v60160	11/69	40.30	Aliceevansviridae
v60166	18/266	38.89	Herelleviridae
v60171	12/99	46.77	Aliceevansviridae
v60183	9/45	42.41	Aliceevansviridae
v60192	20/205	38.67	Herelleviridae
v60193	28/50	55.17	Peduoviridae
v60195	5/9	52.20	Microviridae
v60196	13/104	42.93	Aliceevansviridae
v60199	12/63	40.06	Aliceevansviridae
v60246	7/9	83.06	Inoviridae
v60248	8/34	59.24	Inoviridae
v60254	42/48	91.98	Peduoviridae
v60266	10/60	44.05	Aliceevansviridae
v60271	10/50	43.03	Aliceevansviridae
v60297	29/40	53.84	Peduoviridae
v60301	11/51	41.67	Aliceevansviridae
v60305	12/127	41.47	Herelleviridae
v60311	13/197	47.08	Aliceevansviridae
v60322	11/120	50.05	Aliceevansviridae
v60328	17/200	40.71	Herelleviridae
v60335	5/8	46.12	Microviridae
v60340	19/94	43.97	Aliceevansviridae
v60341	30/36	74.57	Peduoviridae
v60344	15/176	38.65	Herelleviridae
v60357	25/26	95.50	Peduoviridae
v60362	6/8	60.08	Microviridae
v60367	9/45	40.74	Aliceevansviridae
v60397	17/263	41.37	Herelleviridae
v60401	10/57	37.62	Aliceevansviridae
v60412	11/51	46.43	Aliceevansviridae
v60424	34/37	90.74	Peduoviridae
v60426	39/43	98.39	Peduoviridae
v60432	29/64	53.29	Peduoviridae
v60444	14/192	41.24	Herelleviridae
v60446	10/207	37.45	Herelleviridae
v60449	2/10	41.70	Microviridae
v60450	10/49	48.75	Peduoviridae
v60455	35/38	95.29	Peduoviridae
v60464	3/6	38.07	Microviridae
v60465	11/61	40.04	Aliceevansviridae
v60466	3/11	50.67	Microviridae
v60472	37/44	87.27	Peduoviridae
v60485	37/42	87.36	Peduoviridae
v60489	30/33	97.26	Peduoviridae
v60493	43/60	80.42	Aliceevansviridae
v60502	3/9	46.27	Inoviridae
v60521	3/13	44.73	Inoviridae
v60537	26/29	91.00	Peduoviridae
v60550	12/174	40.37	Herelleviridae
v60554	7/8	93.23	Microviridae
v60564	40/47	95.32	Peduoviridae
v60568	12/128	31.92	Straboviridae
v60590	10/198	37.66	Herelleviridae
v60597	7/8	79.21	Microviridae
v60598	23/27	97.49	Peduoviridae
v60616	8/21	43.96	Drexlerviridae
v60622	14/222	42.68	Herelleviridae
v60623	5/5	90.40	Microviridae
v60625	12/57	39.49	Winoviridae
v60628	11/71	41.00	Winoviridae
v60650	11/273	35.52	Herelleviridae
v60658	9/41	45.64	Drexlerviridae
v60662	17/258	40.58	Herelleviridae
v60667	10/205	40.84	Herelleviridae
v60669	11/187	34.46	Herelleviridae
v60672	10/219	38.14	Herelleviridae
v60678	32/41	68.43	Peduoviridae
v60683	2/4	62.20	Mitoviridae
v60690	10/54	42.59	Aliceevansviridae
v60705	10/153	38.11	Herelleviridae
v60706	5/9	66.92	Microviridae
v60711	11/54	37.35	Aliceevansviridae
v60727	11/204	38.28	Herelleviridae
v60757	4/8	49.55	Inoviridae
v60759	2/4	37.95	Herelleviridae
v60762	5/8	77.18	Inoviridae
v60774	4/20	49.05	Inoviridae
v60776	6/8	92.78	Inoviridae
v60798	3/8	37.60	Microviridae
v60799	11/63	46.15	Aliceevansviridae
v60800	4/8	38.75	Microviridae
v60806	6/7	72.57	Microviridae
v60825	20/200	42.17	Herelleviridae
v60836	14/87	47.34	Drexlerviridae
v60854	14/161	43.08	Herelleviridae
v60855	32/33	94.95	Peduoviridae
v60867	14/150	46.19	Herelleviridae
v60875	19/244	38.95	Herelleviridae
v60884	10/51	39.61	Aliceevansviridae
v60885	10/54	45.47	Aliceevansviridae
v60902	9/39	43.73	Winoviridae
v60912	10/54	38.63	Aliceevansviridae
v60914	13/51	37.68	Peduoviridae
v60942	7/23	31.83	Salasmaviridae
v60950	12/49	43.92	Peduoviridae
v60951	10/64	41.53	Aliceevansviridae
v60969	10/32	41.78	Autographiviridae
v60970	11/53	41.55	Aliceevansviridae
v60973	21/125	41.96	Aliceevansviridae
v60977	10/91	45.39	Aliceevansviridae
v60993	7/30	37.30	Casjensviridae
v60997	12/65	39.40	Aliceevansviridae
v60998	10/79	42.35	Herelleviridae
v61010	10/200	40.49	Herelleviridae
v61028	6/28	39.47	Aliceevansviridae
v61045	3/13	42.40	Inoviridae
v61056	13/66	40.45	Aliceevansviridae
v61059	9/38	52.10	Aliceevansviridae
v61064	3/4	39.00	Microviridae
v61065	4/9	49.50	Microviridae
v61069	4/9	89.70	Microviridae
v61072	34/39	80.21	Peduoviridae
v61088	10/51	43.84	Aliceevansviridae
v61100	25/26	94.72	Peduoviridae
v61102	7/10	85.46	Microviridae
v61107	16/238	41.24	Herelleviridae
v61111	12/50	40.97	Aliceevansviridae
v61120	8/16	82.05	Microviridae
v61121	41/46	91.17	Peduoviridae
v61122	13/246	39.26	Herelleviridae
v61123	35/44	88.67	Peduoviridae
v61128	6/8	61.17	Microviridae
v61131	11/41	40.44	Peduoviridae
v61134	4/5	91.05	Microviridae
v61135	12/51	40.24	Winoviridae
v61147	11/49	45.89	Peduoviridae
v61160	21/56	63.13	Microviridae
v61171	25/47	49.92	Peduoviridae
v61172	15/187	42.74	Herelleviridae
v61176	13/58	44.79	Aliceevansviridae
v61180	30/50	55.01	Peduoviridae
v61181	15/226	39.39	Herelleviridae
v61182	1/4	35.90	Nenyaviridae
v61183	11/50	39.63	Winoviridae
v61192	9/43	47.09	Aliceevansviridae
v61193	31/31	99.06	Peduoviridae
v61207	24/221	39.58	Herelleviridae
v61210	5/8	45.86	Microviridae
v61212	12/48	35.04	Winoviridae
v61231	35/40	90.62	Peduoviridae
v61237	7/12	96.37	Microviridae
v61243	38/42	89.42	Peduoviridae
v61244	11/116	47.77	Drexlerviridae
v61251	42/48	91.75	Peduoviridae
v61262	5/7	80.14	Microviridae
v61264	8/10	65.35	Microviridae
v61265	12/172	37.73	Herelleviridae
v61271	55/60	84.77	Aliceevansviridae
v61273	10/57	39.20	Aliceevansviridae
v61275	19/249	40.69	Herelleviridae
v61294	8/32	40.17	Casjensviridae
v61295	1/5	35.30	Metaviridae
v61297	34/52	60.69	Peduoviridae
v61298	4/18	41.17	Inoviridae
v61301	45/46	72.51	Autographiviridae
v61302	1/5	33.40	Caulimoviridae
v61309	1/4	30.60	Metaviridae
v61311	1/4	40.50	Metaviridae
v61313	33/53	63.30	Peduoviridae
v61320	7/8	92.99	Inoviridae
v61322	7/8	82.56	Inoviridae
v61323	4/11	44.60	Inoviridae
v61324	4/11	46.52	Inoviridae
v61325	4/12	48.88	Inoviridae
v61333	7/8	80.93	Inoviridae
v61335	7/9	94.96	Inoviridae
v61336	6/8	79.33	Inoviridae
v61337	4/9	55.95	Inoviridae
v61338	7/8	89.73	Inoviridae
v61339	7/9	85.43	Inoviridae
v61340	6/8	94.42	Inoviridae
v61341	7/10	85.70	Inoviridae
v61342	6/7	81.45	Inoviridae
v61347	3/8	39.00	Inoviridae
v61350	7/8	95.27	Inoviridae
v61352	2/9	40.70	Inoviridae
v61353	7/9	73.89	Inoviridae
v61357	7/9	93.27	Inoviridae
v61358	7/9	77.49	Inoviridae
v61359	7/8	82.90	Inoviridae
v61360	4/9	87.25	Inoviridae
v61361	7/10	61.44	Inoviridae
v61362	4/14	71.85	Inoviridae
v61370	7/8	81.97	Inoviridae
v61371	7/9	79.70	Inoviridae
v61375	8/9	87.96	Inoviridae
v61379	7/8	75.13	Inoviridae
v61380	6/9	85.47	Inoviridae
v61385	6/9	79.83	Inoviridae
v61386	6/8	79.27	Inoviridae
v61388	5/10	79.84	Inoviridae
v61389	6/8	77.22	Inoviridae
v61395	6/7	89.92	Inoviridae
v61396	5/9	93.42	Inoviridae
v61397	7/9	84.71	Inoviridae
v61398	7/9	72.40	Inoviridae
v61399	5/7	82.46	Inoviridae
v61402	6/7	82.50	Inoviridae
v61404	7/10	82.60	Inoviridae
v61405	7/22	76.47	Inoviridae
v61406	3/13	44.87	Inoviridae
v61411	6/7	76.55	Inoviridae
v61414	3/10	55.80	Inoviridae
v61415	3/9	59.43	Inoviridae
v61416	1/5	42.50	Metaviridae
v61418	3/6	39.93	Microviridae
v61422	19/34	45.61	Peduoviridae
v61425	1/3	42.20	Metaviridae
v61426	3/8	36.60	Inoviridae
v61437	7/8	63.24	Microviridae
v61447	19/582	36.09	Herelleviridae
v61449	1/3	34.10	Metaviridae
v61456	25/48	44.77	Peduoviridae
v61460	6/9	66.35	Microviridae
v61463	40/42	93.78	Peduoviridae
v61465	2/3	35.50	Metaviridae
v61467	3/8	35.23	Microviridae
v61469	34/38	93.69	Peduoviridae
v61476	1/5	50.00	Mitoviridae
v61481	1/4	41.40	Metaviridae
v61484	2/8	35.15	Caulimoviridae
v61488	2/7	30.30	Caulimoviridae
v61489	3/7	38.57	Metaviridae
v61490	41/109	50.92	Steigviridae
v61496	10/92	39.17	Aliceevansviridae
v61500	4/8	36.67	Microviridae
v61501	7/25	48.20	Aliceevansviridae
v61509	25/58	51.32	Aliceevansviridae
v61512	10/51	42.27	Winoviridae
v61515	14/273	33.20	Straboviridae
v61518	2/5	31.90	Caulimoviridae
v61519	1/1	32.00	Caulimoviridae
v61522	12/63	46.17	Aliceevansviridae
v61524	25/33	56.53	Peduoviridae
v61525	2/8	46.70	Mitoviridae
v61526	2/7	39.20	Metaviridae
v61530	13/56	40.89	Aliceevansviridae
v61533	2/6	37.85	Metaviridae
v61534	11/27	53.53	Autographiviridae
v61537	1/5	33.20	Metaviridae
v61538	3/7	37.00	Microviridae
v61541	8/10	59.54	Microviridae
v61542	10/47	43.50	Aliceevansviridae
v61545	13/24	58.10	Guelinviridae
v61549	6/30	33.00	Salasmaviridae
v61552	96/101	93.78	Suoliviridae
v61558	20/21	85.42	Guelinviridae
v61559	4/8	57.08	Microviridae
v61561	7/8	79.63	Microviridae
v61562	43/43	97.19	Autographiviridae
v61564	10/47	40.87	Winoviridae
v61583	5/6	85.38	Microviridae
v61586	31/222	47.50	Steigviridae
v61587	7/33	41.06	Aliceevansviridae
v61588	6/6	55.95	Microviridae
v61591	8/8	72.34	Microviridae
v61598	62/71	91.40	Autographiviridae
v61600	7/7	59.50	Microviridae
v61606	5/19	30.22	Salasmaviridae
v61618	8/9	65.15	Microviridae
v61619	4/6	47.42	Microviridae
v61632	25/27	87.80	Peduoviridae
v61633	19/42	53.28	Aliceevansviridae
v61637	6/7	58.52	Microviridae
v61640	6/30	43.05	Peduoviridae
v61650	23/55	43.43	Peduoviridae
v61658	2/8	30.65	Salasmaviridae
v61666	14/198	45.30	Herelleviridae
v61668	3/11	32.43	Guelinviridae
v61674	11/43	31.19	Winoviridae
v61681	8/9	60.58	Microviridae
v61690	7/8	72.34	Microviridae
v61696	5/7	83.50	Microviridae
v61698	14/174	40.54	Herelleviridae
v61703	8/8	58.21	Microviridae
v61705	6/8	56.87	Microviridae
v61706	7/8	80.59	Microviridae
v61708	13/151	42.42	Suoliviridae
v61710	13/57	47.79	Aliceevansviridae
v61720	23/48	46.68	Autographiviridae
v61723	9/43	42.24	Aliceevansviridae
v61732	7/21	37.84	Salasmaviridae
v61734	5/19	33.86	Guelinviridae
v61738	3/7	38.53	Microviridae
v61742	5/18	40.34	Guelinviridae
v61760	11/82	34.57	Herelleviridae
v61768	7/8	94.99	Microviridae
v61770	4/16	31.02	Guelinviridae
v61771	3/8	39.07	Microviridae
v61772	35/43	73.81	Peduoviridae
v61778	4/6	36.67	Microviridae
v61782	2/9	31.35	Guelinviridae
v61783	5/20	34.28	Salasmaviridae
v61784	5/17	31.80	Guelinviridae
v61785	47/48	97.61	Autographiviridae
v61788	30/38	95.53	Peduoviridae
v61790	6/7	55.72	Microviridae
v61793	30/61	62.98	Autographiviridae
v61794	13/49	42.96	Autographiviridae
v61800	10/48	46.58	Aliceevansviridae
v61802	9/32	37.22	Winoviridae
v61805	10/48	48.40	Aliceevansviridae
v61810	4/18	30.73	Guelinviridae
v61812	7/7	84.97	Microviridae
v61820	3/13	30.80	Guelinviridae
v61838	34/39	80.68	Peduoviridae
v61839	4/18	30.82	Guelinviridae
v61842	6/8	64.15	Microviridae
v61845	8/9	94.50	Microviridae
v61856	4/16	44.70	Aliceevansviridae
v61860	15/195	39.41	Herelleviridae
v61868	6/8	82.48	Microviridae
v61869	8/38	46.25	Peduoviridae
v61871	10/222	39.16	Herelleviridae
v61874	12/23	57.18	Guelinviridae
v61881	6/29	38.02	Aliceevansviridae
v61885	6/9	76.63	Microviridae
v61892	7/7	55.70	Microviridae
v61893	14/121	34.84	Herelleviridae
v61894	2/7	30.35	Guelinviridae
v61904	7/7	74.73	Microviridae
v61908	5/19	38.16	Aliceevansviridae
v61915	10/79	45.78	Drexlerviridae
v61917	25/51	91.36	Peduoviridae
v61920	4/8	42.60	Microviridae
v61922	51/52	98.10	Autographiviridae
v61926	38/40	89.22	Peduoviridae
v61927	8/36	40.17	Aliceevansviridae
v61929	4/20	43.73	Aliceevansviridae
v61930	19/266	38.54	Herelleviridae
v61932	5/21	35.78	Salasmaviridae
v61934	11/160	36.53	Herelleviridae
v61937	11/59	44.82	Aliceevansviridae
v61942	22/288	43.66	Herelleviridae
v61945	2/7	30.75	Guelinviridae
v61954	1/1	95.70	Iflaviridae
v61957	12/69	38.89	Aliceevansviridae
v61959	7/17	33.04	Guelinviridae
v61963	53/53	96.42	Autographiviridae
v61967	39/42	85.23	Aliceevansviridae
v61968	5/9	49.26	Microviridae
v61972	6/9	65.02	Microviridae
v61980	5/9	49.64	Microviridae
v61987	6/8	69.47	Microviridae
v61990	38/43	97.28	Peduoviridae
v61994	38/46	89.73	Autographiviridae
v62003	5/21	32.42	Salasmaviridae
v62004	6/7	96.13	Microviridae
v62008	4/16	33.75	Guelinviridae
v62015	4/7	44.95	Microviridae
v62016	5/19	38.52	Salasmaviridae
v62017	70/106	58.99	Suoliviridae
v62022	7/7	73.59	Microviridae
v62024	3/8	37.67	Microviridae
v62028	12/74	46.38	Peduoviridae
v62029	12/35	42.17	Autographiviridae
v62035	9/9	61.61	Microviridae
v62038	5/21	31.70	Salasmaviridae
v62048	6/6	74.00	Microviridae
v62050	3/7	37.57	Microviridae
v62064	7/8	96.79	Microviridae
v62068	4/7	48.17	Microviridae
v62075	22/58	47.60	Aliceevansviridae
v62077	19/65	44.83	Aliceevansviridae
v62078	19/36	63.17	Microviridae
v62081	11/122	35.62	Herelleviridae
v62092	4/15	34.48	Guelinviridae
v62097	34/65	62.88	Autographiviridae
v62102	15/22	65.15	Guelinviridae
v62110	13/143	38.72	Herelleviridae
v62113	10/38	43.66	Aliceevansviridae
v62116	3/11	47.63	Aliceevansviridae
v62117	85/85	95.39	Schitoviridae
v62118	10/124	42.06	Aliceevansviridae
v62120	12/97	43.46	Drexlerviridae
v62123	7/9	77.59	Microviridae
v62125	7/8	93.30	Microviridae
v62128	28/31	89.78	Peduoviridae
v62140	6/6	72.83	Microviridae
v62148	18/52	62.93	Aliceevansviridae
v62151	37/38	89.17	Aliceevansviridae
v62154	9/35	44.84	Drexlerviridae
v62155	9/38	44.26	Peduoviridae
v62158	10/47	45.87	Aliceevansviridae
v62165	27/27	90.97	Suoliviridae
v62170	31/56	59.87	Autographiviridae
v62171	56/61	83.49	Aliceevansviridae
v62172	54/55	95.86	Autographiviridae
v62177	12/158	40.92	Herelleviridae
v62182	32/34	77.79	Aliceevansviridae
v62186	5/19	34.56	Salasmaviridae
v62190	99/106	94.30	Suoliviridae
v62195	7/10	85.17	Microviridae
v62199	6/7	97.78	Microviridae
v62218	48/48	96.45	Autographiviridae
v62220	4/17	30.80	Guelinviridae
v62222	5/16	33.00	Guelinviridae
v62225	14/140	43.81	Herelleviridae
v62240	5/18	33.02	Guelinviridae
v62251	6/29	41.22	Aliceevansviridae
v62252	7/21	38.09	Salasmaviridae
v62258	16/71	38.52	Aliceevansviridae
v62259	6/22	38.08	Salasmaviridae
v62263	6/21	38.50	Salasmaviridae
v62266	4/17	30.93	Guelinviridae
v62272	1/2	32.90	Metaviridae
v62273	4/7	37.42	Microviridae
v62277	5/5	69.12	Microviridae
v62285	5/6	59.04	Microviridae
v62289	7/7	87.14	Microviridae
v62297	7/8	90.24	Microviridae
v62299	12/44	43.46	Aliceevansviridae
v62301	6/13	96.03	Microviridae
v62307	14/28	42.30	Aliceevansviridae
v62312	5/8	45.48	Microviridae
v62322	35/53	74.02	Aliceevansviridae
v62334	14/14	95.52	Salasmaviridae
v62336	8/27	40.62	Aliceevansviridae
v62338	10/36	40.17	Guelinviridae
v62339	6/10	49.03	Microviridae
v62340	97/102	93.98	Steigviridae
v62345	11/56	40.70	Aliceevansviridae
v62349	4/18	33.23	Salasmaviridae
v62350	6/6	79.03	Microviridae
v62351	12/69	43.77	Aliceevansviridae
v62358	7/22	32.20	Salasmaviridae
v62360	7/8	59.43	Microviridae
v62372	24/31	88.70	Peduoviridae
v62380	11/48	47.83	Aliceevansviridae
v62381	26/32	93.57	Peduoviridae
v62388	6/7	77.33	Microviridae
v62390	56/64	79.04	Aliceevansviridae
v62401	6/22	35.93	Salasmaviridae
v62408	18/23	60.44	Guelinviridae
v62409	4/8	42.30	Microviridae
v62419	5/19	33.34	Guelinviridae
v62420	30/70	45.50	Chaseviridae
v62425	26/165	39.97	Herelleviridae
v62430	4/7	39.02	Microviridae
v62433	5/16	32.80	Guelinviridae
v62434	6/6	78.00	Microviridae
v62439	9/32	48.26	Aliceevansviridae
v62443	10/368	39.77	Kyanoviridae
v62447	15/209	39.01	Herelleviridae
v62448	5/9	45.28	Microviridae
v62450	5/21	35.90	Salasmaviridae
v62451	5/10	49.52	Microviridae
v62452	12/83	45.53	Suoliviridae
v62453	7/9	49.69	Microviridae
v62454	83/85	96.34	Intestiviridae
v62459	7/8	69.51	Microviridae
v62463	6/16	32.57	Guelinviridae
v62465	10/132	49.63	Aliceevansviridae
v62466	7/24	44.57	Guelinviridae
v62467	5/24	34.54	Salasmaviridae
v62468	6/25	37.63	Guelinviridae
v62475	2/7	30.30	Salasmaviridae
v62476	4/17	30.15	Guelinviridae
v62478	4/15	30.95	Guelinviridae
v62480	5/17	31.66	Salasmaviridae
v62486	28/223	47.69	Steigviridae
v62489	6/7	52.33	Microviridae
v62490	5/22	33.60	Salasmaviridae
v62491	13/116	34.15	Herelleviridae
v62492	6/8	59.77	Microviridae
v62495	80/80	98.66	Drexlerviridae
v62499	2/8	41.15	Metaviridae
v62501	1/3	37.10	Metaviridae
v62502	6/10	51.13	Microviridae
v62503	10/10	60.70	Microviridae
v62505	85/88	94.26	Suoliviridae
v62506	3/15	36.03	Guelinviridae
v62508	4/19	43.98	Guelinviridae
v62509	5/7	45.74	Microviridae
v62516	7/7	78.73	Microviridae
v62517	16/153	43.84	Herelleviridae
v62518	5/16	31.02	Guelinviridae
v62521	6/9	52.33	Microviridae
v62526	8/10	81.29	Microviridae
v62528	2/4	37.40	Metaviridae
v62529	8/10	62.16	Microviridae
v62534	4/20	40.08	Guelinviridae
v62535	5/17	31.08	Guelinviridae
v62538	5/18	33.34	Guelinviridae
v62543	11/24	42.71	Guelinviridae
v62544	12/200	39.83	Suoliviridae
v62545	5/9	44.62	Microviridae
v62550	6/8	47.47	Microviridae
v62551	12/14	62.95	Microviridae
v62552	6/6	74.68	Microviridae
v62556	16/234	41.62	Herelleviridae
v62557	7/18	34.44	Salasmaviridae
v62563	17/271	37.71	Herelleviridae
v62565	7/8	66.74	Microviridae
v62568	12/57	39.88	Aliceevansviridae
v62569	5/18	35.22	Salasmaviridae
v62571	4/16	31.80	Guelinviridae
v62579	7/7	85.30	Microviridae
v62586	6/27	32.90	Salasmaviridae
v62589	12/263	35.27	Herelleviridae
v62593	5/24	38.42	Guelinviridae
v62594	13/158	39.53	Herelleviridae
v62596	8/9	84.33	Microviridae
v62604	7/8	95.46	Microviridae
v62613	5/20	34.54	Salasmaviridae
v62616	5/24	33.94	Salasmaviridae
v62617	98/105	76.23	Steigviridae
v62620	8/22	34.76	Guelinviridae
v62624	5/24	34.36	Salasmaviridae
v62628	2/7	34.15	Salasmaviridae
v62637	5/13	33.18	Guelinviridae
v62646	4/18	31.43	Guelinviridae
v62650	5/20	32.28	Guelinviridae
v62651	7/23	38.26	Salasmaviridae
v62654	28/32	82.28	Peduoviridae
v62656	7/7	83.99	Microviridae
v62657	6/10	53.12	Microviridae
v62658	6/22	35.75	Guelinviridae
v62665	7/20	34.81	Salasmaviridae
v62675	4/13	33.95	Guelinviridae
v62676	7/8	95.53	Microviridae
v62678	5/18	34.12	Guelinviridae
v62679	6/18	38.75	Salasmaviridae
v62688	3/11	30.07	Guelinviridae
v62695	5/21	35.02	Salasmaviridae
v62697	11/57	39.75	Winoviridae
v62698	7/21	38.59	Salasmaviridae
v62699	7/9	78.76	Microviridae
v62700	6/22	32.33	Salasmaviridae
v62701	7/19	38.07	Guelinviridae
v62704	6/14	42.82	Microviridae
v62706	8/36	39.62	Aliceevansviridae
v62707	6/13	33.93	Salasmaviridae
v62713	6/18	35.50	Guelinviridae
v62716	12/154	38.80	Herelleviridae
v62717	10/253	38.31	Herelleviridae
v62720	7/10	60.50	Microviridae
v62721	82/82	93.91	Intestiviridae
v62723	90/101	79.58	Suoliviridae
v62726	6/6	77.65	Microviridae
v62727	5/18	34.96	Salasmaviridae
v62731	15/23	65.69	Guelinviridae
v62737	5/17	33.92	Salasmaviridae
v62743	7/32	45.27	Guelinviridae
v62748	5/10	36.92	Salasmaviridae
v62751	16/164	39.43	Herelleviridae
v62753	26/40	75.15	Aliceevansviridae
v62755	6/16	36.03	Salasmaviridae
v62756	11/61	42.25	Aliceevansviridae
v62759	7/10	84.80	Microviridae
v62762	3/12	43.00	Peduoviridae
v62765	4/7	36.70	Microviridae
v62774	15/200	51.09	Suoliviridae
v62775	7/7	73.49	Microviridae
v62790	7/20	37.60	Salasmaviridae
v62791	4/16	30.48	Guelinviridae
v62792	11/168	35.71	Herelleviridae
v62794	13/274	38.10	Herelleviridae
v62796	7/10	77.54	Microviridae
v62797	6/6	77.37	Microviridae
v62798	8/26	42.55	Guelinviridae
v62800	7/8	78.16	Microviridae
v62804	4/16	31.35	Guelinviridae
v62808	5/18	33.20	Guelinviridae
v62813	5/21	36.48	Salasmaviridae
v62814	11/177	37.87	Herelleviridae
v62816	6/22	36.95	Salasmaviridae
v62819	6/29	34.42	Aliceevansviridae
v62820	88/92	94.80	Intestiviridae
v62821	13/23	57.95	Guelinviridae
v62824	4/16	30.10	Guelinviridae
v62829	4/16	30.88	Guelinviridae
v62830	5/16	30.94	Guelinviridae
v62837	7/7	74.09	Microviridae
v62841	49/49	98.83	Autographiviridae
v62851	47/59	86.72	Aliceevansviridae
v62852	5/9	48.04	Microviridae
v62855	3/8	37.27	Microviridae
v62856	4/14	32.70	Guelinviridae
v62857	5/16	32.96	Guelinviridae
v62858	14/153	44.56	Herelleviridae
v62860	7/7	74.70	Microviridae
v62864	5/20	36.14	Guelinviridae
v62867	11/61	43.64	Aliceevansviridae
v62868	6/21	40.75	Guelinviridae
v62870	11/104	44.87	Aliceevansviridae
v62875	5/19	32.88	Guelinviridae
v62879	14/66	51.55	Aliceevansviridae
v62890	5/19	33.56	Guelinviridae
v62892	14/204	45.14	Suoliviridae
v62898	29/51	46.67	Autographiviridae
v62902	45/46	98.38	Autographiviridae
v62904	14/34	52.15	Peduoviridae
v62906	3/13	30.17	Guelinviridae
v62908	5/8	50.86	Microviridae
v62909	8/11	80.71	Microviridae
v62912	7/9	59.50	Microviridae
v62915	6/25	35.22	Salasmaviridae
v62917	6/7	53.50	Microviridae
v62934	7/9	67.59	Microviridae
v62936	13/200	38.40	Herelleviridae
v62941	20/21	96.08	Guelinviridae
v62943	7/21	35.50	Salasmaviridae
v62944	5/10	50.84	Microviridae
v62945	4/8	38.40	Microviridae
v62947	9/9	57.14	Microviridae
v62948	7/9	78.80	Microviridae
v62949	7/10	56.56	Microviridae
v62950	7/8	60.00	Microviridae
v62951	4/18	32.10	Guelinviridae
v62956	14/188	47.23	Suoliviridae
v62963	10/68	38.37	Aliceevansviridae
v62966	6/23	36.13	Salasmaviridae
v62977	11/64	34.95	Aliceevansviridae
v62983	2/9	32.65	Guelinviridae
v62994	6/23	33.77	Salasmaviridae
v62999	3/15	32.40	Guelinviridae
v63002	6/7	72.40	Microviridae
v63003	6/25	39.53	Guelinviridae
v63015	5/17	30.94	Guelinviridae
v63020	6/25	37.30	Salasmaviridae
v63021	5/9	43.72	Microviridae
v63026	7/18	39.74	Salasmaviridae
v63037	2/6	32.75	Microviridae
v63041	18/342	37.43	Straboviridae
v63042	6/23	34.02	Salasmaviridae
v63043	7/9	81.97	Microviridae
v63047	5/18	32.30	Salasmaviridae
v63048	10/80	46.47	Schitoviridae
v63049	4/7	42.27	Microviridae
v63051	13/67	38.71	Mesyanzhinovviridae
v63053	4/19	32.45	Guelinviridae
v63054	11/33	54.13	Autographiviridae
v63055	6/21	34.52	Salasmaviridae
v63066	20/24	80.27	Inoviridae
v63070	5/21	33.94	Salasmaviridae
v63073	4/19	32.08	Guelinviridae
v63075	5/7	68.22	Microviridae
v63077	5/7	51.60	Microviridae
v63079	4/19	34.12	Guelinviridae
v63081	7/7	84.94	Microviridae
v63082	7/7	73.13	Microviridae
v63090	5/17	32.72	Guelinviridae
v63098	4/19	30.60	Salasmaviridae
v63100	6/7	75.37	Microviridae
v63104	24/48	46.46	Autographiviridae
v63106	7/8	95.87	Microviridae
v63107	4/6	42.40	Microviridae
v63108	4/16	33.40	Guelinviridae
v63109	7/19	36.60	Guelinviridae
v63110	5/8	68.44	Microviridae
v63111	10/136	32.70	Herelleviridae
v63113	86/90	87.28	Intestiviridae
v63114	5/19	33.00	Guelinviridae
v63117	7/22	36.21	Salasmaviridae
v63121	6/19	38.13	Guelinviridae
v63122	5/18	32.40	Guelinviridae
v63124	4/7	42.45	Microviridae
v63128	18/186	40.45	Herelleviridae
v63130	6/24	30.17	Salasmaviridae
v63131	6/23	37.18	Salasmaviridae
v63132	7/23	34.23	Guelinviridae
v63136	4/9	45.50	Microviridae
v63143	10/157	31.06	Herelleviridae
v63144	4/17	30.65	Guelinviridae
v63146	4/16	30.85	Guelinviridae
v63153	6/19	37.02	Salasmaviridae
v63157	9/17	39.00	Salasmaviridae
v63158	7/7	85.16	Microviridae
v63160	4/20	39.05	Guelinviridae
v63166	6/23	35.05	Salasmaviridae
v63171	16/221	39.08	Herelleviridae
v63173	6/8	59.40	Microviridae
v63185	77/85	95.11	Crevaviridae
v63188	6/8	65.33	Microviridae
v63190	11/134	32.26	Herelleviridae
v63193	5/22	35.98	Salasmaviridae
v63202	5/20	32.38	Guelinviridae
v63203	8/11	89.99	Microviridae
v63205	9/44	51.29	Aliceevansviridae
v63207	3/13	34.20	Guelinviridae
v63208	14/204	38.39	Herelleviridae
v63211	10/111	31.46	Herelleviridae
v63215	6/21	36.12	Salasmaviridae
v63217	6/24	31.53	Guelinviridae
v63219	4/11	40.83	Microviridae
v63220	9/10	85.62	Microviridae
v63221	4/16	30.98	Guelinviridae
v63223	23/41	52.27	Peduoviridae
v63224	4/18	31.45	Guelinviridae
v63231	7/9	68.76	Microviridae
v63232	5/9	47.94	Microviridae
v63233	12/33	42.42	Aliceevansviridae
v63235	5/24	52.20	Aliceevansviridae
v63243	10/125	31.20	Herelleviridae
v63255	28/50	46.38	Autographiviridae
v63258	5/8	44.92	Microviridae
v63259	3/13	30.67	Guelinviridae
v63262	10/61	34.89	Aliceevansviridae
v63268	6/17	35.68	Guelinviridae
v63273	6/8	89.23	Microviridae
v63274	4/10	38.73	Microviridae
v63275	5/10	59.32	Microviridae
v63278	3/8	37.33	Microviridae
v63282	14/25	60.80	Guelinviridae
v63286	7/8	60.20	Microviridae
v63287	1/1	34.40	Metaviridae
v63291	12/144	45.83	Suoliviridae
v63296	5/19	34.04	Guelinviridae
v63299	10/122	45.62	Aliceevansviridae
v63302	5/16	32.82	Guelinviridae
v63304	4/19	30.45	Salasmaviridae
v63308	7/7	82.57	Microviridae
v63309	10/38	37.16	Peduoviridae
v63312	74/74	97.95	Drexlerviridae
v63318	6/20	37.60	Salasmaviridae
v63319	9/9	60.38	Microviridae
v63322	3/7	40.33	Microviridae
v63327	88/92	90.76	Schitoviridae
v63338	4/16	34.05	Guelinviridae
v63342	15/23	64.21	Guelinviridae
v63350	5/18	32.80	Guelinviridae
v63366	7/26	40.70	Peduoviridae
v63368	10/114	32.13	Herelleviridae
v63370	7/7	70.91	Microviridae
v63371	7/9	79.34	Microviridae
v63373	7/7	74.37	Microviridae
v63374	6/8	56.55	Microviridae
v63378	4/7	37.20	Microviridae
v63382	8/36	37.49	Winoviridae
v63385	7/23	33.46	Guelinviridae
v63386	23/49	48.69	Autographiviridae
v63389	6/22	34.15	Salasmaviridae
v63390	11/182	41.45	Herelleviridae
v63393	7/8	75.26	Microviridae
v63396	4/8	42.70	Microviridae
v63403	12/138	46.16	Aliceevansviridae
v63404	6/22	35.85	Salasmaviridae
v63408	5/21	32.36	Salasmaviridae
v63409	9/37	44.20	Aliceevansviridae
v63413	11/114	39.99	Herelleviridae
v63415	6/29	36.18	Guelinviridae
v63417	4/14	30.62	Guelinviridae
v63421	5/19	34.42	Guelinviridae
v63422	5/17	32.68	Guelinviridae
v63425	7/27	31.76	Salasmaviridae
v63430	7/9	83.94	Microviridae
v63431	10/62	43.90	Straboviridae
v63433	6/23	34.37	Salasmaviridae
v63434	6/18	35.40	Salasmaviridae
v63444	6/8	75.70	Microviridae
v63455	6/6	80.20	Microviridae
v63456	1/2	37.70	Caulimoviridae
v63462	2/8	41.60	Aliceevansviridae
v63467	16/25	59.59	Guelinviridae
v63473	19/22	71.65	Guelinviridae
v63487	6/21	34.72	Salasmaviridae
v63490	14/162	40.89	Herelleviridae
v63491	48/48	99.29	Autographiviridae
v63493	6/8	59.02	Microviridae
v63496	3/15	32.87	Guelinviridae
v63506	11/122	44.10	Aliceevansviridae
v63509	7/25	32.20	Salasmaviridae
v63512	5/17	37.86	Salasmaviridae
v63514	5/25	30.34	Guelinviridae
v63515	11/152	36.02	Herelleviridae
v63522	6/24	39.20	Salasmaviridae
v63524	5/8	43.66	Microviridae
v63525	10/49	50.53	Aliceevansviridae
v63526	7/8	60.06	Microviridae
v63527	7/8	94.61	Microviridae
v63530	4/19	34.85	Guelinviridae
v63533	35/38	94.25	Peduoviridae
v63537	6/28	46.13	Guelinviridae
v63538	5/23	33.18	Salasmaviridae
v63540	7/27	44.29	Guelinviridae
v63545	4/8	47.52	Microviridae
v63546	8/33	42.35	Aliceevansviridae
v63548	11/175	37.15	Herelleviridae
v63549	7/10	81.24	Microviridae
v63550	27/47	45.54	Autographiviridae
v63552	6/8	86.03	Microviridae
v63553	32/40	60.62	Autographiviridae
v63557	6/17	38.63	Salasmaviridae
v63561	9/39	51.33	Aliceevansviridae
v63562	4/6	42.38	Microviridae
v63563	5/16	33.00	Guelinviridae
v63564	7/9	75.99	Microviridae
v63568	10/11	78.82	Microviridae
v63571	29/50	48.10	Autographiviridae
v63572	10/11	63.51	Microviridae
v63574	7/23	34.73	Salasmaviridae
v63578	7/8	96.17	Microviridae
v63582	2/8	33.40	Salasmaviridae
v63583	4/9	36.92	Microviridae
v63588	9/9	60.98	Microviridae
v63590	7/10	81.66	Microviridae
v63591	14/62	45.89	Herelleviridae
v63593	6/23	37.13	Salasmaviridae
v63597	4/5	50.02	Microviridae
v63599	6/8	47.50	Microviridae
v63601	7/7	72.46	Microviridae
v63602	7/7	76.64	Microviridae
v63605	4/19	31.62	Guelinviridae
v63606	10/63	43.14	Aliceevansviridae
v63616	14/58	45.36	Peduoviridae
v63622	25/25	90.43	Aliceevansviridae
v63627	5/6	58.90	Microviridae
v63628	4/9	43.02	Microviridae
v63629	7/7	77.94	Microviridae
v63631	83/86	90.08	Suoliviridae
v63635	4/15	32.48	Guelinviridae
v63638	3/7	36.93	Microviridae
v63640	8/9	83.39	Microviridae
v63644	26/32	89.31	Peduoviridae
v63648	37/44	93.32	Peduoviridae
v63652	4/18	31.05	Guelinviridae
v63655	13/32	46.84	Aliceevansviridae
v63658	56/67	88.86	Autographiviridae
v63665	5/23	32.98	Salasmaviridae
v63667	10/48	50.29	Aliceevansviridae
v63668	153/182	68.58	Straboviridae
v63669	38/38	97.52	Drexlerviridae
v63670	52/60	80.47	Autographiviridae
v63671	10/82	45.88	Drexlerviridae
v63674	57/58	95.09	Autographiviridae
v63675	10/106	43.30	Casjensviridae
v63676	41/42	95.25	Autographiviridae
v63681	3/9	40.77	Microviridae
v63682	17/19	66.97	Guelinviridae
v63684	2/8	31.95	Guelinviridae
v63685	16/24	61.62	Guelinviridae
v63687	7/7	71.41	Microviridae
v63689	7/20	44.66	Guelinviridae
v63691	5/25	35.20	Salasmaviridae
v63693	8/9	62.35	Microviridae
v63694	7/19	32.54	Guelinviridae
v63695	99/106	92.74	Suoliviridae
v63698	9/10	63.18	Microviridae
v63699	10/10	71.25	Microviridae
v63701	4/8	44.05	Microviridae
v63702	10/111	32.07	Herelleviridae
v63711	11/143	31.49	Herelleviridae
v63714	10/189	44.12	Herelleviridae
v63723	23/23	91.92	Guelinviridae
v63725	4/18	31.05	Guelinviridae
v63727	5/6	54.94	Microviridae
v63735	6/18	38.23	Salasmaviridae
v63740	4/13	34.00	Guelinviridae
v63741	8/10	86.03	Microviridae
v63744	4/16	33.83	Guelinviridae
v63746	100/108	91.11	Steigviridae
v63754	5/6	52.02	Microviridae
v63755	30/529	35.10	Straboviridae
v63757	7/8	95.03	Microviridae
v63761	8/8	64.38	Microviridae
v63762	15/183	47.24	Suoliviridae
v63773	5/19	34.10	Guelinviridae
v63779	5/8	49.62	Microviridae
v63781	5/22	33.28	Salasmaviridae
v63782	4/16	32.48	Guelinviridae
v63784	25/48	46.55	Autographiviridae
v63785	5/20	31.40	Salasmaviridae
v63790	10/90	44.55	Aliceevansviridae
v63792	10/100	46.25	Suoliviridae
v63796	12/182	39.49	Suoliviridae
v63801	77/83	86.93	Suoliviridae
v63810	4/18	32.80	Guelinviridae
v63811	83/86	92.70	Intestiviridae
v63812	8/36	41.02	Aliceevansviridae
v63813	8/35	41.36	Aliceevansviridae
v63814	7/33	43.27	Aliceevansviridae
v63816	7/8	63.29	Microviridae
v63822	7/8	86.37	Microviridae
v63823	5/8	46.46	Microviridae
v63824	24/28	92.53	Aliceevansviridae
v63828	5/23	32.82	Salasmaviridae
v63829	5/8	43.42	Microviridae
v63830	74/81	85.91	Suoliviridae
v63833	11/65	38.18	Aliceevansviridae
v63841	5/17	32.94	Guelinviridae
v63842	7/8	59.37	Microviridae
v63843	5/21	31.24	Salasmaviridae
v63849	35/51	59.95	Aliceevansviridae
v63850	5/10	48.08	Microviridae
v63853	2/2	39.05	Metaviridae
v63856	103/107	90.60	Suoliviridae
v63857	6/7	55.20	Microviridae
v63858	10/108	31.55	Herelleviridae
v63861	79/86	87.93	Steigviridae
v63863	3/12	33.43	Guelinviridae
v63865	13/61	40.25	Winoviridae
v63866	11/114	31.51	Herelleviridae
v63871	5/8	43.52	Microviridae
v63874	30/33	83.65	Peduoviridae
v63875	5/16	32.14	Guelinviridae
v63878	7/15	36.40	Salasmaviridae
v63879	6/14	33.43	Guelinviridae
v63887	8/9	58.56	Microviridae
v63888	8/39	35.20	Casjensviridae
v63894	5/23	40.08	Salasmaviridae
v63907	5/23	38.54	Guelinviridae
v63909	11/72	33.47	Herelleviridae
v63910	5/14	32.92	Guelinviridae
v63912	16/233	38.04	Herelleviridae
v63913	105/105	91.86	Steigviridae
v63915	6/18	39.67	Salasmaviridae
v63922	7/9	61.80	Microviridae
v63925	5/21	34.10	Salasmaviridae
v63927	7/24	44.76	Guelinviridae
v63929	5/19	32.22	Guelinviridae
v63930	97/98	91.30	Suoliviridae
v63932	7/9	65.31	Microviridae
v63934	6/7	56.92	Microviridae
v63938	14/58	68.99	Peduoviridae
v63939	14/23	57.20	Guelinviridae
v63940	8/17	40.56	Salasmaviridae
v63946	11/54	46.98	Aliceevansviridae
v63949	10/43	47.25	Aliceevansviridae
v63953	4/16	31.10	Guelinviridae
v63954	7/9	83.43	Microviridae
v63955	5/15	31.62	Guelinviridae
v63965	5/16	30.28	Guelinviridae
v63968	7/20	36.46	Salasmaviridae
v63969	18/88	45.63	Straboviridae
v63970	32/204	46.84	Steigviridae
v63971	7/24	37.37	Salasmaviridae
v63978	15/143	34.95	Herelleviridae
v63979	11/136	40.82	Aliceevansviridae
v63980	8/8	60.06	Microviridae
v63985	7/7	74.16	Microviridae
v63987	6/6	81.85	Microviridae
v63991	2/7	30.55	Guelinviridae
v63992	8/11	89.59	Microviridae
v63994	6/24	34.80	Salasmaviridae
v63995	12/154	32.09	Ackermannviridae
v63996	7/15	40.39	Guelinviridae
v63997	14/52	44.78	Aliceevansviridae
v64000	21/209	41.48	Herelleviridae
v64003	75/80	94.97	Casjensviridae
v64007	7/21	40.09	Guelinviridae
v64009	12/21	57.22	Guelinviridae
v64010	9/31	45.67	Aliceevansviridae
v64019	7/7	82.57	Microviridae
v64020	8/35	61.70	Peduoviridae
v64022	10/84	48.18	Drexlerviridae
v64038	16/194	39.02	Herelleviridae
v64039	4/8	35.50	Microviridae
v64041	12/28	44.96	Peduoviridae
v64043	74/75	98.56	Drexlerviridae
v64044	9/42	37.91	Peduoviridae
v64046	1/3	44.10	Caulimoviridae
v64059	4/4	47.45	Microviridae
v64065	1/4	50.60	Mitoviridae
v64066	1/1	32.20	Metaviridae
v64067	3/15	53.93	Mitoviridae
v64069	1/5	40.40	Mitoviridae
v64070	1/2	34.80	Metaviridae
v64072	9/13	78.32	Inoviridae
v64075	6/7	69.80	Microviridae
v64080	5/22	33.34	Guelinviridae
v64082	7/21	31.57	Salasmaviridae
v64084	4/19	31.60	Guelinviridae
v64091	13/222	38.58	Herelleviridae
v64093	7/25	32.11	Salasmaviridae
v64099	7/22	36.93	Salasmaviridae
v64104	6/7	63.10	Microviridae
v64105	7/22	44.83	Guelinviridae
v64108	8/10	87.96	Microviridae
v64109	10/54	35.37	Peduoviridae
v64110	12/202	35.68	Herelleviridae
v64111	32/63	61.40	Aliceevansviridae
v64112	12/114	40.48	Herelleviridae
v64113	7/7	73.29	Microviridae
v64120	7/8	96.47	Microviridae
v64128	7/7	76.24	Microviridae
v64131	5/22	38.14	Guelinviridae
v64133	52/52	98.53	Autographiviridae
v64135	5/22	33.94	Salasmaviridae
v64139	11/120	46.58	Suoliviridae
v64141	5/24	36.18	Salasmaviridae
v64146	6/18	31.72	Guelinviridae
v64148	6/6	82.75	Microviridae
v64150	12/156	33.59	Herelleviridae
v64156	19/44	48.27	Autographiviridae
v64174	7/8	92.73	Microviridae
v64176	5/19	34.66	Guelinviridae
v64182	8/15	48.17	Guelinviridae
v64185	8/31	41.45	Aliceevansviridae
v64186	4/19	30.45	Guelinviridae
v64187	5/23	34.42	Salasmaviridae
v64190	8/34	38.71	Aliceevansviridae
v64193	1/2	37.30	Metaviridae
v64194	1/4	32.60	Metaviridae
v64204	8/22	32.60	Salasmaviridae
v64207	6/23	37.25	Guelinviridae
v64210	7/7	75.63	Microviridae
v64213	7/9	84.24	Microviridae
v64214	5/23	32.92	Salasmaviridae
v64215	4/13	34.17	Guelinviridae
v64218	6/6	82.23	Microviridae
v64220	3/14	33.03	Guelinviridae
v64221	4/10	32.50	Guelinviridae
v64229	8/12	62.80	Microviridae
v64230	6/19	37.23	Salasmaviridae
v64234	4/9	42.02	Microviridae
v64235	7/10	84.04	Microviridae
v64236	9/9	63.72	Microviridae
v64238	8/8	78.86	Microviridae
v64239	7/8	60.73	Microviridae
v64242	6/18	35.22	Salasmaviridae
v64244	12/169	37.97	Herelleviridae
v64249	51/51	98.22	Autographiviridae
v64250	73/87	71.73	Intestiviridae
v64254	7/10	84.31	Microviridae
v64257	8/38	42.48	Aliceevansviridae
v64258	3/10	47.37	Guelinviridae
v64274	15/201	37.20	Herelleviridae
v64281	3/13	30.30	Guelinviridae
v64283	7/23	44.16	Guelinviridae
v64294	1/1	35.60	Metaviridae
v64303	25/58	51.76	Aliceevansviridae
v64309	10/32	47.65	Aliceevansviridae
v64310	9/25	42.22	Peduoviridae
v64317	6/22	33.73	Salasmaviridae
v64322	4/20	37.73	Aliceevansviridae
v64329	10/42	35.47	Winoviridae
v64338	6/9	89.60	Microviridae
v64344	6/8	75.50	Microviridae
v64346	29/244	45.01	Steigviridae
v64349	23/23	91.59	Aliceevansviridae
v64350	5/8	72.18	Microviridae
v64358	3/15	36.43	Guelinviridae
v64380	14/44	41.27	Peduoviridae
v64395	3/13	45.23	Microviridae
v64412	5/25	39.28	Aliceevansviridae
v64418	7/27	39.49	Salasmaviridae
v64436	9/41	34.82	Aliceevansviridae
v64437	10/75	36.12	Aliceevansviridae
v64438	9/25	42.86	Autographiviridae
v64458	2/4	36.65	Microviridae
v64460	3/7	37.03	Microviridae
v64484	5/24	31.58	Salasmaviridae
v64486	4/17	33.80	Guelinviridae
v64511	4/7	52.40	Microviridae
v64512	3/14	31.07	Guelinviridae
v64513	79/84	89.71	Suoliviridae
v64520	8/25	40.92	Aliceevansviridae
v64536	21/22	92.46	Aliceevansviridae
v64538	5/21	32.12	Salasmaviridae
v64539	7/8	95.70	Microviridae
v64540	96/103	91.33	Suoliviridae
v64547	6/22	38.73	Salasmaviridae
v64553	6/8	69.13	Microviridae
v64561	4/15	32.65	Salasmaviridae
v64571	4/18	37.75	Salasmaviridae
v64573	5/19	32.04	Salasmaviridae
v64575	10/58	41.36	Aliceevansviridae
v64591	12/64	36.89	Winoviridae
v64601	5/6	45.88	Microviridae
v64604	1/5	35.40	Circoviridae
v64605	6/29	44.67	Aliceevansviridae
v64611	6/25	61.85	Microviridae
v64619	25/48	46.93	Autographiviridae
v64622	10/53	46.60	Aliceevansviridae
v64630	3/15	30.10	Guelinviridae
v64633	8/36	50.49	Aliceevansviridae
v64650	5/20	32.42	Salasmaviridae
v64655	7/32	39.47	Peduoviridae
v64656	22/23	88.34	Aliceevansviridae
v64660	22/22	96.30	Aliceevansviridae
v64666	3/7	33.93	Microviridae
v64683	12/203	40.08	Herelleviridae
v64701	6/21	31.53	Salasmaviridae
v64708	22/51	48.23	Autographiviridae
v64709	5/20	32.76	Guelinviridae
v64716	77/89	78.52	Steigviridae
v64719	4/17	32.23	Guelinviridae
v64726	5/17	32.76	Guelinviridae
v64732	4/19	33.02	Salasmaviridae
v64735	6/23	33.35	Salasmaviridae
v64760	16/44	44.39	Aliceevansviridae
v64761	4/15	31.07	Guelinviridae
v64763	9/37	34.18	Casjensviridae
v64771	3/6	34.00	Microviridae
v64774	4/17	32.23	Salasmaviridae
v64785	9/29	42.90	Guelinviridae
v64808	38/52	64.56	Intestiviridae
v64809	5/23	31.38	Salasmaviridae
v64822	80/84	89.55	Suoliviridae
v64823	5/16	32.68	Guelinviridae
v64832	5/20	38.14	Guelinviridae
v64833	5/18	33.02	Guelinviridae
v64854	11/39	43.05	Aliceevansviridae
v64860	12/60	41.18	Aliceevansviridae
v64868	6/24	37.42	Salasmaviridae
v64870	1/2	35.60	Metaviridae
v64874	24/52	46.24	Autographiviridae
v64885	9/24	37.08	Guelinviridae
v64893	6/12	41.25	Guelinviridae
v64895	5/21	34.96	Salasmaviridae
v64898	87/100	76.19	Suoliviridae
v64908	8/38	40.15	Aliceevansviridae
v64915	64/72	73.73	Suoliviridae
v64919	17/46	44.22	Autographiviridae
v64928	6/24	33.90	Guelinviridae
v64930	9/29	50.79	Aliceevansviridae
v64932	10/37	57.18	Aliceevansviridae
v64944	85/96	79.51	Suoliviridae
v64947	17/35	45.05	Autographiviridae
v64959	2/4	33.75	Microviridae
v64972	10/52	43.64	Aliceevansviridae
v64973	10/39	43.12	Aliceevansviridae
v64975	5/9	44.42	Microviridae
v64976	20/177	44.75	Steigviridae
v64979	10/59	42.93	Aliceevansviridae
v64981	9/28	43.92	Aliceevansviridae
v64986	7/10	80.21	Microviridae
v64987	4/7	36.73	Microviridae
v64989	10/60	61.96	Peduoviridae
v64992	8/8	58.95	Microviridae
v64994	4/7	42.40	Microviridae
v64999	7/7	72.29	Microviridae
v65000	15/208	42.17	Herelleviridae
v65007	11/77	44.38	Drexlerviridae
v65008	57/78	84.44	Autographiviridae
v65010	4/7	35.02	Microviridae
v65013	8/8	51.75	Microviridae
v65021	2/7	31.40	Microviridae
v65022	25/206	48.74	Steigviridae
v65029	14/134	34.89	Herelleviridae
v65030	5/8	48.74	Microviridae
v65033	8/9	84.28	Microviridae
v65034	9/11	61.06	Microviridae
v65036	8/37	41.34	Aliceevansviridae
v65037	83/98	80.64	Suoliviridae
v65043	2/6	31.75	Microviridae
v65045	7/10	48.34	Microviridae
v65046	6/7	83.42	Microviridae
v65047	7/9	60.30	Microviridae
v65051	10/79	36.03	Peduoviridae
v65054	6/10	48.75	Microviridae
v65056	80/84	90.57	Suoliviridae
v65060	22/211	48.70	Steigviridae
v65061	2/7	30.80	Microviridae
v65064	7/8	94.94	Microviridae
v65074	6/6	59.68	Microviridae
v65077	3/10	47.83	Inoviridae
v65078	8/10	61.46	Microviridae
v65083	4/9	52.20	Microviridae
v65085	5/7	66.90	Microviridae
v65087	3/8	49.13	Microviridae
v65092	6/9	85.55	Microviridae
v65093	4/8	42.33	Microviridae
v65096	7/9	71.77	Microviridae
v65097	4/8	37.35	Microviridae
v65100	5/6	55.12	Microviridae
v65104	79/85	89.82	Suoliviridae
v65108	7/26	80.70	Microviridae
v65110	5/19	32.70	Guelinviridae
v65119	10/57	38.42	Zobellviridae
v65120	14/198	38.69	Herelleviridae
v65121	7/9	71.66	Microviridae
v65124	9/9	62.58	Microviridae
v65131	5/5	83.80	Microviridae
v65132	5/6	35.90	Microviridae
v65135	9/45	43.91	Aliceevansviridae
v65136	6/8	69.27	Microviridae
v65142	5/18	32.30	Guelinviridae
v65146	3/10	34.87	Microviridae
v65150	7/35	53.03	Aliceevansviridae
v65155	3/7	39.53	Microviridae
v65156	7/8	60.69	Microviridae
v65160	4/7	36.85	Microviridae
v65162	4/17	30.68	Guelinviridae
v65167	6/22	31.48	Salasmaviridae
v65170	6/18	33.50	Salasmaviridae
v65174	58/98	54.72	Suoliviridae
v65177	11/71	38.87	Aliceevansviridae
v65192	10/57	41.78	Aliceevansviridae
v65193	30/33	88.52	Aliceevansviridae
v65196	9/24	48.89	Aliceevansviridae
v65198	8/9	58.90	Microviridae
v65203	7/7	81.56	Microviridae
v65205	10/111	40.64	Aliceevansviridae
v65206	6/7	67.77	Microviridae
v65208	16/97	38.22	Aliceevansviridae
v65212	9/9	60.51	Microviridae
v65215	7/7	77.61	Microviridae
v65224	41/48	91.88	Peduoviridae
v65225	29/33	82.70	Peduoviridae
v65226	34/41	92.30	Peduoviridae
v65229	14/26	45.24	Aliceevansviridae
v65231	22/58	45.45	Aliceevansviridae
v65232	265/265	99.64	Straboviridae
v65233	10/68	41.34	Aliceevansviridae
v65234	8/8	54.49	Microviridae
v65236	9/9	62.76	Microviridae
v65237	6/7	73.90	Microviridae
v65239	2/6	30.80	Microviridae
v65249	3/15	31.57	Salasmaviridae
v65254	19/21	79.74	Guelinviridae
v65256	7/7	77.76	Microviridae
v65257	5/6	54.08	Microviridae
v65259	6/7	77.53	Microviridae
v65266	5/10	58.32	Microviridae
v65267	7/7	72.56	Microviridae
v65274	3/8	34.00	Guelinviridae
v65275	8/32	42.66	Aliceevansviridae
v65276	4/8	45.48	Microviridae
v65280	7/9	93.53	Microviridae
v65281	5/21	33.98	Guelinviridae
v65286	5/23	32.78	Salasmaviridae
v65293	4/8	46.90	Microviridae
v65294	5/7	54.72	Microviridae
v65297	12/22	83.18	Peduoviridae
v65303	5/6	66.92	Microviridae
v65305	5/8	47.62	Microviridae
v65309	12/81	46.85	Drexlerviridae
v65310	9/10	61.10	Microviridae
v65316	10/131	47.87	Aliceevansviridae
v65321	4/8	37.67	Microviridae
v65324	7/32	40.49	Aliceevansviridae
v65325	5/16	32.98	Guelinviridae
v65326	7/10	82.63	Microviridae
v65327	6/6	81.55	Microviridae
v65328	7/10	85.47	Microviridae
v65329	5/11	49.20	Microviridae
v65330	4/19	33.40	Guelinviridae
v65332	5/21	37.00	Guelinviridae
v65335	19/373	37.16	Herelleviridae
v65336	5/9	60.50	Microviridae
v65340	4/15	31.18	Guelinviridae
v65345	7/10	81.71	Microviridae
v65348	3/8	31.33	Microviridae
v65353	3/15	30.30	Guelinviridae
v65357	82/86	90.90	Suoliviridae
v65359	5/23	38.52	Salasmaviridae
v65362	10/128	43.89	Herelleviridae
v65365	10/48	36.34	Winoviridae
v65369	4/10	45.42	Microviridae
v65372	6/23	37.85	Salasmaviridae
v65380	7/10	71.57	Microviridae
v65382	5/9	49.02	Microviridae
v65383	4/9	43.90	Microviridae
v65385	7/10	64.43	Microviridae
v65386	7/8	96.56	Microviridae
v65388	7/7	84.87	Microviridae
v65389	8/8	66.61	Microviridae
v65392	6/8	67.22	Microviridae
v65394	6/9	91.82	Microviridae
v65395	5/6	48.84	Microviridae
v65399	5/8	48.80	Microviridae
v65403	4/20	33.75	Salasmaviridae
v65404	6/10	88.03	Microviridae
v65406	4/5	38.95	Microviridae
v65407	6/11	81.03	Microviridae
v65409	7/7	77.89	Microviridae
v65411	7/8	87.03	Microviridae
v65412	6/6	72.72	Microviridae
v65417	31/54	53.72	Peduoviridae
v65418	9/38	41.69	Aliceevansviridae
v65423	4/6	64.72	Microviridae
v65425	4/8	44.00	Microviridae
v65427	9/29	37.29	Guelinviridae
v65430	6/10	51.48	Microviridae
v65431	6/8	69.32	Microviridae
v65432	7/9	82.21	Microviridae
v65443	5/12	34.18	Guelinviridae
v65444	5/19	32.84	Guelinviridae
v65445	7/8	60.00	Microviridae
v65449	8/8	52.41	Microviridae
v65451	7/7	79.80	Microviridae
v65452	6/7	56.72	Microviridae
v65453	8/8	54.10	Microviridae
v65454	5/9	51.10	Microviridae
v65458	6/10	77.97	Microviridae
v65460	3/5	39.80	Microviridae
v65461	8/34	40.08	Aliceevansviridae
v65469	5/6	46.74	Microviridae
v65473	5/9	46.48	Microviridae
v65474	17/54	43.98	Aliceevansviridae
v65476	4/7	48.60	Microviridae
v65485	8/9	66.85	Microviridae
v65490	44/47	86.42	Suoliviridae
v65494	3/8	37.83	Microviridae
v65498	6/16	33.37	Salasmaviridae
v65504	94/107	67.14	Steigviridae
v65510	5/6	45.26	Microviridae
v65511	112/116	90.15	Steigviridae
v65513	4/9	36.73	Microviridae
v65514	8/9	63.69	Microviridae
v65522	8/8	86.44	Microviridae
v65523	5/9	48.76	Microviridae
v65524	8/10	82.59	Microviridae
v65525	5/24	43.02	Tectiviridae
v65531	4/20	33.83	Salasmaviridae
v65533	40/42	88.04	Suoliviridae
v65538	4/6	38.25	Microviridae
v65539	6/10	47.05	Microviridae
v65540	8/9	85.36	Microviridae
v65545	82/88	88.94	Suoliviridae
v65549	6/7	61.80	Microviridae
v65552	4/8	40.02	Microviridae
v65553	7/8	94.59	Microviridae
v65554	4/8	47.85	Microviridae
v65556	3/7	37.07	Microviridae
v65565	11/170	38.21	Herelleviridae
v65568	7/7	70.60	Microviridae
v65569	6/8	54.85	Microviridae
v65570	11/48	43.82	Aliceevansviridae
v65572	5/22	33.34	Salasmaviridae
v65601	31/37	89.60	Peduoviridae
v65604	6/9	52.03	Microviridae
v65605	60/73	86.31	Autographiviridae
v65607	13/28	46.12	Autographiviridae
v65608	7/24	36.97	Salasmaviridae
v65611	8/24	32.40	Salasmaviridae
v65612	5/9	45.84	Microviridae
v65617	7/9	59.71	Microviridae
v65619	7/9	80.90	Microviridae
v65620	9/9	86.02	Microviridae
v65621	6/8	56.53	Microviridae
v65626	4/9	44.20	Microviridae
v65628	87/90	92.35	Schitoviridae
v65631	2/10	31.50	Guelinviridae
v65643	4/17	33.55	Guelinviridae
v65646	11/58	47.00	Drexlerviridae
v65654	8/9	61.80	Microviridae
v65655	7/9	88.79	Microviridae
v65660	2/5	31.10	Microviridae
v65661	5/18	30.70	Salasmaviridae
v65662	11/62	41.75	Winoviridae
v65665	51/52	95.79	Autographiviridae
v65668	7/17	36.41	Salasmaviridae
v65669	19/35	45.95	Autographiviridae
v65676	45/56	70.92	Intestiviridae
v65678	6/7	86.82	Microviridae
v65680	85/86	93.70	Schitoviridae
v65683	10/71	40.15	Aliceevansviridae
v65693	6/22	35.27	Guelinviridae
v65694	11/140	39.29	Herelleviridae
v65695	5/8	50.26	Microviridae
v65704	6/9	51.35	Microviridae
v65706	6/9	70.25	Microviridae
v65708	8/24	40.49	Salasmaviridae
v65715	7/7	72.57	Microviridae
v65716	4/9	43.38	Microviridae
v65718	25/225	43.91	Steigviridae
v65725	7/23	33.57	Guelinviridae
v65726	4/7	43.23	Microviridae
v65730	6/10	83.05	Microviridae
v65744	3/12	30.20	Casjensviridae
v65745	7/21	38.26	Salasmaviridae
v65749	4/7	40.17	Microviridae
v65751	56/57	98.39	Autographiviridae
v65752	10/32	39.53	Guelinviridae
v65753	6/8	48.60	Microviridae
v65754	6/8	49.03	Microviridae
v65759	6/9	64.55	Microviridae
v65763	6/11	54.88	Microviridae
v65770	5/9	59.14	Microviridae
v65777	5/7	42.56	Microviridae
v65778	2/8	30.75	Microviridae
v65784	5/8	51.26	Microviridae
v65786	8/9	61.58	Microviridae
v65787	12/266	37.45	Herelleviridae
v65801	4/19	31.43	Salasmaviridae
v65814	14/199	38.30	Herelleviridae
v65817	7/10	85.03	Microviridae
v65827	6/6	78.27	Microviridae
v65834	4/19	30.27	Guelinviridae
v65842	3/12	33.57	Salasmaviridae
v65843	7/21	38.06	Salasmaviridae
v65848	6/8	83.93	Microviridae
v65854	11/136	48.43	Aliceevansviridae
v65859	4/7	42.85	Microviridae
v65860	2/7	31.55	Microviridae
v65868	6/17	38.58	Salasmaviridae
v65869	6/8	57.42	Microviridae
v65874	7/9	62.07	Microviridae
v65876	1/1	35.70	Metaviridae
v65877	2/3	32.70	Metaviridae
v65881	1/2	37.00	Metaviridae
v65885	8/8	60.77	Microviridae
v65886	7/8	63.49	Microviridae
v65889	5/8	46.42	Microviridae
v65890	6/9	48.53	Microviridae
v65892	5/18	32.80	Guelinviridae
v65895	8/8	51.36	Microviridae
v65896	4/16	30.88	Guelinviridae
v65897	62/72	83.19	Autographiviridae
v65899	7/8	82.16	Microviridae
v65900	108/112	87.91	Steigviridae
v65904	47/47	98.64	Autographiviridae
v65906	11/88	36.87	Peduoviridae
v65911	5/16	32.84	Guelinviridae
v65913	5/10	64.66	Microviridae
v65916	7/20	38.01	Salasmaviridae
v65926	20/24	93.59	Guelinviridae
v65929	10/44	38.32	Aliceevansviridae
v65935	26/27	99.22	Guelinviridae
v65938	5/19	32.88	Guelinviridae
v65944	11/212	40.21	Suoliviridae
v65945	7/7	77.67	Microviridae
v65946	10/65	49.95	Peduoviridae
v65949	33/40	92.41	Peduoviridae
v65951	6/25	37.40	Salasmaviridae
v65962	6/28	42.82	Aliceevansviridae
v65965	8/8	75.62	Microviridae
v65966	6/6	73.53	Microviridae
v65970	6/9	59.65	Microviridae
v65971	107/108	90.54	Steigviridae
v65974	7/8	93.69	Microviridae
v65976	10/95	43.36	Aliceevansviridae
v65982	12/185	40.07	Herelleviridae
v65986	3/13	35.43	Guelinviridae
v65987	8/20	37.58	Salasmaviridae
v65989	6/19	37.12	Salasmaviridae
v65993	5/6	69.72	Microviridae
v66001	11/43	49.55	Aliceevansviridae
v66006	7/7	85.76	Microviridae
v66007	20/309	39.03	Herelleviridae
v66008	3/14	37.80	Inoviridae
v66013	6/29	48.92	Aliceevansviridae
v66016	6/8	67.23	Microviridae
v66024	14/71	42.17	Aliceevansviridae
v66031	11/134	37.82	Herelleviridae
v66032	6/9	82.08	Microviridae
v66048	8/35	44.56	Aliceevansviridae
v66050	7/8	84.79	Microviridae
v66053	7/7	72.16	Microviridae
v66054	8/9	93.61	Microviridae
v66056	14/95	42.50	Aliceevansviridae
v66059	5/19	33.14	Guelinviridae
v66065	6/6	76.27	Microviridae
v66070	7/19	38.60	Salasmaviridae
v66072	4/8	41.88	Microviridae
v66076	5/6	39.52	Microviridae
v66077	7/8	82.04	Microviridae
v66082	4/7	38.95	Microviridae
v66083	10/51	48.50	Aliceevansviridae
v66088	14/216	37.93	Herelleviridae
v66092	6/10	48.45	Inoviridae
v66096	87/92	94.92	Intestiviridae
v66098	2/9	30.65	Microviridae
v66099	5/9	59.36	Microviridae
v66102	2/6	32.95	Phycodnaviridae
v66114	55/57	95.70	Autographiviridae
v66117	47/48	94.09	Autographiviridae
v66119	8/19	34.23	Salasmaviridae
v66122	3/10	35.70	Salasmaviridae
v66124	4/17	40.35	Aliceevansviridae
v66125	9/28	49.38	Aliceevansviridae
v66134	7/25	33.60	Salasmaviridae
v66150	6/23	35.55	Salasmaviridae
v66151	54/55	96.15	Autographiviridae
v66159	5/10	68.26	Microviridae
v66160	6/21	39.62	Salasmaviridae
v66162	3/7	38.67	Microviridae
v66166	11/75	49.48	Drexlerviridae
v66167	4/7	37.42	Microviridae
v66168	3/7	36.83	Microviridae
v66171	3/8	39.87	Microviridae
v66172	6/11	34.47	Salasmaviridae
v66177	4/7	48.65	Microviridae
v66187	4/16	30.70	Guelinviridae
v66191	7/10	56.54	Microviridae
v66206	7/28	40.09	Aliceevansviridae
v66214	46/46	98.82	Autographiviridae
v66218	6/7	51.32	Microviridae
v66223	6/19	34.00	Salasmaviridae
v66226	10/119	39.15	Aliceevansviridae
v66227	6/18	33.50	Salasmaviridae
v66231	8/8	85.39	Microviridae
v66235	13/117	41.38	Herelleviridae
v66243	12/136	45.32	Aliceevansviridae
v66246	6/18	34.83	Salasmaviridae
v66249	7/33	49.87	Aliceevansviridae
v66251	16/228	40.08	Herelleviridae
v66253	9/25	53.22	Drexlerviridae
v66255	25/28	77.34	Peduoviridae
v66256	35/43	80.34	Peduoviridae
v66288	9/35	45.86	Aliceevansviridae
v66294	47/47	97.84	Autographiviridae
v66301	5/7	58.24	Microviridae
v66307	12/127	44.13	Aliceevansviridae
v66320	13/172	33.02	Herelleviridae
v66329	7/9	85.53	Microviridae
v66336	11/47	41.07	Aliceevansviridae
v66339	6/10	57.53	Microviridae
v66345	10/145	50.60	Suoliviridae
v66352	4/6	38.10	Microviridae
v66354	22/33	54.25	Aliceevansviridae
v66359	16/33	76.19	Aliceevansviridae
v66360	11/124	41.35	Steigviridae
v66365	7/9	56.79	Microviridae
v66366	15/244	41.30	Herelleviridae
v66368	7/22	32.27	Salasmaviridae
v66373	3/8	40.33	Inoviridae
v66374	6/9	48.18	Microviridae
v66392	25/62	42.82	Aliceevansviridae
v66401	10/61	43.05	Aliceevansviridae
v66404	5/5	86.58	Microviridae
v66406	7/7	78.34	Microviridae
v66408	4/8	44.27	Microviridae
v66409	83/117	59.03	Steigviridae
v66414	10/128	44.99	Aliceevansviridae
v66419	5/7	66.42	Microviridae
v66423	5/8	45.74	Microviridae
v66424	4/4	96.38	Parvoviridae
v66428	21/523	37.22	Herelleviridae
v66429	25/177	39.71	Herelleviridae
v66430	6/6	80.35	Microviridae
v66433	7/29	40.80	Aliceevansviridae
v66434	10/110	46.11	Herelleviridae
v66435	8/31	34.94	Guelinviridae
v66438	7/9	80.89	Microviridae
v66439	7/7	86.14	Microviridae
v66443	17/123	33.32	Herelleviridae
v66444	8/8	53.00	Microviridae
v66445	6/10	86.27	Microviridae
v66447	7/7	79.53	Microviridae
v66449	8/10	88.00	Microviridae
v66450	8/8	76.36	Microviridae
v66453	15/40	48.75	Autographiviridae
v66461	5/16	32.96	Guelinviridae
v66462	7/8	76.67	Microviridae
v66466	7/9	56.50	Microviridae
v66467	21/64	48.35	Aliceevansviridae
v66471	3/12	42.93	Aliceevansviridae
v66477	8/40	38.75	Aliceevansviridae
v66484	28/188	45.21	Steigviridae
v66485	6/6	85.12	Microviridae
v66500	40/41	99.25	Peduoviridae
v66501	4/17	32.92	Guelinviridae
v66507	8/10	83.12	Microviridae
v66511	2/7	30.55	Microviridae
v66518	23/294	39.07	Herelleviridae
v66520	5/24	33.30	Salasmaviridae
v66531	10/49	46.57	Aliceevansviridae
v66535	5/19	32.80	Guelinviridae
v66536	85/89	89.57	Suoliviridae
v66539	13/138	41.92	Aliceevansviridae
v66557	7/11	57.61	Microviridae
v66561	5/23	32.48	Salasmaviridae
v66571	15/57	41.06	Aliceevansviridae
v66574	7/11	60.34	Microviridae
v66586	4/18	44.62	Guelinviridae
v66593	5/8	93.38	Microviridae
v66595	10/69	39.93	Aliceevansviridae
v66596	7/7	78.97	Microviridae
v66597	30/32	99.79	Adenoviridae
v66601	2/7	31.90	Salasmaviridae
v66603	6/10	83.37	Microviridae
v66606	7/9	66.66	Microviridae
v66609	27/28	71.76	Peduoviridae
v66611	8/39	64.91	Peduoviridae
v66612	5/22	33.90	Salasmaviridae
v66613	5/21	33.44	Guelinviridae
v66615	7/7	86.06	Microviridae
v66617	7/7	83.00	Microviridae
v66621	6/8	65.77	Microviridae
v66622	5/5	84.74	Microviridae
v66626	3/15	34.07	Guelinviridae
v66632	63/75	88.48	Autographiviridae
v66635	5/23	33.92	Guelinviridae
v66637	7/9	71.76	Microviridae
v66641	7/7	80.09	Microviridae
v66642	17/99	41.29	Aliceevansviridae
v66645	8/22	32.83	Guelinviridae
v66661	5/16	33.86	Salasmaviridae
v66662	11/194	37.66	Suoliviridae
v66670	4/19	34.17	Guelinviridae
v66685	11/57	38.94	Aliceevansviridae
v66688	4/10	46.45	Microviridae
v66694	16/173	36.38	Herelleviridae
v66697	7/10	82.07	Microviridae
v66701	5/19	31.54	Salasmaviridae
v66708	5/22	33.78	Salasmaviridae
v66710	7/32	36.86	Winoviridae
v66730	14/25	46.99	Aliceevansviridae
v66733	25/25	89.24	Salasmaviridae
v66735	16/111	53.36	Peduoviridae
v66736	10/42	50.85	Aliceevansviridae
v66759	10/58	44.94	Aliceevansviridae
v66762	24/180	38.19	Herelleviridae
v66763	27/183	42.19	Herelleviridae
v66773	7/7	72.24	Microviridae
v66774	7/8	94.74	Microviridae
v66778	5/20	36.56	Salasmaviridae
v66782	10/96	39.22	Aliceevansviridae
v66786	12/62	43.73	Aliceevansviridae
v66788	12/51	43.88	Aliceevansviridae
v66794	13/55	46.92	Aliceevansviridae
v66795	7/8	61.10	Microviridae
v66801	5/16	33.00	Guelinviridae
v66802	11/43	40.75	Aliceevansviridae
v66803	5/12	35.20	Salasmaviridae
v66804	8/9	60.42	Microviridae
v66808	5/9	45.10	Microviridae
v66814	7/11	87.80	Microviridae
v66815	4/19	32.92	Guelinviridae
v66818	5/24	34.52	Guelinviridae
v66848	10/247	49.08	Suoliviridae
v66851	2/8	30.95	Microviridae
v66854	6/19	34.37	Guelinviridae
v66859	6/9	86.23	Microviridae
v66869	27/51	45.61	Autographiviridae
v66870	7/7	86.34	Microviridae
v66872	4/20	32.70	Guelinviridae
v66877	13/94	47.97	Aliceevansviridae
v66882	12/83	37.36	Aliceevansviridae
v66887	8/20	46.27	Guelinviridae
v66889	7/8	56.71	Microviridae
v66906	6/7	74.60	Microviridae
v66907	5/21	30.10	Salasmaviridae
v66908	6/24	32.27	Salasmaviridae
v66910	27/313	39.85	Herelleviridae
v66917	7/7	76.33	Microviridae
v66918	7/9	82.30	Microviridae
v66919	7/24	36.29	Guelinviridae
v66922	6/8	70.35	Microviridae
v66926	11/61	54.24	Peduoviridae
v66930	10/59	36.31	Aliceevansviridae
v66942	7/9	59.53	Microviridae
v66946	7/10	57.60	Microviridae
v66948	7/9	85.34	Microviridae
v66954	12/141	43.99	Herelleviridae
v66955	11/57	41.01	Aliceevansviridae
v66962	5/15	32.74	Guelinviridae
v66964	7/9	80.43	Microviridae
v66968	11/96	46.44	Suoliviridae
v66969	5/9	66.14	Microviridae
v66972	21/81	48.42	Straboviridae
v66974	12/102	48.55	Aliceevansviridae
v66980	7/22	37.80	Salasmaviridae
v66984	7/8	83.46	Microviridae
v66990	7/7	81.60	Microviridae
v66996	8/9	62.81	Microviridae
v66997	7/7	75.96	Microviridae
v66999	6/18	35.50	Guelinviridae
v67001	10/33	45.47	Drexlerviridae
v67002	31/33	99.09	Peduoviridae
v67005	7/7	75.74	Microviridae
v67007	5/17	32.54	Guelinviridae
v67014	4/6	38.73	Microviridae
v67015	2/8	30.40	Microviridae
v67016	6/21	37.40	Salasmaviridae
v67017	2/5	30.45	Microviridae
v67026	5/21	31.96	Salasmaviridae
v67028	5/16	32.80	Guelinviridae
v67030	8/9	53.19	Microviridae
v67032	5/25	38.06	Aliceevansviridae
v67037	7/16	33.34	Guelinviridae
v67038	7/8	59.76	Microviridae
v67039	4/7	37.35	Microviridae
v67040	3/7	38.70	Microviridae
v67041	5/23	38.14	Salasmaviridae
v67050	11/56	48.04	Aliceevansviridae
v67051	11/62	43.33	Aliceevansviridae
v67056	5/8	53.44	Microviridae
v67057	11/62	34.34	Aliceevansviridae
v67062	7/7	73.01	Microviridae
v67064	5/20	34.66	Salasmaviridae
v67065	4/18	31.70	Guelinviridae
v67067	8/12	33.09	Salasmaviridae
v67068	5/23	33.96	Salasmaviridae
v67069	13/219	39.95	Herelleviridae
v67073	3/8	37.40	Microviridae
v67077	5/21	31.70	Guelinviridae
v67080	13/101	37.80	Aliceevansviridae
v67082	5/19	35.34	Salasmaviridae
v67084	7/9	83.11	Microviridae
v67092	12/52	36.26	Aliceevansviridae
v67093	9/31	59.00	Peduoviridae
v67108	7/9	85.09	Microviridae
v67124	7/7	74.21	Microviridae
v67126	12/114	34.62	Herelleviridae
v67134	8/9	82.08	Microviridae
v67141	5/9	39.06	Microviridae
v67142	5/7	66.90	Microviridae
v67143	8/9	64.79	Microviridae
v67145	5/9	50.10	Microviridae
v67146	8/9	64.80	Microviridae
v67150	54/56	93.49	Schitoviridae
v67151	4/5	38.60	Microviridae
v67153	10/201	36.93	Herelleviridae
v67157	4/8	39.27	Microviridae
v67161	6/18	38.53	Salasmaviridae
v67167	7/7	78.27	Microviridae
v67171	23/24	75.21	Peduoviridae
v67173	19/32	57.72	Peduoviridae
v67180	3/14	36.73	Guelinviridae
v67188	4/9	43.35	Microviridae
v67190	7/7	86.67	Microviridae
v67192	19/21	93.99	Guelinviridae
v67200	3/5	33.43	Microviridae
v67204	5/7	44.60	Microviridae
v67209	8/32	43.95	Drexlerviridae
v67212	3/15	30.07	Guelinviridae
v67213	2/7	31.55	Microviridae
v67216	2/8	49.25	Aliceevansviridae
v67217	5/9	57.80	Microviridae
v67218	4/7	37.45	Microviridae
v67220	10/44	47.17	Drexlerviridae
v67224	6/25	31.13	Guelinviridae
v67225	4/8	43.73	Microviridae
v67227	6/8	61.07	Microviridae
v67228	10/62	44.87	Aliceevansviridae
v67237	45/45	96.30	Autographiviridae
v67238	3/8	36.70	Microviridae
v67243	49/49	97.97	Autographiviridae
v67249	6/23	34.55	Salasmaviridae
v67255	6/21	36.33	Salasmaviridae
v67256	12/76	32.68	Herelleviridae
v67279	7/28	52.27	Aliceevansviridae
v67286	3/8	31.90	Microviridae
v67291	7/7	77.70	Microviridae
v67292	21/21	90.91	Peduoviridae
v67300	10/52	38.45	Winoviridae
v67303	13/44	45.32	Autographiviridae
v67305	19/46	43.50	Autographiviridae
v67312	34/63	91.31	Steigviridae
v67317	55/59	84.99	Schitoviridae
v67325	14/118	31.74	Herelleviridae
v67328	7/33	42.97	Peduoviridae
v67335	8/40	75.86	Peduoviridae
v67357	5/14	33.72	Salasmaviridae
v67358	26/176	37.88	Herelleviridae
v67359	5/7	66.76	Microviridae
v67360	4/8	43.23	Microviridae
v67361	56/57	96.12	Autographiviridae
v67362	38/49	83.05	Peduoviridae
v67363	48/48	97.78	Autographiviridae
v67367	5/6	78.10	Microviridae
v67369	5/7	43.74	Microviridae
v67371	75/79	94.27	Casjensviridae
v67376	6/7	57.05	Microviridae
v67380	6/7	56.37	Microviridae
v67383	7/8	96.01	Microviridae
v67384	13/27	66.02	Aliceevansviridae
v67401	7/9	68.07	Microviridae
v67417	6/8	72.13	Microviridae
v67424	10/54	41.32	Mesyanzhinovviridae
v67426	7/9	68.34	Microviridae
v67438	11/66	44.48	Aliceevansviridae
v67439	16/176	37.84	Herelleviridae
v67442	12/66	38.33	Aliceevansviridae
v67443	5/9	56.14	Microviridae
v67446	7/8	56.54	Microviridae
v67448	7/35	35.26	Aliceevansviridae
v67449	6/9	64.13	Microviridae
v67450	8/10	59.59	Microviridae
v67460	8/9	62.38	Microviridae
v67462	5/5	35.12	Microviridae
v67463	6/7	52.20	Microviridae
v67466	44/50	76.46	Aliceevansviridae
v67469	7/7	81.63	Microviridae
v67474	4/7	76.75	Microviridae
v67476	7/7	85.51	Microviridae
v67479	6/6	86.43	Microviridae
v67482	7/8	82.49	Microviridae
v67485	11/126	44.86	Aliceevansviridae
v67487	8/9	61.21	Microviridae
v67490	7/9	69.17	Microviridae
v67493	5/24	45.88	Aliceevansviridae
v67497	44/49	94.40	Peduoviridae
v67513	30/36	78.09	Aliceevansviridae
v67515	1/1	36.00	Metaviridae
v67534	4/9	42.62	Microviridae
v67552	36/39	85.94	Peduoviridae
v67556	3/14	39.70	Aliceevansviridae
v67565	12/192	37.75	Herelleviridae
v67566	5/25	31.98	Aliceevansviridae
v67569	11/190	35.12	Herelleviridae
v67579	10/51	51.56	Aliceevansviridae
v67580	6/30	35.17	Salasmaviridae
v67584	50/53	87.79	Aliceevansviridae
v67591	4/17	31.20	Guelinviridae
v67593	13/201	41.67	Herelleviridae
v67600	20/59	46.56	Aliceevansviridae
v67607	5/21	34.46	Salasmaviridae
v67617	4/8	45.27	Microviridae
v67619	10/56	43.71	Aliceevansviridae
v67627	4/19	55.60	Schitoviridae
v67629	20/234	44.48	Herelleviridae
v67638	24/25	88.58	Peduoviridae
v67644	8/39	48.27	Guelinviridae
v67662	7/23	33.93	Salasmaviridae
v67687	3/11	33.97	Guelinviridae
v67693	4/13	38.17	Aliceevansviridae
v67700	7/23	34.17	Salasmaviridae
v67705	28/30	77.97	Peduoviridae
v67707	23/26	86.46	Peduoviridae
v67711	47/53	79.02	Aliceevansviridae
v67723	12/64	37.36	Aliceevansviridae
v67724	13/64	38.52	Aliceevansviridae
v67728	16/282	37.45	Herelleviridae
v67740	44/47	93.60	Peduoviridae
v67750	5/19	32.38	Salasmaviridae
v67751	9/32	37.02	Guelinviridae
v67756	18/50	49.45	Aliceevansviridae
v67777	10/51	42.86	Aliceevansviridae
v67778	16/251	36.19	Herelleviridae
v67779	5/17	32.26	Guelinviridae
v67782	14/173	33.62	Aliceevansviridae
v67792	15/167	39.84	Herelleviridae
v67800	19/244	38.31	Herelleviridae
v67805	4/11	37.60	Microviridae
v67812	5/20	38.34	Salasmaviridae
v67813	4/8	44.23	Microviridae
v67823	5/19	32.74	Guelinviridae
v67841	10/40	40.55	Aliceevansviridae
v67848	39/39	85.83	Aliceevansviridae
v67854	5/15	35.50	Salasmaviridae
v67855	21/252	40.85	Herelleviridae
v67865	40/55	61.14	Steigviridae
v67871	13/27	48.68	Aliceevansviridae
v67882	3/14	35.50	Aliceevansviridae
v67885	5/21	31.58	Guelinviridae
v67894	3/13	44.77	Salasmaviridae
v67896	22/245	41.45	Herelleviridae
v67899	6/20	35.17	Salasmaviridae
v67900	9/35	43.40	Aliceevansviridae
v67915	64/98	51.77	Intestiviridae
v67921	22/55	47.63	Aliceevansviridae
v67923	8/36	42.19	Aliceevansviridae
v67933	21/171	39.86	Herelleviridae
v67934	4/9	47.40	Aliceevansviridae
v67935	14/125	44.34	Herelleviridae
v67936	9/33	44.17	Peduoviridae
v67943	29/32	82.18	Aliceevansviridae
v67949	11/102	46.93	Drexlerviridae
v67952	33/35	88.57	Aliceevansviridae
v67953	3/15	35.67	Guelinviridae
v67966	5/22	33.30	Guelinviridae
v67967	12/47	50.23	Aliceevansviridae
v67991	6/19	46.67	Aliceevansviridae
v67997	7/20	37.07	Salasmaviridae
v68006	32/41	75.61	Aliceevansviridae
v68007	27/39	52.80	Aliceevansviridae
v68008	59/59	99.11	Autographiviridae
v68018	12/52	46.76	Aliceevansviridae
v68020	4/14	42.85	Peduoviridae
v68028	29/54	61.67	Aliceevansviridae
v68029	23/199	44.94	Herelleviridae
v68030	20/21	84.23	Aliceevansviridae
v68035	10/108	38.79	Aliceevansviridae
v68045	38/45	75.33	Peduoviridae
v68049	9/30	36.63	Guelinviridae
v68069	56/66	78.74	Aliceevansviridae
v68070	12/148	37.70	Herelleviridae
v68072	15/146	43.75	Herelleviridae
v68076	10/46	42.14	Aliceevansviridae
v68112	17/32	46.23	Aliceevansviridae
v68128	13/83	50.16	Aliceevansviridae
v68138	16/18	66.64	Aliceevansviridae
v68140	9/39	74.58	Peduoviridae
v68150	18/219	42.29	Herelleviridae
v68153	38/51	74.38	Peduoviridae
v68154	13/95	43.32	Drexlerviridae
v68156	10/64	39.14	Aliceevansviridae
v68165	21/52	46.06	Aliceevansviridae
v68171	3/11	30.23	Guelinviridae
v68177	10/45	39.39	Aliceevansviridae
v68179	12/59	48.70	Aliceevansviridae
v68183	8/34	46.83	Aliceevansviridae
v68188	17/164	35.35	Herelleviridae
v68189	12/49	46.01	Aliceevansviridae
v68194	40/41	98.45	Peduoviridae
v68209	6/20	31.05	Guelinviridae
v68214	4/17	54.23	Aliceevansviridae
v68215	22/45	56.37	Aliceevansviridae
v68217	11/30	45.65	Aliceevansviridae
v68219	12/51	43.58	Aliceevansviridae
v68221	7/8	59.40	Microviridae
v68222	17/31	48.74	Aliceevansviridae
v68230	6/22	34.93	Salasmaviridae
v68236	7/11	75.34	Microviridae
v68237	41/97	44.09	Steigviridae
v68242	12/88	37.88	Herelleviridae
v68245	46/55	81.70	Peduoviridae
v68247	10/167	40.47	Herelleviridae
v68258	11/30	43.13	Aliceevansviridae
v68259	8/13	48.01	Salasmaviridae
v68265	16/36	44.13	Aliceevansviridae
v68266	7/32	44.23	Aliceevansviridae
v68267	7/33	40.10	Aliceevansviridae
v68269	13/291	39.48	Herelleviridae
v68276	14/49	43.09	Aliceevansviridae
v68278	54/54	97.92	Autographiviridae
v68284	64/94	55.47	Intestiviridae
v68285	27/28	81.20	Aliceevansviridae
v68286	28/34	82.30	Aliceevansviridae
v68287	11/154	45.49	Steigviridae
v68290	14/97	47.54	Drexlerviridae
v68308	7/29	33.86	Guelinviridae
v68315	6/22	35.77	Salasmaviridae
v68325	49/54	77.64	Aliceevansviridae
v68332	11/172	39.25	Herelleviridae
v68334	15/49	51.43	Aliceevansviridae
v68335	11/144	40.99	Herelleviridae
v68339	13/50	52.05	Aliceevansviridae
v68351	5/20	39.66	Aliceevansviridae
v68355	11/117	37.54	Herelleviridae
v68371	12/62	36.39	Aliceevansviridae
v68380	50/85	52.29	Intestiviridae
v68382	11/190	40.92	Herelleviridae
v68384	9/43	38.40	Aliceevansviridae
v68396	19/276	38.37	Herelleviridae
v68406	2/10	36.00	Peduoviridae
v68408	15/59	46.34	Aliceevansviridae
v68409	18/91	48.72	Straboviridae
v68410	1/5	32.80	Casjensviridae
v68418	10/41	41.69	Aliceevansviridae
v68419	13/179	39.68	Herelleviridae
v68426	9/39	43.97	Aliceevansviridae
v68429	5/18	33.62	Guelinviridae
v68437	12/134	46.77	Aliceevansviridae
v68438	14/31	41.16	Drexlerviridae
v68439	11/126	40.69	Herelleviridae
v68450	6/26	37.37	Salasmaviridae
v68466	41/45	85.24	Aliceevansviridae
v68471	5/25	30.22	Guelinviridae
v68474	10/163	42.05	Herelleviridae
v68476	4/14	48.75	Inoviridae
v68478	10/36	47.57	Aliceevansviridae
v68479	6/7	51.08	Microviridae
v68482	25/58	63.39	Aliceevansviridae
v68502	5/7	45.80	Microviridae
v68508	7/7	75.86	Microviridae
v68515	7/23	36.90	Salasmaviridae
v68516	7/7	55.59	Microviridae
v68518	19/304	37.32	Herelleviridae
v68521	7/7	74.90	Microviridae
v68522	3/9	33.83	Microviridae
v68523	8/10	51.84	Microviridae
v68524	5/7	37.70	Microviridae
v68527	4/9	40.30	Microviridae
v68533	5/14	40.44	Microviridae
v68538	3/6	42.67	Microviridae
v68544	2/7	33.55	Inoviridae
v68546	1/1	32.90	Metaviridae
v68554	14/37	47.21	Aliceevansviridae
v68559	11/54	40.73	Aliceevansviridae
v68561	5/24	30.60	Salasmaviridae
v68568	4/14	48.75	Inoviridae
v68569	8/34	40.26	Peduoviridae
v68572	12/129	32.35	Herelleviridae
v68579	5/6	48.34	Microviridae
v68583	18/270	39.89	Herelleviridae
v68584	29/36	75.32	Aliceevansviridae
v68591	3/13	43.93	Aliceevansviridae
v68597	30/43	62.20	Aliceevansviridae
v68598	5/21	35.74	Salasmaviridae
v68605	11/67	35.51	Aliceevansviridae
v68614	8/29	45.45	Aliceevansviridae
v68625	7/15	33.61	Guelinviridae
v68631	5/16	32.40	Guelinviridae
v68654	6/20	32.85	Salasmaviridae
v68661	2/5	35.10	Microviridae
v68665	6/6	64.08	Microviridae
v68671	10/57	39.34	Aliceevansviridae
v68673	54/58	86.94	Aliceevansviridae
v68676	4/16	34.58	Guelinviridae
v68684	7/29	44.54	Aliceevansviridae
v68689	8/28	44.51	Aliceevansviridae
v68694	38/45	87.07	Aliceevansviridae
v68711	14/95	39.63	Aliceevansviridae
v68729	29/295	40.14	Herelleviridae
v68730	10/80	46.38	Aliceevansviridae
v68731	11/21	48.48	Salasmaviridae
v68732	22/312	41.61	Herelleviridae
v68736	6/10	64.73	Microviridae
v68741	13/202	39.25	Herelleviridae
v68773	34/54	67.32	Aliceevansviridae
v68777	12/31	54.92	Aliceevansviridae
v68782	98/98	93.05	Suoliviridae
v68795	10/46	47.14	Aliceevansviridae
v68800	3/8	43.47	Microviridae
v68803	90/110	71.11	Steigviridae
v68804	3/15	32.60	Salasmaviridae
v68810	27/40	61.59	Aliceevansviridae
v68813	7/33	55.57	Aliceevansviridae
v68814	11/190	38.56	Herelleviridae
v68816	5/18	32.76	Guelinviridae
v68817	23/181	36.88	Herelleviridae
v68818	8/28	41.96	Aliceevansviridae
v68826	17/136	40.65	Herelleviridae
v68828	7/19	38.66	Salasmaviridae
v68831	4/14	36.88	Guelinviridae
v68838	11/111	45.24	Suoliviridae
v68855	12/48	42.61	Aliceevansviridae
v68868	11/133	39.28	Herelleviridae
v68872	30/34	76.74	Aliceevansviridae
v68877	17/122	45.00	Herelleviridae
v68880	5/13	30.14	Salasmaviridae
v68881	6/21	32.07	Salasmaviridae
v68885	58/58	96.53	Autographiviridae
v68887	49/51	78.21	Aliceevansviridae
v68893	8/36	41.90	Aliceevansviridae
v68894	10/38	40.04	Aliceevansviridae
v68895	5/18	32.72	Guelinviridae
v68903	34/40	91.87	Aliceevansviridae
v68906	9/27	43.10	Guelinviridae
v68912	8/34	44.66	Aliceevansviridae
v68913	10/83	41.60	Aliceevansviridae
v68920	14/51	50.93	Aliceevansviridae
v68925	6/22	58.87	Aliceevansviridae
v68926	39/42	87.22	Aliceevansviridae
v68932	5/7	46.44	Microviridae
v68933	7/32	44.27	Aliceevansviridae
v68957	10/48	50.45	Aliceevansviridae
v68960	48/53	79.95	Aliceevansviridae
v68976	57/61	87.03	Aliceevansviridae
v68977	13/48	44.38	Aliceevansviridae
v68998	6/15	39.13	Salasmaviridae
v69001	5/18	34.38	Salasmaviridae
v69006	16/141	38.54	Herelleviridae
v69014	6/18	37.02	Salasmaviridae
v69017	15/65	39.69	Aliceevansviridae
v69019	11/80	38.47	Aliceevansviridae
v69021	21/21	85.30	Aliceevansviridae
v69025	10/42	42.38	Aliceevansviridae
v69031	11/68	40.23	Aliceevansviridae
v69036	78/91	84.37	Suoliviridae
v69038	6/16	33.60	Guelinviridae
v69070	8/23	40.05	Aliceevansviridae
v69075	17/188	39.75	Herelleviridae
v69078	51/55	84.47	Aliceevansviridae
v69079	3/15	39.90	Aliceevansviridae
v69096	61/119	51.72	Steigviridae
v69097	12/55	40.19	Aliceevansviridae
v69100	11/26	41.40	Aliceevansviridae
v69112	9/44	49.14	Aliceevansviridae
v69134	18/47	49.97	Aliceevansviridae
v69142	52/59	80.74	Aliceevansviridae
v69163	6/7	74.85	Microviridae
v69165	6/20	36.43	Salasmaviridae
v69175	20/115	48.78	Herelleviridae
v69179	49/61	78.86	Aliceevansviridae
v69184	3/9	48.57	Mitoviridae
v69196	17/67	42.86	Aliceevansviridae
v69198	5/22	33.20	Guelinviridae
v69201	7/8	65.76	Microviridae
v69202	7/8	94.00	Microviridae
v69206	21/275	39.40	Herelleviridae
v69208	6/22	36.68	Salasmaviridae
v69227	8/21	40.25	Rountreeviridae
v69229	12/136	41.83	Herelleviridae
v69232	4/16	32.05	Guelinviridae
v69236	14/102	46.03	Drexlerviridae
v69237	5/18	47.42	Aliceevansviridae
v69244	5/19	31.92	Guelinviridae
v69246	11/58	39.93	Aliceevansviridae
v69253	11/87	41.29	Aliceevansviridae
v69256	10/168	38.49	Herelleviridae
v69262	11/22	39.42	Salasmaviridae
v69266	20/54	42.17	Aliceevansviridae
v69269	15/148	44.52	Herelleviridae
v69271	14/49	48.56	Aliceevansviridae
v69273	11/200	38.76	Herelleviridae
v69277	11/54	36.91	Aliceevansviridae
v69285	8/35	38.66	Aliceevansviridae
v69286	23/147	41.87	Herelleviridae
v69287	4/16	39.77	Aliceevansviridae
v69305	11/35	47.46	Aliceevansviridae
v69328	11/50	45.98	Aliceevansviridae
v69340	85/94	83.58	Suoliviridae
v69348	4/9	36.48	Microviridae
v69349	7/8	95.30	Microviridae
v69355	14/50	39.71	Aliceevansviridae
v69356	5/20	33.26	Guelinviridae
v69359	10/48	40.75	Aliceevansviridae
v69364	12/49	39.46	Aliceevansviridae
v69374	7/11	81.27	Microviridae
v69381	6/23	34.12	Salasmaviridae
v69383	10/32	40.57	Peduoviridae
v69384	10/44	43.43	Aliceevansviridae
v69392	17/56	43.26	Autographiviridae
v69398	6/24	35.28	Salasmaviridae
v69406	12/143	40.67	Herelleviridae
v69410	6/19	37.15	Guelinviridae
v69420	7/22	45.96	Aliceevansviridae
v69431	83/96	72.18	Steigviridae
v69441	4/15	30.20	Salasmaviridae
v69444	64/69	73.82	Steigviridae
v69448	10/153	38.45	Herelleviridae
v69452	5/8	48.82	Microviridae
v69471	13/78	36.27	Winoviridae
v69473	10/92	34.96	Aliceevansviridae
v69474	10/134	39.64	Suoliviridae
v69475	18/227	37.63	Herelleviridae
v69477	5/17	32.64	Guelinviridae
v69480	54/57	81.99	Aliceevansviridae
v69494	14/59	41.75	Aliceevansviridae
v69508	7/19	43.06	Guelinviridae
v69514	26/31	56.93	Peduoviridae
v69522	39/41	95.52	Peduoviridae
v69531	8/9	60.98	Microviridae
v69534	3/10	31.10	Guelinviridae
v69542	5/7	40.20	Microviridae
v69544	32/35	84.51	Aliceevansviridae
v69546	18/23	63.16	Aliceevansviridae
v69548	12/277	42.40	Herelleviridae
v69552	5/7	37.08	Microviridae
v69553	5/7	65.46	Microviridae
v69554	24/24	83.90	Aliceevansviridae
v69566	7/21	34.19	Salasmaviridae
v69568	4/13	41.48	Microviridae
v69570	4/17	31.40	Guelinviridae
v69576	11/55	37.04	Aliceevansviridae
v69590	4/13	34.23	Guelinviridae
v69610	16/302	44.62	Herelleviridae
v69616	48/57	63.58	Steigviridae
v69617	11/88	41.13	Winoviridae
v69622	8/9	58.66	Microviridae
v69626	12/139	40.17	Suoliviridae
v69627	8/9	61.79	Microviridae
v69636	12/194	38.73	Herelleviridae
v69638	8/36	40.85	Aliceevansviridae
v69641	5/16	32.00	Guelinviridae
v69643	9/38	37.14	Aliceevansviridae
v69653	5/25	30.64	Guelinviridae
v69658	20/240	40.94	Herelleviridae
v69664	5/19	34.60	Salasmaviridae
v69669	16/201	42.42	Herelleviridae
v69670	12/176	43.59	Herelleviridae
v69672	4/16	44.65	Aliceevansviridae
v69686	11/58	50.26	Aliceevansviridae
v69687	6/22	37.78	Salasmaviridae
v69696	10/196	39.63	Suoliviridae
v69697	11/83	44.52	Aliceevansviridae
v69713	21/42	52.16	Aliceevansviridae
v69719	29/54	61.12	Aliceevansviridae
v69721	22/49	62.33	Aliceevansviridae
v69723	3/9	44.77	Microviridae
v69724	9/28	53.69	Tectiviridae
v69747	8/33	44.75	Aliceevansviridae
v69752	19/245	36.46	Herelleviridae
v69754	156/156	98.84	Demerecviridae
v69760	54/59	87.02	Autographiviridae
v69766	9/20	63.01	Aliceevansviridae
v69767	21/23	90.82	Aliceevansviridae
v69772	3/14	33.63	Guelinviridae
v69793	52/52	96.48	Autographiviridae
v69803	24/267	39.14	Herelleviridae
v69815	56/65	79.95	Aliceevansviridae
v69820	45/50	84.70	Aliceevansviridae
v69833	11/62	41.87	Aliceevansviridae
v69850	12/130	42.73	Herelleviridae
v69854	15/255	39.83	Herelleviridae
v69858	12/112	31.48	Herelleviridae
v69897	9/33	48.91	Aliceevansviridae
v69904	49/54	80.14	Aliceevansviridae
v69915	12/218	45.52	Steigviridae
v69925	5/7	44.16	Microviridae
v69927	42/42	88.90	Aliceevansviridae
v69930	4/16	31.30	Guelinviridae
v69936	11/74	36.54	Aliceevansviridae
v69952	7/8	87.91	Microviridae
v69954	15/208	39.22	Herelleviridae
v69966	5/19	33.36	Guelinviridae
v69969	2/10	47.10	Peduoviridae
v69972	5/18	32.74	Guelinviridae
v69974	14/60	43.84	Aliceevansviridae
v70009	18/63	45.97	Aliceevansviridae
v70018	4/16	31.12	Guelinviridae
v70029	10/55	46.07	Aliceevansviridae
v70030	6/23	42.77	Aliceevansviridae
v70031	8/33	51.56	Drexlerviridae
v70033	6/28	49.12	Aliceevansviridae
v70038	13/58	49.55	Aliceevansviridae
v70040	10/64	40.00	Aliceevansviridae
v70045	5/16	32.78	Guelinviridae
v70048	11/52	41.01	Aliceevansviridae
v70049	4/19	31.88	Guelinviridae
v70054	10/76	40.25	Aliceevansviridae
v70060	10/145	43.27	Herelleviridae
v70062	92/96	94.97	Suoliviridae
v70064	12/100	44.93	Herelleviridae
v70067	20/22	81.61	Aliceevansviridae
v70070	20/58	56.28	Aliceevansviridae
v70071	20/44	46.09	Aliceevansviridae
v70074	5/19	36.52	Salasmaviridae
v70075	5/16	32.42	Guelinviridae
v70076	4/19	34.00	Guelinviridae
v70079	18/54	48.03	Aliceevansviridae
v70081	10/133	46.59	Aliceevansviridae
v70085	5/18	32.22	Guelinviridae
v70095	10/113	40.94	Aliceevansviridae
v70100	15/182	41.26	Herelleviridae
v70101	7/25	38.06	Salasmaviridae
v70106	15/52	44.40	Aliceevansviridae
v70109	7/8	86.73	Microviridae
v70115	6/16	34.15	Guelinviridae
v70118	7/23	38.56	Salasmaviridae
v70124	4/8	38.15	Microviridae
v70125	6/16	33.98	Salasmaviridae
v70129	8/38	52.95	Aliceevansviridae
v70132	6/19	32.83	Guelinviridae
v70142	3/9	51.33	Inoviridae
v70152	4/13	34.25	Guelinviridae
v70154	5/22	52.08	Aliceevansviridae
v70159	24/50	47.96	Aliceevansviridae
v70161	11/199	38.81	Herelleviridae
v70173	16/179	42.02	Herelleviridae
v70176	9/40	51.54	Aliceevansviridae
v70178	8/39	36.17	Aliceevansviridae
v70179	13/59	36.22	Aliceevansviridae
v70180	5/24	33.14	Aliceevansviridae
v70183	14/59	44.91	Aliceevansviridae
v70190	5/24	45.46	Aliceevansviridae
v70194	22/22	71.75	Aliceevansviridae
v70206	7/28	37.80	Aliceevansviridae
v70210	4/16	31.15	Guelinviridae
v70213	18/38	55.73	Aliceevansviridae
v70220	3/11	39.77	Guelinviridae
v70223	13/44	46.92	Peduoviridae
v70224	12/99	44.76	Drexlerviridae
v70226	7/29	47.79	Aliceevansviridae
v70234	11/49	46.55	Aliceevansviridae
v70239	3/7	70.57	Microviridae
v70242	13/234	39.13	Herelleviridae
v70244	5/16	44.04	Aliceevansviridae
v70246	10/179	46.92	Herelleviridae
v70248	6/30	55.50	Aliceevansviridae
v70251	2/4	61.55	Mitoviridae
v70264	11/130	47.58	Aliceevansviridae
v70270	13/138	39.92	Herelleviridae
v70271	24/25	92.12	Peduoviridae
v70272	24/25	85.77	Aliceevansviridae
v70279	12/21	45.82	Aliceevansviridae
v70284	31/33	89.77	Aliceevansviridae
v70291	9/33	49.87	Aliceevansviridae
v70297	22/211	40.68	Herelleviridae
v70306	11/54	39.96	Aliceevansviridae
v70318	13/106	35.51	Herelleviridae
v70324	14/189	42.08	Herelleviridae
v70328	11/117	33.66	Herelleviridae
v70331	15/65	39.39	Aliceevansviridae
v70342	6/24	33.05	Salasmaviridae
v70345	21/22	80.96	Aliceevansviridae
v70349	8/34	41.36	Aliceevansviridae
v70350	10/74	43.56	Aliceevansviridae
v70356	11/60	42.76	Aliceevansviridae
v70357	75/98	66.51	Intestiviridae
v70362	12/52	48.92	Aliceevansviridae
v70366	6/27	58.82	Aliceevansviridae
v70378	8/39	39.52	Aliceevansviridae
v70382	10/71	35.94	Aliceevansviridae
v70384	4/18	30.68	Guelinviridae
v70390	12/16	47.84	Salasmaviridae
v70392	6/8	71.70	Microviridae
v70395	4/11	42.15	Microviridae
v70402	7/21	31.97	Guelinviridae
v70415	13/134	43.10	Suoliviridae
v70420	16/240	36.50	Herelleviridae
v70422	17/230	40.98	Herelleviridae
v70424	3/10	47.47	Inoviridae
v70425	2/9	33.35	Aliceevansviridae
v70426	4/13	49.23	Aliceevansviridae
v70432	10/36	48.25	Aliceevansviridae
v70443	4/16	30.82	Guelinviridae
v70449	5/19	32.70	Guelinviridae
v70455	4/19	46.80	Aliceevansviridae
v70461	46/53	87.18	Aliceevansviridae
v70475	4/7	36.83	Microviridae
v70479	12/49	43.13	Autographiviridae
v70480	2/9	33.35	Aliceevansviridae
v70486	93/104	64.63	Steigviridae
v70488	11/54	37.55	Aliceevansviridae
v70500	11/29	46.07	Aliceevansviridae
v70525	13/51	40.06	Aliceevansviridae
v70533	4/9	39.80	Inoviridae
v70535	4/17	30.50	Guelinviridae
v70543	27/28	85.24	Peduoviridae
v70557	9/27	46.51	Tectiviridae
v70569	7/22	37.93	Salasmaviridae
v70571	12/124	36.65	Herelleviridae
v70584	11/154	40.30	Herelleviridae
v70585	283/283	98.43	Straboviridae
v70586	39/55	61.75	Aliceevansviridae
v70592	54/61	88.67	Aliceevansviridae
v70596	15/241	38.09	Herelleviridae
v70603	18/44	44.18	Autographiviridae
v70605	6/25	32.60	Salasmaviridae
v70606	7/7	77.96	Microviridae
v70609	14/206	39.41	Herelleviridae
v70611	11/179	38.20	Straboviridae
v70617	9/35	52.84	Aliceevansviridae
v70619	11/43	54.38	Aliceevansviridae
v70620	20/54	53.13	Aliceevansviridae
v70621	1/2	32.50	Metaviridae
v70622	1/1	33.10	Metaviridae
v70628	10/140	39.04	Aliceevansviridae
v70632	7/19	39.23	Salasmaviridae
v70638	4/8	32.90	Microviridae
v70643	8/8	75.69	Microviridae
v70645	7/8	59.76	Microviridae
v70646	5/9	50.26	Microviridae
v70655	4/7	35.23	Microviridae
v70657	6/11	35.53	Microviridae
v70662	6/8	84.80	Microviridae
v70675	9/35	47.69	Aliceevansviridae
v70678	11/160	43.62	Herelleviridae
v70692	33/40	64.40	Peduoviridae
v70701	26/31	83.45	Peduoviridae
v70718	1/3	34.80	Metaviridae
v70722	14/199	40.41	Herelleviridae
v70727	51/57	88.48	Aliceevansviridae
v70745	11/49	43.07	Aliceevansviridae
v70746	4/19	31.85	Guelinviridae
v70757	3/15	30.33	Guelinviridae
v70766	11/51	40.30	Aliceevansviridae
v70768	10/85	41.46	Aliceevansviridae
v70769	4/18	31.32	Salasmaviridae
v70782	86/87	95.84	Schitoviridae
v70812	8/32	38.52	Peduoviridae
v70814	10/46	50.28	Aliceevansviridae
v70824	6/23	34.85	Salasmaviridae
v70848	10/73	45.82	Aliceevansviridae
v70851	13/68	38.28	Mesyanzhinovviridae
v70857	6/18	50.15	Aliceevansviridae
v70862	7/8	94.91	Microviridae
v70864	5/17	32.78	Guelinviridae
v70865	3/15	39.40	Aliceevansviridae
v70870	10/57	39.78	Aliceevansviridae
v70874	5/9	43.90	Microviridae
v70885	5/10	60.84	Inoviridae
v70889	11/46	44.13	Aliceevansviridae
v70891	54/57	85.52	Aliceevansviridae
v70899	10/57	55.17	Peduoviridae
v70901	8/20	36.60	Guelinviridae
v70905	7/15	35.89	Salasmaviridae
v70920	21/316	39.98	Herelleviridae
v70924	13/185	45.14	Herelleviridae
v70926	12/60	41.46	Aliceevansviridae
v70927	18/37	54.26	Aliceevansviridae
v70935	6/24	31.93	Salasmaviridae
v70947	10/107	39.28	Herelleviridae
v70951	4/17	40.38	Aliceevansviridae
v70969	37/43	96.91	Peduoviridae
v70985	35/49	61.01	Aliceevansviridae
v70996	4/14	38.60	Aliceevansviridae
v70997	6/18	45.45	Aliceevansviridae
v71002	10/66	41.62	Aliceevansviridae
v71006	11/41	42.57	Aliceevansviridae
v71017	15/25	60.82	Guelinviridae
v71048	5/23	34.02	Salasmaviridae
v71050	11/47	39.85	Aliceevansviridae
v71059	23/179	42.39	Herelleviridae
v71068	17/99	39.51	Herelleviridae
v71069	15/36	48.57	Aliceevansviridae
v71080	2/2	99.60	Retroviridae
v71082	13/197	36.92	Herelleviridae
v71083	3/11	30.80	Guelinviridae
v71086	31/34	78.11	Aliceevansviridae
v71087	54/55	94.49	Autographiviridae
v71098	7/35	42.81	Aliceevansviridae
v71108	14/210	37.36	Herelleviridae
v71111	15/148	41.27	Herelleviridae
v71121	27/29	75.57	Aliceevansviridae
v71123	16/35	88.56	Peduoviridae
v71130	17/52	59.79	Aliceevansviridae
v71133	47/49	85.06	Aliceevansviridae
v71135	39/44	84.84	Aliceevansviridae
v71148	11/95	52.66	Suoliviridae
v71161	7/19	37.41	Salasmaviridae
v71174	4/9	39.15	Microviridae
v71176	25/33	74.25	Aliceevansviridae
v71177	12/186	36.55	Herelleviridae
v71181	4/13	51.67	Inoviridae
v71183	13/101	40.15	Winoviridae
v71204	3/11	44.37	Peduoviridae
v71205	9/41	47.96	Aliceevansviridae
v71206	23/49	44.56	Autographiviridae
v71209	2/10	45.20	Peduoviridae
v71235	6/19	35.43	Guelinviridae
v71238	10/26	42.87	Aliceevansviridae
v71239	6/8	83.73	Microviridae
v71242	8/33	36.73	Aliceevansviridae
v71245	4/20	48.20	Aliceevansviridae
v71253	4/13	48.95	Aliceevansviridae
v71264	12/93	42.69	Autographiviridae
v71266	4/19	30.68	Guelinviridae
v71271	7/9	70.24	Microviridae
v71282	29/37	95.91	Peduoviridae
v71290	5/19	32.30	Guelinviridae
v71292	16/29	47.21	Aliceevansviridae
v71295	4/8	38.20	Microviridae
v71297	7/26	39.40	Aliceevansviridae
v71301	5/19	43.70	Aliceevansviridae
v71303	17/211	41.50	Herelleviridae
v71306	3/14	43.30	Casjensviridae
v71331	13/118	43.69	Steigviridae
v71334	22/24	88.89	Aliceevansviridae
v71345	12/184	40.94	Herelleviridae
v71349	13/157	38.95	Herelleviridae
v71360	20/159	40.59	Herelleviridae
v71363	11/97	40.22	Aliceevansviridae
v71366	5/14	43.30	Aliceevansviridae
v71368	10/16	63.93	Guelinviridae
v71374	15/53	51.79	Aliceevansviridae
v71375	5/24	36.22	Salasmaviridae
v71376	4/16	31.02	Guelinviridae
v71381	34/40	60.47	Autographiviridae
v71384	4/9	50.70	Inoviridae
v71394	20/22	89.53	Peduoviridae
v71405	17/46	43.90	Aliceevansviridae
v71434	17/48	46.04	Aliceevansviridae
v71437	5/23	32.88	Salasmaviridae
v71438	6/16	46.38	Aliceevansviridae
v71445	4/19	31.48	Guelinviridae
v71454	32/38	78.78	Aliceevansviridae
v71470	7/7	96.59	Microviridae
v71483	12/41	48.55	Aliceevansviridae
v71484	12/31	45.07	Aliceevansviridae
v71485	11/44	45.68	Aliceevansviridae
v71487	13/90	42.92	Aliceevansviridae
v71492	5/19	32.04	Salasmaviridae
v71498	6/17	45.12	Inoviridae
v71500	58/70	79.27	Aliceevansviridae
v71502	15/240	40.91	Herelleviridae
v71520	11/132	39.34	Herelleviridae
v71527	49/58	79.12	Aliceevansviridae
v71549	5/16	46.20	Aliceevansviridae
v71550	97/97	92.10	Schitoviridae
v71557	10/35	47.23	Drexlerviridae
v71561	5/23	30.32	Salasmaviridae
v71568	10/171	42.56	Herelleviridae
v71584	13/60	44.70	Aliceevansviridae
v71585	28/295	46.71	Straboviridae
v71586	5/19	42.92	Aliceevansviridae
v71591	15/35	46.73	Aliceevansviridae
v71598	12/153	39.65	Herelleviridae
v71601	10/132	46.07	Aliceevansviridae
v71637	20/123	53.16	Herelleviridae
v71645	5/10	44.06	Microviridae
v71653	10/100	42.93	Aliceevansviridae
v71657	7/28	48.53	Aliceevansviridae
v71660	1/3	41.40	Metaviridae
v71666	5/8	40.26	Microviridae
v71674	4/8	42.08	Microviridae
v71675	6/8	78.87	Microviridae
v71678	7/7	76.36	Microviridae
v71679	13/15	60.98	Microviridae
v71688	5/17	36.58	Salasmaviridae
v71691	5/12	43.10	Aliceevansviridae
v71695	7/25	39.16	Aliceevansviridae
v71703	14/180	40.50	Herelleviridae
v71706	5/18	32.54	Guelinviridae
v71709	15/219	41.67	Herelleviridae
v71710	8/34	39.84	Aliceevansviridae
v71715	8/36	35.79	Aliceevansviridae
v71730	18/145	38.85	Herelleviridae
v71734	1/3	33.60	Metaviridae
v71742	7/21	34.09	Guelinviridae
v71743	3/12	46.03	Inoviridae
v71753	10/189	39.75	Herelleviridae
v71760	66/69	92.51	Suoliviridae
v71771	8/26	35.26	Guelinviridae
v71775	22/53	47.11	Autographiviridae
v71777	4/19	39.50	Orlajensenviridae
v71783	5/25	42.48	Aliceevansviridae
v71790	14/144	43.34	Suoliviridae
v71792	3/14	37.90	Guelinviridae
v71798	10/50	43.49	Aliceevansviridae
v71806	17/24	57.49	Guelinviridae
v71811	33/168	43.12	Herelleviridae
v71819	10/88	40.99	Aliceevansviridae
v71820	28/28	88.38	Aliceevansviridae
v71842	5/23	42.80	Aliceevansviridae
v71864	5/17	32.86	Guelinviridae
v71870	36/52	72.09	Aliceevansviridae
v71885	11/58	37.94	Aliceevansviridae
v71889	12/25	46.00	Aliceevansviridae
v71894	10/87	42.16	Aliceevansviridae
v71899	31/34	87.32	Aliceevansviridae
v71902	5/23	54.60	Aliceevansviridae
v71903	14/61	41.34	Aliceevansviridae
v71911	6/29	40.58	Aliceevansviridae
v71918	10/76	46.26	Aliceevansviridae
v71923	48/53	79.39	Aliceevansviridae
v71924	16/51	57.99	Aliceevansviridae
v71929	5/16	50.94	Aliceevansviridae
v71932	46/54	83.57	Aliceevansviridae
v71945	23/62	55.61	Aliceevansviridae
v71952	18/31	51.04	Aliceevansviridae
v71972	6/25	33.28	Salasmaviridae
v71974	10/47	34.03	Aliceevansviridae
v71990	10/202	37.98	Herelleviridae
v71991	7/21	43.27	Aliceevansviridae
v71993	7/19	40.73	Salasmaviridae
v71994	19/226	41.67	Herelleviridae
v71997	3/13	30.63	Guelinviridae
v71998	4/10	31.30	Salasmaviridae
v72010	7/34	38.44	Aliceevansviridae
v72030	11/56	46.14	Aliceevansviridae
v72035	6/23	30.38	Salasmaviridae
v72038	12/186	42.61	Herelleviridae
v72039	18/53	45.33	Autographiviridae
v72055	9/43	42.38	Aliceevansviridae
v72059	5/17	46.06	Aliceevansviridae
v72060	5/17	43.08	Aliceevansviridae
v72061	33/35	88.63	Aliceevansviridae
v72064	10/66	46.64	Drexlerviridae
v72065	6/22	37.52	Salasmaviridae
v72071	9/37	55.19	Aliceevansviridae
v72076	10/35	47.11	Aliceevansviridae
v72086	7/20	38.67	Salasmaviridae
v72094	19/200	39.82	Herelleviridae
v72105	3/8	46.77	Inoviridae
v72107	14/207	38.81	Herelleviridae
v72108	11/51	44.60	Aliceevansviridae
v72115	25/216	47.10	Steigviridae
v72117	5/24	43.20	Aliceevansviridae
v72118	11/29	47.56	Aliceevansviridae
v72119	33/36	90.80	Peduoviridae
v72133	12/81	38.09	Aliceevansviridae
v72138	4/11	37.27	Microviridae
v72142	5/15	33.18	Guelinviridae
v72156	4/12	51.12	Inoviridae
v72158	14/47	46.20	Aliceevansviridae
v72160	4/16	30.12	Guelinviridae
v72162	62/86	54.46	Intestiviridae
v72186	22/252	39.90	Herelleviridae
v72191	33/80	50.54	Schitoviridae
v72194	7/33	50.34	Aliceevansviridae
v72197	11/54	44.21	Aliceevansviridae
v72199	6/7	96.42	Microviridae
v72200	14/159	41.28	Herelleviridae
v72204	5/6	42.10	Microviridae
v72208	3/14	30.13	Guelinviridae
v72209	4/10	55.33	Inoviridae
v72211	32/46	74.42	Aliceevansviridae
v72220	4/18	45.20	Casjensviridae
v72224	7/20	37.71	Salasmaviridae
v72227	7/7	60.89	Microviridae
v72233	26/27	93.21	Peduoviridae
v72244	10/27	38.33	Guelinviridae
v72245	10/58	48.78	Aliceevansviridae
v72246	22/205	45.29	Steigviridae
v72254	3/15	30.93	Guelinviridae
v72255	5/8	57.46	Microviridae
v72256	5/19	33.76	Salasmaviridae
v72262	6/20	31.50	Guelinviridae
v72270	50/56	84.07	Aliceevansviridae
v72280	12/260	37.98	Herelleviridae
v72288	10/61	39.84	Aliceevansviridae
v72290	5/17	32.30	Guelinviridae
v72304	36/38	81.36	Aliceevansviridae
v72318	4/19	31.00	Guelinviridae
v72323	9/34	52.36	Aliceevansviridae
v72333	3/6	33.73	Microviridae
v72338	10/91	44.75	Aliceevansviridae
v72339	22/284	37.62	Herelleviridae
v72340	29/227	48.84	Herelleviridae
v72342	20/47	47.42	Autographiviridae
v72343	3/8	58.93	Mitoviridae
v72344	2/6	44.05	Mitoviridae
v72346	3/10	59.53	Mitoviridae
v72347	4/8	43.27	Microviridae
v72366	10/76	36.31	Aliceevansviridae
v72370	7/34	38.74	Aliceevansviridae
v72371	11/75	41.11	Aliceevansviridae
v72378	11/156	38.65	Herelleviridae
v72385	6/14	94.60	Microviridae
v72394	42/47	86.04	Aliceevansviridae
v72411	10/56	42.87	Aliceevansviridae
v72412	28/53	55.85	Aliceevansviridae
v72415	5/25	36.20	Salasmaviridae
v72428	5/22	33.54	Salasmaviridae
v72430	45/51	82.07	Aliceevansviridae
v72435	6/25	34.73	Salasmaviridae
v72440	67/99	57.11	Steigviridae
v72449	44/47	87.47	Aliceevansviridae
v72450	8/23	31.66	Salasmaviridae
v72451	11/183	36.21	Herelleviridae
v72469	11/94	31.18	Herelleviridae
v72472	9/23	39.39	Salasmaviridae
v72474	9/40	50.61	Aliceevansviridae
v72476	5/18	34.66	Salasmaviridae
v72485	11/41	46.55	Aliceevansviridae
v72491	46/46	96.72	Autographiviridae
v72494	52/55	80.75	Aliceevansviridae
v72496	6/17	35.58	Guelinviridae
v72500	3/5	41.47	Inoviridae
v72501	3/5	34.13	Microviridae
v72503	14/124	43.12	Herelleviridae
v72505	3/15	40.33	Aliceevansviridae
v72507	23/23	89.57	Aliceevansviridae
v72511	23/52	45.83	Autographiviridae
v72514	21/21	77.43	Aliceevansviridae
v72516	8/36	37.10	Aliceevansviridae
v72521	17/51	49.37	Aliceevansviridae
v72523	13/199	38.08	Herelleviridae
v72524	4/20	31.45	Guelinviridae
v72526	12/104	31.24	Herelleviridae
v72529	27/32	62.44	Peduoviridae
v72531	14/52	45.19	Aliceevansviridae
v72549	10/83	44.70	Aliceevansviridae
v72555	8/33	43.52	Aliceevansviridae
v72562	5/18	43.44	Aliceevansviridae
v72564	13/134	46.08	Aliceevansviridae
v72568	12/75	43.12	Aliceevansviridae
v72572	11/51	47.25	Aliceevansviridae
v72579	23/65	48.60	Aliceevansviridae
v72581	12/177	43.50	Herelleviridae
v72597	8/24	35.21	Guelinviridae
v72602	13/63	42.31	Aliceevansviridae
v72604	7/21	40.67	Guelinviridae
v72609	36/40	81.14	Peduoviridae
v72614	3/15	30.97	Guelinviridae
v72622	11/52	47.23	Aliceevansviridae
v72624	13/50	48.95	Peduoviridae
v72625	5/8	58.10	Microviridae
v72629	24/29	87.70	Peduoviridae
v72641	5/16	32.34	Guelinviridae
v72643	6/19	39.23	Salasmaviridae
v72648	6/28	40.83	Aliceevansviridae
v72651	30/221	46.93	Steigviridae
v72654	36/67	61.17	Aliceevansviridae
v72660	5/12	43.34	Inoviridae
v72661	25/29	76.09	Aliceevansviridae
v72663	26/33	88.48	Aliceevansviridae
v72664	3/9	55.17	Peduoviridae
v72670	3/12	46.03	Inoviridae
v72673	3/12	36.03	Peduoviridae
v72679	76/79	88.97	Suoliviridae
v72689	13/158	38.75	Herelleviridae
v72694	42/45	94.90	Peduoviridae
v72698	3/11	52.80	Inoviridae
v72699	7/21	31.41	Guelinviridae
v72700	3/15	30.13	Guelinviridae
v72711	22/277	39.00	Herelleviridae
v72712	15/30	49.54	Aliceevansviridae
v72717	7/24	38.16	Salasmaviridae
v72722	4/16	44.35	Aliceevansviridae
v72724	7/33	42.46	Aliceevansviridae
v72729	36/43	76.04	Peduoviridae
v72733	60/71	85.99	Autographiviridae
v72734	5/8	46.00	Microviridae
v72737	23/54	45.84	Autographiviridae
v72741	10/43	46.42	Aliceevansviridae
v72742	32/32	97.20	Autographiviridae
v72747	25/25	76.45	Aliceevansviridae
v72751	5/24	41.34	Winoviridae
v72759	4/20	43.33	Aliceevansviridae
v72760	40/42	82.05	Peduoviridae
v72764	9/21	62.92	Aliceevansviridae
v72765	7/11	56.97	Inoviridae
v72767	4/9	42.60	Microviridae
v72778	42/49	81.20	Aliceevansviridae
v72782	57/61	83.70	Aliceevansviridae
v72784	33/53	59.16	Aliceevansviridae
v72786	3/14	62.27	Peduoviridae
v72789	11/22	48.91	Salasmaviridae
v72803	12/182	50.52	Herelleviridae
v72805	43/52	77.49	Aliceevansviridae
v72807	14/233	37.60	Herelleviridae
v72826	10/191	42.54	Herelleviridae
v72831	3/6	37.73	Microviridae
v72835	21/21	88.07	Aliceevansviridae
v72837	4/20	33.23	Salasmaviridae
v72838	10/55	42.91	Aliceevansviridae
v72841	7/15	45.26	Inoviridae
v72852	21/23	85.90	Salasmaviridae
v72853	12/56	44.61	Peduoviridae
v72855	25/36	61.38	Aliceevansviridae
v72856	10/57	40.60	Aliceevansviridae
v72865	4/20	32.88	Salasmaviridae
v72875	1/1	33.30	Metaviridae
v72880	15/62	46.88	Peduoviridae
v72882	11/64	40.49	Aliceevansviridae
v72885	7/27	40.69	Aliceevansviridae
v72892	12/66	41.09	Aliceevansviridae
v72897	19/61	47.36	Aliceevansviridae
v72898	7/24	42.13	Drexlerviridae
v72904	41/48	90.37	Peduoviridae
v72914	8/34	51.56	Aliceevansviridae
v72924	27/226	43.80	Steigviridae
v72925	10/69	34.92	Aliceevansviridae
v72931	45/49	84.42	Aliceevansviridae
v72941	8/11	85.16	Microviridae
v72966	7/8	82.91	Microviridae
v72972	11/32	46.68	Peduoviridae
v72973	21/24	76.72	Peduoviridae
v72993	5/19	34.98	Guelinviridae
v72994	7/31	40.59	Aliceevansviridae
v72995	8/22	73.42	Aliceevansviridae
v72996	78/94	68.96	Suoliviridae
v72999	15/129	37.49	Straboviridae
v73013	7/21	34.79	Salasmaviridae
v73028	4/13	34.35	Guelinviridae
v73039	10/104	41.96	Aliceevansviridae
v73042	11/21	48.98	Salasmaviridae
v73044	7/8	87.81	Microviridae
v73046	9/41	45.38	Drexlerviridae
v73051	10/171	35.59	Herelleviridae
v73054	6/8	74.10	Microviridae
v73055	12/26	52.57	Guelinviridae
v73057	10/107	46.03	Aliceevansviridae
v73060	17/203	38.69	Herelleviridae
v73063	6/24	52.05	Aliceevansviridae
v73072	10/57	40.27	Aliceevansviridae
v73073	49/53	77.66	Aliceevansviridae
v73076	8/39	39.09	Aliceevansviridae
v73080	56/60	82.36	Aliceevansviridae
v73083	10/75	38.57	Aliceevansviridae
v73091	10/72	42.77	Aliceevansviridae
v73092	11/62	42.44	Aliceevansviridae
v73096	4/20	33.05	Salasmaviridae
v73100	26/27	91.07	Aliceevansviridae
v73116	8/33	58.14	Aliceevansviridae
v73117	30/31	86.30	Aliceevansviridae
v73121	15/205	45.03	Herelleviridae
v73124	6/23	44.87	Aliceevansviridae
v73132	27/28	78.32	Aliceevansviridae
v73140	11/65	39.96	Aliceevansviridae
v73146	56/63	87.55	Aliceevansviridae
v73157	10/30	36.94	Aliceevansviridae
v73159	12/162	37.19	Herelleviridae
v73193	12/40	39.78	Drexlerviridae
v73197	24/233	45.54	Steigviridae
v73214	13/189	41.35	Herelleviridae
v73218	53/55	93.36	Autographiviridae
v73219	18/35	57.94	Aliceevansviridae
v73221	3/10	47.67	Inoviridae
v73227	28/41	59.43	Aliceevansviridae
v73230	37/40	85.01	Peduoviridae
v73236	17/37	45.96	Autographiviridae
v73237	26/31	94.22	Peduoviridae
v73243	5/6	40.44	Microviridae
v73250	57/65	77.33	Aliceevansviridae
v73262	20/255	37.98	Herelleviridae
v73265	272/272	99.44	Straboviridae
v73266	12/97	44.14	Drexlerviridae
v73267	35/35	95.89	Peduoviridae
v73283	12/25	56.53	Aliceevansviridae
v73284	10/51	38.77	Aliceevansviridae
v73288	31/35	92.70	Peduoviridae
v73289	50/50	97.92	Autographiviridae
v73307	6/12	34.25	Guelinviridae
v73317	18/29	54.66	Peduoviridae
v73320	7/8	72.09	Microviridae
v73321	8/8	81.83	Microviridae
v73323	6/10	48.73	Microviridae
v73324	8/8	61.98	Microviridae
v73325	12/24	46.27	Aliceevansviridae
v73327	38/42	84.31	Aliceevansviridae
v73328	14/90	39.58	Aliceevansviridae
v73331	26/292	39.61	Herelleviridae
v73333	4/16	37.33	Herelleviridae
v73337	6/26	50.45	Aliceevansviridae
v73338	13/21	45.13	Aliceevansviridae
v73340	52/57	88.29	Aliceevansviridae
v73341	15/45	46.19	Aliceevansviridae
v73342	26/40	71.57	Aliceevansviridae
v73343	16/203	37.01	Herelleviridae
v73344	10/52	42.85	Aliceevansviridae
v73345	5/16	33.34	Guelinviridae
v73369	5/20	51.60	Aliceevansviridae
v73387	3/11	46.77	Inoviridae
v73391	34/46	81.04	Aliceevansviridae
v73393	18/18	97.76	Rountreeviridae
v73395	19/208	39.56	Herelleviridae
v73401	3/13	34.10	Guelinviridae
v73413	12/72	41.74	Aliceevansviridae
v73418	7/22	38.26	Salasmaviridae
v73427	11/94	39.68	Aliceevansviridae
v73432	11/58	41.04	Aliceevansviridae
v73433	16/149	40.70	Herelleviridae
v73434	11/60	42.12	Aliceevansviridae
v73438	33/34	96.23	Peduoviridae
v73439	10/36	39.80	Aliceevansviridae
v73446	5/8	46.38	Microviridae
v73448	50/65	81.43	Aliceevansviridae
v73450	17/193	39.69	Herelleviridae
v73459	12/46	41.26	Aliceevansviridae
v73462	14/142	41.35	Herelleviridae
v73468	12/176	38.00	Herelleviridae
v73470	11/65	36.69	Aliceevansviridae
v73473	3/6	38.27	Microviridae
v73480	13/123	48.43	Aliceevansviridae
v73488	10/59	43.38	Aliceevansviridae
v73489	17/117	40.72	Aliceevansviridae
v73495	3/6	35.57	Microviridae
v73496	32/35	86.54	Aliceevansviridae
v73503	4/13	34.52	Guelinviridae
v73504	15/24	60.91	Guelinviridae
v73510	15/177	38.83	Herelleviridae
v73513	14/121	39.79	Herelleviridae
v73515	3/5	68.33	Peduoviridae
v73527	33/36	75.47	Peduoviridae
v73531	7/10	83.31	Microviridae
v73541	18/89	45.26	Straboviridae
v73547	4/11	46.73	Inoviridae
v73564	9/37	44.28	Aliceevansviridae
v73568	15/182	42.07	Herelleviridae
v73570	61/64	97.14	Drexlerviridae
v73577	6/30	43.22	Aliceevansviridae
v73586	11/81	47.05	Drexlerviridae
v73587	50/50	96.32	Autographiviridae
v73593	2/6	47.00	Peduoviridae
v73606	8/31	52.77	Aliceevansviridae
v73608	7/9	61.14	Microviridae
v73625	7/35	37.50	Aliceevansviridae
v73626	22/24	88.03	Aliceevansviridae
v73631	12/50	45.42	Aliceevansviridae
v73637	7/19	45.69	Aliceevansviridae
v73640	5/6	41.64	Microviridae
v73647	7/22	37.50	Salasmaviridae
v73652	13/114	37.78	Herelleviridae
v73654	4/9	42.80	Microviridae
v73655	10/100	45.94	Aliceevansviridae
v73660	31/38	81.54	Aliceevansviridae
v73668	8/39	47.56	Aliceevansviridae
v73671	7/8	94.73	Microviridae
v73679	23/25	86.73	Peduoviridae
v73703	30/36	76.34	Aliceevansviridae
v73711	10/63	42.39	Aliceevansviridae
v73716	10/98	39.62	Aliceevansviridae
v73719	29/55	62.33	Aliceevansviridae
v73724	37/41	84.05	Peduoviridae
v73732	3/10	50.30	Inoviridae
v73738	5/17	32.68	Guelinviridae
v73744	7/35	40.41	Aliceevansviridae
v73753	10/96	38.35	Aliceevansviridae
v73758	10/63	38.78	Aliceevansviridae
v73762	279/279	98.92	Straboviridae
v73763	12/27	91.83	Peduoviridae
v73764	6/28	41.00	Aliceevansviridae
v73766	11/251	42.55	Herelleviridae
v73770	52/57	78.69	Aliceevansviridae
v73773	6/8	82.05	Microviridae
v73779	38/43	98.98	Peduoviridae
v73781	12/52	43.69	Aliceevansviridae
v73785	35/52	71.44	Aliceevansviridae
v73788	7/9	58.00	Microviridae
v73789	11/218	39.22	Herelleviridae
v73794	33/37	96.03	Peduoviridae
v73795	16/25	95.03	Peduoviridae
v73796	17/216	38.80	Herelleviridae
v73801	10/242	40.78	Herelleviridae
v73816	7/7	78.66	Microviridae
v73817	7/7	76.97	Microviridae
v73821	7/7	74.11	Microviridae
v73826	7/8	68.49	Microviridae
v73832	5/7	85.70	Microviridae
v73836	33/37	95.22	Peduoviridae
v73837	7/7	88.57	Microviridae
v73844	3/8	35.13	Inoviridae
v73850	10/95	37.34	Aliceevansviridae
v73852	31/33	98.79	Peduoviridae
v73856	7/19	41.83	Salasmaviridae
v73858	2/8	36.95	Peduoviridae
v73865	4/8	43.05	Microviridae
v73892	12/101	44.25	Drexlerviridae
v73897	107/111	89.65	Steigviridae
v73904	3/7	39.63	Microviridae
v73909	7/30	40.80	Aliceevansviridae
v73920	48/51	79.86	Aliceevansviridae
v73922	8/8	55.66	Microviridae
v73926	7/8	95.60	Microviridae
v73947	7/7	81.16	Microviridae
v73948	11/145	39.48	Steigviridae
v73955	1/5	30.90	Peduoviridae
v73957	7/9	77.11	Microviridae
v73963	33/38	81.85	Aliceevansviridae
v73974	14/192	37.66	Herelleviridae
v73976	6/22	34.90	Salasmaviridae
v73991	19/209	39.84	Herelleviridae
v73996	11/59	40.37	Aliceevansviridae
v73998	10/63	38.51	Aliceevansviridae
v73999	32/34	80.49	Aliceevansviridae
v74006	9/41	43.32	Aliceevansviridae
v74009	14/58	52.69	Drexlerviridae
v74012	27/37	73.54	Aliceevansviridae
v74019	4/16	31.02	Guelinviridae
v74025	20/33	57.95	Aliceevansviridae
v74037	6/6	77.98	Microviridae
v74042	10/113	31.18	Herelleviridae
v74048	6/8	64.53	Microviridae
v74052	6/7	84.05	Microviridae
v74057	11/63	39.73	Aliceevansviridae
v74062	11/57	60.66	Peduoviridae
v74065	19/63	55.53	Aliceevansviridae
v74067	30/44	70.35	Aliceevansviridae
v74068	31/45	72.27	Aliceevansviridae
v74073	13/52	41.87	Aliceevansviridae
v74075	6/6	77.50	Microviridae
v74076	7/7	75.37	Microviridae
v74094	10/141	34.98	Herelleviridae
v74111	10/56	41.10	Aliceevansviridae
v74115	5/23	45.80	Aliceevansviridae
v74119	7/8	95.69	Microviridae
v74126	11/100	37.65	Aliceevansviridae
v74132	33/34	89.91	Aliceevansviridae
v74142	51/58	76.20	Aliceevansviridae
v74150	79/79	98.46	Drexlerviridae
v74160	7/8	96.63	Microviridae
v74167	8/9	59.27	Microviridae
v74168	8/9	58.54	Microviridae
v74177	10/45	39.66	Aliceevansviridae
v74180	34/51	68.90	Aliceevansviridae
v74182	4/7	35.00	Microviridae
v74183	6/26	42.32	Aliceevansviridae
v74186	10/55	47.03	Aliceevansviridae
v74191	4/7	39.50	Microviridae
v74192	3/7	49.27	Inoviridae
v74194	2/9	33.45	Guelinviridae
v74202	6/27	41.83	Aliceevansviridae
v74223	50/54	86.02	Aliceevansviridae
v74230	11/153	39.07	Herelleviridae
v74236	11/162	43.84	Herelleviridae
v74239	21/21	82.31	Aliceevansviridae
v74242	16/26	48.86	Aliceevansviridae
v74245	47/52	87.74	Aliceevansviridae
v74260	5/10	36.60	Salasmaviridae
v74261	13/273	36.83	Herelleviridae
v74266	21/229	41.58	Herelleviridae
v74274	20/20	92.52	Aliceevansviridae
v74275	21/21	79.84	Aliceevansviridae
v74285	6/6	64.40	Microviridae
v74286	7/8	82.93	Microviridae
v74288	10/59	37.80	Aliceevansviridae
v74289	50/72	78.26	Aliceevansviridae
v74303	7/7	71.13	Microviridae
v74305	6/26	53.33	Aliceevansviridae
v74307	7/12	81.43	Microviridae
v74311	39/42	86.21	Aliceevansviridae
v74321	4/7	38.30	Microviridae
v74332	21/298	37.34	Herelleviridae
v74333	7/10	50.34	Microviridae
v74334	6/6	81.83	Microviridae
v74335	24/29	87.58	Peduoviridae
v74338	24/26	91.08	Peduoviridae
v74339	39/57	73.35	Aliceevansviridae
v74340	35/56	60.50	Aliceevansviridae
v74343	27/265	46.37	Straboviridae
v74344	6/19	62.93	Aliceevansviridae
v74360	11/53	39.17	Aliceevansviridae
v74362	6/18	34.98	Salasmaviridae
v74364	7/8	93.63	Microviridae
v74366	10/49	47.01	Aliceevansviridae
v74367	10/53	37.33	Aliceevansviridae
v74368	15/62	46.67	Autographiviridae
v74380	49/59	84.12	Aliceevansviridae
v74400	23/53	47.29	Autographiviridae
v74415	7/29	46.71	Aliceevansviridae
v74423	10/50	41.54	Aliceevansviridae
v74426	4/19	46.80	Aliceevansviridae
v74430	73/80	83.93	Intestiviridae
v74437	7/7	72.90	Microviridae
v74439	7/32	43.53	Aliceevansviridae
v74441	4/20	55.40	Aliceevansviridae
v74451	6/7	71.63	Microviridae
v74462	53/58	80.56	Aliceevansviridae
v74463	12/125	45.08	Herelleviridae
v74467	5/19	46.80	Aliceevansviridae
v74468	3/12	40.30	Aliceevansviridae
v74470	3/11	46.47	Inoviridae
v74476	12/120	36.42	Herelleviridae
v74478	7/8	96.00	Microviridae
v74481	20/209	39.20	Herelleviridae
v74483	13/24	55.26	Aliceevansviridae
v74484	7/8	90.61	Microviridae
v74493	6/8	76.88	Microviridae
v74500	10/67	38.54	Aliceevansviridae
v74512	43/54	91.72	Peduoviridae
v74517	37/44	93.64	Peduoviridae
v74524	55/63	78.20	Aliceevansviridae
v74529	9/9	58.77	Microviridae
v74531	6/27	36.35	Aliceevansviridae
v74533	1/3	40.30	Metaviridae
v74535	12/114	36.36	Herelleviridae
v74536	7/7	85.44	Microviridae
v74539	15/23	55.27	Aliceevansviridae
v74546	18/68	48.69	Aliceevansviridae
v74553	34/49	87.19	Peduoviridae
v74554	27/34	92.92	Peduoviridae
v74563	76/76	99.11	Drexlerviridae
v74566	17/21	60.25	Guelinviridae
v74567	7/8	93.40	Microviridae
v74573	8/25	38.77	Guelinviridae
v74577	6/27	32.78	Salasmaviridae
v74578	6/7	94.37	Microviridae
v74589	22/25	96.52	Peduoviridae
v74593	6/7	75.03	Microviridae
v74603	10/36	39.27	Aliceevansviridae
v74607	7/7	83.29	Microviridae
v74610	52/55	83.95	Aliceevansviridae
v74611	5/7	53.32	Microviridae
v74613	51/57	78.01	Aliceevansviridae
v74638	10/51	37.15	Aliceevansviridae
v74650	24/58	57.20	Aliceevansviridae
v74656	19/147	41.30	Herelleviridae
v74664	8/35	42.79	Aliceevansviridae
v74667	29/31	90.71	Peduoviridae
v74668	6/28	31.48	Phycodnaviridae
v74670	10/68	40.94	Aliceevansviridae
v74675	5/12	39.82	Inoviridae
v74683	6/10	92.33	Microviridae
v74684	2/8	35.85	Inoviridae
v74693	25/217	39.10	Herelleviridae
v74694	20/51	52.48	Aliceevansviridae
v74695	10/59	43.61	Aliceevansviridae
v74699	10/81	37.83	Aliceevansviridae
v74700	10/68	41.51	Aliceevansviridae
v74705	35/38	95.04	Peduoviridae
v74717	7/7	83.34	Microviridae
v74720	8/24	49.92	Aliceevansviridae
v74721	1/4	44.40	Retroviridae
v74731	19/23	82.61	Guelinviridae
v74733	6/22	35.60	Salasmaviridae
v74734	18/22	87.88	Peduoviridae
v74739	3/11	51.37	Retroviridae
v74742	1/4	33.80	Retroviridae
v74744	1/4	32.60	Retroviridae
v74745	1/5	51.90	Retroviridae
v74748	4/7	38.20	Retroviridae
v74750	40/43	94.90	Peduoviridae
v74753	2/10	54.25	Retroviridae
v74756	12/71	50.85	Herelleviridae
v74759	44/49	93.88	Peduoviridae
v74761	11/54	57.08	Herelleviridae
v74762	11/52	42.11	Aliceevansviridae
v74764	21/26	92.56	Salasmaviridae
v74766	6/24	35.87	Casjensviridae
v74774	1/4	45.70	Retroviridae
v74777	7/20	44.04	Retroviridae
v74780	1/5	43.40	Retroviridae
v74782	2/8	36.30	Retroviridae
v74790	6/10	57.08	Retroviridae
v74792	6/20	38.20	Salasmaviridae
v74793	10/124	31.35	Herelleviridae
v74794	2/8	46.00	Retroviridae
v74795	3/10	49.13	Retroviridae
v74798	2/7	46.75	Bornaviridae
v74799	1/2	32.20	Retroviridae
v74800	4/8	50.52	Retroviridae
v74801	1/5	34.90	Retroviridae
v74803	1/4	36.20	Retroviridae
v74805	1/4	35.40	Retroviridae
v74806	2/6	45.95	Retroviridae
v74811	1/5	44.80	Retroviridae
v74818	4/9	40.05	Retroviridae
v74819	2/10	42.40	Retroviridae
v74827	17/54	56.34	Aliceevansviridae
v74830	10/55	41.08	Aliceevansviridae
v74831	6/22	67.18	Peduoviridae
v74833	5/22	33.64	Guelinviridae
v74834	15/47	43.51	Aliceevansviridae
v74841	7/32	36.40	Aliceevansviridae
v74844	24/56	47.30	Aliceevansviridae
v74849	5/15	54.58	Aliceevansviridae
v74855	37/41	75.18	Peduoviridae
v74861	13/42	63.98	Aliceevansviridae
v74864	11/59	44.70	Peduoviridae
v74867	10/44	45.20	Aliceevansviridae
v74869	3/7	44.50	Retroviridae
v74870	3/7	46.53	Retroviridae
v74872	1/4	47.10	Retroviridae
v74873	7/10	52.84	Retroviridae
v74875	8/19	33.60	Salasmaviridae
v74877	7/34	35.71	Casjensviridae
v74878	13/23	50.78	Aliceevansviridae
v74881	1/5	36.30	Retroviridae
v74882	5/9	53.46	Retroviridae
v74883	4/6	42.52	Retroviridae
v74884	53/58	79.58	Aliceevansviridae
v74886	21/24	95.64	Guelinviridae
v74891	2/3	57.95	Retroviridae
v74895	26/129	39.69	Straboviridae
v74896	9/32	46.57	Aliceevansviridae
v74897	40/48	95.61	Peduoviridae
v74901	2/7	62.20	Retroviridae
v74908	3/12	36.23	Retroviridae
v74912	7/14	44.04	Retroviridae
v74913	5/9	50.58	Retroviridae
v74915	1/5	37.40	Retroviridae
v74917	2/6	49.15	Retroviridae
v74918	1/5	36.60	Retroviridae
v74921	1/3	37.80	Retroviridae
v74923	1/5	37.30	Retroviridae
v74928	10/35	42.24	Drexlerviridae
v74931	1/5	31.60	Retroviridae
v74934	4/10	49.12	Retroviridae
v74938	1/5	42.40	Retroviridae
v74942	16/23	84.61	Peduoviridae
v74945	5/8	57.38	Retroviridae
v74947	10/67	40.34	Aliceevansviridae
v74954	10/59	41.50	Herelleviridae
v74955	6/6	66.67	Papillomaviridae
v74964	1/4	50.00	Retroviridae
v74967	4/6	41.23	Retroviridae
v74969	10/62	42.85	Aliceevansviridae
v74970	13/120	35.02	Herelleviridae
v74971	39/43	94.60	Peduoviridae
v74972	20/20	94.49	Rountreeviridae
v74980	1/5	48.60	Retroviridae
v74981	1/5	51.10	Retroviridae
v74987	39/46	96.31	Peduoviridae
v74988	2/6	36.60	Retroviridae
v74990	3/14	37.40	Aliceevansviridae
v75002	1/5	48.70	Retroviridae
v75004	4/7	49.17	Retroviridae
v75011	7/34	45.49	Aliceevansviridae
v75015	14/33	43.75	Aliceevansviridae
v75021	256/257	99.51	Straboviridae
v75023	7/31	42.21	Aliceevansviridae
v75034	1/3	61.10	Retroviridae
v75036	1/5	48.60	Retroviridae
v75047	1/4	66.70	Straboviridae
v75048	3/11	44.50	Retroviridae
v75049	3/8	51.93	Retroviridae
v75051	21/22	92.25	Guelinviridae
v75052	6/10	50.35	Retroviridae
v75054	3/12	39.33	Retroviridae
v75055	2/6	49.15	Retroviridae
v75060	2/8	47.35	Retroviridae
v75061	1/5	35.60	Retroviridae
v75062	2/7	37.65	Retroviridae
v75063	1/2	51.40	Retroviridae
v75068	1/4	42.90	Retroviridae
v75069	2/10	38.00	Retroviridae
v75074	1/4	41.70	Retroviridae
v75075	1/2	40.00	Retroviridae
v75076	2/6	56.70	Retroviridae
v75077	2/10	40.85	Retroviridae
v75081	11/40	46.76	Aliceevansviridae
v75082	20/32	51.80	Aliceevansviridae
v75083	15/33	77.09	Aliceevansviridae
v75085	8/33	43.52	Aliceevansviridae
v75086	30/38	92.78	Peduoviridae
v75091	12/39	45.98	Aliceevansviridae
v75095	34/40	73.39	Peduoviridae
v75096	15/39	46.51	Aliceevansviridae
v75099	8/26	42.56	Aliceevansviridae
v75102	56/61	87.11	Aliceevansviridae
v75103	8/29	41.04	Aliceevansviridae
v75108	36/71	64.22	Autographiviridae
v75109	11/71	43.38	Aliceevansviridae
v75110	30/35	94.03	Peduoviridae
v75116	8/11	54.69	Retroviridae
v75121	16/23	59.58	Guelinviridae
v75127	3/5	39.70	Retroviridae
v75129	5/10	50.02	Retroviridae
v75130	5/20	32.54	Salasmaviridae
v75140	10/50	46.10	Aliceevansviridae
v75141	47/51	86.70	Aliceevansviridae
v75142	2/6	46.25	Retroviridae
v75146	3/12	42.57	Retroviridae
v75147	4/12	48.05	Retroviridae
v75148	2/5	33.75	Retroviridae
v75149	1/5	67.30	Retroviridae
v75151	4/13	43.75	Retroviridae
v75154	2/9	43.30	Retroviridae
v75156	3/10	46.70	Retroviridae
v75162	3/6	53.83	Retroviridae
v75167	1/3	46.50	Bornaviridae
v75170	4/8	40.30	Retroviridae
v75181	2/7	50.85	Retroviridae
v75183	1/3	39.60	Retroviridae
v75190	2/9	44.85	Retroviridae
v75191	2/6	37.55	Retroviridae
v75194	34/40	96.82	Peduoviridae
v75195	17/33	54.69	Aliceevansviridae
v75196	2/9	42.20	Retroviridae
v75202	40/43	78.48	Aliceevansviridae
v75209	43/46	95.94	Peduoviridae
v75210	12/41	68.47	Aliceevansviridae
v75211	13/40	60.18	Aliceevansviridae
v75213	2/8	41.00	Retroviridae
v75216	52/61	75.97	Aliceevansviridae
v75220	2/3	47.55	Retroviridae
v75222	1/4	35.70	Retroviridae
v75223	2/6	40.20	Retroviridae
v75224	6/10	50.92	Retroviridae
v75226	1/4	37.90	Retroviridae
v75229	11/64	45.73	Aliceevansviridae
v75234	1/4	41.60	Retroviridae
v75236	2/7	42.30	Retroviridae
v75237	1/5	40.70	Retroviridae
v75238	1/4	41.10	Retroviridae
v75243	13/75	44.48	Aliceevansviridae
v75244	14/88	44.32	Peduoviridae
v75250	2/6	48.95	Retroviridae
v75251	2/5	45.00	Retroviridae
v75254	2/8	45.95	Retroviridae
v75258	38/41	92.25	Peduoviridae
v75261	14/59	46.54	Aliceevansviridae
v75266	36/40	88.43	Peduoviridae
v75271	10/50	51.70	Aliceevansviridae
v75272	14/50	39.46	Aliceevansviridae
v75281	2/6	40.90	Retroviridae
v75282	1/5	36.60	Retroviridae
v75285	1/5	50.00	Straboviridae
v75287	1/3	49.20	Retroviridae
v75288	2/5	47.30	Retroviridae
v75290	5/23	42.14	Retroviridae
v75291	3/9	46.90	Retroviridae
v75294	2/8	45.70	Retroviridae
v75296	2/8	49.80	Retroviridae
v75298	1/4	45.30	Retroviridae
v75299	1/3	54.10	Retroviridae
v75304	1/5	42.30	Retroviridae
v75307	5/8	54.72	Retroviridae
v75310	44/51	93.98	Peduoviridae
v75311	3/9	42.20	Retroviridae
v75315	2/10	44.20	Retroviridae
v75316	2/5	38.80	Retroviridae
v75318	2/7	46.75	Bornaviridae
v75321	4/12	48.95	Retroviridae
v75328	2/10	42.30	Retroviridae
v75335	12/52	39.12	Mesyanzhinovviridae
v75344	35/38	91.89	Peduoviridae
v75353	5/11	62.64	Retroviridae
v75360	11/40	40.93	Aliceevansviridae
v75362	4/9	46.70	Inoviridae
v75369	1/4	47.30	Retroviridae
v75373	1/5	40.30	Retroviridae
v75386	2/9	55.20	Retroviridae
v75387	1/4	34.80	Retroviridae
v75390	3/11	54.97	Retroviridae
v75392	5/11	45.20	Retroviridae
v75393	1/3	36.80	Retroviridae
v75396	10/52	47.25	Aliceevansviridae
v75400	53/55	80.12	Aliceevansviridae
v75402	13/40	39.73	Drexlerviridae
v75403	7/28	41.99	Drexlerviridae
v75404	3/7	39.93	Retroviridae
v75405	2/9	46.75	Bornaviridae
v75406	3/9	50.47	Retroviridae
v75409	46/46	97.32	Peduoviridae
v75411	12/54	48.31	Aliceevansviridae
v75419	6/6	84.92	Papillomaviridae
v75420	1/4	55.30	Retroviridae
v75421	3/7	49.23	Retroviridae
v75422	3/11	45.63	Retroviridae
v75425	3/10	48.10	Retroviridae
v75434	3/10	42.83	Retroviridae
v75435	1/4	42.50	Retroviridae
v75442	7/34	41.90	Drexlerviridae
v75444	1/4	68.70	Retroviridae
v75445	3/5	40.57	Retroviridae
v75449	11/16	52.55	Retroviridae
v75452	41/44	93.96	Peduoviridae
v75453	24/25	88.70	Salasmaviridae
v75457	29/30	75.28	Peduoviridae
v75461	5/23	46.58	Aliceevansviridae
v75462	5/8	50.26	Retroviridae
v75464	5/18	32.66	Guelinviridae
v75465	13/44	50.99	Aliceevansviridae
v75468	8/34	45.74	Aliceevansviridae
v75469	13/48	43.20	Aliceevansviridae
v75470	11/102	43.10	Casjensviridae
v75471	1/4	53.70	Retroviridae
v75475	2/8	59.30	Retroviridae
v75484	7/32	43.56	Drexlerviridae
v75486	2/7	42.40	Retroviridae
v75490	1/5	43.10	Retroviridae
v75497	2/4	48.55	Retroviridae
v75504	22/23	91.30	Aliceevansviridae
v75506	10/62	49.68	Aliceevansviridae
v75509	3/7	42.80	Retroviridae
v75511	1/5	43.20	Retroviridae
v75512	2/8	38.65	Retroviridae
v75514	2/7	45.10	Retroviridae
v75519	2/10	42.10	Retroviridae
v75520	1/4	52.00	Retroviridae
v75523	23/27	91.16	Peduoviridae
v75529	2/6	34.05	Retroviridae
v75535	35/41	88.49	Peduoviridae
v75539	2/7	40.20	Retroviridae
v75541	1/3	48.90	Retroviridae
v75546	3/14	39.00	Peduoviridae
v75547	34/55	62.54	Peduoviridae
v75548	4/8	35.67	Inoviridae
v75553	2/5	48.10	Retroviridae
v75555	2/8	47.00	Retroviridae
v75556	5/10	44.36	Retroviridae
v75557	1/4	59.10	Retroviridae
v75562	3/10	45.83	Retroviridae
v75563	2/4	58.15	Retroviridae
v75565	2/4	47.50	Retroviridae
v75566	13/32	47.58	Autographiviridae
v75569	1/4	61.10	Retroviridae
v75570	1/5	40.70	Retroviridae
v75574	5/20	35.56	Salasmaviridae
v75577	23/23	91.44	Salasmaviridae
v75583	7/34	43.87	Herelleviridae
v75586	11/42	39.03	Aliceevansviridae
v75588	12/52	43.61	Aliceevansviridae
v75590	32/32	75.17	Aliceevansviridae
v75594	35/35	99.17	Aliceevansviridae
v75604	5/20	86.88	Straboviridae
v75607	2/10	36.95	Inoviridae
v75608	36/67	62.73	Autographiviridae
v75610	22/29	92.47	Peduoviridae
v75611	2/5	47.00	Retroviridae
v75612	2/7	53.05	Retroviridae
v75614	2/8	43.45	Retroviridae
v75615	2/7	63.20	Retroviridae
v75621	10/80	48.69	Drexlerviridae
v75622	6/23	37.90	Aliceevansviridae
v75623	22/23	74.48	Peduoviridae
v75626	2/7	37.05	Retroviridae
v75627	2/5	41.60	Retroviridae
v75629	6/9	47.08	Retroviridae
v75630	5/8	58.76	Retroviridae
v75631	1/5	37.00	Retroviridae
v75632	10/51	41.37	Aliceevansviridae
v75636	17/68	47.16	Aliceevansviridae
v75640	23/24	84.89	Aliceevansviridae
v75641	14/64	54.11	Herelleviridae
v75647	19/63	48.07	Straboviridae
v75649	15/56	40.64	Aliceevansviridae
v75651	2/6	46.90	Retroviridae
v75652	4/13	53.38	Retroviridae
v75657	4/10	54.58	Retroviridae
v75660	1/5	55.40	Retroviridae
v75663	2/10	34.40	Retroviridae
v75664	2/6	57.60	Retroviridae
v75667	1/5	60.40	Retroviridae
v75668	4/11	38.05	Retroviridae
v75671	2/7	38.75	Retroviridae
v75674	2/8	36.65	Retroviridae
v75675	2/7	35.45	Retroviridae
v75679	3/8	44.20	Retroviridae
v75683	2/8	45.55	Retroviridae
v75684	4/11	51.10	Retroviridae
v75688	9/12	52.14	Retroviridae
v75689	12/61	44.12	Aliceevansviridae
v75690	54/63	77.44	Aliceevansviridae
v75696	14/69	48.59	Herelleviridae
v75697	1/5	45.30	Retroviridae
v75698	2/8	47.05	Retroviridae
v75699	1/5	63.40	Retroviridae
v75700	1/3	48.90	Retroviridae
v75701	1/2	31.10	Retroviridae
v75707	3/14	48.27	Aliceevansviridae
v75711	4/17	33.62	Guelinviridae
v75713	6/23	35.70	Salasmaviridae
v75715	10/214	36.37	Herelleviridae
v75716	9/37	42.78	Aliceevansviridae
v75721	12/12	99.67	Adenoviridae
v75724	3/3	97.07	Retroviridae
v75728	55/55	96.55	Autographiviridae
v75731	11/46	46.95	Aliceevansviridae
v75733	2/4	32.75	Kitaviridae
v75737	3/6	36.23	Microviridae
v75741	7/10	58.16	Microviridae
v75743	4/8	39.02	Microviridae
v75762	12/40	52.50	Aliceevansviridae
v75765	23/87	46.13	Straboviridae
v75770	4/16	31.12	Guelinviridae
v75772	10/68	36.65	Aliceevansviridae
v75774	6/9	81.37	Microviridae
v75775	6/8	75.18	Microviridae
v75776	61/73	89.13	Autographiviridae
v75786	4/13	34.23	Guelinviridae
v75788	78/78	98.52	Drexlerviridae
v75791	57/57	95.08	Autographiviridae
v75792	71/76	95.60	Zobellviridae
v75795	7/23	44.39	Guelinviridae
v75798	5/8	45.96	Microviridae
v75801	5/15	32.44	Salasmaviridae
v75805	4/8	42.83	Microviridae
v75813	6/19	34.47	Guelinviridae
v75818	15/130	33.65	Herelleviridae
v75819	7/9	60.29	Microviridae
v75824	10/55	47.41	Aliceevansviridae
v75825	7/8	89.94	Microviridae
v75834	4/9	42.50	Microviridae
v75838	55/55	97.05	Autographiviridae
v75845	5/8	43.98	Microviridae
v75848	4/6	48.42	Microviridae
v75856	4/17	36.38	Guelinviridae
v75857	7/8	96.61	Microviridae
v75858	3/6	36.97	Microviridae
v75859	29/54	48.63	Autographiviridae
v75860	7/24	39.03	Salasmaviridae
v75864	70/71	97.91	Drexlerviridae
v75867	6/7	72.78	Microviridae
v75879	5/18	41.38	Salasmaviridae
v75882	4/5	45.10	Microviridae
v75890	4/5	98.45	Retroviridae
v75894	6/7	88.88	Microviridae
v75898	33/34	93.26	Peduoviridae
v75900	7/7	76.76	Microviridae
v75908	77/86	87.36	Suoliviridae
v75910	10/145	32.80	Herelleviridae
v75911	6/27	34.17	Casjensviridae
v75922	6/7	97.82	Retroviridae
v75923	13/23	52.70	Guelinviridae
v75942	13/18	68.85	Peduoviridae
v75946	7/7	81.44	Microviridae
v75950	7/11	99.77	Microviridae
v75951	8/8	52.09	Microviridae
v75954	51/51	97.55	Autographiviridae
v75956	7/7	75.71	Microviridae
v75957	50/64	94.60	Zobellviridae
v75964	4/4	95.80	Retroviridae
v75965	14/83	48.64	Drexlerviridae
v75967	4/20	33.08	Guelinviridae
v75973	7/7	78.56	Microviridae
v75975	10/71	39.32	Aliceevansviridae
v75979	7/7	73.07	Microviridae
v75980	7/8	56.21	Microviridae
v75982	6/8	57.23	Microviridae
v75984	4/7	47.75	Microviridae
v75990	6/21	35.27	Salasmaviridae
v75992	4/5	47.45	Microviridae
v75996	3/5	38.97	Microviridae
v75997	7/20	33.64	Salasmaviridae
v76004	3/9	36.00	Microviridae
v76011	3/6	38.90	Microviridae
v76012	3/5	39.03	Microviridae
v76014	55/55	98.02	Autographiviridae
v76030	7/30	46.66	Drexlerviridae
v76031	23/55	46.90	Autographiviridae
v76034	5/24	33.88	Salasmaviridae
v76044	7/7	74.56	Microviridae
v76047	6/21	36.92	Salasmaviridae
v76081	6/6	87.92	Microviridae
v76101	12/49	36.24	Winoviridae
v76102	6/16	37.28	Salasmaviridae
v76103	5/12	37.44	Salasmaviridae
v76114	49/49	98.55	Autographiviridae
v76115	7/8	59.47	Microviridae
v76116	6/6	84.47	Microviridae
v76121	9/44	52.14	Aliceevansviridae
v76127	7/7	76.83	Microviridae
v76128	7/8	93.69	Microviridae
v76145	5/20	35.90	Salasmaviridae
v76160	11/47	34.46	Winoviridae
v76165	20/64	45.88	Aliceevansviridae
v76167	15/27	46.38	Autographiviridae
v76171	35/69	58.54	Autographiviridae
v76173	42/54	71.34	Aliceevansviridae
v76174	21/22	91.96	Salasmaviridae
v76175	18/53	42.69	Aliceevansviridae
v76176	23/54	61.42	Aliceevansviridae
v76178	20/74	38.61	Casjensviridae
v76186	4/20	30.70	Guelinviridae
v76188	6/9	49.47	Microviridae
v76189	4/15	33.52	Guelinviridae
v76200	76/96	69.61	Intestiviridae
v76227	8/8	75.28	Microviridae
v76230	33/35	94.87	Peduoviridae
v76234	10/10	61.40	Microviridae
v76236	8/21	43.89	Inoviridae
v76239	21/22	76.43	Guelinviridae
v76242	16/25	59.98	Guelinviridae
v76245	12/41	41.02	Aliceevansviridae
v76247	15/24	46.99	Aliceevansviridae
v76248	13/35	50.66	Aliceevansviridae
v76249	4/18	30.20	Guelinviridae
v76254	4/15	42.60	Inoviridae
v76255	10/59	39.58	Aliceevansviridae
v76260	6/6	55.92	Microviridae
v76262	5/6	45.42	Microviridae
v76263	7/8	96.84	Microviridae
v76266	7/9	63.59	Microviridae
v76267	5/8	44.74	Microviridae
v76275	6/6	54.40	Microviridae
v76276	7/7	80.91	Microviridae
v76284	6/6	73.00	Microviridae
v76288	4/6	98.03	Retroviridae
v76292	7/7	71.13	Microviridae
v76294	4/11	45.95	Microviridae
v76295	14/28	57.00	Guelinviridae
v76296	17/183	38.14	Herelleviridae
v76298	6/11	55.60	Microviridae
v76299	24/59	55.94	Aliceevansviridae
v76301	24/54	54.95	Aliceevansviridae
v76307	20/49	53.71	Aliceevansviridae
v76311	14/22	55.64	Guelinviridae
v76314	6/8	69.05	Microviridae
v76316	43/48	78.05	Steigviridae
v76320	3/7	57.20	Inoviridae
v76321	6/21	34.18	Salasmaviridae
v76322	7/21	37.06	Salasmaviridae
v76325	6/9	50.82	Microviridae
v76330	4/18	30.52	Guelinviridae
v76334	4/7	43.70	Microviridae
v76341	6/17	37.67	Salasmaviridae
v76343	7/7	74.13	Microviridae
v76345	6/6	81.13	Microviridae
v76346	6/7	59.72	Microviridae
v76348	10/109	37.24	Herelleviridae
v76354	26/26	94.46	Autographiviridae
v76359	4/17	31.02	Guelinviridae
v76361	2/7	30.10	Peduoviridae
v76365	4/12	31.85	Guelinviridae
v76373	57/57	96.88	Autographiviridae
v76377	27/29	94.90	Peduoviridae
v76378	26/36	82.90	Peduoviridae
v76379	8/38	41.21	Aliceevansviridae
v76380	17/50	47.36	Aliceevansviridae
v76381	38/61	61.15	Aliceevansviridae
v76383	7/7	77.23	Microviridae
v76385	14/132	42.81	Herelleviridae
v76387	5/25	39.14	Aliceevansviridae
v76394	8/26	44.16	Guelinviridae
v76408	10/71	37.21	Aliceevansviridae
v76414	5/19	31.64	Guelinviridae
v76423	4/20	32.45	Salasmaviridae
v76424	9/33	36.52	Winoviridae
v76426	10/131	44.39	Aliceevansviridae
v76429	5/16	32.86	Guelinviridae
v76430	58/59	94.93	Autographiviridae
v76434	53/59	86.60	Aliceevansviridae
v76438	21/59	46.93	Aliceevansviridae
v76444	14/61	43.40	Aliceevansviridae
v76445	37/42	91.67	Peduoviridae
v76446	4/19	32.70	Guelinviridae
v76450	6/9	79.27	Microviridae
v76451	6/7	61.35	Microviridae
v76452	5/8	44.54	Microviridae
v76456	5/19	51.98	Aliceevansviridae
v76458	18/36	63.53	Aliceevansviridae
v76465	4/8	47.77	Microviridae
v76466	4/18	30.62	Guelinviridae
v76472	7/8	60.73	Microviridae
v76495	58/66	78.44	Aliceevansviridae
v76498	6/6	73.35	Microviridae
v76506	5/13	42.16	Microviridae
v76507	4/6	38.52	Microviridae
v76509	7/22	38.09	Salasmaviridae
v76510	5/19	32.08	Salasmaviridae
v76511	6/12	80.27	Microviridae
v76536	6/26	38.18	Aliceevansviridae
v76538	3/7	40.47	Microviridae
v76540	15/197	43.30	Suoliviridae
v76542	14/197	39.90	Herelleviridae
v76544	7/8	59.97	Microviridae
v76550	10/10	61.97	Microviridae
v76551	7/10	68.89	Microviridae
v76552	7/8	56.99	Microviridae
v76554	12/46	48.31	Aliceevansviridae
v76557	5/23	37.64	Salasmaviridae
v76558	7/20	34.84	Salasmaviridae
v76560	52/55	87.84	Autographiviridae
v76565	5/9	48.90	Microviridae
v76566	8/8	53.95	Microviridae
v76569	6/22	36.15	Guelinviridae
v76571	5/24	31.82	Salasmaviridae
v76574	5/18	33.28	Guelinviridae
v76576	7/7	50.36	Microviridae
v76577	2/9	31.15	Guelinviridae
v76578	2/10	32.00	Salasmaviridae
v76580	2/8	32.65	Salasmaviridae
v76582	5/6	57.18	Microviridae
v76583	6/9	44.25	Microviridae
v76584	4/4	54.85	Microviridae
v76585	5/8	49.62	Microviridae
v76586	3/6	33.83	Microviridae
v76587	6/6	62.42	Microviridae
v76589	8/8	87.36	Microviridae
v76590	5/6	71.26	Microviridae
v76591	6/6	68.53	Microviridae
v76592	8/11	57.04	Microviridae
v76593	5/10	50.00	Microviridae
v76594	5/5	73.60	Microviridae
v76595	4/8	46.52	Microviridae
v76596	13/139	39.67	Herelleviridae
v76603	6/7	60.40	Microviridae
v76604	6/7	75.73	Microviridae
v76605	6/8	64.97	Microviridae
v76606	4/8	56.30	Microviridae
v76607	4/8	48.23	Microviridae
v76608	9/9	87.03	Microviridae
v76609	23/82	92.63	Crevaviridae
v76612	5/19	32.70	Salasmaviridae
v76613	4/17	30.45	Guelinviridae
v76614	4/7	47.58	Microviridae
v76615	6/9	84.00	Microviridae
v76616	6/6	83.72	Microviridae
v76617	6/9	47.05	Microviridae
v76618	7/7	62.49	Microviridae
v76621	5/19	33.70	Salasmaviridae
v76622	5/19	33.16	Guelinviridae
v76623	7/9	49.27	Microviridae
v76624	6/9	59.00	Microviridae
v76625	7/8	51.71	Microviridae
v76626	7/9	54.84	Microviridae
v76632	5/22	33.92	Guelinviridae
v76633	6/18	39.02	Salasmaviridae
v76634	3/7	30.97	Microviridae
v76635	4/7	43.42	Microviridae
v76636	4/6	46.20	Microviridae
v76637	5/6	84.92	Microviridae
v76638	6/9	67.63	Microviridae
v76639	5/6	82.50	Microviridae
v76640	6/7	78.62	Microviridae
v76641	7/9	78.46	Microviridae
v76643	57/57	99.27	Autographiviridae
v76647	28/97	55.90	Herelleviridae
v76650	5/24	30.22	Salasmaviridae
v76651	3/7	37.67	Microviridae
v76652	7/8	64.29	Microviridae
v76653	8/11	57.20	Microviridae
v76654	7/9	90.99	Microviridae
v76662	5/18	32.58	Guelinviridae
v76663	13/17	85.06	Microviridae
v76664	3/13	32.53	Salasmaviridae
v76665	7/9	68.33	Microviridae
v76666	5/5	74.92	Microviridae
v76669	5/11	44.22	Microviridae
v76670	5/10	47.84	Microviridae
v76672	3/13	33.87	Guelinviridae
v76673	6/8	59.47	Microviridae
v76674	6/6	70.72	Microviridae
v76675	9/10	61.48	Microviridae
v76676	4/5	43.95	Microviridae
v76677	7/7	55.04	Microviridae
v76678	6/27	33.20	Salasmaviridae
v76679	9/13	66.94	Microviridae
v76680	3/9	49.40	Microviridae
v76681	6/9	70.87	Microviridae
v76682	5/7	65.80	Microviridae
v76683	7/9	50.71	Microviridae
v76685	12/49	49.27	Herelleviridae
v76686	6/20	30.53	Salasmaviridae
v76689	4/17	31.90	Guelinviridae
v76690	18/18	59.89	Microviridae
v76692	5/15	33.16	Guelinviridae
v76693	3/7	34.10	Microviridae
v76694	4/7	36.30	Microviridae
v76695	7/9	61.04	Microviridae
v76696	8/9	59.39	Microviridae
v76697	5/8	51.56	Microviridae
v76698	6/10	55.27	Microviridae
v76699	7/8	80.99	Microviridae
v76700	8/9	60.31	Microviridae
v76702	6/23	38.15	Salasmaviridae
v76703	5/23	33.20	Guelinviridae
v76705	7/7	77.84	Microviridae
v76706	6/9	46.35	Microviridae
v76707	6/8	62.00	Microviridae
v76709	2/10	30.10	Salasmaviridae
v76710	6/6	86.53	Microviridae
v76711	12/140	47.91	Suoliviridae
v76715	5/19	34.32	Salasmaviridae
v76716	6/17	38.17	Salasmaviridae
v76717	7/9	60.99	Microviridae
v76719	7/8	86.67	Microviridae
v76720	6/7	68.42	Microviridae
v76721	7/8	49.79	Microviridae
v76722	7/8	70.04	Microviridae
v76723	82/85	81.53	Drexlerviridae
v76726	5/8	61.64	Microviridae
v76727	5/7	53.66	Microviridae
v76728	14/196	39.90	Herelleviridae
v76730	6/16	31.63	Guelinviridae
v76731	3/6	34.90	Microviridae
v76732	3/6	37.67	Microviridae
v76733	4/8	38.27	Microviridae
v76734	6/7	60.55	Microviridae
v76735	4/9	42.15	Microviridae
v76736	4/10	47.25	Microviridae
v76737	7/9	87.54	Microviridae
v76741	8/9	63.39	Microviridae
v76752	7/9	66.44	Microviridae
v76758	5/8	46.76	Microviridae
v76760	1/3	44.00	Nenyaviridae
v76764	6/6	72.78	Microviridae
v76765	3/7	37.57	Microviridae
v76770	4/7	46.62	Microviridae
v76777	10/10	96.96	Microviridae
v76779	7/8	57.90	Microviridae
v76780	6/8	64.97	Microviridae
v76781	12/204	47.33	Suoliviridae
v76783	4/6	37.45	Microviridae
v76784	7/20	37.47	Salasmaviridae
v76785	3/12	44.57	Aliceevansviridae
v76786	6/8	65.33	Microviridae
v76792	4/17	31.25	Guelinviridae
v76793	1/2	30.70	Caulimoviridae
v76794	1/1	31.80	Metaviridae
v76796	1/3	33.80	Metaviridae
v76799	4/7	39.73	Microviridae
v76801	1/3	35.90	Metaviridae
v76802	6/23	34.05	Salasmaviridae
v76805	22/235	36.99	Herelleviridae
v76806	5/17	31.64	Guelinviridae
v76807	6/7	80.48	Microviridae
v76809	6/9	74.52	Microviridae
v76811	9/9	84.91	Microviridae
v76821	10/117	31.20	Herelleviridae
v76828	14/257	34.96	Kyanoviridae
v76829	10/96	30.86	Herelleviridae
v76833	7/8	56.09	Microviridae
v76838	10/56	52.35	Aliceevansviridae
v76843	19/309	40.01	Herelleviridae
v76844	4/20	33.15	Guelinviridae
v76846	79/88	87.81	Suoliviridae
v76850	13/146	40.42	Herelleviridae
v76852	6/16	31.73	Guelinviridae
v76856	3/13	30.50	Guelinviridae
v76859	4/19	30.60	Guelinviridae
v76864	8/8	53.90	Microviridae
v76866	12/118	31.61	Herelleviridae
v76876	5/11	48.36	Microviridae
v76878	10/228	36.36	Suoliviridae
v76883	70/78	93.30	Zobellviridae
v76888	7/29	39.96	Guelinviridae
v76891	4/6	57.90	Microviridae
v76898	10/160	34.56	Straboviridae
v76905	4/9	57.30	Microviridae
v76910	5/8	49.30	Microviridae
v76911	5/16	33.18	Guelinviridae
v76915	8/23	40.30	Aliceevansviridae
v76919	4/9	42.67	Microviridae
v76923	8/11	68.71	Microviridae
v76925	7/9	60.67	Microviridae
v76926	6/7	76.48	Microviridae
v76927	8/29	41.71	Aliceevansviridae
v76928	7/10	62.30	Microviridae
v76931	6/9	85.45	Microviridae
v76933	4/8	56.45	Microviridae
v76937	47/47	98.84	Autographiviridae
v76938	56/56	97.41	Autographiviridae
v76951	8/10	89.88	Microviridae
v76957	64/72	93.05	Suoliviridae
v76961	5/18	32.78	Guelinviridae
v76965	4/19	40.98	Peduoviridae
v76967	55/86	50.23	Intestiviridae
v76973	8/15	43.98	Guelinviridae
v76979	3/14	32.00	Salasmaviridae
v76985	7/11	90.66	Microviridae
v76986	90/102	78.70	Suoliviridae
v76987	7/24	32.16	Salasmaviridae
v76997	14/202	39.21	Herelleviridae
v77003	9/36	36.43	Aliceevansviridae
v77010	25/52	46.13	Autographiviridae
v77011	29/269	49.43	Steigviridae
v77012	6/20	33.82	Salasmaviridae
v77025	20/182	41.87	Herelleviridae
v77026	4/17	32.00	Guelinviridae
v77028	15/201	38.05	Herelleviridae
v77029	12/188	39.08	Herelleviridae
v77030	12/149	41.07	Steigviridae
v77033	5/20	34.44	Salasmaviridae
v77036	7/18	33.07	Salasmaviridae
v77038	6/8	56.02	Microviridae
v77039	6/28	40.23	Aliceevansviridae
v77040	8/9	62.14	Microviridae
v77044	75/230	67.04	Intestiviridae
v77050	41/49	93.49	Peduoviridae
v77053	60/247	39.01	Kyanoviridae
v77058	5/5	87.66	Microviridae
v77062	7/8	96.80	Microviridae
v77064	4/9	49.65	Microviridae
v77072	3/15	32.77	Salasmaviridae
v77074	7/9	78.07	Microviridae
v77084	10/36	43.03	Winoviridae
v77085	17/173	38.56	Herelleviridae
v77086	7/8	95.69	Microviridae
v77088	12/73	45.02	Aliceevansviridae
v77093	7/7	75.83	Microviridae
v77094	14/185	40.09	Herelleviridae
v77104	2/5	39.80	Microviridae
v77105	7/7	85.96	Microviridae
v77120	5/21	32.46	Salasmaviridae
v77123	6/7	94.37	Microviridae
v77127	5/6	59.68	Microviridae
v77128	10/28	43.81	Guelinviridae
v77136	4/20	34.08	Guelinviridae
v77142	6/7	67.75	Microviridae
v77147	7/21	35.13	Guelinviridae
v77155	7/23	36.63	Salasmaviridae
v77158	7/9	84.21	Microviridae
v77161	8/33	39.92	Aliceevansviridae
v77164	7/9	62.54	Microviridae
v77174	7/8	73.81	Microviridae
v77176	5/18	32.52	Guelinviridae
v77187	23/134	40.52	Straboviridae
v77189	31/55	47.39	Autographiviridae
v77206	10/61	37.82	Aliceevansviridae
v77208	13/201	42.01	Suoliviridae
v77209	7/17	33.69	Salasmaviridae
v77217	6/9	62.33	Microviridae
v77218	6/8	85.90	Microviridae
v77219	21/70	42.04	Aliceevansviridae
v77223	5/9	51.18	Microviridae
v77225	26/51	47.22	Autographiviridae
v77228	4/6	48.33	Microviridae
v77231	6/16	32.35	Salasmaviridae
v77234	7/9	83.49	Microviridae
v77238	5/20	30.64	Salasmaviridae
v77240	11/149	33.45	Herelleviridae
v77242	12/117	38.61	Aliceevansviridae
v77245	5/22	33.18	Salasmaviridae
v77246	12/125	36.67	Herelleviridae
v77253	7/35	46.43	Aliceevansviridae
v77256	6/8	58.53	Microviridae
v77258	4/16	30.88	Guelinviridae
v77261	13/35	54.61	Peduoviridae
v77263	7/29	42.21	Aliceevansviridae
v77264	4/18	32.15	Guelinviridae
v77281	4/9	56.20	Microviridae
v77283	5/8	44.86	Microviridae
v77285	11/108	32.55	Herelleviridae
v77286	4/6	38.75	Microviridae
v77298	12/112	32.78	Herelleviridae
v77302	13/195	38.46	Suoliviridae
v77306	7/21	34.51	Salasmaviridae
v77307	7/24	44.00	Guelinviridae
v77309	6/27	46.25	Aliceevansviridae
v77312	24/32	95.72	Peduoviridae
v77316	7/10	81.90	Microviridae
v77317	7/7	60.20	Microviridae
v77323	7/9	62.60	Microviridae
v77326	11/114	32.17	Herelleviridae
v77329	8/19	39.02	Salasmaviridae
v77331	4/19	32.48	Salasmaviridae
v77337	35/187	42.20	Steigviridae
v77338	6/6	74.85	Microviridae
v77342	55/56	97.28	Autographiviridae
v77344	4/20	30.07	Guelinviridae
v77347	14/105	38.00	Herelleviridae
v77348	7/11	93.00	Microviridae
v77349	6/8	65.57	Microviridae
v77350	4/16	32.80	Guelinviridae
v77353	4/17	30.25	Guelinviridae
v77354	10/33	48.68	Aliceevansviridae
v77356	5/8	45.74	Microviridae
v77360	5/5	78.56	Microviridae
v77361	10/49	39.27	Aliceevansviridae
v77363	10/44	36.69	Peduoviridae
v77365	7/8	57.04	Microviridae
v77367	2/9	34.60	Guelinviridae
v77368	5/7	39.88	Microviridae
v77369	3/15	32.33	Salasmaviridae
v77372	5/18	34.68	Salasmaviridae
v77373	7/9	83.29	Microviridae
v77377	8/9	58.70	Microviridae
v77378	10/10	60.53	Microviridae
v77385	5/19	33.50	Salasmaviridae
v77386	14/185	39.35	Herelleviridae
v77394	12/126	39.26	Herelleviridae
v77396	7/9	78.51	Microviridae
v77400	11/72	41.33	Aliceevansviridae
v77402	14/156	38.64	Herelleviridae
v77403	26/50	46.54	Autographiviridae
v77405	6/18	34.05	Guelinviridae
v77407	17/197	38.18	Herelleviridae
v77409	6/7	75.12	Microviridae
v77410	7/7	72.80	Microviridae
v77414	6/20	36.47	Guelinviridae
v77416	4/13	34.30	Guelinviridae
v77417	7/9	56.63	Microviridae
v77418	7/9	47.26	Microviridae
v77420	4/10	31.07	Guelinviridae
v77421	7/9	81.49	Microviridae
v77424	9/9	83.69	Microviridae
v77425	12/114	36.90	Herelleviridae
v77428	6/19	30.00	Salasmaviridae
v77429	6/8	77.83	Microviridae
v77434	8/10	88.94	Microviridae
v77436	5/22	34.80	Salasmaviridae
v77439	15/26	59.39	Guelinviridae
v77440	4/6	90.00	Microviridae
v77443	6/13	45.12	Inoviridae
v77444	6/7	56.27	Microviridae
v77446	4/16	30.55	Guelinviridae
v77448	8/23	32.31	Salasmaviridae
v77458	3/15	30.07	Guelinviridae
v77460	11/55	38.30	Winoviridae
v77464	8/24	43.33	Guelinviridae
v77465	4/16	33.70	Guelinviridae
v77467	7/8	80.24	Microviridae
v77468	4/8	43.30	Microviridae
v77472	6/19	31.22	Guelinviridae
v77473	7/9	61.93	Microviridae
v77482	13/135	47.26	Aliceevansviridae
v77487	4/20	31.48	Guelinviridae
v77491	15/173	32.45	Herelleviridae
v77500	8/8	85.34	Microviridae
v77501	7/9	61.59	Microviridae
v77502	3/8	39.93	Microviridae
v77503	22/226	41.70	Suoliviridae
v77507	14/187	38.31	Herelleviridae
v77515	6/18	38.38	Salasmaviridae
v77520	5/21	30.28	Salasmaviridae
v77523	7/25	32.19	Salasmaviridae
v77524	5/8	58.74	Microviridae
v77527	7/8	94.53	Microviridae
v77528	22/216	43.30	Steigviridae
v77532	4/16	33.38	Guelinviridae
v77533	15/191	47.97	Steigviridae
v77534	7/7	72.70	Microviridae
v77537	14/188	37.13	Herelleviridae
v77539	4/8	45.05	Microviridae
v77546	4/18	31.90	Salasmaviridae
v77550	28/208	43.09	Steigviridae
v77552	4/20	34.25	Salasmaviridae
v77554	7/7	73.30	Microviridae
v77555	6/21	34.27	Salasmaviridae
v77560	14/217	38.51	Herelleviridae
v77561	10/64	40.27	Aliceevansviridae
v77562	13/115	32.62	Herelleviridae
v77563	10/40	42.16	Winoviridae
v77571	6/6	85.50	Microviridae
v77577	5/25	30.84	Salasmaviridae
v77579	4/19	47.02	Guelinviridae
v77580	5/20	37.84	Salasmaviridae
v77582	4/9	38.62	Microviridae
v77583	7/20	37.14	Salasmaviridae
v77595	2/5	54.15	Mitoviridae
v77596	1/5	38.40	Mitoviridae
v77598	2/6	34.65	Caulimoviridae
v77599	23/207	37.50	Herelleviridae
v77601	49/51	96.68	Autographiviridae
v77605	6/9	78.32	Microviridae
v77606	4/7	34.23	Microviridae
v77607	6/23	35.22	Salasmaviridae
v77608	4/20	33.42	Salasmaviridae
v77610	6/9	67.70	Microviridae
v77612	4/16	33.83	Guelinviridae
v77613	7/8	89.17	Microviridae
v77619	7/7	76.43	Microviridae
v77627	6/19	32.15	Salasmaviridae
v77628	6/19	31.55	Guelinviridae
v77640	8/8	53.98	Microviridae
v77642	3/13	33.07	Guelinviridae
v77647	6/9	80.48	Microviridae
v77649	6/9	71.18	Microviridae
v77651	4/8	42.48	Microviridae
v77652	13/129	49.59	Aliceevansviridae
v77655	7/9	84.26	Microviridae
v77657	4/8	39.67	Microviridae
v77662	3/8	36.20	Microviridae
v77668	4/14	30.32	Guelinviridae
v77669	4/19	32.85	Salasmaviridae
v77672	7/35	42.99	Aliceevansviridae
v77678	5/6	54.48	Microviridae
v77681	10/45	49.24	Aliceevansviridae
v77685	4/16	32.38	Guelinviridae
v77687	5/8	38.76	Microviridae
v77690	10/111	34.55	Herelleviridae
v77691	7/20	34.01	Guelinviridae
v77692	5/19	34.32	Salasmaviridae
v77693	5/18	32.64	Guelinviridae
v77694	7/9	90.07	Microviridae
v77696	3/11	34.47	Guelinviridae
v77697	27/52	46.60	Autographiviridae
v77699	97/107	86.86	Suoliviridae
v77700	4/16	31.00	Guelinviridae
v77704	7/8	85.21	Microviridae
v77710	9/9	78.87	Microviridae
v77711	7/9	66.10	Microviridae
v77721	4/19	33.05	Salasmaviridae
v77729	5/20	34.04	Salasmaviridae
v77733	8/21	35.21	Salasmaviridae
v77739	22/24	94.01	Guelinviridae
v77741	12/128	44.10	Suoliviridae
v77742	11/70	39.11	Zobellviridae
v77743	7/9	92.21	Microviridae
v77747	4/19	32.73	Salasmaviridae
v77753	13/81	41.48	Drexlerviridae
v77754	4/6	47.42	Microviridae
v77757	7/8	70.23	Microviridae
v77759	6/7	77.57	Microviridae
v77762	6/6	88.70	Microviridae
v77763	9/9	87.03	Microviridae
v77764	6/6	72.88	Microviridae
v77773	4/15	32.55	Guelinviridae
v77774	5/8	45.30	Microviridae
v77776	1/3	33.80	Metaviridae
v77777	1/2	31.90	Metaviridae
v77778	7/8	96.91	Microviridae
v77785	9/39	41.28	Aliceevansviridae
v77789	6/17	42.77	Guelinviridae
v77795	4/19	31.35	Guelinviridae
v77800	76/97	70.74	Intestiviridae
v77801	5/7	58.68	Microviridae
v77804	50/50	98.47	Autographiviridae
v77810	5/17	32.46	Guelinviridae
v77818	4/16	35.80	Salasmaviridae
v77819	5/5	81.02	Microviridae
v77821	7/8	77.99	Microviridae
v77827	15/198	45.03	Herelleviridae
v77833	1/3	36.70	Metaviridae
v77836	6/9	56.22	Microviridae
v77837	2/9	33.50	Guelinviridae
v77846	4/6	39.27	Microviridae
v77849	23/49	47.03	Aliceevansviridae
v77854	1/2	38.80	Metaviridae
v77859	10/89	46.11	Autographiviridae
v77860	56/56	99.17	Drexlerviridae
v77861	6/11	64.15	Microviridae
v77862	18/231	41.26	Herelleviridae
v77865	7/7	82.50	Microviridae
v77872	80/81	91.97	Drexlerviridae
v77873	6/25	77.42	Peduoviridae
v77875	7/7	82.29	Microviridae
v77880	10/77	37.05	Aliceevansviridae
v77884	7/7	88.87	Microviridae
v77888	7/11	55.83	Microviridae
v77890	15/232	40.15	Herelleviridae
v77892	12/121	46.56	Herelleviridae
v77894	4/19	31.95	Guelinviridae
v77901	9/28	47.12	Aliceevansviridae
v77903	11/38	36.46	Peduoviridae
v77905	12/160	45.05	Suoliviridae
v77908	4/17	32.52	Guelinviridae
v77918	28/417	39.64	Herelleviridae
v77922	9/9	57.29	Microviridae
v77926	7/8	59.66	Microviridae
v77929	5/8	46.04	Microviridae
v77931	11/53	46.18	Aliceevansviridae
v77934	4/11	56.05	Microviridae
v77936	4/8	42.92	Microviridae
v77941	5/24	31.06	Salasmaviridae
v77943	46/46	98.50	Autographiviridae
v77946	7/18	33.11	Guelinviridae
v77949	4/8	42.50	Microviridae
v77953	4/18	31.88	Guelinviridae
v77956	8/23	31.84	Salasmaviridae
v77965	10/66	41.17	Aliceevansviridae
v77968	5/7	38.78	Microviridae
v77974	9/42	35.60	Winoviridae
v77975	4/18	33.33	Guelinviridae
v77980	6/7	63.32	Microviridae
v77981	7/8	61.03	Microviridae
v77982	3/15	33.47	Guelinviridae
v77983	14/191	41.03	Suoliviridae
v77999	4/9	55.65	Microviridae
v78001	11/127	45.61	Steigviridae
v78005	6/25	38.18	Guelinviridae
v78010	8/10	58.81	Microviridae
v78012	11/133	39.27	Herelleviridae
v78014	14/50	43.91	Aliceevansviridae
v78017	5/17	32.58	Guelinviridae
v78020	4/19	30.93	Guelinviridae
v78021	6/6	63.27	Microviridae
v78023	8/40	43.16	Aliceevansviridae
v78026	8/38	32.33	Winoviridae
v78028	4/16	33.40	Guelinviridae
v78030	4/8	46.98	Microviridae
v78034	8/9	62.75	Microviridae
v78036	6/30	36.50	Aliceevansviridae
v78039	6/9	64.82	Microviridae
v78040	7/7	85.31	Microviridae
v78043	15/113	32.40	Herelleviridae
v78044	4/13	34.20	Guelinviridae
v78047	6/7	95.45	Microviridae
v78055	7/19	34.86	Salasmaviridae
v78060	16/161	41.69	Herelleviridae
v78061	15/169	36.93	Herelleviridae
v78066	12/231	40.38	Herelleviridae
v78067	25/50	45.69	Autographiviridae
v78070	5/9	44.46	Microviridae
v78078	5/13	45.00	Inoviridae
v78095	7/8	74.27	Microviridae
v78097	5/24	36.08	Salasmaviridae
v78098	5/20	32.76	Guelinviridae
v78103	5/20	31.02	Salasmaviridae
v78104	6/8	60.48	Microviridae
v78107	6/20	38.53	Salasmaviridae
v78110	4/8	45.90	Microviridae
v78112	6/6	68.85	Microviridae
v78114	4/18	33.42	Guelinviridae
v78118	8/8	60.05	Microviridae
v78120	7/8	61.26	Microviridae
v78122	10/50	36.24	Aliceevansviridae
v78129	17/116	37.07	Herelleviridae
v78132	5/10	59.98	Microviridae
v78133	11/52	42.39	Winoviridae
v78142	4/17	30.52	Guelinviridae
v78149	17/211	54.72	Steigviridae
v78150	8/10	87.45	Microviridae
v78151	7/9	77.80	Microviridae
v78162	5/8	62.96	Microviridae
v78169	5/16	32.52	Guelinviridae
v78172	4/16	33.67	Guelinviridae
v78179	7/7	83.54	Microviridae
v78184	6/9	61.73	Microviridae
v78186	3/7	37.80	Microviridae
v78197	5/7	55.24	Microviridae
v78198	12/128	47.23	Suoliviridae
v78207	14/51	47.15	Aliceevansviridae
v78208	11/174	39.90	Herelleviridae
v78215	7/9	67.61	Microviridae
v78216	9/9	60.92	Microviridae
v78233	24/32	66.85	Peduoviridae
v78238	8/31	46.74	Aliceevansviridae
v78240	2/7	35.75	Salasmaviridae
v78241	4/15	32.35	Guelinviridae
v78247	6/9	58.70	Microviridae
v78249	82/87	94.45	Steigviridae
v78251	6/8	59.75	Microviridae
v78253	4/17	30.65	Guelinviridae
v78255	6/9	82.38	Microviridae
v78256	89/94	94.46	Intestiviridae
v78258	5/9	53.36	Microviridae
v78268	21/52	45.51	Autographiviridae
v78270	11/109	32.43	Herelleviridae
v78274	4/19	32.95	Salasmaviridae
v78277	5/20	30.94	Salasmaviridae
v78279	3/9	35.37	Microviridae
v78280	7/7	82.77	Microviridae
v78285	6/17	30.97	Salasmaviridae
v78294	2/9	51.10	Inoviridae
v78298	7/8	85.13	Microviridae
v78309	6/8	60.97	Microviridae
v78310	5/17	32.56	Guelinviridae
v78312	16/221	39.06	Herelleviridae
v78315	7/9	60.19	Microviridae
v78317	5/7	40.68	Microviridae
v78325	6/6	76.35	Microviridae
v78328	5/8	44.80	Microviridae
v78339	4/13	51.60	Guelinviridae
v78340	5/25	65.30	Kyanoviridae
v78342	7/30	41.47	Aliceevansviridae
v78343	5/6	53.12	Microviridae
v78347	7/25	32.27	Salasmaviridae
v78348	19/237	39.06	Herelleviridae
v78352	4/13	34.05	Guelinviridae
v78354	3/15	31.70	Guelinviridae
v78356	7/23	38.33	Salasmaviridae
v78362	14/124	38.69	Herelleviridae
v78363	7/7	62.91	Microviridae
v78365	4/8	35.02	Microviridae
v78370	5/17	32.76	Guelinviridae
v78376	7/7	89.56	Microviridae
v78380	10/102	31.88	Herelleviridae
v78389	8/10	65.06	Microviridae
v78390	6/18	35.45	Guelinviridae
v78394	7/8	85.63	Microviridae
v78397	12/52	35.80	Winoviridae
v78400	14/92	43.09	Aliceevansviridae
v78401	4/16	33.27	Guelinviridae
v78402	5/19	31.62	Guelinviridae
v78403	17/271	37.79	Herelleviridae
v78404	3/8	38.10	Microviridae
v78405	5/15	34.82	Salasmaviridae
v78407	7/25	36.94	Guelinviridae
v78408	12/131	39.30	Herelleviridae
v78410	4/11	31.70	Guelinviridae
v78411	4/8	43.67	Microviridae
v78412	5/22	38.30	Salasmaviridae
v78415	5/19	37.68	Salasmaviridae
v78416	14/118	33.56	Herelleviridae
v78420	6/7	59.68	Microviridae
v78422	13/25	60.98	Guelinviridae
v78427	12/14	95.18	Guelinviridae
v78428	6/25	35.13	Guelinviridae
v78435	5/17	35.82	Guelinviridae
v78440	7/34	43.80	Aliceevansviridae
v78441	14/186	39.31	Straboviridae
v78443	5/16	35.46	Guelinviridae
v78445	18/287	38.22	Herelleviridae
v78447	24/300	35.33	Straboviridae
v78451	100/104	94.24	Suoliviridae
v78452	7/7	80.09	Microviridae
v78458	3/13	35.10	Guelinviridae
v78459	7/8	83.51	Microviridae
v78468	8/29	39.54	Winoviridae
v78472	7/9	79.56	Microviridae
v78480	4/9	55.33	Microviridae
v78483	4/18	32.90	Guelinviridae
v78485	6/17	37.68	Salasmaviridae
v78493	7/7	78.84	Microviridae
v78494	4/18	32.75	Guelinviridae
v78495	3/6	38.80	Microviridae
v78500	6/7	70.18	Microviridae
v78502	10/84	40.47	Aliceevansviridae
v78506	7/7	71.97	Microviridae
v78510	10/58	39.96	Aliceevansviridae
v78514	13/147	46.13	Suoliviridae
v78515	4/16	32.58	Guelinviridae
v78516	7/9	59.67	Microviridae
v78518	19/278	36.72	Herelleviridae
v78521	5/10	56.46	Microviridae
v78524	1/1	39.60	Metaviridae
v78528	24/242	37.70	Herelleviridae
v78530	13/59	37.64	Aliceevansviridae
v78536	11/130	37.05	Herelleviridae
v78537	10/117	49.32	Suoliviridae
v78538	8/9	63.44	Microviridae
v78540	7/7	88.84	Microviridae
v78542	7/32	41.29	Peduoviridae
v78545	10/133	45.56	Suoliviridae
v78547	26/186	41.14	Herelleviridae
v78552	6/6	70.83	Microviridae
v78560	7/7	86.99	Microviridae
v78561	7/20	33.07	Guelinviridae
v78562	5/19	32.80	Guelinviridae
v78570	7/8	63.30	Microviridae
v78573	8/10	60.83	Microviridae
v78575	29/224	47.05	Steigviridae
v78577	5/8	46.16	Microviridae
v78578	13/13	98.38	Inoviridae
v78581	15/54	44.14	Aliceevansviridae
v78587	5/20	30.90	Salasmaviridae
v78589	5/23	34.28	Salasmaviridae
v78594	5/9	46.02	Microviridae
v78604	11/70	41.07	Winoviridae
v78605	84/85	94.17	Suoliviridae
v78609	11/70	42.51	Aliceevansviridae
v78610	4/8	43.50	Microviridae
v78612	11/269	34.31	Straboviridae
v78614	4/19	32.15	Salasmaviridae
v78622	7/7	71.57	Microviridae
v78625	7/8	94.44	Microviridae
v78626	10/70	43.78	Aliceevansviridae
v78631	3/7	67.17	Mitoviridae
v78633	11/43	39.18	Aliceevansviridae
v78640	48/49	99.01	Autographiviridae
v78645	5/17	32.44	Guelinviridae
v78646	4/13	33.20	Salasmaviridae
v78654	10/26	39.16	Guelinviridae
v78658	26/421	37.15	Straboviridae
v78664	5/21	34.48	Salasmaviridae
v78665	6/7	54.37	Microviridae
v78666	6/8	56.05	Microviridae
v78667	7/8	93.39	Microviridae
v78669	4/8	91.12	Microviridae
v78672	5/9	50.44	Microviridae
v78673	4/16	30.20	Guelinviridae
v78675	6/27	32.27	Salasmaviridae
v78676	11/131	44.51	Suoliviridae
v78678	5/9	54.34	Microviridae
v78679	4/7	41.10	Microviridae
v78681	10/60	39.04	Aliceevansviridae
v78692	5/19	35.82	Salasmaviridae
v78700	4/19	30.27	Salasmaviridae
v78706	5/18	32.50	Guelinviridae
v78707	13/45	35.59	Winoviridae
v78709	6/17	34.67	Salasmaviridae
v78716	4/8	44.05	Microviridae
v78725	10/40	48.71	Aliceevansviridae
v78727	8/17	35.33	Salasmaviridae
v78731	7/8	61.44	Microviridae
v78732	7/10	91.73	Microviridae
v78733	4/7	47.83	Microviridae
v78738	5/23	33.32	Salasmaviridae
v78740	18/147	41.38	Herelleviridae
v78741	5/17	31.72	Salasmaviridae
v78742	3/11	35.37	Microviridae
v78744	14/182	31.24	Straboviridae
v78756	85/106	64.31	Steigviridae
v78762	7/9	61.03	Microviridae
v78769	13/111	32.94	Herelleviridae
v78771	7/19	33.96	Salasmaviridae
v78776	17/249	37.84	Herelleviridae
v78777	1/1	33.50	Metaviridae
v78781	6/7	69.23	Microviridae
v78784	14/58	45.14	Peduoviridae
v78788	10/53	44.12	Aliceevansviridae
v78792	97/108	77.34	Steigviridae
v78798	6/21	39.60	Salasmaviridae
v78808	4/16	31.10	Guelinviridae
v78812	5/8	43.26	Microviridae
v78814	4/7	56.95	Microviridae
v78818	4/7	42.73	Microviridae
v78821	12/201	38.65	Suoliviridae
v78824	4/6	42.80	Microviridae
v78829	13/165	39.11	Straboviridae
v78835	4/16	31.80	Guelinviridae
v78839	12/117	32.76	Herelleviridae
v78842	6/6	46.67	Microviridae
v78844	1/2	33.30	Metaviridae
v78848	10/38	49.55	Aliceevansviridae
v78851	7/29	43.09	Aliceevansviridae
v78854	11/44	41.13	Winoviridae
v78855	11/112	32.12	Herelleviridae
v78858	6/7	48.80	Microviridae
v78860	6/25	35.15	Salasmaviridae
v78863	3/8	37.70	Microviridae
v78865	13/157	31.76	Herelleviridae
v78872	3/13	32.13	Salasmaviridae
v78874	14/149	40.96	Steigviridae
v78875	5/8	47.22	Microviridae
v78884	11/78	46.26	Suoliviridae
v78885	5/7	77.72	Microviridae
v78886	95/103	90.52	Suoliviridae
v78888	7/29	41.31	Guelinviridae
v78889	5/15	32.56	Guelinviridae
v78890	6/9	66.20	Microviridae
v78892	51/51	94.11	Autographiviridae
v78899	24/193	48.05	Suoliviridae
v78908	5/7	47.08	Microviridae
v78910	5/18	32.36	Guelinviridae
v78911	10/74	43.85	Aliceevansviridae
v78913	5/20	31.50	Salasmaviridae
v78915	8/33	42.29	Aliceevansviridae
v78927	4/7	38.33	Microviridae
v78928	5/8	48.22	Microviridae
v78934	5/9	47.68	Microviridae
v78937	8/40	46.16	Aliceevansviridae
v78942	6/29	36.05	Salasmaviridae
v78948	8/8	62.42	Microviridae
v78949	7/8	61.14	Microviridae
v78951	9/32	36.86	Guelinviridae
v78952	7/8	61.91	Microviridae
v78955	23/233	45.81	Steigviridae
v78956	77/98	60.86	Suoliviridae
v78957	3/8	40.70	Microviridae
v78961	3/7	30.03	Guelinviridae
v78965	5/6	44.54	Microviridae
v78967	86/109	69.79	Suoliviridae
v78970	7/20	38.20	Salasmaviridae
v78973	8/9	65.06	Microviridae
v78974	4/19	32.52	Guelinviridae
v78975	7/25	38.99	Guelinviridae
v78990	8/10	60.94	Microviridae
v78998	5/8	47.22	Microviridae
v78999	7/35	49.73	Guelinviridae
v79004	8/10	82.15	Microviridae
v79006	24/51	47.06	Autographiviridae
v79014	5/18	34.16	Salasmaviridae
v79017	5/8	42.16	Microviridae
v79018	9/42	33.91	Aliceevansviridae
v79020	5/6	54.00	Microviridae
v79022	4/16	30.88	Guelinviridae
v79026	5/8	44.78	Microviridae
v79027	7/25	42.40	Aliceevansviridae
v79028	4/18	31.55	Guelinviridae
v79029	4/19	30.77	Guelinviridae
v79035	10/44	37.21	Aliceevansviridae
v79037	6/8	59.13	Microviridae
v79038	11/190	39.35	Suoliviridae
v79054	4/14	34.83	Guelinviridae
v79055	6/7	90.43	Microviridae
v79056	18/40	43.63	Peduoviridae
v79064	7/8	55.16	Microviridae
v79073	7/25	34.86	Guelinviridae
v79076	5/18	32.58	Guelinviridae
v79084	10/59	44.03	Aliceevansviridae
v79085	6/9	77.10	Microviridae
v79086	5/18	32.36	Salasmaviridae
v79087	13/47	44.32	Aliceevansviridae
v79088	5/9	48.26	Microviridae
v79094	7/10	82.06	Microviridae
v79095	6/14	35.27	Salasmaviridae
v79099	5/21	34.54	Salasmaviridae
v79101	7/7	50.63	Microviridae
v79102	10/105	36.02	Aliceevansviridae
v79109	4/8	45.48	Microviridae
v79117	7/8	79.59	Microviridae
v79121	5/8	47.84	Microviridae
v79125	79/85	90.27	Suoliviridae
v79126	4/15	32.92	Guelinviridae
v79127	88/95	97.41	Intestiviridae
v79131	6/25	44.63	Aliceevansviridae
v79132	6/6	59.03	Microviridae
v79136	6/28	32.60	Salasmaviridae
v79137	6/16	35.10	Guelinviridae
v79138	7/19	33.20	Guelinviridae
v79141	11/122	34.19	Herelleviridae
v79142	12/123	35.37	Herelleviridae
v79143	21/50	45.08	Autographiviridae
v79149	14/127	43.14	Herelleviridae
v79150	6/7	57.32	Microviridae
v79153	5/8	44.72	Microviridae
v79164	7/8	95.91	Microviridae
v79178	4/14	33.70	Guelinviridae
v79186	4/17	33.95	Guelinviridae
v79191	14/56	36.70	Winoviridae
v79194	149/149	98.59	Demerecviridae
v79196	6/10	46.53	Microviridae
v79198	7/8	62.53	Microviridae
v79204	6/20	37.13	Salasmaviridae
v79210	4/8	43.75	Microviridae
v79213	8/9	59.05	Microviridae
v79215	4/18	32.58	Guelinviridae
v79220	83/88	76.27	Suoliviridae
v79228	7/22	37.64	Salasmaviridae
v79236	4/17	42.42	Guelinviridae
v79237	27/70	62.25	Microviridae
v79238	4/15	33.92	Guelinviridae
v79241	7/7	78.16	Microviridae
v79244	4/16	30.95	Guelinviridae
v79246	7/35	42.90	Aliceevansviridae
v79251	11/111	33.16	Herelleviridae
v79257	4/6	39.42	Microviridae
v79260	7/7	74.10	Microviridae
v79261	8/10	81.56	Microviridae
v79274	13/193	38.22	Suoliviridae
v79278	14/160	40.50	Herelleviridae
v79287	25/48	48.88	Autographiviridae
v79302	6/10	82.37	Microviridae
v79319	5/7	44.86	Microviridae
v79323	11/174	35.61	Herelleviridae
v79324	12/194	47.13	Steigviridae
v79327	22/208	46.21	Steigviridae
v79328	1/3	31.00	Caulimoviridae
v79331	1/2	33.30	Metaviridae
v79333	5/19	32.14	Guelinviridae
v79343	7/20	39.53	Guelinviridae
v79347	4/7	44.70	Microviridae
v79348	10/141	51.20	Suoliviridae
v79351	5/8	54.66	Microviridae
v79353	7/8	72.11	Microviridae
v79357	6/8	57.55	Microviridae
v79359	6/7	80.98	Microviridae
v79360	7/8	84.71	Microviridae
v79363	5/19	33.64	Guelinviridae
v79364	89/90	95.25	Schitoviridae
v79369	5/22	36.46	Salasmaviridae
v79376	83/95	91.13	Intestiviridae
v79380	11/103	36.24	Winoviridae
v79385	7/7	84.49	Microviridae
v79388	7/8	59.80	Microviridae
v79391	5/20	34.50	Guelinviridae
v79393	7/8	60.43	Microviridae
v79398	8/10	84.04	Microviridae
v79410	5/25	30.22	Salasmaviridae
v79414	13/193	42.36	Suoliviridae
v79416	11/29	42.39	Winoviridae
v79419	5/10	44.88	Microviridae
v79432	6/17	33.43	Guelinviridae
v79437	6/9	59.68	Microviridae
v79438	6/19	33.80	Salasmaviridae
v79439	4/19	31.65	Salasmaviridae
v79442	5/20	31.44	Salasmaviridae
v79445	2/7	30.45	Guelinviridae
v79446	8/18	36.88	Salasmaviridae
v79449	8/33	38.19	Salasmaviridae
v79450	11/65	35.53	Winoviridae
v79452	7/19	41.91	Salasmaviridae
v79453	5/16	34.78	Salasmaviridae
v79457	5/23	35.76	Salasmaviridae
v79465	7/7	84.21	Microviridae
v79466	7/19	32.94	Guelinviridae
v79470	5/8	54.12	Microviridae
v79473	94/105	88.95	Suoliviridae
v79474	5/10	46.98	Microviridae
v79475	6/9	45.70	Microviridae
v79481	5/6	65.66	Microviridae
v79482	11/52	35.81	Winoviridae
v79484	4/12	38.50	Guelinviridae
v79486	7/8	95.07	Microviridae
v79487	3/6	37.93	Microviridae
v79491	4/19	30.77	Guelinviridae
v79496	6/6	78.43	Microviridae
v79498	5/25	33.30	Salasmaviridae
v79504	6/22	32.47	Salasmaviridae
v79506	12/79	42.89	Aliceevansviridae
v79511	10/46	45.11	Aliceevansviridae
v79514	9/9	60.56	Microviridae
v79515	10/59	37.53	Peduoviridae
v79516	6/23	35.57	Guelinviridae
v79517	7/15	39.01	Guelinviridae
v79520	5/8	38.48	Microviridae
v79522	7/7	75.76	Microviridae
v79523	6/7	58.13	Microviridae
v79527	5/10	57.06	Microviridae
v79529	10/96	50.37	Aliceevansviridae
v79531	7/9	84.64	Microviridae
v79532	15/160	38.20	Herelleviridae
v79533	7/8	93.99	Microviridae
v79539	3/7	38.97	Microviridae
v79540	3/6	40.27	Microviridae
v79545	4/18	31.57	Guelinviridae
v79546	9/34	47.01	Aliceevansviridae
v79547	15/74	57.06	Herelleviridae
v79548	7/7	84.03	Microviridae
v79552	5/12	47.98	Microviridae
v79557	9/9	59.68	Microviridae
v79566	6/7	86.12	Microviridae
v79581	51/51	94.68	Autographiviridae
v79583	11/42	49.95	Aliceevansviridae
v79586	12/232	34.25	Herelleviridae
v79589	4/20	33.00	Guelinviridae
v79596	6/20	31.95	Salasmaviridae
v79597	6/19	35.38	Guelinviridae
v79598	110/114	94.76	Steigviridae
v79600	11/54	50.31	Aliceevansviridae
v79601	4/11	32.70	Guelinviridae
v79602	7/8	94.77	Microviridae
v79611	7/8	60.57	Microviridae
v79616	4/16	31.00	Guelinviridae
v79624	7/10	86.30	Microviridae
v79627	5/7	51.96	Microviridae
v79630	4/16	31.12	Guelinviridae
v79637	61/88	58.71	Intestiviridae
v79638	6/6	60.90	Microviridae
v79640	16/184	38.52	Herelleviridae
v79642	18/199	41.21	Herelleviridae
v79647	20/24	81.06	Guelinviridae
v79652	5/17	32.60	Guelinviridae
v79657	7/7	81.96	Microviridae
v79658	5/23	31.12	Guelinviridae
v79660	6/27	35.15	Peduoviridae
v79661	6/10	72.07	Microviridae
v79663	4/8	42.98	Microviridae
v79669	6/7	50.18	Microviridae
v79675	5/6	83.38	Microviridae
v79676	5/25	32.08	Salasmaviridae
v79685	6/6	82.65	Microviridae
v79692	5/20	41.40	Aliceevansviridae
v79694	5/21	31.38	Salasmaviridae
v79698	25/49	46.60	Autographiviridae
v79703	5/5	80.48	Microviridae
v79706	6/10	89.03	Microviridae
v79713	22/46	45.00	Autographiviridae
v79715	11/137	45.98	Aliceevansviridae
v79718	1/3	45.10	Microviridae
v79722	5/21	31.68	Guelinviridae
v79725	7/9	58.83	Microviridae
v79735	4/13	30.32	Guelinviridae
v79736	4/17	31.25	Guelinviridae
v79740	15/23	60.95	Guelinviridae
v79742	6/16	36.95	Salasmaviridae
v79743	11/99	47.29	Aliceevansviridae
v79745	3/9	34.67	Guelinviridae
v79746	4/8	46.48	Microviridae
v79747	4/8	48.08	Microviridae
v79754	17/107	39.39	Herelleviridae
v79755	4/7	44.12	Microviridae
v79761	7/24	31.71	Salasmaviridae
v79772	7/21	37.79	Salasmaviridae
v79777	7/8	56.09	Microviridae
v79781	25/36	52.26	Peduoviridae
v79782	42/54	82.91	Peduoviridae
v79786	7/7	76.37	Microviridae
v79788	9/37	33.69	Aliceevansviridae
v79794	6/6	85.45	Microviridae
v79795	5/9	55.48	Microviridae
v79804	2/7	32.50	Salasmaviridae
v79809	5/8	43.28	Microviridae
v79811	7/9	70.40	Microviridae
v79812	4/9	46.00	Microviridae
v79813	7/8	95.29	Microviridae
v79815	7/8	68.10	Microviridae
v79818	19/130	41.82	Herelleviridae
v79820	4/18	32.12	Guelinviridae
v79821	5/9	42.86	Microviridae
v79823	6/9	77.20	Microviridae
v79829	6/8	81.28	Microviridae
v79834	2/7	30.55	Guelinviridae
v79840	7/8	83.64	Microviridae
v79843	7/7	83.47	Microviridae
v79844	10/51	45.70	Aliceevansviridae
v79848	7/8	63.24	Microviridae
v79854	4/15	38.85	Inoviridae
v79856	22/29	46.76	Peduoviridae
v79858	23/49	46.51	Peduoviridae
v79861	18/55	44.26	Casjensviridae
v79862	3/15	44.37	Inoviridae
v79866	6/7	73.07	Microviridae
v79867	14/70	36.02	Winoviridae
v79869	7/7	80.17	Microviridae
v79870	13/117	37.82	Aliceevansviridae
v79875	16/205	39.57	Herelleviridae
v79883	7/9	83.71	Microviridae
v79884	19/52	44.62	Autographiviridae
v79888	11/41	39.03	Aliceevansviridae
v79889	8/9	89.20	Microviridae
v79891	94/104	86.55	Suoliviridae
v79892	4/7	41.90	Microviridae
v79893	6/10	50.10	Microviridae
v79898	4/7	38.60	Microviridae
v79899	6/6	64.60	Microviridae
v79909	3/6	42.63	Microviridae
v79913	43/46	90.58	Peduoviridae
v79915	11/51	41.68	Aliceevansviridae
v79918	39/45	87.52	Aliceevansviridae
v79920	14/102	41.53	Aliceevansviridae
v79925	8/9	94.29	Microviridae
v79926	6/26	38.87	Guelinviridae
v79928	10/110	39.71	Aliceevansviridae
v79932	5/25	30.88	Salasmaviridae
v79935	45/49	70.88	Schitoviridae
v79936	7/31	39.94	Aliceevansviridae
v79941	7/8	96.61	Microviridae
v79942	6/19	37.13	Salasmaviridae
v79943	5/6	55.62	Microviridae
v79944	6/9	92.07	Microviridae
v79946	7/10	58.80	Microviridae
v79947	8/9	60.45	Microviridae
v79949	7/8	59.77	Microviridae
v79952	4/9	56.20	Microviridae
v79954	8/11	90.55	Microviridae
v79956	3/9	30.00	Guelinviridae
v79957	4/18	32.70	Guelinviridae
v79959	6/10	86.80	Microviridae
v79960	7/7	69.67	Microviridae
v79966	4/8	41.67	Microviridae
v79975	28/45	50.80	Peduoviridae
v79976	22/23	92.44	Guelinviridae
v79978	18/23	50.71	Peduoviridae
v79979	23/55	56.27	Aliceevansviridae
v79981	7/34	47.36	Aliceevansviridae
v79984	12/26	45.83	Aliceevansviridae
v79986	8/23	42.96	Guelinviridae
v79987	82/84	95.49	Drexlerviridae
v79988	9/9	60.68	Microviridae
v79990	7/7	74.03	Microviridae
v79991	2/6	31.05	Microviridae
v79993	16/184	38.34	Herelleviridae
v79994	7/7	74.46	Microviridae
v79999	6/8	59.68	Microviridae
v80004	206/207	98.63	Ackermannviridae
v80006	7/7	76.24	Microviridae
v80007	4/8	42.42	Microviridae
v80008	4/7	40.65	Microviridae
v80014	4/8	36.83	Microviridae
v80017	5/8	44.86	Microviridae
v80018	17/209	38.12	Herelleviridae
v80021	7/22	36.94	Salasmaviridae
v80032	3/15	30.07	Guelinviridae
v80035	6/29	42.95	Aliceevansviridae
v80036	11/131	43.46	Suoliviridae
v80042	13/160	42.25	Herelleviridae
v80046	6/7	69.45	Microviridae
v80049	6/9	65.23	Microviridae
v80052	5/6	46.88	Microviridae
v80053	11/132	45.67	Aliceevansviridae
v80055	4/9	45.90	Microviridae
v80064	7/9	59.17	Microviridae
v80065	8/8	74.49	Microviridae
v80071	3/7	38.43	Microviridae
v80073	7/7	73.54	Microviridae
v80074	5/6	59.34	Microviridae
v80075	3/15	31.00	Guelinviridae
v80076	7/7	74.20	Microviridae
v80081	56/69	89.25	Autographiviridae
v80084	5/6	54.08	Microviridae
v80086	9/10	58.89	Microviridae
v80092	19/177	42.77	Herelleviridae
v80096	4/19	30.35	Guelinviridae
v80104	23/186	39.16	Herelleviridae
v80108	8/22	32.15	Salasmaviridae
v80110	11/47	48.99	Drexlerviridae
v80111	8/9	61.50	Microviridae
v80115	27/30	98.40	Peduoviridae
v80119	30/31	91.79	Peduoviridae
v80122	23/24	92.89	Peduoviridae
v80127	12/58	34.44	Aliceevansviridae
v80128	5/16	35.24	Guelinviridae
v80131	11/104	41.30	Steigviridae
v80132	8/18	38.39	Guelinviridae
v80140	11/128	32.21	Herelleviridae
v80148	10/128	41.95	Herelleviridae
v80153	9/16	63.46	Inoviridae
v80164	7/22	38.03	Salasmaviridae
v80174	4/7	38.02	Microviridae
v80175	10/61	39.53	Aliceevansviridae
v80176	13/155	39.91	Herelleviridae
v80177	15/36	45.58	Aliceevansviridae
v80183	5/8	43.68	Microviridae
v80184	5/7	38.14	Microviridae
v80188	5/7	48.52	Microviridae
v80196	7/9	59.79	Microviridae
v80202	8/30	37.65	Guelinviridae
v80205	3/8	36.83	Microviridae
v80209	10/126	40.34	Herelleviridae
v80212	5/25	33.12	Salasmaviridae
v80222	5/7	55.78	Microviridae
v80225	6/8	74.27	Microviridae
v80227	16/134	47.69	Suoliviridae
v80228	6/8	79.12	Microviridae
v80230	1/5	47.50	Peduoviridae
v80231	38/43	91.78	Peduoviridae
v80232	13/58	47.22	Peduoviridae
v80235	11/20	39.17	Salasmaviridae
v80236	13/68	40.50	Aliceevansviridae
v80238	5/6	49.40	Microviridae
v80239	6/24	33.68	Salasmaviridae
v80241	30/33	96.49	Peduoviridae
v80248	10/140	48.19	Aliceevansviridae
v80256	6/25	37.98	Guelinviridae
v80260	8/10	85.94	Microviridae
v80261	128/130	97.14	Herelleviridae
v80262	11/118	32.10	Herelleviridae
v80263	10/70	52.17	Aliceevansviridae
v80268	10/53	47.40	Aliceevansviridae
v80271	4/20	43.90	Guelinviridae
v80274	9/35	44.60	Aliceevansviridae
v80279	4/8	42.83	Microviridae
v80281	21/83	49.12	Straboviridae
v80283	84/85	94.34	Schitoviridae
v80284	8/33	58.75	Peduoviridae
v80293	13/78	38.76	Aliceevansviridae
v80295	6/7	63.18	Microviridae
v80298	7/7	82.64	Microviridae
v80301	10/60	39.38	Aliceevansviridae
v80302	7/7	71.56	Microviridae
v80305	5/7	73.64	Microviridae
v80306	3/8	38.27	Microviridae
v80307	8/38	40.71	Aliceevansviridae
v80308	27/53	52.81	Aliceevansviridae
v80309	21/54	55.99	Aliceevansviridae
v80313	13/58	41.59	Aliceevansviridae
v80314	5/6	44.62	Microviridae
v80316	10/75	42.22	Drexlerviridae
v80322	8/8	84.59	Microviridae
v80323	2/8	34.30	Microviridae
v80326	5/18	32.08	Guelinviridae
v80327	3/5	48.87	Microviridae
v80328	7/8	64.84	Microviridae
v80331	2/9	31.00	Microviridae
v80341	7/22	44.41	Guelinviridae
v80346	14/194	39.10	Herelleviridae
v80349	5/6	91.84	Microviridae
v80350	5/17	42.60	Aliceevansviridae
v80353	8/10	59.88	Microviridae
v80354	22/32	68.95	Aliceevansviridae
v80357	13/198	43.86	Suoliviridae
v80361	10/45	43.01	Aliceevansviridae
v80368	17/64	43.57	Aliceevansviridae
v80370	8/38	36.56	Casjensviridae
v80374	12/36	91.09	Peduoviridae
v80377	21/25	56.93	Peduoviridae
v80380	11/59	40.08	Aliceevansviridae
v80387	11/59	44.15	Aliceevansviridae
v80388	24/29	58.82	Peduoviridae
v80390	12/24	41.05	Aliceevansviridae
v80392	16/30	47.36	Aliceevansviridae
v80397	3/8	37.00	Microviridae
v80398	33/35	87.37	Peduoviridae
v80402	8/38	38.02	Aliceevansviridae
v80408	14/24	57.29	Guelinviridae
v80412	13/190	40.66	Herelleviridae
v80414	6/6	74.20	Microviridae
v80416	9/10	57.87	Microviridae
v80423	16/19	62.72	Rountreeviridae
v80431	3/6	44.43	Microviridae
v80441	4/8	47.27	Microviridae
v80443	7/7	60.30	Microviridae
v80444	7/8	74.99	Microviridae
v80445	7/10	79.01	Microviridae
v80446	7/8	56.66	Microviridae
v80447	3/7	38.17	Microviridae
v80450	5/6	40.20	Microviridae
v80452	8/8	62.11	Microviridae
v80453	2/6	33.25	Microviridae
v80456	68/91	67.38	Intestiviridae
v80460	7/7	81.79	Microviridae
v80463	92/96	95.46	Suoliviridae
v80467	6/7	58.47	Microviridae
v80476	10/144	42.53	Herelleviridae
v80477	3/8	39.07	Microviridae
v80478	5/8	46.84	Microviridae
v80483	4/7	46.10	Microviridae
v80484	8/9	92.12	Microviridae
v80488	6/8	59.73	Microviridae
v80489	7/7	57.50	Microviridae
v80490	7/7	85.09	Microviridae
v80491	6/8	95.60	Microviridae
v80496	7/7	83.07	Microviridae
v80497	5/23	34.64	Salasmaviridae
v80499	20/21	95.90	Guelinviridae
v80502	7/7	60.54	Microviridae
v80510	4/8	38.15	Microviridae
v80511	7/9	93.24	Microviridae
v80516	186/190	97.22	Herelleviridae
v80517	17/131	44.31	Straboviridae
v80518	43/51	66.31	Autographiviridae
v80523	7/16	36.14	Guelinviridae
v80524	10/35	38.77	Guelinviridae
v80529	4/14	38.95	Guelinviridae
v80530	10/51	55.28	Aliceevansviridae
v80531	7/7	71.43	Microviridae
v80532	5/9	48.38	Microviridae
v80534	10/10	93.52	Microviridae
v80535	8/19	33.39	Salasmaviridae
v80537	7/29	38.33	Salasmaviridae
v80538	6/7	73.77	Microviridae
v80541	10/10	91.64	Microviridae
v80542	10/50	50.19	Aliceevansviridae
v80543	20/26	69.88	Peduoviridae
v80544	11/60	41.07	Aliceevansviridae
v80552	9/38	51.96	Aliceevansviridae
v80557	7/19	36.07	Salasmaviridae
v80567	5/8	43.14	Microviridae
v80571	10/54	44.22	Aliceevansviridae
v80573	6/7	58.23	Microviridae
v80575	11/53	40.62	Aliceevansviridae
v80578	5/10	50.34	Microviridae
v80580	5/19	33.46	Guelinviridae
v80583	4/19	30.98	Guelinviridae
v80587	5/12	31.12	Salasmaviridae
v80593	14/51	40.05	Winoviridae
v80599	9/37	53.94	Aliceevansviridae
v80600	6/10	55.72	Microviridae
v80603	6/23	36.60	Guelinviridae
v80604	7/7	78.04	Microviridae
v80605	5/7	57.18	Microviridae
v80606	3/6	33.87	Microviridae
v80608	144/144	98.71	Demerecviridae
v80613	9/10	59.34	Microviridae
v80615	5/17	32.50	Guelinviridae
v80616	7/8	73.13	Microviridae
v80618	5/18	34.48	Guelinviridae
v80629	7/8	94.93	Microviridae
v80632	112/113	92.10	Steigviridae
v80633	7/8	94.50	Microviridae
v80635	32/229	50.19	Steigviridae
v80637	2/4	41.25	Metaviridae
v80638	23/239	43.41	Herelleviridae
v80639	6/7	73.73	Microviridae
v80640	7/22	36.61	Salasmaviridae
v80642	7/8	95.34	Microviridae
v80649	22/236	39.28	Herelleviridae
v80653	6/21	34.83	Salasmaviridae
v80655	6/20	36.30	Salasmaviridae
v80667	8/35	48.96	Aliceevansviridae
v80670	7/20	33.93	Salasmaviridae
v80672	48/60	78.76	Aliceevansviridae
v80673	7/18	35.66	Salasmaviridae
v80675	4/16	31.73	Guelinviridae
v80679	4/19	30.80	Guelinviridae
v80680	7/21	37.53	Guelinviridae
v80687	6/7	51.57	Microviridae
v80688	4/19	30.52	Guelinviridae
v80697	4/17	30.38	Guelinviridae
v80698	7/8	71.49	Microviridae
v80701	5/9	50.94	Microviridae
v80706	49/63	84.34	Autographiviridae
v80708	7/7	75.49	Microviridae
v80710	7/9	60.01	Microviridae
v80715	9/9	60.59	Microviridae
v80717	5/16	32.32	Guelinviridae
v80725	5/17	35.22	Guelinviridae
v80729	39/60	62.17	Aliceevansviridae
v80735	27/34	87.37	Peduoviridae
v80738	5/20	33.98	Guelinviridae
v80739	7/8	74.29	Microviridae
v80740	7/8	59.71	Microviridae
v80741	5/8	51.74	Microviridae
v80742	8/8	70.91	Microviridae
v80754	6/20	40.15	Salasmaviridae
v80761	6/10	49.15	Microviridae
v80762	7/16	36.79	Salasmaviridae
v80763	25/45	43.42	Peduoviridae
v80764	7/8	92.59	Microviridae
v80765	4/8	42.92	Microviridae
v80766	6/6	81.28	Microviridae
v80768	7/8	76.79	Microviridae
v80769	52/54	80.76	Aliceevansviridae
v80770	5/8	57.68	Microviridae
v80771	5/16	32.78	Guelinviridae
v80785	6/8	56.42	Microviridae
v80786	3/8	34.80	Microviridae
v80787	7/20	35.50	Guelinviridae
v80792	4/8	42.65	Microviridae
v80799	7/8	59.39	Microviridae
v80800	10/75	44.12	Drexlerviridae
v80801	7/8	96.27	Microviridae
v80804	5/19	33.12	Guelinviridae
v80806	5/24	34.60	Salasmaviridae
v80808	4/7	43.40	Microviridae
v80809	22/207	37.90	Herelleviridae
v80810	5/7	72.64	Microviridae
v80815	6/8	52.25	Microviridae
v80831	6/19	36.95	Salasmaviridae
v80832	6/26	35.97	Salasmaviridae
v80834	87/90	89.62	Intestiviridae
v80835	5/9	46.78	Microviridae
v80840	10/52	34.53	Aliceevansviridae
v80844	9/9	61.18	Microviridae
v80845	7/7	79.19	Microviridae
v80849	25/29	72.18	Peduoviridae
v80852	5/7	83.16	Microviridae
v80854	6/7	79.48	Microviridae
v80856	20/22	80.41	Peduoviridae
v80858	5/22	34.50	Salasmaviridae
v80861	8/35	45.52	Suoliviridae
v80863	13/90	46.71	Drexlerviridae
v80864	3/8	39.80	Microviridae
v80865	7/9	65.64	Microviridae
v80868	11/53	39.25	Aliceevansviridae
v80871	15/184	37.41	Herelleviridae
v80872	74/74	98.23	Drexlerviridae
v80876	5/21	32.72	Guelinviridae
v80878	4/8	42.08	Microviridae
v80879	7/22	32.19	Salasmaviridae
v80884	4/7	42.55	Microviridae
v80888	5/6	65.90	Microviridae
v80892	4/6	37.80	Microviridae
v80893	5/7	48.34	Microviridae
v80894	2/7	30.50	Guelinviridae
v80896	9/19	36.66	Guelinviridae
v80897	8/10	81.67	Microviridae
v80899	4/18	31.65	Salasmaviridae
v80900	69/82	91.67	Zobellviridae
v80911	5/24	32.20	Guelinviridae
v80918	7/23	42.43	Salasmaviridae
v80920	17/120	52.31	Steigviridae
v80922	7/33	37.84	Aliceevansviridae
v80925	12/50	44.21	Aliceevansviridae
v80926	40/48	95.87	Peduoviridae
v80928	7/11	62.04	Microviridae
v80933	5/16	32.26	Guelinviridae
v80936	8/16	39.75	Guelinviridae
v80946	6/9	54.63	Microviridae
v80947	11/63	43.83	Peduoviridae
v80948	8/9	61.58	Microviridae
v80951	54/73	86.62	Autographiviridae
v80953	47/58	75.49	Aliceevansviridae
v80956	8/8	54.23	Microviridae
v80959	8/21	41.62	Guelinviridae
v80962	7/8	60.14	Microviridae
v80963	6/8	52.97	Microviridae
v80965	12/58	40.27	Aliceevansviridae
v80966	10/73	51.03	Aliceevansviridae
v80968	7/7	78.83	Microviridae
v80970	7/23	38.00	Salasmaviridae
v80972	10/10	59.51	Microviridae
v80974	7/7	61.97	Microviridae
v80977	7/19	41.13	Salasmaviridae
v80978	8/9	60.55	Microviridae
v80980	13/61	46.12	Aliceevansviridae
v80982	6/6	83.32	Microviridae
v80987	58/60	91.98	Suoliviridae
v80988	8/39	41.02	Aliceevansviridae
v80996	7/11	50.37	Microviridae
v81005	6/16	38.58	Salasmaviridae
v81006	4/18	30.82	Guelinviridae
v81010	67/67	99.93	Demerecviridae
v81015	6/13	97.73	Microviridae
v81016	15/145	43.61	Herelleviridae
v81017	5/23	37.70	Salasmaviridae
v81022	7/10	61.37	Microviridae
v81024	3/5	47.10	Microviridae
v81027	5/11	66.14	Microviridae
v81029	7/7	85.96	Microviridae
v81030	6/17	35.08	Salasmaviridae
v81033	18/173	42.26	Herelleviridae
v81034	6/19	30.72	Salasmaviridae
v81040	4/16	31.25	Guelinviridae
v81041	6/9	59.53	Microviridae
v81043	7/9	59.86	Microviridae
v81044	19/19	93.14	Rountreeviridae
v81050	84/90	84.78	Intestiviridae
v81052	7/9	66.37	Microviridae
v81062	17/171	40.37	Herelleviridae
v81065	8/9	64.71	Microviridae
v81067	6/7	94.67	Microviridae
v81072	6/22	36.47	Salasmaviridae
v81077	6/6	69.17	Microviridae
v81080	27/29	96.56	Autographiviridae
v81084	7/7	76.61	Microviridae
v81090	4/6	37.08	Microviridae
v81091	6/9	81.33	Microviridae
v81094	3/10	50.90	Inoviridae
v81095	7/7	73.33	Microviridae
v81101	6/20	35.53	Guelinviridae
v81103	6/7	59.80	Microviridae
v81106	4/19	30.77	Guelinviridae
v81108	8/38	41.35	Aliceevansviridae
v81113	4/18	32.35	Guelinviridae
v81114	6/22	33.32	Salasmaviridae
v81115	2/9	46.55	Inoviridae
v81116	4/7	42.48	Microviridae
v81120	5/6	72.32	Microviridae
v81122	2/3	32.25	Caulimoviridae
v81123	22/24	81.04	Rountreeviridae
v81124	15/67	42.95	Aliceevansviridae
v81127	5/22	36.82	Guelinviridae
v81131	31/40	93.50	Peduoviridae
v81134	7/8	60.69	Microviridae
v81136	26/213	47.50	Steigviridae
v81142	24/26	62.55	Peduoviridae
v81150	7/9	56.51	Microviridae
v81151	9/10	63.06	Microviridae
v81152	20/255	33.38	Straboviridae
v81157	7/7	83.79	Microviridae
v81159	5/20	32.82	Guelinviridae
v81163	28/61	61.41	Autographiviridae
v81176	22/46	44.49	Autographiviridae
v81180	7/34	40.00	Aliceevansviridae
v81182	28/223	47.31	Steigviridae
v81187	4/7	49.35	Microviridae
v81191	10/10	78.56	Microviridae
v81192	7/10	54.29	Microviridae
v81195	7/7	80.00	Microviridae
v81206	6/6	75.08	Microviridae
v81209	7/8	59.13	Microviridae
v81211	6/7	66.58	Microviridae
v81213	6/7	73.13	Microviridae
v81219	10/67	41.29	Aliceevansviridae
v81221	9/9	79.49	Microviridae
v81222	8/10	59.79	Microviridae
v81227	6/6	74.80	Microviridae
v81231	6/8	75.62	Microviridae
v81232	7/8	71.89	Microviridae
v81233	7/7	75.46	Microviridae
v81234	10/204	41.33	Herelleviridae
v81238	2/8	30.65	Microviridae
v81239	6/7	93.58	Microviridae
v81241	6/8	75.62	Microviridae
v81250	8/21	33.16	Guelinviridae
v81252	15/124	32.14	Herelleviridae
v81254	4/8	53.70	Microviridae
v81257	10/99	42.81	Aliceevansviridae
v81258	10/55	36.29	Winoviridae
v81260	20/205	45.76	Steigviridae
v81267	8/9	61.08	Microviridae
v81268	284/285	97.17	Straboviridae
v81269	12/140	40.07	Herelleviridae
v81271	10/56	41.76	Aliceevansviridae
v81273	10/28	48.98	Aliceevansviridae
v81283	28/38	75.44	Peduoviridae
v81286	10/145	32.44	Herelleviridae
v81291	11/52	44.16	Aliceevansviridae
v81299	10/57	45.32	Aliceevansviridae
v81308	4/17	32.00	Guelinviridae
v81315	5/24	33.54	Salasmaviridae
v81318	7/10	82.40	Microviridae
v81319	8/10	83.39	Microviridae
v81323	6/22	35.38	Salasmaviridae
v81324	5/24	33.46	Salasmaviridae
v81329	8/34	33.01	Duneviridae
v81330	5/21	34.44	Salasmaviridae
v81332	6/30	38.92	Aliceevansviridae
v81334	4/17	32.67	Guelinviridae
v81346	7/8	82.30	Microviridae
v81348	3/6	41.20	Microviridae
v81349	5/20	30.50	Salasmaviridae
v81351	6/22	34.07	Guelinviridae
v81354	5/24	30.58	Salasmaviridae
v81356	8/33	35.08	Duneviridae
v81357	11/81	37.42	Peduoviridae
v81359	28/29	85.36	Aliceevansviridae
v81369	6/22	33.50	Salasmaviridae
v81370	4/11	37.08	Microviridae
v81373	6/19	36.97	Salasmaviridae
v81374	8/8	59.27	Microviridae
v81376	6/8	97.85	Microviridae
v81378	7/26	49.63	Aliceevansviridae
v81382	2/7	30.65	Guelinviridae
v81385	7/8	87.81	Microviridae
v81395	14/124	32.46	Herelleviridae
v81406	5/5	78.08	Microviridae
v81407	6/7	69.17	Microviridae
v81412	7/8	71.06	Microviridae
v81415	6/8	63.67	Microviridae
v81416	4/7	37.45	Microviridae
v81417	20/92	46.73	Straboviridae
v81420	8/19	41.29	Salasmaviridae
v81421	4/19	31.57	Salasmaviridae
v81423	4/20	43.90	Guelinviridae
v81424	7/25	35.30	Salasmaviridae
v81425	7/9	59.30	Microviridae
v81426	7/7	78.36	Microviridae
v81432	51/51	97.98	Autographiviridae
v81433	7/7	76.37	Microviridae
v81434	7/8	93.21	Microviridae
v81437	9/30	44.31	Autographiviridae
v81443	3/8	37.60	Microviridae
v81449	11/67	38.25	Aliceevansviridae
v81450	3/13	30.43	Casjensviridae
v81455	5/7	66.30	Microviridae
v81460	49/50	92.62	Autographiviridae
v81462	5/21	31.66	Salasmaviridae
v81463	5/9	49.42	Microviridae
v81466	12/195	41.21	Aliceevansviridae
v81473	6/6	66.88	Microviridae
v81477	6/21	36.05	Guelinviridae
v81480	16/119	33.18	Herelleviridae
v81483	14/73	42.12	Aliceevansviridae
v81485	5/8	37.94	Microviridae
v81486	7/9	87.23	Microviridae
v81490	7/9	81.97	Microviridae
v81494	7/8	90.73	Microviridae
v81496	27/56	93.93	Peduoviridae
v81497	4/9	46.40	Microviridae
v81501	4/5	45.40	Microviridae
v81502	3/8	40.53	Microviridae
v81506	6/23	33.63	Salasmaviridae
v81507	5/21	30.78	Salasmaviridae
v81516	8/34	40.15	Aliceevansviridae
v81519	7/20	37.63	Salasmaviridae
v81520	6/21	30.48	Guelinviridae
v81523	14/219	40.10	Herelleviridae
v81530	5/6	56.40	Microviridae
v81531	5/9	53.44	Microviridae
v81537	7/11	55.04	Microviridae
v81545	10/61	44.01	Straboviridae
v81546	3/7	39.73	Microviridae
v81549	83/92	91.50	Intestiviridae
v81550	11/124	36.08	Herelleviridae
v81552	11/179	37.32	Herelleviridae
v81553	7/8	68.59	Microviridae
v81558	7/9	64.21	Microviridae
v81568	44/52	88.30	Peduoviridae
v81577	3/7	37.97	Microviridae
v81578	7/9	61.16	Microviridae
v81582	6/7	66.30	Microviridae
v81583	3/7	38.97	Microviridae
v81586	6/8	52.10	Microviridae
v81589	6/22	36.12	Salasmaviridae
v81592	47/144	39.54	Herelleviridae
v81593	7/7	80.61	Microviridae
v81594	5/24	39.18	Aliceevansviridae
v81600	6/6	72.62	Microviridae
v81601	6/21	34.87	Salasmaviridae
v81603	4/20	32.90	Salasmaviridae
v81604	16/63	43.95	Peduoviridae
v81605	3/9	40.10	Microviridae
v81609	13/68	38.32	Mesyanzhinovviridae
v81613	7/21	36.29	Salasmaviridae
v81614	76/76	98.77	Drexlerviridae
v81618	5/23	36.34	Salasmaviridae
v81620	18/234	39.18	Herelleviridae
v81627	3/15	32.10	Guelinviridae
v81629	11/66	52.20	Aliceevansviridae
v81631	21/190	36.30	Herelleviridae
v81633	5/9	58.48	Microviridae
v81635	9/38	50.39	Drexlerviridae
v81636	13/151	42.98	Herelleviridae
v81640	7/7	76.31	Microviridae
v81641	8/34	38.54	Salasmaviridae
v81647	7/23	34.26	Salasmaviridae
v81649	6/9	64.13	Microviridae
v81651	4/16	33.88	Guelinviridae
v81660	9/9	87.10	Microviridae
v81661	6/11	49.47	Microviridae
v81668	7/8	60.34	Microviridae
v81669	13/67	41.25	Aliceevansviridae
v81673	5/21	31.48	Guelinviridae
v81676	3/9	45.30	Microviridae
v81677	6/28	44.30	Drexlerviridae
v81678	10/154	37.67	Herelleviridae
v81682	7/30	43.73	Drexlerviridae
v81686	12/206	39.76	Suoliviridae
v81694	4/20	32.73	Salasmaviridae
v81695	6/23	33.48	Salasmaviridae
v81704	6/6	72.32	Microviridae
v81708	8/37	39.11	Aliceevansviridae
v81709	6/8	74.72	Microviridae
v81710	8/9	93.09	Microviridae
v81713	4/7	44.20	Microviridae
v81715	4/6	62.10	Microviridae
v81723	7/22	38.59	Salasmaviridae
v81725	6/7	42.98	Microviridae
v81729	6/7	45.40	Microviridae
v81736	8/19	37.75	Salasmaviridae
v81738	7/7	78.91	Microviridae
v81746	3/7	39.57	Microviridae
v81751	7/7	73.46	Microviridae
v81756	14/141	39.83	Herelleviridae
v81757	5/22	35.50	Guelinviridae
v81764	4/10	40.17	Microviridae
v81765	6/7	78.97	Microviridae
v81766	2/4	32.35	Microviridae
v81767	55/56	94.91	Autographiviridae
v81769	7/21	33.89	Guelinviridae
v81775	5/24	47.00	Drexlerviridae
v81777	59/94	56.28	Intestiviridae
v81778	8/9	60.60	Microviridae
v81779	4/20	37.00	Guelinviridae
v81782	12/52	41.52	Aliceevansviridae
v81786	1/4	45.80	Mitoviridae
v81789	6/7	51.78	Microviridae
v81790	11/51	45.34	Aliceevansviridae
v81800	3/7	38.60	Microviridae
v81801	7/7	87.06	Microviridae
v81814	5/8	51.62	Microviridae
v81817	23/248	37.80	Herelleviridae
v81821	6/20	33.97	Salasmaviridae
v81825	10/53	39.69	Aliceevansviridae
v81826	7/19	34.74	Salasmaviridae
v81831	7/9	84.00	Microviridae
v81832	10/89	39.55	Aliceevansviridae
v81834	3/8	37.53	Microviridae
v81837	6/15	34.53	Salasmaviridae
v81844	21/31	48.92	Peduoviridae
v81848	7/9	62.33	Microviridae
v81853	12/162	42.81	Herelleviridae
v81858	59/72	90.54	Autographiviridae
v81859	11/61	43.25	Aliceevansviridae
v81862	8/9	62.95	Microviridae
v81866	7/8	64.07	Microviridae
v81874	7/7	82.30	Microviridae
v81875	5/10	45.08	Microviridae
v81884	7/8	60.69	Microviridae
v81889	7/8	64.84	Microviridae
v81891	5/7	73.18	Microviridae
v81907	5/16	32.58	Guelinviridae
v81915	6/9	48.25	Microviridae
v81923	10/23	55.69	Aliceevansviridae
v81924	77/78	95.06	Casjensviridae
v81928	100/106	89.46	Steigviridae
v81936	7/7	77.87	Microviridae
v81939	4/9	43.77	Microviridae
v81944	9/9	61.53	Microviridae
v81954	6/7	94.55	Microviridae
v81958	5/9	44.68	Microviridae
v81960	6/26	36.75	Salasmaviridae
v81961	12/88	37.38	Herelleviridae
v81962	8/8	53.30	Microviridae
v81964	6/9	66.38	Microviridae
v81965	4/7	35.95	Microviridae
v81966	7/7	76.54	Microviridae
v81967	11/58	39.49	Peduoviridae
v81971	8/15	43.29	Guelinviridae
v81977	20/220	38.57	Herelleviridae
v81979	7/15	35.64	Salasmaviridae
v81985	7/7	78.66	Microviridae
v81990	4/18	31.43	Guelinviridae
v81991	5/7	38.10	Microviridae
v81992	5/20	30.66	Salasmaviridae
v81994	8/9	66.40	Microviridae
v81995	27/53	48.67	Autographiviridae
v81996	12/131	31.83	Herelleviridae
v81999	5/10	54.92	Microviridae
v82001	54/54	98.55	Autographiviridae
v82003	5/6	48.22	Microviridae
v82005	4/7	38.55	Microviridae
v82007	10/161	39.50	Suoliviridae
v82026	37/249	45.89	Straboviridae
v82029	7/9	80.66	Microviridae
v82030	9/9	83.40	Microviridae
v82036	10/52	50.74	Aliceevansviridae
v82039	35/46	78.01	Peduoviridae
v82041	24/29	94.56	Peduoviridae
v82046	6/7	76.45	Microviridae
v82048	10/77	38.62	Aliceevansviridae
v82049	7/7	73.33	Microviridae
v82052	9/16	41.62	Salasmaviridae
v82056	5/23	30.66	Salasmaviridae
v82057	4/7	37.83	Microviridae
v82061	6/6	83.45	Microviridae
v82066	24/53	51.08	Aliceevansviridae
v82069	27/28	90.22	Rountreeviridae
v82070	1/2	33.40	Metaviridae
v82072	5/7	83.62	Microviridae
v82076	5/20	32.00	Guelinviridae
v82078	22/212	45.15	Steigviridae
v82079	6/18	34.53	Guelinviridae
v82080	17/254	39.19	Herelleviridae
v82083	2/8	61.75	Herelleviridae
v82084	6/10	61.97	Microviridae
v82085	7/9	60.76	Microviridae
v82087	7/30	42.97	Aliceevansviridae
v82090	4/9	40.23	Microviridae
v82095	5/22	33.94	Guelinviridae
v82096	13/200	38.92	Herelleviridae
v82098	7/7	73.70	Microviridae
v82112	13/214	36.80	Herelleviridae
v82115	9/9	82.24	Microviridae
v82120	6/8	49.80	Microviridae
v82121	7/9	60.04	Microviridae
v82124	6/21	36.15	Salasmaviridae
v82125	7/16	40.23	Guelinviridae
v82126	57/57	99.09	Autographiviridae
v82132	7/7	87.07	Microviridae
v82133	6/6	79.00	Microviridae
v82134	4/18	30.68	Guelinviridae
v82136	7/8	88.99	Microviridae
v82137	12/51	43.66	Aliceevansviridae
v82141	4/9	51.23	Microviridae
v82142	10/50	47.47	Aliceevansviridae
v82144	7/9	57.14	Microviridae
v82147	13/50	42.70	Autographiviridae
v82148	7/18	39.37	Salasmaviridae
v82152	8/8	59.84	Microviridae
v82154	6/6	71.18	Microviridae
v82158	10/154	38.15	Straboviridae
v82160	20/23	51.38	Peduoviridae
v82162	16/17	81.46	Aliceevansviridae
v82169	7/7	91.66	Microviridae
v82172	4/9	39.08	Microviridae
v82175	5/8	48.46	Microviridae
v82189	4/5	36.60	Microviridae
v82191	6/9	82.45	Microviridae
v82193	4/18	33.17	Salasmaviridae
v82194	6/8	83.25	Microviridae
v82197	7/8	59.50	Microviridae
v82198	5/9	89.40	Microviridae
v82200	8/10	64.22	Microviridae
v82202	7/18	33.56	Salasmaviridae
v82206	7/21	38.14	Salasmaviridae
v82208	6/9	54.37	Microviridae
v82209	7/8	77.50	Microviridae
v82213	13/55	40.10	Aliceevansviridae
v82214	6/22	36.80	Salasmaviridae
v82217	1/1	32.30	Metaviridae
v82218	7/8	75.37	Microviridae
v82219	5/9	50.94	Inoviridae
v82220	55/56	96.86	Autographiviridae
v82227	7/24	36.93	Salasmaviridae
v82228	7/9	91.99	Microviridae
v82232	6/24	31.65	Guelinviridae
v82233	6/8	67.27	Microviridae
v82241	2/7	31.45	Microviridae
v82244	9/34	40.20	Winoviridae
v82252	6/20	38.28	Guelinviridae
v82256	4/9	37.52	Microviridae
v82258	19/238	37.87	Herelleviridae
v82268	6/29	54.60	Aliceevansviridae
v82269	5/18	32.98	Guelinviridae
v82271	57/71	86.16	Autographiviridae
v82273	5/19	32.70	Guelinviridae
v82275	84/107	64.47	Steigviridae
v82286	7/34	52.60	Aliceevansviridae
v82287	4/18	31.85	Guelinviridae
v82294	6/26	35.07	Salasmaviridae
v82296	13/131	43.93	Herelleviridae
v82301	6/6	70.88	Microviridae
v82303	7/21	35.01	Salasmaviridae
v82304	4/17	30.80	Guelinviridae
v82308	5/11	49.72	Microviridae
v82309	5/5	86.52	Microviridae
v82316	10/102	43.55	Casjensviridae
v82323	6/28	33.23	Peduoviridae
v82325	72/77	91.99	Intestiviridae
v82328	4/9	50.62	Inoviridae
v82330	7/20	34.50	Salasmaviridae
v82331	11/131	38.55	Herelleviridae
v82335	7/7	74.59	Microviridae
v82336	5/20	33.20	Guelinviridae
v82339	6/7	72.98	Microviridae
v82340	8/8	61.39	Microviridae
v82344	3/12	43.47	Peduoviridae
v82345	3/14	43.83	Inoviridae
v82347	6/7	94.67	Microviridae
v82355	12/96	40.91	Schitoviridae
v82356	7/7	73.86	Microviridae
v82362	16/196	40.09	Herelleviridae
v82363	13/142	47.65	Aliceevansviridae
v82364	7/10	61.19	Microviridae
v82365	8/8	60.73	Microviridae
v82367	7/7	83.81	Microviridae
v82368	7/7	69.94	Microviridae
v82369	19/39	44.95	Peduoviridae
v82373	10/49	37.37	Aliceevansviridae
v82374	93/96	94.47	Schitoviridae
v82381	10/88	45.31	Aliceevansviridae
v82382	6/6	80.15	Microviridae
v82386	4/9	43.00	Microviridae
v82390	5/23	32.68	Salasmaviridae
v82392	7/7	74.56	Microviridae
v82395	6/7	80.90	Microviridae
v82396	6/24	34.18	Salasmaviridae
v82399	7/9	82.39	Microviridae
v82400	17/226	36.47	Herelleviridae
v82409	14/73	47.13	Aliceevansviridae
v82410	6/9	86.03	Microviridae
v82415	8/9	64.00	Microviridae
v82417	7/8	66.53	Microviridae
v82421	7/9	87.80	Microviridae
v82423	12/26	53.22	Guelinviridae
v82434	4/18	31.45	Guelinviridae
v82437	4/6	47.83	Microviridae
v82446	14/157	38.92	Herelleviridae
v82448	4/14	32.77	Guelinviridae
v82449	16/66	40.22	Aliceevansviridae
v82451	7/7	81.91	Microviridae
v82452	7/8	78.94	Microviridae
v82453	14/158	42.64	Herelleviridae
v82454	26/28	94.56	Peduoviridae
v82458	5/17	30.22	Guelinviridae
v82462	8/10	87.03	Microviridae
v82467	4/6	38.42	Microviridae
v82476	5/19	33.18	Guelinviridae
v82477	21/22	88.75	Guelinviridae
v82478	7/8	85.99	Microviridae
v82485	15/216	47.56	Steigviridae
v82488	6/7	59.95	Microviridae
v82490	6/6	57.10	Microviridae
v82498	6/6	77.20	Microviridae
v82500	7/8	84.24	Microviridae
v82502	5/8	50.74	Microviridae
v82504	10/47	40.52	Aliceevansviridae
v82511	5/16	31.04	Guelinviridae
v82515	5/18	32.88	Guelinviridae
v82517	10/47	46.69	Aliceevansviridae
v82520	4/18	31.70	Guelinviridae
v82523	51/52	94.13	Autographiviridae
v82526	6/7	53.58	Microviridae
v82528	5/25	32.62	Guelinviridae
v82529	22/39	57.20	Aliceevansviridae
v82531	7/8	60.69	Microviridae
v82539	4/15	31.25	Guelinviridae
v82541	6/6	73.80	Microviridae
v82544	4/8	40.08	Microviridae
v82545	3/15	30.57	Guelinviridae
v82548	10/66	45.42	Aliceevansviridae
v82554	3/8	40.40	Microviridae
v82559	4/20	33.17	Salasmaviridae
v82560	5/8	47.84	Microviridae
v82561	10/61	66.09	Peduoviridae
v82562	7/8	60.74	Microviridae
v82567	19/159	42.41	Herelleviridae
v82569	3/13	30.40	Guelinviridae
v82570	17/175	41.41	Herelleviridae
v82577	4/7	44.15	Microviridae
v82581	4/16	34.30	Guelinviridae
v82582	6/7	59.65	Microviridae
v82590	282/282	99.89	Straboviridae
v82592	7/9	79.93	Microviridae
v82602	4/8	38.70	Microviridae
v82603	3/7	38.63	Microviridae
v82605	6/8	55.07	Microviridae
v82612	6/11	47.58	Microviridae
v82616	4/8	42.65	Microviridae
v82617	7/9	61.33	Microviridae
v82620	7/18	38.80	Salasmaviridae
v82621	4/5	45.75	Microviridae
v82624	4/16	33.90	Guelinviridae
v82625	10/47	43.14	Aliceevansviridae
v82628	8/10	58.48	Microviridae
v82631	5/5	80.08	Microviridae
v82647	4/9	44.48	Microviridae
v82649	5/18	30.30	Salasmaviridae
v82650	13/70	44.17	Aliceevansviridae
v82651	4/19	35.98	Guelinviridae
v82660	50/51	95.15	Autographiviridae
v82661	7/7	81.46	Microviridae
v82662	3/15	30.00	Guelinviridae
v82666	5/21	35.74	Guelinviridae
v82667	5/16	30.78	Guelinviridae
v82668	6/26	37.25	Salasmaviridae
v82675	7/9	66.54	Microviridae
v82677	4/17	32.15	Salasmaviridae
v82679	9/30	41.64	Aliceevansviridae
v82681	10/76	47.19	Suoliviridae
v82685	2/8	40.30	Inoviridae
v82686	12/251	39.52	Herelleviridae
v82696	5/20	33.14	Guelinviridae
v82698	5/25	34.46	Salasmaviridae
v82713	5/23	31.90	Salasmaviridae
v82715	13/59	40.20	Aliceevansviridae
v82716	15/22	56.11	Guelinviridae
v82721	15/129	40.39	Steigviridae
v82728	6/6	75.95	Microviridae
v82729	5/9	49.94	Microviridae
v82732	5/9	53.76	Microviridae
v82736	10/107	42.16	Steigviridae
v82742	108/110	89.49	Steigviridae
v82743	2/6	30.25	Microviridae
v82752	7/8	59.81	Microviridae
v82759	4/7	38.35	Microviridae
v82761	6/21	32.30	Salasmaviridae
v82763	2/7	38.40	Salasmaviridae
v82764	6/8	63.30	Microviridae
v82774	10/54	41.32	Aliceevansviridae
v82783	10/193	39.44	Herelleviridae
v82788	15/30	69.77	Aliceevansviridae
v82792	7/9	66.40	Microviridae
v82793	5/9	69.50	Microviridae
v82794	4/7	88.40	Microviridae
v82799	8/15	41.86	Guelinviridae
v82801	7/22	36.33	Salasmaviridae
v82804	7/8	65.10	Microviridae
v82814	7/22	37.66	Salasmaviridae
v82817	9/9	63.14	Microviridae
v82820	7/21	38.19	Salasmaviridae
v82828	5/18	34.06	Guelinviridae
v82831	7/8	94.74	Microviridae
v82835	3/12	37.07	Guelinviridae
v82840	7/7	79.07	Microviridae
v82841	5/11	71.16	Microviridae
v82847	10/42	43.80	Aliceevansviridae
v82856	5/20	32.20	Guelinviridae
v82861	4/19	30.85	Guelinviridae
v82862	17/162	36.52	Herelleviridae
v82866	7/21	41.76	Salasmaviridae
v82869	4/19	32.48	Guelinviridae
v82870	4/19	33.55	Guelinviridae
v82874	6/9	54.78	Microviridae
v82877	7/18	37.14	Salasmaviridae
v82881	7/28	38.13	Aliceevansviridae
v82883	7/8	72.40	Microviridae
v82884	6/19	34.95	Salasmaviridae
v82898	20/199	40.84	Herelleviridae
v82910	8/8	88.06	Microviridae
v82911	5/18	33.42	Guelinviridae
v82917	5/17	33.66	Guelinviridae
v82918	4/19	32.98	Guelinviridae
v82922	7/7	79.19	Microviridae
v82924	10/149	45.69	Herelleviridae
v82929	7/9	82.04	Microviridae
v82930	4/5	43.12	Microviridae
v82933	4/7	34.30	Microviridae
v82937	7/22	37.86	Salasmaviridae
v82938	10/78	43.39	Aliceevansviridae
v82939	8/8	84.59	Microviridae
v82944	15/46	41.33	Autographiviridae
v82948	5/8	53.78	Microviridae
v82951	7/23	39.04	Salasmaviridae
v82957	10/195	38.79	Herelleviridae
v82968	7/9	61.20	Microviridae
v82969	6/6	75.07	Microviridae
v82971	10/116	36.18	Herelleviridae
v82974	7/20	35.74	Salasmaviridae
v82976	5/17	39.74	Guelinviridae
v82978	5/22	36.76	Salasmaviridae
v82979	8/40	39.62	Salasmaviridae
v82980	3/15	32.77	Guelinviridae
v82981	4/16	31.27	Guelinviridae
v82985	10/46	48.55	Aliceevansviridae
v82986	11/68	43.76	Aliceevansviridae
v82998	5/21	33.24	Salasmaviridae
v83000	5/16	32.86	Guelinviridae
v83007	4/16	46.83	Inoviridae
v83013	5/15	33.96	Guelinviridae
v83014	4/18	30.32	Guelinviridae
v83017	95/113	70.78	Steigviridae
v83018	6/7	92.77	Microviridae
v83021	7/7	78.37	Microviridae
v83023	13/81	41.11	Aliceevansviridae
v83027	27/29	73.17	Peduoviridae
v83029	6/17	97.20	Microviridae
v83030	6/6	87.47	Microviridae
v83033	6/7	60.48	Microviridae
v83034	6/6	73.58	Microviridae
v83040	3/6	36.67	Microviridae
v83041	6/28	43.63	Aliceevansviridae
v83042	44/47	88.57	Autographiviridae
v83043	4/6	38.50	Microviridae
v83047	3/9	48.13	Inoviridae
v83049	7/7	61.46	Microviridae
v83050	6/7	66.15	Microviridae
v83053	6/20	38.28	Salasmaviridae
v83057	10/98	44.51	Aliceevansviridae
v83067	8/30	53.17	Aliceevansviridae
v83068	6/8	86.23	Microviridae
v83070	4/7	42.45	Microviridae
v83072	5/5	79.36	Microviridae
v83074	57/57	94.95	Autographiviridae
v83079	4/13	34.42	Guelinviridae
v83080	4/17	30.88	Guelinviridae
v83095	1/2	33.30	Metaviridae
v83097	10/62	48.43	Drexlerviridae
v83100	6/7	91.53	Microviridae
v83101	7/8	73.70	Microviridae
v83105	7/9	65.67	Microviridae
v83107	6/9	54.68	Microviridae
v83108	21/22	94.83	Guelinviridae
v83112	2/2	33.20	Metaviridae
v83122	9/13	64.69	Guelinviridae
v83123	6/6	85.63	Microviridae
v83124	10/87	43.70	Herelleviridae
v83129	5/6	67.58	Microviridae
v83131	5/10	54.72	Microviridae
v83132	4/6	37.10	Microviridae
v83134	7/7	71.49	Microviridae
v83137	3/6	33.90	Microviridae
v83139	5/9	47.44	Microviridae
v83141	6/8	65.62	Microviridae
v83144	3/14	32.17	Guelinviridae
v83146	8/9	64.69	Microviridae
v83147	7/9	82.63	Microviridae
v83150	51/51	91.92	Autographiviridae
v83156	7/9	82.49	Microviridae
v83163	7/7	72.43	Microviridae
v83164	4/9	49.17	Microviridae
v83165	5/8	46.90	Microviridae
v83170	5/20	33.70	Guelinviridae
v83171	7/8	58.07	Microviridae
v83176	7/8	94.13	Microviridae
v83181	5/5	83.76	Microviridae
v83183	5/25	44.88	Aliceevansviridae
v83186	7/9	82.44	Microviridae
v83188	65/97	56.35	Suoliviridae
v83194	4/5	48.48	Microviridae
v83203	6/8	78.52	Microviridae
v83204	10/59	37.50	Aliceevansviridae
v83205	3/7	39.97	Microviridae
v83208	4/7	38.12	Microviridae
v83214	6/7	53.70	Microviridae
v83216	6/8	47.35	Microviridae
v83221	30/114	37.48	Steigviridae
v83230	4/20	32.50	Guelinviridae
v83231	6/6	73.33	Microviridae
v83234	6/25	36.75	Salasmaviridae
v83235	9/19	42.16	Salasmaviridae
v83236	7/9	65.61	Microviridae
v83240	5/18	32.42	Guelinviridae
v83241	5/16	32.76	Guelinviridae
v83243	63/97	56.48	Steigviridae
v83248	5/8	47.06	Microviridae
v83250	5/15	32.42	Guelinviridae
v83260	7/8	59.76	Microviridae
v83262	14/96	48.13	Drexlerviridae
v83264	7/17	36.80	Salasmaviridae
v83273	7/24	32.19	Salasmaviridae
v83276	4/16	31.02	Guelinviridae
v83278	7/8	59.01	Microviridae
v83280	5/18	32.94	Guelinviridae
v83282	7/7	59.51	Microviridae
v83283	25/28	92.20	Peduoviridae
v83287	5/16	32.76	Guelinviridae
v83294	5/8	50.86	Microviridae
v83299	7/8	62.23	Microviridae
v83301	6/27	34.95	Salasmaviridae
v83306	4/16	32.88	Guelinviridae
v83307	7/19	37.44	Salasmaviridae
v83317	7/7	71.23	Microviridae
v83319	6/8	66.05	Microviridae
v83322	41/50	95.35	Peduoviridae
v83323	7/7	74.21	Microviridae
v83325	4/5	83.05	Microviridae
v83328	7/33	49.20	Aliceevansviridae
v83331	8/40	51.40	Suoliviridae
v83334	6/16	34.05	Guelinviridae
v83335	4/8	36.70	Microviridae
v83347	5/16	46.60	Aliceevansviridae
v83349	21/21	94.52	Guelinviridae
v83350	32/34	98.79	Peduoviridae
v83351	45/47	91.94	Peduoviridae
v83365	11/63	64.50	Peduoviridae
v83366	7/10	89.90	Microviridae
v83370	7/8	70.99	Microviridae
v83371	3/7	38.50	Microviridae
v83374	11/118	32.26	Herelleviridae
v83386	10/11	60.62	Microviridae
v83390	7/27	41.29	Aliceevansviridae
v83393	5/9	48.50	Microviridae
v83396	5/19	32.26	Guelinviridae
v83400	7/9	97.34	Microviridae
v83401	8/8	60.50	Microviridae
v83408	8/9	59.60	Microviridae
v83409	61/70	89.62	Autographiviridae
v83410	5/9	49.04	Microviridae
v83413	12/17	58.88	Rountreeviridae
v83414	6/6	85.18	Microviridae
v83416	7/8	71.31	Microviridae
v83419	92/106	69.28	Steigviridae
v83420	7/8	80.99	Microviridae
v83425	2/8	32.95	Guelinviridae
v83429	20/22	83.07	Guelinviridae
v83432	11/33	42.99	Drexlerviridae
v83440	3/15	36.10	Aliceevansviridae
v83441	12/97	41.25	Aliceevansviridae
v83442	7/9	59.54	Microviridae
v83444	10/68	46.01	Aliceevansviridae
v83446	3/6	38.40	Microviridae
v83447	4/6	37.80	Microviridae
v83448	5/20	33.94	Guelinviridae
v83456	6/7	89.03	Microviridae
v83458	5/8	36.76	Microviridae
v83465	2/7	84.30	Microviridae
v83466	5/6	43.42	Microviridae
v83471	7/8	92.20	Microviridae
v83473	7/7	89.56	Microviridae
v83474	2/8	31.05	Microviridae
v83475	4/8	46.38	Microviridae
v83479	4/8	47.17	Microviridae
v83486	8/8	62.06	Microviridae
v83487	7/32	38.14	Aliceevansviridae
v83488	11/46	39.88	Winoviridae
v83490	4/17	34.02	Guelinviridae
v83495	6/26	44.72	Autographiviridae
v83499	5/8	36.44	Microviridae
v83501	7/15	39.94	Guelinviridae
v83502	5/6	53.92	Microviridae
v83503	7/23	31.49	Salasmaviridae
v83508	6/19	34.10	Salasmaviridae
v83509	37/39	96.04	Peduoviridae
v83511	6/7	61.13	Microviridae
v83513	6/18	35.53	Salasmaviridae
v83518	8/40	34.23	Winoviridae
v83520	6/6	89.13	Microviridae
v83523	6/10	59.57	Microviridae
v83525	6/6	77.90	Microviridae
v83531	9/9	58.30	Microviridae
v83534	10/59	38.03	Aliceevansviridae
v83539	5/18	35.70	Guelinviridae
v83540	1/2	32.60	Metaviridae
v83541	4/8	55.38	Microviridae
v83542	7/9	56.76	Microviridae
v83543	87/103	67.86	Suoliviridae
v83550	5/24	36.44	Salasmaviridae
v83555	10/85	44.46	Aliceevansviridae
v83558	7/7	77.04	Microviridae
v83561	7/7	78.10	Microviridae
v83562	7/23	39.11	Salasmaviridae
v83567	58/58	96.79	Autographiviridae
v83568	44/44	97.77	Autographiviridae
v83570	82/82	95.85	Schitoviridae
v83572	7/10	56.66	Microviridae
v83574	4/6	42.62	Microviridae
v83576	10/80	43.07	Aliceevansviridae
v83581	10/62	37.84	Aliceevansviridae
v83584	5/20	31.02	Guelinviridae
v83585	7/8	60.59	Microviridae
v83586	7/8	72.11	Microviridae
v83593	20/265	43.98	Herelleviridae
v83595	10/32	41.80	Aliceevansviridae
v83596	4/20	32.40	Salasmaviridae
v83599	6/22	35.27	Salasmaviridae
v83601	5/7	47.74	Microviridae
v83602	7/8	63.49	Microviridae
v83604	4/17	30.62	Guelinviridae
v83606	6/8	59.77	Microviridae
v83609	5/18	34.38	Guelinviridae
v83611	7/9	54.81	Microviridae
v83612	13/79	40.46	Winoviridae
v83615	19/48	45.67	Autographiviridae
v83616	12/96	31.17	Herelleviridae
v83628	5/23	36.32	Salasmaviridae
v83632	13/125	31.35	Herelleviridae
v83642	21/240	40.89	Herelleviridae
v83643	10/49	43.48	Autographiviridae
v83649	5/21	30.94	Salasmaviridae
v83650	7/9	57.37	Microviridae
v83652	5/5	73.76	Microviridae
v83653	5/23	33.88	Salasmaviridae
v83654	8/21	39.80	Guelinviridae
v83655	11/125	42.17	Herelleviridae
v83656	10/42	39.08	Aliceevansviridae
v83664	6/6	80.85	Microviridae
v83666	5/7	44.54	Microviridae
v83667	11/77	51.12	Aliceevansviridae
v83675	18/282	37.86	Herelleviridae
v83679	95/103	94.69	Suoliviridae
v83680	10/46	51.62	Suoliviridae
v83684	35/43	77.65	Peduoviridae
v83685	5/9	46.00	Microviridae
v83688	6/7	59.95	Microviridae
v83689	8/10	83.83	Microviridae
v83691	10/61	39.80	Aliceevansviridae
v83692	75/102	57.81	Steigviridae
v83696	10/38	37.19	Peduoviridae
v83697	3/7	33.87	Microviridae
v83705	12/69	42.16	Herelleviridae
v83706	6/22	33.58	Salasmaviridae
v83711	5/25	35.92	Salasmaviridae
v83715	4/8	38.20	Microviridae
v83718	5/6	61.40	Microviridae
v83719	6/9	84.72	Microviridae
v83720	1/1	32.50	Metaviridae
v83725	91/94	92.26	Suoliviridae
v83727	6/7	74.95	Microviridae
v83728	4/9	38.20	Microviridae
v83737	7/8	85.90	Microviridae
v83739	6/21	31.45	Guelinviridae
v83742	77/77	98.41	Drexlerviridae
v83743	4/15	34.17	Guelinviridae
v83744	26/79	45.70	Schitoviridae
v83749	13/88	39.14	Aliceevansviridae
v83753	5/15	32.50	Guelinviridae
v83758	13/71	38.40	Mesyanzhinovviridae
v83759	57/57	96.35	Autographiviridae
v83762	7/7	85.00	Microviridae
v83763	5/25	31.84	Aliceevansviridae
v83767	14/131	43.82	Herelleviridae
v83769	6/28	36.90	Winoviridae
v83771	4/4	51.08	Microviridae
v83772	40/48	94.67	Peduoviridae
v83774	4/18	33.12	Guelinviridae
v83775	6/25	34.08	Salasmaviridae
v83787	7/7	56.43	Microviridae
v83790	7/23	36.93	Salasmaviridae
v83795	283/283	99.64	Straboviridae
v83796	2/7	30.40	Guelinviridae
v83799	7/7	83.97	Microviridae
v83801	23/46	47.02	Autographiviridae
v83803	7/7	69.86	Microviridae
v83804	7/9	82.00	Microviridae
v83805	5/23	34.10	Salasmaviridae
v83808	5/23	34.02	Salasmaviridae
v83818	8/30	45.01	Aliceevansviridae
v83820	4/18	31.93	Guelinviridae
v83832	28/30	71.38	Peduoviridae
v83836	7/8	74.19	Microviridae
v83840	3/12	51.67	Inoviridae
v83855	5/19	32.80	Guelinviridae
v83857	4/19	30.43	Guelinviridae
v83858	13/116	30.36	Herelleviridae
v83861	13/180	39.18	Herelleviridae
v83863	15/79	52.91	Drexlerviridae
v83874	11/18	51.95	Guelinviridae
v83875	9/9	62.73	Microviridae
v83876	6/9	67.38	Microviridae
v83878	6/7	72.55	Microviridae
v83880	8/23	41.50	Salasmaviridae
v83882	10/71	37.02	Aliceevansviridae
v83886	6/8	89.20	Microviridae
v83889	7/8	61.74	Microviridae
v83890	4/19	30.73	Guelinviridae
v83897	11/52	38.94	Aliceevansviridae
v83900	10/65	40.19	Peduoviridae
v83902	24/134	41.10	Straboviridae
v83903	43/53	93.62	Peduoviridae
v83905	4/8	47.15	Microviridae
v83906	4/8	42.90	Microviridae
v83907	2/7	32.55	Salasmaviridae
v83918	12/88	36.44	Herelleviridae
v83929	6/7	67.40	Microviridae
v83941	11/103	44.78	Aliceevansviridae
v83942	6/21	35.77	Salasmaviridae
v83945	25/170	38.11	Herelleviridae
v83947	12/100	45.77	Drexlerviridae
v83948	3/7	39.57	Microviridae
v83953	5/21	32.22	Guelinviridae
v83958	12/135	38.12	Herelleviridae
v83967	8/9	69.35	Microviridae
v83972	7/9	82.97	Microviridae
v83974	7/11	56.03	Microviridae
v83976	6/7	93.37	Microviridae
v83983	3/8	32.23	Microviridae
v83991	4/16	32.75	Guelinviridae
v83992	7/8	82.67	Microviridae
v83995	8/8	84.28	Microviridae
v83998	56/58	95.74	Autographiviridae
v84003	4/9	43.00	Microviridae
v84006	55/55	98.23	Autographiviridae
v84011	52/91	49.88	Intestiviridae
v84012	7/10	84.70	Microviridae
v84014	6/6	73.88	Microviridae
v84023	4/5	44.33	Microviridae
v84031	6/8	59.33	Microviridae
v84032	19/19	70.61	Guelinviridae
v84033	5/20	33.56	Salasmaviridae
v84036	2/7	40.40	Peduoviridae
v84038	6/21	31.30	Guelinviridae
v84041	15/207	37.41	Herelleviridae
v84050	105/106	97.96	Grimontviridae
v84052	7/18	36.27	Salasmaviridae
v84054	4/20	30.02	Salasmaviridae
v84059	4/17	33.65	Guelinviridae
v84065	41/49	87.65	Peduoviridae
v84068	17/22	59.28	Guelinviridae
v84071	9/10	59.71	Microviridae
v84080	10/10	61.20	Microviridae
v84081	7/9	73.50	Microviridae
v84083	20/23	59.73	Peduoviridae
v84084	10/58	36.84	Aliceevansviridae
v84086	7/8	75.49	Microviridae
v84092	7/8	61.89	Microviridae
v84096	7/7	74.16	Microviridae
v84099	3/7	43.23	Microviridae
v84104	101/174	90.05	Suoliviridae
v84105	4/5	35.60	Microviridae
v84107	6/9	86.45	Microviridae
v84108	16/210	39.78	Herelleviridae
v84112	4/9	53.80	Microviridae
v84113	8/9	63.54	Microviridae
v84115	3/8	39.57	Microviridae
v84121	7/9	61.03	Microviridae
v84126	7/7	81.59	Microviridae
v84128	15/56	46.53	Aliceevansviridae
v84133	6/22	36.60	Salasmaviridae
v84134	7/8	88.07	Microviridae
v84135	11/45	40.37	Aliceevansviridae
v84138	7/7	79.54	Microviridae
v84140	3/6	39.30	Microviridae
v84141	6/6	79.03	Microviridae
v84145	5/8	46.10	Microviridae
v84153	5/6	38.02	Microviridae
v84166	9/9	60.59	Microviridae
v84168	5/19	33.04	Guelinviridae
v84170	7/7	77.09	Microviridae
v84171	7/7	74.33	Microviridae
v84177	6/22	37.92	Salasmaviridae
v84180	2/8	38.20	Peduoviridae
v84183	2/5	63.35	Mitoviridae
v84189	5/10	45.86	Microviridae
v84194	14/87	38.56	Herelleviridae
v84195	2/7	30.05	Microviridae
v84198	12/126	35.48	Herelleviridae
v84199	8/9	66.44	Microviridae
v84200	6/6	71.55	Microviridae
v84203	5/10	51.54	Microviridae
v84207	4/14	32.60	Guelinviridae
v84211	8/9	88.31	Microviridae
v84212	4/17	30.88	Guelinviridae
v84215	7/18	39.76	Salasmaviridae
v84219	5/9	62.00	Microviridae
v84230	7/8	50.37	Microviridae
v84232	7/18	39.47	Guelinviridae
v84235	5/17	30.58	Guelinviridae
v84236	8/9	89.05	Microviridae
v84241	17/111	41.92	Herelleviridae
v84245	4/7	42.50	Microviridae
v84248	6/7	46.43	Microviridae
v84251	6/29	42.42	Aliceevansviridae
v84256	7/7	80.59	Microviridae
v84265	4/8	35.90	Microviridae
v84269	7/7	83.51	Microviridae
v84271	6/22	33.35	Guelinviridae
v84272	4/16	31.62	Guelinviridae
v84273	6/24	38.40	Salasmaviridae
v84277	6/14	38.62	Salasmaviridae
v84283	5/7	66.82	Microviridae
v84284	5/6	38.54	Microviridae
v84298	7/8	96.07	Microviridae
v84305	12/87	42.43	Herelleviridae
v84307	9/10	63.14	Microviridae
v84312	13/44	46.05	Aliceevansviridae
v84313	3/5	37.73	Microviridae
v84315	10/62	40.16	Drexlerviridae
v84319	6/6	74.93	Microviridae
v84321	9/11	59.03	Retroviridae
v84323	1/3	34.90	Caulimoviridae
v84327	1/3	51.60	Metaviridae
v84331	4/5	57.08	Microviridae
v84332	6/13	47.62	Inoviridae
v84338	11/23	83.34	Inoviridae
v84339	7/7	81.47	Microviridae
v84344	12/33	43.75	Peduoviridae
v84345	36/40	87.73	Peduoviridae
v84346	3/10	38.13	Metaviridae
v84350	9/9	61.98	Microviridae
v84351	2/8	33.50	Peduoviridae
v84352	2/8	30.15	Microviridae
v84353	1/5	36.30	Metaviridae
v84360	3/14	33.27	Metaviridae
v84361	2/6	31.50	Retroviridae
v84367	7/7	82.09	Microviridae
v84369	4/5	45.80	Microviridae
v84378	1/3	37.90	Metaviridae
v84379	2/9	36.65	Metaviridae
v84381	3/9	41.97	Metaviridae
v84383	3/7	38.43	Metaviridae
v84388	2/10	30.20	Metaviridae
v84400	3/7	51.13	Mitoviridae
v84402	5/7	62.74	Microviridae
v84403	1/4	32.60	Metaviridae
v84404	2/9	39.05	Metaviridae
v84405	2/9	31.80	Metaviridae
v84407	6/7	65.78	Microviridae
v84411	7/8	61.97	Microviridae
v84412	5/8	47.44	Microviridae
v84413	7/8	91.50	Microviridae
v84414	6/6	71.85	Microviridae
v84417	7/7	85.54	Microviridae
v84418	7/9	86.24	Microviridae
v84419	91/97	92.30	Steigviridae
v84420	7/9	64.70	Microviridae
v84421	2/8	38.85	Metaviridae
v84422	6/10	49.87	Microviridae
v84424	7/8	94.89	Papillomaviridae
v84425	7/7	66.03	Papillomaviridae
v84430	6/7	72.57	Papillomaviridae
v84431	6/6	77.50	Microviridae
v84444	1/1	33.30	Metaviridae
v84452	1/4	34.80	Caulimoviridae
v84453	1/2	39.80	Metaviridae
v84460	7/16	38.47	Salasmaviridae
v84462	5/7	42.70	Microviridae
v84463	7/7	68.39	Microviridae
v84465	84/84	96.14	Schitoviridae
v84466	26/38	62.30	Peduoviridae
v84469	8/34	38.69	Mesyanzhinovviridae
v84471	10/10	60.61	Microviridae
v84472	5/8	38.14	Microviridae
v84473	9/9	86.74	Microviridae
v84474	6/8	68.50	Microviridae
v84476	5/8	46.86	Microviridae
v84477	7/7	81.56	Microviridae
v84478	12/12	77.61	Microviridae
v84479	3/11	32.57	Microviridae
v84480	4/6	37.33	Microviridae
v84481	7/7	77.81	Microviridae
v84482	6/11	62.90	Microviridae
v84483	5/8	81.80	Microviridae
v84484	11/12	78.70	Microviridae
v84485	10/11	75.70	Microviridae
v84486	8/8	73.08	Microviridae
v84487	10/10	89.44	Microviridae
v84488	4/7	38.80	Microviridae
v84489	4/7	42.98	Microviridae
v84490	4/11	32.38	Microviridae
v84491	12/15	58.93	Microviridae
v84492	6/7	58.92	Microviridae
v84493	4/9	38.58	Microviridae
v84494	4/9	39.95	Microviridae
v84495	3/5	37.53	Microviridae
v84496	8/9	91.89	Microviridae
v84497	11/11	74.38	Microviridae
v84498	7/8	94.89	Microviridae
v84499	6/8	69.97	Microviridae
v84500	7/14	46.03	Microviridae
v84501	5/11	58.64	Microviridae
v84502	5/7	67.90	Microviridae
v84503	6/6	60.32	Microviridae
v84504	14/19	87.87	Microviridae
v84505	7/7	93.13	Microviridae
v84506	7/8	63.03	Microviridae
v84507	7/7	89.67	Microviridae
v84509	1/4	37.70	Metaviridae
v84512	4/7	43.92	Microviridae
v84513	2/9	38.20	Metaviridae
v84514	5/6	44.50	Microviridae
v84515	7/7	88.11	Microviridae
v84516	7/8	60.84	Microviridae
v84517	7/8	93.07	Microviridae
v84518	5/8	60.90	Microviridae
v84519	5/9	48.30	Microviridae
v84520	3/9	32.60	Microviridae
v84522	4/4	74.78	Microviridae
v84524	7/8	72.10	Microviridae
v84525	14/196	35.64	Herelleviridae
v84526	2/6	93.55	Microviridae
v84528	5/6	42.06	Microviridae
v84529	9/9	93.61	Microviridae
v84530	7/7	72.03	Microviridae
v84531	7/9	65.41	Microviridae
v84533	3/12	49.47	Metaviridae
v84534	2/8	31.20	Caulimoviridae
v84535	6/8	68.80	Microviridae
v84539	1/3	33.00	Metaviridae
v84543	7/7	79.59	Microviridae
v84544	7/11	43.10	Microviridae
v84545	7/11	50.74	Microviridae
v84546	5/9	52.64	Microviridae
v84547	3/8	44.80	Microviridae
v84548	4/9	36.65	Microviridae
v84549	6/6	75.68	Microviridae
v84550	7/10	54.30	Microviridae
v84553	7/7	76.93	Microviridae
v84554	3/7	41.50	Microviridae
v84555	6/8	75.20	Microviridae
v84556	6/6	95.37	Microviridae
v84557	10/10	75.07	Microviridae
v84558	9/11	85.93	Microviridae
v84559	5/8	44.44	Microviridae
v84561	7/9	74.80	Microviridae
v84562	2/5	32.55	Microviridae
v84563	7/7	82.84	Microviridae
v84564	4/9	36.65	Microviridae
v84565	7/8	62.30	Microviridae
v84566	7/7	73.14	Microviridae
v84567	7/8	59.29	Microviridae
v84568	10/10	72.54	Microviridae
v84570	6/7	74.47	Microviridae
v84571	7/10	52.53	Microviridae
v84574	7/7	85.00	Microviridae
v84575	6/7	89.12	Microviridae
v84576	6/10	53.03	Microviridae
v84577	7/8	61.30	Microviridae
v84578	6/6	86.32	Microviridae
v84579	4/9	47.25	Microviridae
v84580	6/8	77.95	Microviridae
v84583	8/9	78.40	Microviridae
v84585	6/9	53.97	Microviridae
v84586	7/8	54.40	Microviridae
v84587	7/8	58.49	Microviridae
v84588	8/11	57.60	Microviridae
v84589	7/7	84.20	Microviridae
v84590	1/4	41.30	Metaviridae
v84591	1/5	31.30	Caulimoviridae
v84593	5/8	47.36	Microviridae
v84594	1/4	44.90	Metaviridae
v84595	7/8	49.00	Microviridae
v84596	7/7	87.37	Microviridae
v84597	9/9	69.99	Microviridae
v84600	2/3	33.40	Retroviridae
v84601	13/17	66.91	Microviridae
v84604	8/9	75.38	Microviridae
v84605	6/8	54.42	Microviridae
v84609	3/9	42.40	Retroviridae
v84613	6/10	50.13	Microviridae
v84614	1/4	30.00	Caulimoviridae
v84616	3/5	81.47	Retroviridae
v84617	2/10	35.30	Metaviridae
v84618	7/8	83.33	Microviridae
v84619	6/9	79.25	Microviridae
v84620	4/6	43.10	Microviridae
v84622	4/6	37.88	Microviridae
v84624	19/19	80.58	Microviridae
v84625	3/8	41.10	Microviridae
v84626	5/8	52.56	Microviridae
v84627	4/9	56.85	Microviridae
v84628	6/7	95.42	Microviridae
v84630	8/10	59.85	Microviridae
v84631	6/8	50.00	Microviridae
v84633	7/8	60.74	Microviridae
v84636	7/7	81.94	Microviridae
v84637	4/6	36.80	Microviridae
v84638	1/5	33.70	Caulimoviridae
v84639	6/8	64.78	Microviridae
v84643	7/8	94.33	Microviridae
v84644	11/11	77.38	Microviridae
v84645	8/8	77.06	Microviridae
v84647	3/9	37.60	Microviridae
v84648	5/9	43.86	Microviridae
v84649	3/15	36.70	Inoviridae
v84650	5/8	50.38	Microviridae
v84651	6/6	73.67	Microviridae
v84652	9/17	40.46	Microviridae
v84653	9/9	81.29	Microviridae
v84654	8/9	59.85	Microviridae
v84655	13/13	73.26	Microviridae
v84656	5/7	67.14	Microviridae
v84657	15/15	75.79	Microviridae
v84658	7/9	69.16	Microviridae
v84659	4/8	49.95	Microviridae
v84660	5/9	50.38	Microviridae
v84661	5/8	48.58	Microviridae
v84662	5/6	50.48	Microviridae
v84663	6/10	45.78	Microviridae
v84664	7/10	57.76	Microviridae
v84666	7/18	38.13	Salasmaviridae
v84667	9/9	61.23	Microviridae
v84669	2/8	31.30	Microviridae
v84670	7/27	38.74	Guelinviridae
v84673	11/147	40.48	Herelleviridae
v84677	8/8	55.75	Microviridae
v84678	6/7	74.48	Microviridae
v84680	8/8	55.79	Microviridae
v84683	12/82	49.82	Drexlerviridae
v84684	3/8	42.03	Retroviridae
v84685	9/9	75.40	Microviridae
v84686	4/7	45.02	Microviridae
v84687	4/7	38.95	Microviridae
v84688	6/8	64.37	Microviridae
v84689	6/9	57.82	Microviridae
v84690	7/9	62.53	Microviridae
v84691	6/6	85.53	Microviridae
v84692	3/10	52.03	Retroviridae
v84693	9/9	58.97	Microviridae
v84694	4/9	45.62	Microviridae
v84696	5/6	54.82	Microviridae
v84697	3/7	38.27	Microviridae
v84698	4/7	41.05	Microviridae
v84701	4/7	37.48	Microviridae
v84702	7/15	38.23	Salasmaviridae
v84703	6/6	74.78	Microviridae
v84704	49/63	89.73	Autographiviridae
v84705	51/63	84.00	Autographiviridae
v84708	3/4	39.80	Polyomaviridae
v84709	5/7	38.50	Microviridae
v84710	6/7	53.30	Microviridae
v84711	7/7	79.49	Microviridae
v84712	8/8	78.25	Microviridae
v84713	4/6	34.65	Microviridae
v84714	7/7	74.27	Microviridae
v84715	15/15	74.62	Microviridae
v84716	3/6	34.43	Microviridae
v84717	7/7	70.76	Microviridae
v84718	6/7	46.05	Microviridae
v84719	58/68	87.42	Autographiviridae
v84720	6/9	56.60	Microviridae
v84721	7/8	52.81	Microviridae
v84722	7/10	57.13	Microviridae
v84723	8/8	77.84	Microviridae
v84724	15/25	59.37	Guelinviridae
v84725	6/20	37.93	Salasmaviridae
v84728	6/10	47.77	Microviridae
v84730	6/7	60.12	Microviridae
v84731	5/6	53.00	Microviridae
v84732	8/9	60.98	Microviridae
v84733	8/9	69.65	Microviridae
v84734	7/9	58.14	Microviridae
v84735	17/17	76.99	Microviridae
v84736	20/20	78.47	Microviridae
v84737	9/9	73.32	Microviridae
v84738	7/7	79.16	Microviridae
v84740	4/5	44.77	Microviridae
v84741	7/7	74.67	Microviridae
v84742	7/7	72.47	Microviridae
v84747	8/9	94.38	Microviridae
v84748	4/7	92.05	Microviridae
v84749	5/17	32.78	Salasmaviridae
v84751	7/8	71.06	Microviridae
v84754	3/8	40.73	Microviridae
v84755	3/9	36.07	Microviridae
v84759	6/10	51.03	Microviridae
v84760	6/10	50.78	Microviridae
v84761	17/25	60.68	Guelinviridae
v84762	7/9	80.56	Microviridae
v84763	8/8	80.35	Microviridae
v84764	7/7	77.03	Microviridae
v84765	6/8	76.52	Microviridae
v84767	6/9	87.88	Microviridae
v84769	9/9	59.97	Microviridae
v84770	7/20	37.03	Salasmaviridae
v84771	3/6	34.87	Microviridae
v84776	4/8	47.17	Microviridae
v84781	6/9	68.00	Microviridae
v84786	4/8	39.70	Microviridae
v84787	7/8	78.59	Microviridae
v84788	6/10	65.17	Microviridae
v84789	7/11	51.70	Microviridae
v84790	4/10	44.65	Microviridae
v84791	3/15	30.00	Guelinviridae
v84792	8/8	73.79	Microviridae
v84793	6/9	53.73	Microviridae
v84797	5/8	48.12	Microviridae
v84798	4/8	37.58	Microviridae
v84799	7/9	86.70	Microviridae
v84800	6/6	83.25	Microviridae
v84801	7/7	75.31	Microviridae
v84803	5/7	53.62	Microviridae
v84804	7/8	82.40	Microviridae
v84805	6/8	66.02	Microviridae
v84806	8/10	57.94	Microviridae
v84807	7/8	87.57	Microviridae
v84808	9/9	58.63	Microviridae
v84809	7/10	86.83	Microviridae
v84810	8/9	58.36	Microviridae
v84811	7/10	68.29	Microviridae
v84813	5/8	37.64	Microviridae
v84814	4/7	45.52	Microviridae
v84815	6/6	81.72	Microviridae
v84816	6/9	70.40	Microviridae
v84817	7/8	59.93	Microviridae
v84818	6/7	64.95	Microviridae
v84819	7/9	84.86	Microviridae
v84820	6/8	45.22	Microviridae
v84821	4/8	37.23	Microviridae
v84822	4/8	40.55	Microviridae
v84823	9/11	58.31	Microviridae
v84825	7/7	73.83	Microviridae
v84826	7/7	67.31	Microviridae
v84828	7/8	96.29	Microviridae
v84829	5/7	54.98	Microviridae
v84830	5/9	52.54	Microviridae
v84831	5/6	36.24	Microviridae
v84832	5/6	54.60	Microviridae
v84833	5/9	56.50	Microviridae
v84834	6/9	65.85	Microviridae
v84835	8/9	59.17	Microviridae
v84837	7/7	91.69	Microviridae
v84838	9/10	74.92	Microviridae
v84839	5/8	54.44	Microviridae
v84840	5/6	88.60	Microviridae
v84841	6/7	50.15	Microviridae
v84842	7/7	72.47	Microviridae
v84843	5/8	71.16	Microviridae
v84844	7/7	77.60	Microviridae
v84845	6/6	85.23	Microviridae
v84846	6/7	60.48	Microviridae
v84847	8/9	88.10	Microviridae
v84848	8/11	56.10	Microviridae
v84849	7/8	96.39	Microviridae
v84850	4/9	47.38	Microviridae
v84851	4/8	38.95	Microviridae
v84852	4/8	42.85	Microviridae
v84853	7/9	67.37	Microviridae
v84854	7/10	50.51	Microviridae
v84855	5/7	81.70	Microviridae
v84856	7/9	76.81	Microviridae
v84857	6/7	45.17	Microviridae
v84858	5/7	51.88	Microviridae
v84863	6/15	35.50	Guelinviridae
v84864	21/23	77.54	Guelinviridae
v84866	7/7	85.57	Microviridae
v84867	5/9	50.50	Microviridae
v84869	7/9	77.37	Microviridae
v84870	6/6	81.98	Microviridae
v84871	7/9	58.89	Microviridae
v84872	8/9	83.12	Microviridae
v84873	5/5	83.00	Microviridae
v84874	7/7	53.10	Microviridae
v84875	6/6	74.78	Microviridae
v84876	7/7	50.83	Microviridae
v84877	8/9	62.58	Microviridae
v84878	8/10	62.84	Microviridae
v84879	6/8	54.20	Microviridae
v84880	12/26	52.92	Guelinviridae
v84881	5/24	32.18	Salasmaviridae
v84883	5/9	49.68	Microviridae
v84884	9/9	87.24	Microviridae
v84886	5/6	53.78	Microviridae
v84887	5/7	71.02	Microviridae
v84888	9/9	74.34	Microviridae
v84889	3/5	39.80	Microviridae
v84890	6/6	87.02	Microviridae
v84891	8/40	37.83	Drexlerviridae
v84892	7/7	78.29	Microviridae
v84893	5/9	40.90	Microviridae
v84894	8/8	53.27	Microviridae
v84895	8/10	75.64	Microviridae
v84896	9/10	74.52	Microviridae
v84898	6/9	69.38	Microviridae
v84900	4/5	35.73	Microviridae
v84901	7/9	90.19	Microviridae
v84902	6/6	63.67	Microviridae
v84903	8/9	52.35	Microviridae
v84904	6/8	44.25	Microviridae
v84905	6/8	79.25	Microviridae
v84906	3/8	36.40	Microviridae
v84907	6/7	61.08	Microviridae
v84908	4/6	42.02	Microviridae
v84909	4/9	57.05	Microviridae
v84916	13/22	66.05	Guelinviridae
v84918	98/105	71.70	Steigviridae
v84919	11/74	49.40	Autographiviridae
v84920	96/98	93.91	Suoliviridae
v84921	7/7	77.54	Microviridae
v84923	11/58	43.17	Aliceevansviridae
v84925	4/7	39.35	Microviridae
v84926	6/7	56.70	Microviridae
v84927	10/10	60.30	Microviridae
v84928	7/9	49.21	Microviridae
v84929	6/8	56.77	Microviridae
v84930	6/7	61.12	Microviridae
v84931	7/9	71.47	Microviridae
v84932	7/7	83.53	Microviridae
v84933	5/9	51.44	Microviridae
v84934	8/9	62.51	Microviridae
v84935	3/6	39.37	Microviridae
v84936	5/21	33.00	Guelinviridae
v84937	8/10	85.17	Microviridae
v84938	7/8	60.27	Microviridae
v84939	5/8	50.14	Microviridae
v84940	6/9	82.87	Microviridae
v84942	8/10	74.62	Microviridae
v84943	7/7	82.60	Microviridae
v84944	6/8	55.42	Microviridae
v84945	7/8	77.06	Microviridae
v84946	2/8	34.70	Microviridae
v84947	6/6	81.25	Microviridae
v84948	6/7	71.63	Microviridae
v84949	6/10	47.12	Microviridae
v84950	4/8	37.83	Microviridae
v84951	9/9	56.22	Microviridae
v84952	6/6	80.30	Microviridae
v84953	5/8	40.32	Microviridae
v84954	7/7	86.40	Microviridae
v84955	5/8	39.68	Microviridae
v84956	7/8	84.41	Microviridae
v84957	7/8	58.69	Microviridae
v84958	6/6	74.82	Microviridae
v84959	6/7	60.37	Microviridae
v84960	5/8	36.40	Microviridae
v84961	7/9	65.44	Microviridae
v84962	5/7	53.62	Microviridae
v84963	6/10	51.20	Microviridae
v84964	5/11	58.20	Microviridae
v84965	5/10	58.92	Microviridae
v84966	8/9	82.50	Microviridae
v84967	4/9	53.83	Microviridae
v84968	5/8	53.48	Microviridae
v84970	13/96	46.54	Suoliviridae
v84973	7/9	59.43	Microviridae
v84974	11/12	59.98	Microviridae
v84975	5/8	45.44	Microviridae
v84976	6/23	35.58	Salasmaviridae
v84977	5/8	45.92	Microviridae
v84978	6/10	57.82	Microviridae
v84979	7/8	64.40	Microviridae
v84980	4/8	47.00	Microviridae
v84981	7/8	59.89	Microviridae
v84982	5/7	54.74	Microviridae
v84983	5/10	48.88	Microviridae
v84984	8/9	58.58	Microviridae
v84985	7/9	89.01	Microviridae
v84986	8/8	61.86	Microviridae
v84987	7/10	58.71	Microviridae
v84989	6/9	49.75	Microviridae
v84990	8/9	60.86	Microviridae
v84991	4/8	40.40	Microviridae
v84992	7/9	70.60	Microviridae
v84993	4/8	41.80	Microviridae
v84994	6/8	88.92	Microviridae
v84995	8/9	90.05	Microviridae
v84996	6/7	81.78	Microviridae
v84997	9/10	89.86	Microviridae
v84998	7/8	58.89	Microviridae
v84999	8/11	86.11	Microviridae
v85000	7/10	91.61	Microviridae
v85001	8/9	59.40	Microviridae
v85002	5/9	41.16	Microviridae
v85003	5/8	81.94	Microviridae
v85004	6/7	91.80	Microviridae
v85005	5/7	51.40	Microviridae
v85006	7/10	89.67	Microviridae
v85007	5/8	39.36	Microviridae
v85008	5/6	39.26	Microviridae
v85009	7/8	65.06	Microviridae
v85010	5/5	69.18	Microviridae
v85011	5/21	38.00	Salasmaviridae
v85012	7/11	56.04	Microviridae
v85014	6/27	31.00	Guelinviridae
v85019	4/8	41.80	Microviridae
v85021	6/8	54.32	Microviridae
v85023	11/46	44.12	Aliceevansviridae
v85026	5/9	48.12	Microviridae
v85027	5/8	45.66	Microviridae
v85028	7/8	63.07	Microviridae
v85029	6/8	94.50	Microviridae
v85030	5/6	40.40	Microviridae
v85031	4/8	36.95	Microviridae
v85032	7/10	57.46	Microviridae
v85033	6/6	59.42	Microviridae
v85034	8/8	58.64	Microviridae
v85035	5/24	36.42	Salasmaviridae
v85036	5/8	40.90	Microviridae
v85038	6/6	85.10	Microviridae
v85039	6/11	52.98	Microviridae
v85040	8/9	59.31	Microviridae
v85041	6/6	71.63	Microviridae
v85044	7/7	53.54	Microviridae
v85045	7/9	86.53	Microviridae
v85046	6/7	86.97	Microviridae
v85047	5/7	40.86	Microviridae
v85048	7/11	89.49	Microviridae
v85049	7/7	74.77	Microviridae
v85050	5/8	37.32	Microviridae
v85051	4/8	49.65	Microviridae
v85052	6/9	67.30	Microviridae
v85053	6/6	83.60	Microviridae
v85054	3/6	40.40	Microviridae
v85055	6/9	48.85	Microviridae
v85056	7/9	69.43	Microviridae
v85057	7/8	45.74	Microviridae
v85058	6/7	63.93	Microviridae
v85059	7/7	80.27	Microviridae
v85060	6/8	88.50	Microviridae
v85062	4/11	46.75	Microviridae
v85063	6/8	71.95	Microviridae
v85064	4/12	38.77	Microviridae
v85065	1/2	36.20	Metaviridae
v85066	7/11	56.20	Microviridae
v85067	4/9	47.55	Microviridae
v85068	8/10	58.08	Microviridae
v85070	6/7	37.18	Microviridae
v85085	8/9	67.09	Microviridae
v85086	6/9	54.32	Microviridae
v85087	3/7	42.97	Microviridae
v85088	4/7	91.58	Microviridae
v85089	6/9	78.98	Microviridae
v85090	8/11	88.92	Microviridae
v85091	4/6	58.38	Microviridae
v85093	6/8	67.15	Microviridae
v85094	10/11	64.24	Microviridae
v85096	5/7	39.24	Microviridae
v85097	7/7	73.33	Microviridae
v85098	7/9	47.89	Microviridae
v85099	10/24	45.56	Guelinviridae
v85100	7/7	61.56	Microviridae
v85101	5/6	71.82	Microviridae
v85102	6/20	34.63	Guelinviridae
v85104	4/11	34.58	Guelinviridae
v85106	8/10	87.86	Microviridae
v85107	6/6	86.97	Microviridae
v85108	8/8	63.49	Microviridae
v85110	6/8	67.68	Microviridae
v85111	6/6	71.98	Microviridae
v85113	4/6	42.33	Microviridae
v85114	6/6	79.97	Microviridae
v85115	5/9	45.48	Microviridae
v85116	7/7	82.29	Microviridae
v85117	6/6	71.43	Microviridae
v85119	3/9	42.03	Microviridae
v85120	73/199	49.45	Steigviridae
v85121	5/9	46.88	Microviridae
v85123	6/9	49.55	Microviridae
v85124	5/9	49.72	Microviridae
v85125	7/8	80.20	Microviridae
v85126	8/10	58.92	Microviridae
v85127	7/10	59.89	Microviridae
v85128	8/10	56.17	Microviridae
v85130	7/8	84.80	Microviridae
v85131	6/9	56.70	Microviridae
v85132	7/7	82.60	Microviridae
v85133	6/6	58.70	Microviridae
v85134	14/18	89.12	Microviridae
v85135	6/7	69.45	Microviridae
v85136	4/9	38.95	Microviridae
v85137	7/10	58.91	Microviridae
v85138	7/7	72.90	Microviridae
v85140	8/20	36.08	Salasmaviridae
v85141	7/11	58.30	Microviridae
v85142	7/7	70.47	Microviridae
v85143	12/14	74.64	Microviridae
v85144	8/9	60.48	Microviridae
v85145	7/10	57.46	Microviridae
v85146	6/9	67.77	Microviridae
v85149	13/13	93.04	Rountreeviridae
v85150	9/9	84.46	Microviridae
v85151	8/10	66.92	Microviridae
v85152	7/9	47.57	Microviridae
v85153	5/8	49.64	Microviridae
v85154	7/9	71.99	Microviridae
v85156	3/7	41.20	Retroviridae
v85158	6/6	73.82	Microviridae
v85159	1/2	43.40	Metaviridae
v85161	9/9	60.61	Microviridae
v85163	7/9	57.77	Microviridae
v85165	7/8	64.77	Microviridae
v85166	5/8	46.14	Microviridae
v85168	4/9	41.75	Microviridae
v85169	7/9	61.26	Microviridae
v85170	7/8	61.53	Microviridae
v85171	9/9	62.42	Microviridae
v85172	3/8	36.53	Microviridae
v85173	7/9	71.90	Microviridae
v85174	7/7	77.19	Microviridae
v85175	5/9	45.30	Microviridae
v85176	8/11	90.61	Microviridae
v85177	10/93	38.68	Casjensviridae
v85178	15/15	72.81	Microviridae
v85179	6/8	46.42	Microviridae
v85180	4/7	37.23	Microviridae
v85182	8/10	58.36	Microviridae
v85183	6/6	72.38	Microviridae
v85184	5/7	55.72	Microviridae
v85185	1/5	46.40	Caulimoviridae
v85186	7/9	61.27	Microviridae
v85187	56/71	86.24	Autographiviridae
v85188	6/7	72.60	Microviridae
v85190	7/9	73.10	Microviridae
v85192	6/6	44.02	Microviridae
v85193	6/6	85.33	Microviridae
v85194	7/8	78.57	Microviridae
v85195	5/6	54.72	Microviridae
v85196	6/13	38.75	Microviridae
v85197	8/8	77.84	Microviridae
v85198	9/9	71.73	Microviridae
v85199	6/14	39.32	Microviridae
v85200	5/7	36.14	Microviridae
v85201	10/10	62.73	Microviridae
v85202	4/7	37.17	Microviridae
v85204	8/8	68.54	Microviridae
v85205	7/8	59.81	Microviridae
v85206	17/17	74.57	Microviridae
v85207	8/8	86.89	Microviridae
v85208	4/6	48.40	Microviridae
v85209	6/23	37.77	Salasmaviridae
v85210	5/9	67.48	Microviridae
v85211	4/8	42.98	Microviridae
v85213	5/7	45.40	Microviridae
v85214	7/9	59.31	Microviridae
v85216	4/8	39.50	Microviridae
v85217	7/7	73.54	Microviridae
v85218	5/9	40.62	Microviridae
v85219	8/9	89.59	Microviridae
v85220	6/8	51.72	Microviridae
v85221	9/10	53.98	Microviridae
v85222	9/9	62.51	Microviridae
v85224	6/8	82.93	Microviridae
v85225	4/8	39.33	Microviridae
v85226	6/6	85.65	Microviridae
v85227	7/9	55.11	Microviridae
v85228	3/11	40.17	Metaviridae
v85229	7/9	78.74	Microviridae
v85230	7/8	60.63	Microviridae
v85231	4/6	50.15	Microviridae
v85232	6/6	81.03	Microviridae
v85233	7/8	92.03	Microviridae
v85234	6/8	56.03	Microviridae
v85235	6/9	49.92	Microviridae
v85236	4/13	38.23	Inoviridae
v85239	8/9	64.40	Microviridae
v85240	7/9	95.86	Microviridae
v85241	6/9	47.45	Microviridae
v85242	7/7	61.83	Microviridae
v85246	7/7	73.43	Microviridae
v85248	3/7	43.90	Microviridae
v85249	6/9	63.05	Microviridae
v85250	6/9	59.48	Microviridae
v85251	2/8	37.85	Microviridae
v85252	5/9	60.14	Microviridae
v85253	5/8	50.28	Microviridae
v85254	7/8	91.80	Microviridae
v85255	18/18	74.76	Microviridae
v85256	14/14	78.72	Microviridae
v85257	8/10	52.92	Microviridae
v85258	4/7	38.95	Microviridae
v85259	4/6	63.73	Microviridae
v85260	6/11	48.58	Microviridae
v85261	10/10	71.93	Microviridae
v85262	6/6	77.85	Microviridae
v85263	8/10	76.95	Microviridae
v85264	13/75	47.55	Autographiviridae
v85265	6/6	77.03	Microviridae
v85266	6/9	57.20	Microviridae
v85267	8/9	62.49	Microviridae
v85268	5/7	42.08	Microviridae
v85269	11/11	75.16	Microviridae
v85271	6/9	39.27	Microviridae
v85273	7/11	69.07	Microviridae
v85276	13/13	76.62	Microviridae
v85278	6/7	80.07	Microviridae
v85279	2/8	32.45	Casjensviridae
v85281	6/10	44.67	Microviridae
v85285	4/8	43.52	Microviridae
v85286	7/8	71.04	Microviridae
v85287	2/4	53.40	Metaviridae
v85288	5/8	42.08	Microviridae
v85289	1/2	39.90	Metaviridae
v85291	6/18	38.70	Microviridae
v85292	16/16	73.83	Microviridae
v85294	4/8	44.02	Microviridae
v85295	4/6	41.73	Microviridae
v85296	4/6	43.77	Microviridae
v85297	6/10	48.73	Microviridae
v85298	14/15	74.49	Microviridae
v85299	10/10	86.07	Microviridae
v85300	12/13	61.70	Microviridae
v85301	7/7	74.33	Microviridae
v85303	8/9	90.05	Microviridae
v85305	29/59	60.61	Autographiviridae
v85306	9/9	77.03	Microviridae
v85310	4/7	38.55	Microviridae
v85313	7/8	54.09	Microviridae
v85314	6/7	94.90	Microviridae
v85315	10/13	72.56	Microviridae
v85317	25/25	74.63	Microviridae
v85318	10/10	72.55	Microviridae
v85319	1/2	44.30	Metaviridae
v85320	6/24	34.77	Salasmaviridae
v85321	54/54	99.28	Autographiviridae
v85323	8/8	86.61	Microviridae
v85324	2/7	45.65	Metaviridae
v85325	7/7	79.09	Microviridae
v85326	6/8	73.83	Microviridae
v85327	8/8	85.08	Microviridae
v85328	13/14	85.82	Microviridae
v85329	6/7	81.88	Microviridae
v85330	12/13	74.58	Microviridae
v85331	7/8	95.89	Microviridae
v85332	6/9	52.98	Microviridae
v85333	6/8	74.47	Microviridae
v85335	4/12	49.75	Retroviridae
v85336	9/9	71.97	Microviridae
v85337	11/11	72.37	Microviridae
v85338	12/14	77.12	Microviridae
v85340	7/9	59.03	Microviridae
v85341	5/8	36.82	Microviridae
v85342	9/9	86.88	Microviridae
v85343	4/10	46.48	Microviridae
v85344	8/9	60.70	Microviridae
v85345	10/10	80.97	Microviridae
v85347	6/9	54.00	Microviridae
v85348	8/9	59.36	Microviridae
v85349	5/13	43.64	Microviridae
v85350	7/7	74.29	Microviridae
v85351	14/17	73.22	Microviridae
v85352	6/12	46.47	Microviridae
v85353	31/32	73.78	Microviridae
v85362	6/6	86.17	Microviridae
v85364	5/7	42.82	Microviridae
v85371	10/183	32.72	Herelleviridae
v85375	5/6	48.48	Microviridae
v85376	7/10	57.34	Microviridae
v85377	2/6	36.50	Metaviridae
v85379	11/86	47.98	Drexlerviridae
v85381	6/7	67.57	Microviridae
v85382	4/6	38.88	Microviridae
v85383	10/98	42.08	Casjensviridae
v85385	10/10	78.26	Microviridae
v85386	7/7	69.63	Microviridae
v85387	9/9	72.82	Microviridae
v85389	6/6	79.45	Microviridae
v85390	7/7	86.36	Microviridae
v85391	6/8	66.42	Microviridae
v85392	9/9	62.09	Microviridae
v85393	3/5	39.90	Microviridae
v85394	4/17	31.90	Salasmaviridae
v85395	4/7	57.12	Microviridae
v85397	7/8	60.60	Microviridae
v85398	5/8	50.08	Microviridae
v85399	7/19	42.80	Guelinviridae
v85400	6/6	87.53	Microviridae
v85401	8/11	56.64	Microviridae
v85402	6/20	34.72	Guelinviridae
v85403	7/8	73.41	Microviridae
v85404	5/8	55.86	Microviridae
v85405	5/8	34.26	Microviridae
v85406	6/7	57.48	Microviridae
v85407	7/8	83.56	Microviridae
v85408	5/8	52.00	Microviridae
v85409	7/7	58.06	Microviridae
v85410	6/7	62.80	Microviridae
v85411	5/6	37.48	Microviridae
v85412	10/10	59.22	Microviridae
v85413	4/4	45.55	Microviridae
v85414	8/9	64.78	Microviridae
v85416	7/9	68.86	Microviridae
v85418	7/9	81.36	Microviridae
v85419	8/8	61.79	Microviridae
v85420	6/10	44.58	Microviridae
v85421	7/9	63.93	Microviridae
v85422	7/7	74.94	Microviridae
v85423	7/10	51.07	Microviridae
v85424	6/9	50.83	Microviridae
v85425	6/8	56.00	Microviridae
v85426	6/8	68.10	Microviridae
v85427	6/8	59.25	Microviridae
v85428	5/9	51.58	Microviridae
v85439	12/161	37.92	Aliceevansviridae
v85443	21/22	92.84	Guelinviridae
v85445	11/106	44.45	Aliceevansviridae
v85447	8/11	53.76	Microviridae
v85448	6/7	87.65	Microviridae
v85455	8/10	56.75	Microviridae
v85456	51/58	83.73	Aliceevansviridae
v85459	4/17	31.12	Guelinviridae
v85460	6/16	37.63	Salasmaviridae
v85468	22/52	56.54	Aliceevansviridae
v85469	78/79	98.63	Drexlerviridae
v85470	15/66	42.65	Aliceevansviridae
v85471	7/7	82.04	Microviridae
v85472	7/7	76.49	Microviridae
v85473	7/7	73.26	Microviridae
v85477	13/65	38.27	Mesyanzhinovviridae
v85479	54/56	96.90	Autographiviridae
v85480	12/52	41.94	Aliceevansviridae
v85488	49/49	98.83	Autographiviridae
v85489	46/47	98.41	Autographiviridae
v85495	26/28	95.35	Schitoviridae
v85502	71/78	88.57	Suoliviridae
v85507	7/10	69.20	Microviridae
v85508	6/6	80.53	Microviridae
v85509	8/10	90.40	Microviridae
v85510	7/7	76.31	Microviridae
v85511	9/9	62.10	Microviridae
v85512	6/8	48.53	Microviridae
v85513	6/10	63.25	Microviridae
v85514	9/9	60.86	Microviridae
v85515	6/6	83.13	Microviridae
v85516	8/8	60.94	Microviridae
v85517	11/11	78.30	Microviridae
v85518	6/6	82.52	Microviridae
v85519	9/9	61.44	Microviridae
v85520	8/10	56.61	Microviridae
v85521	11/13	65.17	Microviridae
v85522	10/10	58.26	Microviridae
v85523	10/12	56.25	Microviridae
v85524	8/8	51.94	Microviridae
v85526	6/6	84.33	Microviridae
v85527	4/8	41.17	Microviridae
v85529	4/19	31.80	Guelinviridae
v85531	4/9	39.90	Microviridae
v85540	14/120	31.53	Herelleviridae
v85546	7/10	58.34	Microviridae
v85547	10/10	58.51	Microviridae
v85548	8/9	65.41	Microviridae
v85551	7/9	55.06	Microviridae
v85552	8/9	51.41	Microviridae
v85553	5/10	52.06	Microviridae
v85555	6/8	56.77	Microviridae
v85556	21/23	94.35	Guelinviridae
v85557	8/11	60.48	Microviridae
v85558	7/9	79.59	Microviridae
v85559	6/7	52.37	Microviridae
v85560	5/9	35.20	Microviridae
v85561	4/9	49.92	Microviridae
v85563	7/7	90.33	Microviridae
v85564	4/8	37.73	Microviridae
v85565	8/8	60.29	Microviridae
v85566	7/8	71.53	Microviridae
v85567	6/9	59.15	Microviridae
v85569	7/9	83.81	Microviridae
v85571	7/11	50.87	Microviridae
v85572	6/8	47.85	Microviridae
v85573	5/9	56.46	Microviridae
v85574	7/8	91.01	Microviridae
v85575	9/9	53.91	Microviridae
v85579	10/15	54.32	Microviridae
v85581	7/9	68.01	Microviridae
v85583	4/6	62.83	Anelloviridae
v85590	19/23	60.31	Microviridae
v85591	6/9	46.12	Microviridae
v85593	4/7	48.00	Microviridae
v85594	6/7	57.83	Microviridae
v85595	6/6	83.17	Microviridae
v85596	7/8	58.51	Microviridae
v85597	5/5	79.46	Microviridae
v85598	6/9	82.97	Microviridae
v85599	7/9	54.29	Microviridae
v85600	5/5	76.08	Microviridae
v85601	7/7	73.83	Microviridae
v85602	4/7	42.40	Microviridae
v85603	9/9	62.44	Microviridae
v85604	6/6	79.75	Microviridae
v85605	7/7	73.77	Microviridae
v85606	7/7	81.01	Microviridae
v85607	3/5	34.87	Microviridae
v85608	7/8	63.99	Microviridae
v85609	7/7	82.73	Microviridae
v85610	8/10	87.97	Microviridae
v85611	5/7	49.96	Microviridae
v85612	6/6	75.78	Microviridae
v85613	4/8	35.38	Microviridae
v85614	5/6	55.62	Microviridae
v85615	9/10	61.26	Microviridae
v85616	5/7	39.02	Microviridae
v85617	3/7	32.70	Microviridae
v85618	6/7	57.78	Microviridae
v85619	4/8	38.60	Microviridae
v85620	7/9	51.36	Microviridae
v85621	7/7	87.19	Microviridae
v85622	6/8	47.38	Microviridae
v85623	5/8	48.08	Microviridae
v85624	5/9	54.18	Microviridae
v85625	5/8	44.06	Microviridae
v85626	8/10	56.89	Microviridae
v85627	7/9	64.29	Microviridae
v85629	6/9	54.23	Microviridae
v85630	5/9	49.06	Microviridae
v85631	8/8	92.22	Microviridae
v85632	10/10	82.89	Microviridae
v85633	6/9	68.33	Microviridae
v85634	8/9	63.70	Microviridae
v85635	5/9	47.68	Microviridae
v85637	10/11	62.09	Microviridae
v85638	4/8	46.27	Microviridae
v85641	6/7	52.18	Microviridae
v85642	7/8	86.19	Microviridae
v85643	6/9	58.03	Microviridae
v85644	6/6	82.97	Microviridae
v85646	8/11	89.46	Microviridae
v85647	6/7	51.85	Microviridae
v85648	6/7	52.07	Microviridae
v85649	6/7	54.60	Microviridae
v85650	8/10	89.66	Microviridae
v85653	7/8	60.83	Microviridae
v85655	7/9	58.20	Microviridae
v85656	9/9	63.54	Microviridae
v85657	6/6	62.12	Microviridae
v85658	6/9	50.12	Microviridae
v85659	5/15	34.18	Salasmaviridae
v85660	7/7	93.53	Microviridae
v85661	7/10	93.76	Microviridae
v85663	6/7	74.25	Microviridae
v85664	7/8	94.26	Microviridae
v85665	6/9	72.73	Microviridae
v85666	7/7	42.54	Microviridae
v85667	4/8	37.42	Microviridae
v85668	11/11	72.79	Microviridae
v85669	7/8	82.91	Microviridae
v85671	13/15	74.17	Microviridae
v85672	5/8	39.08	Microviridae
v85673	6/10	73.17	Microviridae
v85674	9/9	71.20	Microviridae
v85675	8/13	51.65	Microviridae
v85676	4/8	47.95	Microviridae
v85677	6/6	87.38	Microviridae
v85678	7/8	90.86	Microviridae
v85679	4/17	31.10	Guelinviridae
v85680	6/9	65.93	Microviridae
v85681	5/6	48.52	Microviridae
v85682	6/7	58.92	Microviridae
v85683	7/7	89.39	Microviridae
v85684	6/25	31.47	Salasmaviridae
v85687	6/8	81.90	Microviridae
v85688	7/10	56.10	Microviridae
v85690	4/19	33.62	Guelinviridae
v85691	6/23	37.10	Salasmaviridae
v85693	8/10	60.20	Microviridae
v85694	5/8	37.04	Microviridae
v85695	7/7	77.06	Microviridae
v85696	50/50	98.08	Autographiviridae
v85697	7/10	55.84	Microviridae
v85698	5/6	43.04	Microviridae
v85699	4/6	46.12	Microviridae
v85700	7/8	94.94	Microviridae
v85701	7/10	53.61	Microviridae
v85702	7/7	82.41	Microviridae
v85703	7/9	83.44	Microviridae
v85704	8/9	62.90	Microviridae
v85705	9/27	43.41	Guelinviridae
v85706	5/9	46.00	Microviridae
v85707	7/9	62.34	Microviridae
v85708	4/8	45.92	Microviridae
v85709	9/10	61.23	Microviridae
v85710	8/8	95.21	Microviridae
v85711	5/10	46.90	Microviridae
v85712	7/7	83.30	Microviridae
v85713	4/17	34.30	Guelinviridae
v85714	4/7	47.80	Microviridae
v85715	5/9	48.18	Microviridae
v85716	9/9	61.17	Microviridae
v85717	6/9	53.00	Microviridae
v85718	7/9	56.94	Microviridae
v85719	6/7	58.07	Microviridae
v85720	4/6	36.77	Microviridae
v85721	8/8	59.30	Microviridae
v85722	4/6	46.05	Microviridae
v85723	9/9	63.16	Microviridae
v85724	5/8	39.30	Microviridae
v85725	7/9	87.83	Microviridae
v85726	3/7	40.67	Microviridae
v85727	6/8	44.53	Microviridae
v85728	4/9	50.30	Microviridae
v85729	7/11	54.90	Microviridae
v85730	5/8	53.70	Microviridae
v85731	6/10	46.13	Microviridae
v85732	4/7	38.55	Microviridae
v85733	3/7	39.90	Microviridae
v85734	7/9	67.14	Microviridae
v85735	5/24	50.52	Aliceevansviridae
v85738	12/59	46.46	Aliceevansviridae
v85739	8/10	86.99	Microviridae
v85740	4/8	50.17	Microviridae
v85741	6/9	64.17	Microviridae
v85742	7/7	76.47	Microviridae
v85743	5/6	56.40	Microviridae
v85745	4/8	38.88	Microviridae
v85746	6/6	73.87	Microviridae
v85747	8/10	71.06	Microviridae
v85748	7/9	85.76	Microviridae
v85749	6/9	50.87	Microviridae
v85750	9/9	61.51	Microviridae
v85751	6/6	74.63	Microviridae
v85752	5/7	50.58	Microviridae
v85753	7/10	56.90	Microviridae
v85755	8/8	77.33	Microviridae
v85756	7/7	83.33	Microviridae
v85758	6/7	64.00	Microviridae
v85759	4/6	36.58	Microviridae
v85761	5/7	76.24	Papillomaviridae
v85766	4/18	31.43	Guelinviridae
v85767	92/94	95.14	Schitoviridae
v85769	10/55	40.62	Aliceevansviridae
v85772	97/100	93.79	Suoliviridae
v85775	7/7	81.77	Microviridae
v85778	8/10	71.45	Microviridae
v85779	6/9	65.65	Microviridae
v85780	7/7	82.44	Microviridae
v85784	6/8	68.63	Microviridae
v85788	5/21	34.42	Salasmaviridae
v85791	6/10	51.08	Microviridae
v85793	10/150	42.18	Herelleviridae
v85794	16/189	42.01	Steigviridae
v85795	53/84	51.00	Intestiviridae
v85798	3/6	62.83	Microviridae
v85799	5/9	44.62	Microviridae
v85800	7/8	60.63	Microviridae
v85802	5/9	48.58	Microviridae
v85803	5/7	63.50	Microviridae
v85804	9/9	87.51	Microviridae
v85805	7/9	89.63	Microviridae
v85807	8/9	67.12	Microviridae
v85811	4/8	56.40	Microviridae
v85812	7/9	67.40	Microviridae
v85815	8/8	86.17	Microviridae
v85816	3/5	33.93	Microviridae
v85817	5/14	31.86	Guelinviridae
v85818	6/10	52.30	Microviridae
v85819	6/7	90.92	Microviridae
v85823	4/8	41.60	Microviridae
v85826	5/6	57.36	Microviridae
v85828	5/9	59.62	Microviridae
v85830	7/7	57.91	Microviridae
v85831	8/37	44.99	Aliceevansviridae
v85832	5/10	52.10	Microviridae
v85833	5/9	45.94	Microviridae
v85834	7/7	83.86	Microviridae
v85835	6/9	66.78	Microviridae
v85836	5/7	48.98	Microviridae
v85837	4/6	42.00	Microviridae
v85838	6/10	46.87	Microviridae
v85842	5/10	46.92	Microviridae
v85847	7/20	36.56	Salasmaviridae
v85848	13/13	81.81	Microviridae
v85851	6/10	49.88	Microviridae
v85852	7/7	75.86	Microviridae
v85854	7/10	59.77	Microviridae
v85856	3/7	39.47	Microviridae
v85857	7/7	70.47	Microviridae
v85858	7/9	61.83	Retroviridae
v85861	19/74	42.77	Aliceevansviridae
v85862	5/20	33.80	Salasmaviridae
v85863	4/4	60.92	Anelloviridae
v85865	11/61	45.77	Aliceevansviridae
v85866	22/29	67.63	Autographiviridae
v85867	12/57	39.52	Aliceevansviridae
v85868	9/9	60.29	Microviridae
v85869	7/9	70.84	Microviridae
v85870	4/5	53.75	Anelloviridae
v85872	4/4	52.85	Anelloviridae
v85875	3/4	56.20	Anelloviridae
v85876	4/6	43.33	Microviridae
v85880	9/9	85.17	Microviridae
v85881	7/10	74.91	Microviridae
v85882	5/11	45.96	Microviridae
v85883	7/8	73.24	Microviridae
v85884	4/8	41.42	Microviridae
v85885	7/7	78.73	Microviridae
v85886	7/8	91.33	Microviridae
v85887	5/8	54.46	Microviridae
v85888	8/8	81.05	Microviridae
v85890	7/7	88.46	Microviridae
v85891	10/10	61.10	Microviridae
v85892	5/7	49.36	Microviridae
v85893	7/7	74.56	Microviridae
v85894	8/9	50.92	Microviridae
v85896	5/9	49.62	Microviridae
v85898	9/9	71.27	Microviridae
v85899	11/133	37.73	Herelleviridae
v85900	17/17	74.84	Microviridae
v85901	2/7	38.60	Metaviridae
v85903	5/6	80.64	Microviridae
v85904	7/7	70.17	Microviridae
v85905	8/8	83.25	Microviridae
v85906	4/8	44.15	Microviridae
v85907	6/9	95.97	Microviridae
v85909	9/9	59.77	Microviridae
v85912	55/55	97.42	Autographiviridae
v85913	6/7	86.90	Microviridae
v85918	5/7	76.24	Microviridae
v85921	7/7	87.40	Microviridae
v85922	8/11	54.67	Microviridae
v85923	5/10	40.14	Microviridae
v85924	7/7	87.63	Microviridae
v85925	14/14	70.39	Microviridae
v85926	6/6	69.42	Microviridae
v85927	6/7	52.00	Microviridae
v85928	7/9	73.57	Microviridae
v85929	6/8	74.70	Microviridae
v85930	5/8	45.86	Microviridae
v85931	7/9	85.44	Microviridae
v85932	7/8	94.80	Microviridae
v85933	8/9	79.66	Microviridae
v85934	5/10	39.32	Microviridae
v85935	13/13	74.78	Microviridae
v85936	6/8	62.27	Microviridae
v85937	8/8	59.55	Microviridae
v85938	9/9	89.33	Microviridae
v85939	6/8	70.00	Microviridae
v85940	7/9	68.00	Microviridae
v85941	7/11	86.27	Microviridae
v85942	15/425	37.99	Straboviridae
v85943	7/7	78.14	Microviridae
v85946	10/10	75.54	Microviridae
v85950	7/8	95.36	Microviridae
v85951	7/10	61.11	Microviridae
v85952	7/11	68.81	Microviridae
v85953	7/10	52.03	Microviridae
v85954	5/6	69.14	Microviridae
v85955	7/7	80.29	Microviridae
v85956	4/6	42.98	Microviridae
v85957	10/124	39.19	Peduoviridae
v85958	24/25	76.16	Microviridae
v85961	2/7	36.45	Caulimoviridae
v85964	1/2	37.10	Metaviridae
v85974	3/8	39.17	Metaviridae
v85977	1/5	36.00	Caulimoviridae
v85981	7/8	76.07	Microviridae
v85982	2/5	35.95	Metaviridae
v85984	1/5	30.70	Caulimoviridae
v85985	5/9	45.16	Microviridae
v85987	1/4	37.80	Metaviridae
v85988	1/5	33.10	Metaviridae
v85993	1/3	37.40	Metaviridae
v85994	1/5	37.40	Metaviridae
v85998	1/5	36.90	Metaviridae
v86002	2/8	30.65	Metaviridae
v86008	1/5	39.10	Metaviridae
v86024	2/10	42.55	Metaviridae
v86025	1/4	38.10	Caulimoviridae
v86035	3/12	37.17	Metaviridae
v86039	2/9	41.40	Metaviridae
v86042	1/4	35.30	Metaviridae
v86051	2/10	36.55	Caulimoviridae
v86052	7/8	91.54	Microviridae
v86053	7/7	86.40	Microviridae
v86054	4/7	36.80	Microviridae
v86055	3/7	72.20	Microviridae
v86056	9/9	61.59	Microviridae
v86058	7/9	81.36	Microviridae
v86061	4/9	56.38	Microviridae
v86064	5/8	59.52	Microviridae
v86066	21/40	47.50	Autographiviridae
v86068	7/8	83.76	Microviridae
v86069	7/8	50.59	Microviridae
v86070	7/7	73.91	Microviridae
v86071	13/13	73.06	Microviridae
v86075	2/8	30.05	Retroviridae
v86076	8/8	51.15	Microviridae
v86078	5/9	39.88	Microviridae
v86079	10/10	77.78	Microviridae
v86080	7/9	90.47	Microviridae
v86081	7/7	90.26	Microviridae
v86082	9/9	84.08	Microviridae
v86083	7/9	57.80	Microviridae
v86084	9/9	75.06	Microviridae
v86086	55/57	97.00	Autographiviridae
v86088	7/7	74.26	Microviridae
v86089	5/6	74.12	Microviridae
v86090	5/10	47.18	Microviridae
v86091	6/10	48.85	Microviridae
v86092	2/4	46.70	Parvoviridae
v86093	7/8	81.40	Microviridae
v86094	6/9	52.43	Microviridae
v86097	6/7	79.53	Microviridae
v86098	12/13	68.96	Microviridae
v86099	8/8	71.78	Microviridae
v86104	9/9	81.20	Microviridae
v86105	6/6	76.57	Microviridae
v86107	2/5	44.60	Metaviridae
v86108	2/5	34.45	Caulimoviridae
v86110	13/15	93.41	Microviridae
v86113	6/6	76.73	Microviridae
v86117	1/4	33.70	Caulimoviridae
v86118	5/7	36.22	Microviridae
v86120	1/5	33.30	Caulimoviridae
v86121	1/5	38.50	Caulimoviridae
v86122	9/9	67.46	Microviridae
v86124	8/10	62.89	Microviridae
v86125	6/8	68.78	Microviridae
v86127	9/9	57.52	Microviridae
v86128	11/11	77.67	Microviridae
v86129	18/18	75.18	Microviridae
v86130	8/9	61.33	Microviridae
v86131	12/12	75.25	Microviridae
v86132	7/7	76.21	Microviridae
v86135	7/8	64.70	Microviridae
v86137	3/10	43.77	Microviridae
v86138	6/10	65.12	Microviridae
v86139	7/8	83.36	Microviridae
v86140	2/10	49.85	Retroviridae
v86141	11/11	79.19	Microviridae
v86142	16/17	60.09	Microviridae
v86143	1/3	100.00	Microviridae
v86145	7/8	77.64	Microviridae
v86146	5/9	34.50	Microviridae
v86147	10/116	38.89	Herelleviridae
v86148	4/10	36.27	Microviridae
v86149	6/8	66.72	Microviridae
v86150	9/9	59.90	Microviridae
v86152	6/7	70.83	Microviridae
v86154	2/6	42.95	Metaviridae
v86155	6/6	85.92	Microviridae
v86156	5/6	49.50	Microviridae
v86157	7/9	89.41	Microviridae
v86158	7/8	74.71	Microviridae
v86161	7/7	76.16	Microviridae
v86162	6/6	83.55	Microviridae
v86164	2/6	35.25	Caulimoviridae
v86165	1/5	35.90	Metaviridae
v86167	7/7	69.40	Microviridae
v86169	2/7	39.80	Metaviridae
v86171	6/7	72.23	Microviridae
v86172	12/12	77.85	Microviridae
v86173	7/7	89.47	Microviridae
v86174	5/8	42.56	Microviridae
v86175	14/15	75.01	Microviridae
v86176	13/16	62.45	Microviridae
v86177	11/11	76.66	Microviridae
v86178	9/9	84.89	Microviridae
v86179	5/10	59.10	Microviridae
v86180	7/7	75.61	Microviridae
v86181	2/8	40.95	Metaviridae
v86182	4/8	41.05	Microviridae
v86183	7/7	83.86	Microviridae
v86184	5/7	48.94	Microviridae
v86185	7/7	76.10	Microviridae
v86186	6/18	35.67	Guelinviridae
v86189	6/9	54.38	Microviridae
v86194	9/12	57.02	Microviridae
v86195	18/18	72.63	Microviridae
v86199	6/8	44.75	Microviridae
v86202	7/8	90.06	Microviridae
v86203	7/9	86.20	Microviridae
v86204	6/10	50.83	Microviridae
v86205	3/8	42.73	Microviridae
v86206	6/6	85.72	Microviridae
v86207	9/9	60.17	Microviridae
v86208	7/9	56.84	Microviridae
v86209	6/8	51.53	Microviridae
v86210	7/9	67.30	Microviridae
v86211	5/7	52.62	Microviridae
v86212	4/7	38.73	Microviridae
v86213	3/13	33.70	Guelinviridae
v86214	8/18	35.73	Salasmaviridae
v86215	6/21	37.22	Salasmaviridae
v86216	5/19	34.16	Salasmaviridae
v86217	6/8	60.30	Microviridae
v86218	13/61	44.76	Aliceevansviridae
v86219	7/7	85.31	Microviridae
v86220	8/9	58.80	Microviridae
v86221	6/29	44.67	Guelinviridae
v86222	5/21	32.70	Guelinviridae
v86226	7/10	69.31	Microviridae
v86228	5/8	52.68	Microviridae
v86229	7/9	78.16	Microviridae
v86230	9/10	64.42	Microviridae
v86234	13/14	73.04	Microviridae
v86236	7/10	55.87	Microviridae
v86237	13/13	82.35	Microviridae
v86239	6/8	66.17	Microviridae
v86240	5/5	72.00	Microviridae
v86241	6/9	64.12	Microviridae
v86242	9/10	75.82	Microviridae
v86243	6/7	48.35	Microviridae
v86244	13/14	74.75	Microviridae
v86245	5/6	48.56	Microviridae
v86246	8/10	55.69	Microviridae
v86247	6/9	57.58	Microviridae
v86248	12/15	61.12	Microviridae
v86250	5/12	52.68	Microviridae
v86251	10/10	70.89	Microviridae
v86252	7/9	70.94	Microviridae
v86254	8/9	61.33	Microviridae
v86255	5/8	53.08	Microviridae
v86256	6/18	33.42	Salasmaviridae
v86257	6/21	33.65	Salasmaviridae
v86258	5/5	73.52	Microviridae
v86259	4/20	32.98	Guelinviridae
v86260	7/9	50.83	Microviridae
v86261	3/7	48.60	Microviridae
v86262	6/7	79.78	Microviridae
v86263	7/9	89.50	Microviridae
v86265	6/8	76.17	Microviridae
v86266	7/8	82.26	Microviridae
v86267	6/22	36.07	Salasmaviridae
v86268	5/7	44.98	Microviridae
v86269	5/10	45.28	Microviridae
v86270	7/9	61.53	Microviridae
v86271	7/7	94.61	Microviridae
v86272	4/8	56.02	Microviridae
v86273	7/7	76.21	Microviridae
v86274	7/7	72.77	Microviridae
v86275	4/20	32.02	Guelinviridae
v86276	7/9	69.40	Microviridae
v86277	9/9	60.26	Microviridae
v86278	6/17	37.27	Salasmaviridae
v86279	7/7	71.24	Microviridae
v86280	5/8	38.24	Microviridae
v86282	6/9	49.25	Microviridae
v86284	4/8	43.55	Microviridae
v86285	5/9	47.32	Microviridae
v86286	8/9	57.30	Microviridae
v86287	5/9	38.74	Microviridae
v86288	16/26	60.52	Guelinviridae
v86289	5/8	43.46	Microviridae
v86290	4/9	38.67	Microviridae
v86291	8/9	59.67	Microviridae
v86293	7/7	88.56	Microviridae
v86294	5/20	33.08	Guelinviridae
v86298	6/6	71.35	Microviridae
v86299	6/7	80.70	Microviridae
v86300	6/10	57.77	Microviridae
v86301	12/24	52.87	Guelinviridae
v86302	8/8	76.99	Microviridae
v86303	7/9	57.53	Microviridae
v86304	5/9	39.62	Microviridae
v86305	5/23	33.16	Guelinviridae
v86306	7/8	67.60	Microviridae
v86307	7/8	46.49	Microviridae
v86308	5/10	49.32	Microviridae
v86309	7/9	80.60	Microviridae
v86310	6/9	82.22	Microviridae
v86311	9/9	87.54	Microviridae
v86313	6/8	64.42	Microviridae
v86314	7/9	71.43	Microviridae
v86315	7/7	83.93	Microviridae
v86316	7/7	72.83	Microviridae
v86317	5/7	51.52	Microviridae
v86318	7/9	48.57	Microviridae
v86319	7/8	60.09	Microviridae
v86320	6/6	69.80	Microviridae
v86321	8/8	61.84	Microviridae
v86322	6/9	93.37	Microviridae
v86323	6/6	83.95	Microviridae
v86324	7/8	66.54	Microviridae
v86325	8/8	87.97	Microviridae
v86326	6/7	45.68	Microviridae
v86328	6/9	46.00	Microviridae
v86329	7/10	92.10	Microviridae
v86331	4/8	57.27	Microviridae
v86332	6/9	64.85	Microviridae
v86333	7/7	78.70	Microviridae
v86334	6/9	77.20	Microviridae
v86335	6/11	49.95	Microviridae
v86336	2/9	33.80	Guelinviridae
v86337	5/9	50.36	Microviridae
v86338	5/7	46.74	Microviridae
v86339	7/8	75.03	Microviridae
v86340	7/26	41.11	Guelinviridae
v86341	8/9	84.45	Microviridae
v86342	4/8	37.17	Microviridae
v86343	7/10	56.90	Microviridae
v86344	8/9	61.42	Microviridae
v86346	5/7	45.48	Microviridae
v86347	7/9	50.79	Microviridae
v86348	13/14	69.69	Microviridae
v86349	6/9	62.08	Microviridae
v86351	4/20	31.07	Guelinviridae
v86352	3/7	37.53	Microviridae
v86357	8/10	59.79	Microviridae
v86358	6/6	83.83	Microviridae
v86359	7/8	64.39	Microviridae
v86360	7/9	57.03	Microviridae
v86361	6/6	78.10	Microviridae
v86362	7/9	80.43	Microviridae
v86363	5/6	67.36	Microviridae
v86364	6/9	53.45	Microviridae
v86365	7/9	68.24	Microviridae
v86366	4/8	37.77	Microviridae
v86367	7/7	81.29	Microviridae
v86368	7/10	49.41	Microviridae
v86369	7/9	65.74	Microviridae
v86370	3/7	38.07	Microviridae
v86372	7/9	56.00	Microviridae
v86376	6/7	63.55	Microviridae
v86377	5/8	46.88	Microviridae
v86378	7/8	94.00	Microviridae
v86379	8/9	80.67	Microviridae
v86380	6/7	47.37	Microviridae
v86381	8/8	63.30	Microviridae
v86382	7/9	69.96	Microviridae
v86383	6/9	49.65	Microviridae
v86384	5/7	54.14	Microviridae
v86385	8/10	60.58	Microviridae
v86386	9/9	58.78	Microviridae
v86387	7/8	79.97	Microviridae
v86388	6/7	56.20	Microviridae
v86389	6/6	82.70	Microviridae
v86390	8/8	74.92	Microviridae
v86391	5/5	83.34	Microviridae
v86395	7/8	73.31	Microviridae
v86396	7/25	35.87	Guelinviridae
v86398	7/22	34.40	Salasmaviridae
v86399	4/18	33.10	Guelinviridae
v86403	8/8	76.81	Microviridae
v86404	9/9	61.83	Microviridae
v86407	7/8	60.90	Microviridae
v86409	9/10	60.90	Microviridae
v86410	3/7	40.47	Microviridae
v86411	8/10	58.06	Microviridae
v86412	6/8	63.42	Microviridae
v86413	5/10	45.62	Microviridae
v86414	6/8	79.07	Microviridae
v86415	8/9	65.70	Microviridae
v86416	6/7	51.33	Microviridae
v86417	7/7	86.11	Microviridae
v86418	6/9	55.67	Microviridae
v86419	9/9	82.07	Microviridae
v86420	6/19	37.53	Salasmaviridae
v86421	7/8	58.39	Microviridae
v86423	5/8	38.84	Microviridae
v86424	4/8	48.38	Microviridae
v86425	7/8	62.00	Microviridae
v86427	7/9	74.11	Microviridae
v86428	6/11	55.18	Microviridae
v86430	6/9	54.47	Microviridae
v86431	3/8	38.97	Microviridae
v86432	6/6	74.05	Microviridae
v86433	6/6	83.38	Microviridae
v86434	4/8	43.48	Microviridae
v86435	7/8	87.97	Microviridae
v86436	7/10	71.56	Microviridae
v86437	7/9	83.87	Microviridae
v86438	7/7	75.43	Microviridae
v86439	9/9	60.49	Microviridae
v86440	7/23	37.26	Salasmaviridae
v86441	7/10	48.77	Microviridae
v86442	5/6	54.38	Microviridae
v86443	6/11	52.67	Microviridae
v86445	6/8	48.17	Microviridae
v86447	5/9	49.12	Microviridae
v86451	8/10	89.40	Microviridae
v86455	2/7	31.30	Microviridae
v86457	12/113	41.94	Herelleviridae
v86458	6/21	40.18	Salasmaviridae
v86459	4/19	31.38	Guelinviridae
v86460	7/10	85.23	Microviridae
v86463	6/6	79.48	Microviridae
v86464	6/7	61.08	Microviridae
v86465	5/7	49.92	Microviridae
v86466	6/7	43.40	Microviridae
v86467	9/9	60.48	Microviridae
v86468	9/9	63.48	Microviridae
v86469	8/12	53.66	Microviridae
v86470	3/5	43.73	Microviridae
v86471	6/6	68.70	Microviridae
v86472	9/9	85.92	Microviridae
v86473	4/7	38.25	Microviridae
v86474	19/20	74.44	Microviridae
v86475	12/13	79.36	Microviridae
v86483	7/7	77.09	Microviridae
v86492	11/50	40.12	Aliceevansviridae
v86498	10/123	43.14	Herelleviridae
v86501	9/9	64.94	Microviridae
v86502	6/8	44.43	Microviridae
v86503	7/9	84.17	Microviridae
v86505	7/10	82.40	Microviridae
v86511	10/50	43.91	Aliceevansviridae
v86513	3/8	37.23	Microviridae
v86515	5/8	57.98	Microviridae
v86516	3/7	40.27	Microviridae
v86517	8/10	57.06	Microviridae
v86518	6/6	76.62	Microviridae
v86519	6/8	81.12	Microviridae
v86520	7/7	71.54	Microviridae
v86521	7/8	96.70	Microviridae
v86522	7/10	56.86	Microviridae
v86523	6/7	63.65	Microviridae
v86524	8/8	73.19	Microviridae
v86526	4/7	39.52	Microviridae
v86527	7/9	91.17	Microviridae
v86528	6/6	80.87	Microviridae
v86529	5/10	57.70	Microviridae
v86530	7/9	65.93	Microviridae
v86531	19/19	74.63	Microviridae
v86532	5/7	38.16	Microviridae
v86534	4/11	48.42	Retroviridae
v86535	7/9	96.23	Microviridae
v86536	4/8	41.38	Microviridae
v86537	5/21	55.88	Retroviridae
v86538	10/10	62.74	Microviridae
v86539	1/1	97.90	Retroviridae
v86541	9/11	70.43	Microviridae
v86542	1/4	34.70	Retroviridae
v86543	4/8	42.25	Microviridae
v86544	7/9	66.17	Microviridae
v86545	6/7	79.13	Microviridae
v86546	8/9	67.80	Microviridae
v86547	5/7	44.08	Microviridae
v86548	7/8	91.11	Microviridae
v86549	14/15	66.66	Microviridae
v86550	3/8	40.40	Microviridae
v86551	7/7	89.93	Microviridae
v86552	6/8	65.63	Microviridae
v86553	6/8	49.33	Microviridae
v86554	6/9	82.73	Microviridae
v86555	5/8	57.72	Microviridae
v86556	7/9	85.06	Microviridae
v86557	8/8	82.54	Microviridae
v86558	10/11	80.18	Microviridae
v86559	7/8	79.06	Microviridae
v86560	6/8	65.78	Microviridae
v86561	7/7	75.10	Microviridae
v86563	6/6	70.35	Microviridae
v86564	7/7	84.59	Microviridae
v86565	2/8	33.75	Microviridae
v86566	12/12	78.05	Microviridae
v86567	7/7	71.81	Microviridae
v86568	5/7	42.56	Microviridae
v86569	5/7	64.06	Microviridae
v86570	7/7	71.40	Microviridae
v86571	13/15	74.15	Microviridae
v86572	7/10	78.86	Microviridae
v86573	6/11	38.97	Microviridae
v86574	7/7	82.27	Microviridae
v86575	7/7	62.83	Microviridae
v86576	7/8	73.19	Microviridae
v86580	50/95	45.64	Intestiviridae
v86581	8/10	85.25	Microviridae
v86584	7/8	93.43	Microviridae
v86585	6/7	53.95	Microviridae
v86586	8/8	76.29	Microviridae
v86587	3/8	38.67	Microviridae
v86588	5/9	47.96	Microviridae
v86589	10/54	51.03	Aliceevansviridae
v86590	7/8	59.09	Microviridae
v86591	6/10	48.32	Microviridae
v86592	4/9	45.98	Microviridae
v86593	11/11	75.86	Microviridae
v86594	10/11	75.58	Microviridae
v86595	7/17	37.81	Microviridae
v86596	7/8	96.79	Microviridae
v86597	7/7	59.41	Microviridae
v86598	5/10	42.60	Microviridae
v86599	6/7	69.02	Microviridae
v86602	5/10	44.12	Microviridae
v86606	6/7	82.40	Microviridae
v86607	7/9	84.31	Microviridae
v86608	91/110	72.55	Steigviridae
v86611	4/8	38.05	Microviridae
v86614	5/21	34.32	Salasmaviridae
v86615	8/8	89.65	Microviridae
v86616	5/21	32.12	Salasmaviridae
v86617	2/9	33.05	Microviridae
v86618	3/8	37.90	Microviridae
v86620	7/7	73.01	Microviridae
v86625	3/7	40.07	Microviridae
v86628	3/6	35.83	Microviridae
v86629	3/10	38.20	Microviridae
v86631	6/9	39.77	Microviridae
v86632	7/9	72.69	Microviridae
v86633	10/11	76.61	Microviridae
v86634	7/8	59.10	Microviridae
v86635	7/8	62.63	Microviridae
v86636	7/8	67.37	Microviridae
v86638	7/9	93.69	Microviridae
v86639	5/9	51.04	Microviridae
v86640	5/10	49.04	Microviridae
v86642	6/9	88.12	Microviridae
v86644	6/9	50.03	Microviridae
v86645	7/9	65.33	Microviridae
v86646	7/8	49.70	Microviridae
v86647	3/6	46.70	Microviridae
v86648	3/6	34.63	Microviridae
v86649	4/8	37.73	Microviridae
v86650	7/8	88.76	Microviridae
v86651	4/9	48.58	Microviridae
v86652	5/10	46.92	Microviridae
v86653	9/9	76.02	Microviridae
v86654	8/9	57.84	Microviridae
v86655	14/19	69.96	Microviridae
v86657	5/8	53.44	Microviridae
v86658	4/9	36.38	Microviridae
v86659	15/15	74.71	Microviridae
v86660	8/8	88.65	Microviridae
v86661	1/5	30.90	Caulimoviridae
v86662	11/12	71.55	Microviridae
v86663	7/7	78.73	Microviridae
v86664	4/7	37.00	Microviridae
v86665	7/10	48.89	Microviridae
v86666	6/8	58.15	Microviridae
v86667	7/9	58.91	Microviridae
v86668	63/74	88.12	Autographiviridae
v86671	7/7	69.06	Microviridae
v86674	10/10	59.88	Microviridae
v86675	5/12	35.52	Salasmaviridae
v86678	4/7	76.70	Microviridae
v86679	7/8	62.99	Microviridae
v86680	4/5	43.05	Microviridae
v86681	9/9	75.20	Microviridae
v86682	9/9	58.87	Microviridae
v86683	3/8	38.70	Microviridae
v86684	7/8	67.53	Microviridae
v86685	7/9	65.17	Microviridae
v86686	7/8	91.44	Microviridae
v86687	6/8	45.70	Microviridae
v86691	4/20	37.75	Salasmaviridae
v86692	12/27	53.83	Salasmaviridae
v86693	6/18	37.65	Salasmaviridae
v86694	10/160	41.25	Herelleviridae
v86695	14/118	40.15	Suoliviridae
v86698	6/8	51.10	Microviridae
v86699	8/8	90.15	Microviridae
v86700	6/9	59.70	Microviridae
v86701	6/9	60.82	Microviridae
v86702	15/24	59.44	Guelinviridae
v86703	8/10	80.62	Microviridae
v86704	6/9	64.53	Microviridae
v86706	7/8	62.79	Microviridae
v86707	7/7	75.41	Microviridae
v86708	6/7	43.75	Microviridae
v86709	6/10	47.87	Microviridae
v86710	8/8	85.00	Microviridae
v86711	6/18	37.80	Salasmaviridae
v86712	6/8	69.02	Microviridae
v86714	6/8	56.55	Microviridae
v86715	7/9	74.19	Microviridae
v86716	6/11	51.70	Microviridae
v86718	1/3	35.20	Retroviridae
v86719	6/22	34.33	Salasmaviridae
v86721	5/9	57.08	Microviridae
v86724	6/9	64.10	Microviridae
v86725	4/5	39.35	Microviridae
v86726	9/9	72.33	Microviridae
v86730	54/54	94.67	Autographiviridae
v86731	7/7	88.10	Microviridae
v86732	4/8	38.67	Microviridae
v86733	6/10	93.60	Microviridae
v86734	8/9	68.92	Microviridae
v86735	8/8	59.30	Microviridae
v86737	7/8	87.87	Microviridae
v86740	6/8	44.28	Microviridae
v86741	6/9	51.42	Microviridae
v86742	7/7	78.11	Microviridae
v86743	5/8	44.00	Microviridae
v86744	6/9	48.07	Microviridae
v86745	8/9	63.46	Microviridae
v86747	17/17	75.04	Microviridae
v86748	10/11	94.17	Microviridae
v86749	4/8	45.90	Microviridae
v86750	4/10	43.98	Microviridae
v86751	7/20	31.73	Guelinviridae
v86752	8/8	62.00	Microviridae
v86753	7/10	51.74	Microviridae
v86754	6/9	49.00	Microviridae
v86756	7/19	34.63	Salasmaviridae
v86757	3/5	34.97	Microviridae
v86758	7/8	91.09	Microviridae
v86759	7/7	81.21	Microviridae
v86763	5/6	44.48	Microviridae
v86765	7/9	70.06	Microviridae
v86769	7/7	73.16	Microviridae
v86772	5/9	50.78	Microviridae
v86773	6/8	61.87	Microviridae
v86774	8/10	65.00	Microviridae
v86775	6/6	75.83	Microviridae
v86777	6/8	52.27	Microviridae
v86778	6/7	56.93	Microviridae
v86779	4/8	47.30	Microviridae
v86785	7/13	41.49	Microviridae
v86786	6/7	68.57	Microviridae
v86787	7/8	95.00	Microviridae
v86788	4/7	37.30	Microviridae
v86789	19/209	37.23	Steigviridae
v86794	6/8	72.33	Microviridae
v86798	11/99	41.57	Aliceevansviridae
v86802	13/15	70.65	Microviridae
v86803	7/9	62.00	Microviridae
v86804	8/10	56.95	Microviridae
v86805	6/8	62.68	Microviridae
v86806	3/6	38.60	Microviridae
v86807	9/9	91.30	Microviridae
v86808	5/18	30.88	Guelinviridae
v86809	4/7	42.12	Microviridae
v86810	7/7	74.49	Microviridae
v86811	5/11	58.30	Microviridae
v86812	8/9	88.79	Microviridae
v86813	6/6	84.97	Microviridae
v86814	9/9	89.09	Microviridae
v86815	9/11	57.74	Microviridae
v86816	9/9	61.33	Microviridae
v86817	6/7	70.50	Microviridae
v86818	7/7	78.00	Microviridae
v86819	7/9	80.10	Microviridae
v86821	4/9	56.70	Microviridae
v86822	5/8	36.92	Microviridae
v86823	7/7	52.70	Microviridae
v86824	6/9	52.12	Microviridae
v86825	9/9	76.77	Microviridae
v86826	8/8	53.26	Microviridae
v86827	5/8	88.16	Microviridae
v86828	9/10	61.94	Microviridae
v86829	6/9	79.10	Microviridae
v86830	7/7	80.61	Microviridae
v86832	4/6	79.72	Microviridae
v86833	3/5	46.50	Microviridae
v86834	6/8	55.65	Microviridae
v86835	8/8	58.89	Microviridae
v86836	6/6	74.38	Microviridae
v86838	7/9	62.04	Microviridae
v86841	6/8	46.33	Microviridae
v86842	8/9	60.58	Microviridae
v86844	5/10	48.38	Microviridae
v86845	5/10	49.44	Microviridae
v86846	4/13	31.18	Guelinviridae
v86847	5/9	47.08	Microviridae
v86848	4/6	47.02	Microviridae
v86849	5/9	58.02	Microviridae
v86850	7/9	80.54	Microviridae
v86851	5/10	46.12	Microviridae
v86852	3/7	42.37	Microviridae
v86853	5/6	65.42	Microviridae
v86854	6/8	63.78	Microviridae
v86855	5/6	58.82	Microviridae
v86856	7/7	81.44	Microviridae
v86857	9/9	60.11	Microviridae
v86858	6/8	57.32	Microviridae
v86859	8/9	54.56	Microviridae
v86860	6/6	75.57	Microviridae
v86861	6/8	82.67	Microviridae
v86863	7/9	70.44	Microviridae
v86864	7/9	61.01	Microviridae
v86865	7/20	35.51	Salasmaviridae
v86868	6/22	33.45	Salasmaviridae
v86872	3/14	30.23	Guelinviridae
v86874	5/7	68.34	Microviridae
v86875	4/8	55.88	Microviridae
v86877	3/10	31.53	Guelinviridae
v86878	5/24	32.32	Salasmaviridae
v86889	5/17	38.00	Guelinviridae
v86890	6/10	51.20	Microviridae
v86894	7/8	89.21	Microviridae
v86897	7/8	60.94	Microviridae
v86898	6/21	38.27	Guelinviridae
v86902	5/8	43.72	Microviridae
v86910	7/7	67.27	Microviridae
v86912	6/7	51.25	Microviridae
v86914	8/8	51.01	Microviridae
v86916	4/8	47.10	Microviridae
v86917	8/8	87.20	Microviridae
v86918	3/8	37.83	Microviridae
v86919	7/9	58.29	Microviridae
v86920	10/12	75.35	Microviridae
v86921	7/9	71.36	Microviridae
v86923	6/8	66.93	Microviridae
v86924	4/7	41.88	Microviridae
v86925	5/6	48.26	Microviridae
v86926	4/9	39.05	Microviridae
v86927	10/10	79.41	Microviridae
v86928	5/12	39.30	Microviridae
v86929	8/9	56.89	Microviridae
v86930	7/7	81.41	Microviridae
v86931	6/9	59.17	Microviridae
v86932	6/7	59.10	Microviridae
v86933	6/8	54.95	Microviridae
v86934	7/10	58.40	Microviridae
v86935	6/10	52.13	Microviridae
v86936	4/8	36.65	Microviridae
v86937	7/9	51.24	Microviridae
v86939	3/8	41.80	Microviridae
v86940	8/8	52.04	Microviridae
v86941	8/8	53.76	Microviridae
v86946	7/8	83.86	Microviridae
v86947	14/14	73.56	Microviridae
v86948	9/9	71.96	Microviridae
v86949	7/10	50.37	Microviridae
v86950	4/9	40.65	Microviridae
v86951	4/6	47.10	Microviridae
v86952	5/7	45.38	Microviridae
v86953	7/8	96.21	Microviridae
v86954	6/6	73.00	Microviridae
v86955	8/9	89.11	Microviridae
v86956	8/8	77.81	Microviridae
v86957	7/12	41.21	Microviridae
v86958	7/7	77.89	Microviridae
v86959	7/7	81.51	Microviridae
v86960	10/13	84.65	Microviridae
v86961	6/6	76.40	Microviridae
v86962	13/13	74.18	Microviridae
v86963	7/9	66.40	Microviridae
v86964	10/11	82.97	Microviridae
v86967	4/8	45.58	Microviridae
v86968	13/14	76.02	Microviridae
v86970	7/9	79.56	Microviridae
v86972	12/12	72.29	Microviridae
v86973	4/6	50.20	Microviridae
v86974	5/6	49.58	Microviridae
v86975	6/6	76.57	Microviridae
v86976	12/13	78.22	Microviridae
v86977	5/6	89.04	Microviridae
v86978	8/10	82.01	Microviridae
v86979	7/10	82.33	Microviridae
v86980	11/11	67.85	Microviridae
v86981	6/7	83.23	Microviridae
v86982	8/9	63.74	Microviridae
v86984	7/11	42.33	Microviridae
v86985	11/14	60.82	Microviridae
v86986	2/6	47.70	Microviridae
v86988	7/13	38.27	Microviridae
v86989	7/10	65.76	Microviridae
v86990	4/6	39.52	Microviridae
v86991	5/14	35.54	Inoviridae
v86992	4/7	42.48	Microviridae
v86993	8/10	60.62	Microviridae
v86994	11/11	81.16	Microviridae
v86995	3/5	33.90	Microviridae
v86996	6/6	76.02	Microviridae
v86998	7/7	82.04	Microviridae
v87000	7/8	71.91	Microviridae
v87002	8/8	53.56	Microviridae
v87003	7/10	54.04	Microviridae
v87004	6/7	65.95	Microviridae
v87005	6/8	68.83	Microviridae
v87006	9/11	66.46	Microviridae
v87007	7/7	78.13	Microviridae
v87008	8/8	86.99	Microviridae
v87009	4/8	39.02	Microviridae
v87010	7/10	42.91	Microviridae
v87011	11/12	76.32	Microviridae
v87012	5/7	54.24	Microviridae
v87013	7/8	94.47	Microviridae
v87014	6/6	76.58	Microviridae
v87015	6/9	64.25	Microviridae
v87016	6/11	79.43	Microviridae
v87017	9/10	89.11	Microviridae
v87018	5/10	47.70	Microviridae
v87019	9/9	85.27	Microviridae
v87020	8/8	91.90	Microviridae
v87021	12/13	73.84	Microviridae
v87022	6/9	79.68	Microviridae
v87023	3/8	34.87	Microviridae
v87024	7/9	64.66	Microviridae
v87025	7/7	81.90	Microviridae
v87026	7/8	57.26	Microviridae
v87027	6/10	49.95	Microviridae
v87028	7/9	83.99	Microviridae
v87029	16/17	74.46	Microviridae
v87030	7/8	97.74	Microviridae
v87034	89/91	96.48	Suoliviridae
v87035	3/6	72.10	Microviridae
v87036	3/5	34.73	Microviridae
v87037	7/10	73.69	Microviridae
v87038	5/6	35.50	Microviridae
v87039	9/9	61.07	Microviridae
v87040	5/6	78.26	Microviridae
v87041	5/9	49.08	Microviridae
v87042	10/16	48.25	Microviridae
v87043	5/8	38.86	Microviridae
v87044	5/7	57.58	Microviridae
v87045	5/7	58.78	Microviridae
v87046	9/11	66.58	Microviridae
v87047	5/7	46.06	Microviridae
v87048	7/10	55.54	Microviridae
v87049	12/13	75.36	Microviridae
v87050	6/9	65.13	Microviridae
v87051	6/8	43.18	Microviridae
v87052	4/9	45.88	Microviridae
v87053	5/10	52.30	Microviridae
v87054	9/10	61.70	Microviridae
v87055	4/8	34.17	Microviridae
v87056	15/15	87.74	Microviridae
v87057	10/18	36.97	Microviridae
v87058	3/10	34.30	Microviridae
v87060	6/8	74.85	Microviridae
v87061	7/8	54.19	Microviridae
v87062	8/8	85.65	Microviridae
v87063	8/8	77.41	Microviridae
v87065	9/15	37.86	Microviridae
v87066	7/9	61.89	Microviridae
v87067	6/7	88.57	Microviridae
v87068	7/10	68.20	Microviridae
v87069	5/10	50.74	Microviridae
v87070	4/9	43.88	Microviridae
v87071	8/9	90.96	Microviridae
v87072	6/8	56.25	Microviridae
v87073	3/8	37.53	Microviridae
v87074	13/13	81.62	Microviridae
v87075	2/8	30.80	Microviridae
v87076	5/7	39.38	Microviridae
v87077	7/7	84.73	Microviridae
v87079	18/18	74.20	Microviridae
v87080	5/9	50.64	Microviridae
v87081	4/8	48.60	Microviridae
v87082	5/9	56.96	Microviridae
v87083	5/6	53.42	Microviridae
v87084	6/8	87.03	Microviridae
v87085	6/7	54.30	Microviridae
v87086	7/8	59.41	Microviridae
v87091	5/8	40.40	Microviridae
v87094	107/114	81.92	Steigviridae
v87101	5/8	50.32	Microviridae
v87103	6/9	67.60	Microviridae
v87104	7/10	55.90	Microviridae
v87106	8/40	36.77	Casjensviridae
v87111	8/11	88.72	Microviridae
v87112	7/7	90.14	Microviridae
v87113	4/6	48.88	Microviridae
v87114	6/10	66.12	Microviridae
v87115	6/9	75.67	Microviridae
v87116	8/8	52.31	Microviridae
v87118	7/10	83.31	Microviridae
v87119	6/7	76.53	Microviridae
v87120	21/37	46.59	Autographiviridae
v87121	6/8	67.22	Microviridae
v87122	8/8	79.21	Microviridae
v87123	8/8	59.61	Microviridae
v87125	5/9	65.48	Microviridae
v87126	4/7	30.85	Microviridae
v87127	8/10	71.83	Microviridae
v87128	11/11	77.46	Microviridae
v87129	5/9	44.82	Microviridae
v87130	8/10	49.60	Microviridae
v87131	5/5	96.38	Retroviridae
v87132	3/7	38.27	Microviridae
v87133	7/8	71.11	Microviridae
v87134	4/9	44.33	Microviridae
v87135	5/10	48.32	Microviridae
v87136	7/8	88.64	Microviridae
v87137	6/6	72.50	Microviridae
v87138	6/6	63.23	Microviridae
v87139	3/4	33.60	Microviridae
v87142	21/23	96.72	Peduoviridae
v87144	5/8	39.30	Microviridae
v87146	4/7	43.45	Microviridae
v87148	6/22	33.00	Salasmaviridae
v87156	24/189	38.44	Herelleviridae
v87159	19/61	42.99	Aliceevansviridae
v87160	8/11	97.36	Microviridae
v87162	29/188	40.42	Herelleviridae
v87163	6/6	64.32	Microviridae
v87165	12/124	41.86	Herelleviridae
v87167	3/12	30.03	Guelinviridae
v87172	9/9	80.78	Microviridae
v87173	6/8	64.97	Microviridae
v87174	7/7	74.10	Microviridae
v87175	5/7	56.22	Microviridae
v87176	8/8	77.06	Microviridae
v87177	6/10	47.75	Microviridae
v87178	4/6	45.55	Microviridae
v87179	6/6	99.07	Polyomaviridae
v87180	1/4	31.50	Caulimoviridae
v87183	1/5	49.30	Retroviridae
v87187	16/18	58.62	Guelinviridae
v87188	15/15	78.77	Microviridae
v87190	8/10	59.11	Microviridae
v87191	13/16	86.98	Microviridae
v87192	9/9	81.23	Microviridae
v87194	10/61	36.61	Aliceevansviridae
v87196	4/7	42.65	Microviridae
v87197	8/39	36.15	Autographiviridae
v87199	73/78	85.81	Intestiviridae
v87201	12/207	37.37	Herelleviridae
v87204	14/108	31.69	Herelleviridae
v87207	1/2	35.90	Metaviridae
v87208	7/8	59.79	Microviridae
v87210	6/9	61.40	Microviridae
v87211	16/27	54.21	Guelinviridae
v87212	8/8	52.83	Microviridae
v87216	6/7	70.30	Microviridae
v87218	8/32	51.27	Aliceevansviridae
v87225	7/8	59.59	Microviridae
v87226	5/15	37.78	Guelinviridae
v87227	7/9	61.89	Microviridae
v87228	18/18	73.64	Microviridae
v87236	10/10	63.31	Microviridae
v87237	7/7	58.71	Microviridae
v87238	5/8	89.62	Microviridae
v87239	6/8	81.58	Microviridae
v87240	7/8	51.61	Microviridae
v87241	6/8	66.87	Microviridae
v87244	7/7	78.24	Microviridae
v87245	7/9	68.07	Microviridae
v87249	8/9	84.31	Microviridae
v87250	6/8	41.50	Microviridae
v87251	9/9	80.28	Microviridae
v87252	7/9	85.00	Microviridae
v87254	7/8	54.27	Microviridae
v87255	5/9	56.84	Microviridae
v87256	12/16	64.62	Microviridae
v87257	6/6	84.45	Microviridae
v87259	4/6	46.50	Microviridae
v87260	4/8	37.77	Microviridae
v87261	7/9	78.41	Microviridae
v87262	7/8	92.79	Microviridae
v87267	5/20	32.72	Guelinviridae
v87268	9/10	59.27	Microviridae
v87269	6/9	74.33	Microviridae
v87270	8/9	60.30	Microviridae
v87271	4/8	49.12	Microviridae
v87272	48/49	97.79	Autographiviridae
v87276	8/10	80.66	Microviridae
v87277	5/17	32.80	Guelinviridae
v87278	5/6	45.66	Microviridae
v87280	8/10	75.88	Microviridae
v87281	9/9	56.94	Microviridae
v87282	10/128	48.70	Aliceevansviridae
v87283	7/9	59.53	Microviridae
v87284	3/6	72.77	Microviridae
v87285	6/8	60.83	Microviridae
v87286	4/7	47.27	Microviridae
v87287	8/9	90.67	Microviridae
v87288	3/6	30.77	Microviridae
v87290	3/7	43.97	Microviridae
v87292	4/6	46.48	Microviridae
v87294	3/8	38.83	Microviridae
v87298	8/9	64.14	Microviridae
v87300	6/8	81.32	Microviridae
v87301	15/174	41.20	Herelleviridae
v87302	6/8	52.53	Microviridae
v87307	8/8	88.47	Microviridae
v87308	4/6	42.88	Microviridae
v87309	7/10	49.70	Microviridae
v87310	3/7	31.83	Microviridae
v87312	7/9	75.21	Microviridae
v87313	6/8	67.00	Microviridae
v87314	5/17	32.82	Guelinviridae
v87315	4/7	48.77	Microviridae
v87316	4/6	63.23	Microviridae
v87317	9/9	84.32	Microviridae
v87318	3/7	37.17	Microviridae
v87319	4/7	36.88	Microviridae
v87320	2/8	31.70	Microviridae
v87321	7/9	88.74	Microviridae
v87322	6/7	64.43	Microviridae
v87323	7/9	78.37	Microviridae
v87324	3/8	38.37	Microviridae
v87326	7/10	57.34	Microviridae
v87327	5/8	52.36	Microviridae
v87328	6/8	78.27	Microviridae
v87329	8/9	57.08	Microviridae
v87330	7/7	86.86	Microviridae
v87331	6/8	96.40	Microviridae
v87332	3/6	34.30	Microviridae
v87333	4/7	34.30	Microviridae
v87334	9/9	59.20	Microviridae
v87335	9/9	85.26	Microviridae
v87336	4/11	46.17	Microviridae
v87340	6/8	50.58	Microviridae
v87341	7/7	80.77	Microviridae
v87342	7/8	97.46	Microviridae
v87343	5/10	57.06	Microviridae
v87344	6/9	64.00	Microviridae
v87345	8/22	39.52	Microviridae
v87346	4/18	30.90	Guelinviridae
v87349	6/8	81.73	Microviridae
v87350	7/9	66.94	Microviridae
v87353	6/9	70.05	Microviridae
v87355	5/20	32.18	Salasmaviridae
v87356	8/25	43.79	Guelinviridae
v87358	44/54	67.10	Suoliviridae
v87359	13/17	60.26	Microviridae
v87362	6/22	38.37	Salasmaviridae
v87363	9/11	61.73	Microviridae
v87367	5/20	31.40	Salasmaviridae
v87370	7/9	60.66	Microviridae
v87371	6/18	33.13	Salasmaviridae
v87373	5/7	54.18	Microviridae
v87374	4/19	40.02	Guelinviridae
v87375	9/9	59.40	Microviridae
v87376	4/7	45.45	Microviridae
v87377	5/6	80.68	Microviridae
v87378	6/7	53.08	Microviridae
v87379	6/10	75.18	Microviridae
v87381	3/7	37.23	Microviridae
v87382	6/6	60.23	Microviridae
v87383	7/9	65.54	Microviridae
v87384	5/8	87.70	Microviridae
v87385	5/9	43.12	Microviridae
v87386	6/10	62.30	Microviridae
v87387	4/8	81.17	Microviridae
v87388	5/9	40.52	Microviridae
v87389	6/8	66.53	Microviridae
v87390	7/10	69.87	Microviridae
v87391	6/8	75.85	Microviridae
v87392	6/22	36.45	Salasmaviridae
v87393	8/10	64.83	Microviridae
v87396	4/8	49.75	Microviridae
v87397	5/8	51.92	Microviridae
v87398	8/13	38.69	Microviridae
v87399	4/6	48.08	Microviridae
v87400	6/8	45.85	Microviridae
v87401	7/8	70.91	Microviridae
v87402	6/6	78.13	Microviridae
v87403	5/14	37.38	Salasmaviridae
v87404	6/6	78.27	Microviridae
v87405	7/7	67.99	Microviridae
v87406	8/11	51.31	Microviridae
v87407	7/10	56.13	Microviridae
v87408	6/7	67.27	Microviridae
v87409	6/10	87.48	Microviridae
v87410	20/22	95.19	Guelinviridae
v87411	11/11	77.29	Microviridae
v87413	21/22	79.51	Microviridae
v87415	6/8	84.95	Microviridae
v87416	11/11	77.25	Microviridae
v87417	13/133	47.65	Suoliviridae
v87418	5/9	48.46	Microviridae
v87420	4/7	42.52	Microviridae
v87422	9/15	50.32	Microviridae
v87423	7/9	66.23	Microviridae
v87424	4/9	37.20	Microviridae
v87425	8/8	83.36	Microviridae
v87427	8/11	84.01	Microviridae
v87428	6/7	82.08	Microviridae
v87429	17/17	75.56	Microviridae
v87431	10/10	69.88	Microviridae
v87432	7/9	64.64	Microviridae
v87433	5/8	40.98	Microviridae
v87434	12/13	79.00	Microviridae
v87435	8/9	63.65	Microviridae
v87436	7/7	71.07	Microviridae
v87437	7/7	68.93	Microviridae
v87438	4/7	42.33	Microviridae
v87439	6/6	87.53	Microviridae
v87440	7/9	67.16	Microviridae
v87441	7/9	81.29	Microviridae
v87442	8/9	60.09	Microviridae
v87443	6/6	77.30	Microviridae
v87444	6/19	30.92	Guelinviridae
v87445	16/25	61.08	Guelinviridae
v87447	4/9	37.42	Microviridae
v87448	6/9	52.40	Microviridae
v87452	7/9	67.87	Microviridae
v87453	6/7	56.20	Microviridae
v87454	7/10	78.26	Microviridae
v87455	9/9	61.78	Microviridae
v87456	5/9	50.06	Microviridae
v87458	5/9	59.72	Microviridae
v87459	5/8	52.88	Microviridae
v87460	1/5	36.10	Metaviridae
v87461	2/7	40.80	Metaviridae
v87462	7/7	77.23	Microviridae
v87463	7/7	72.76	Microviridae
v87466	1/4	44.10	Caulimoviridae
v87468	8/8	59.04	Microviridae
v87470	4/8	37.62	Microviridae
v87472	3/11	37.77	Metaviridae
v87475	2/7	37.60	Metaviridae
v87476	1/3	38.90	Retroviridae
v87477	6/7	56.50	Microviridae
v87478	7/7	73.66	Microviridae
v87479	9/10	61.40	Microviridae
v87483	9/9	73.56	Microviridae
v87484	7/10	81.47	Microviridae
v87485	5/6	73.38	Microviridae
v87486	4/4	81.40	Microviridae
v87488	6/8	79.12	Microviridae
v87489	5/7	43.54	Microviridae
v87490	7/9	76.30	Microviridae
v87491	17/142	41.57	Herelleviridae
v87492	8/11	86.03	Microviridae
v87493	8/21	39.05	Guelinviridae
v87494	9/10	85.33	Microviridae
v87500	9/9	59.96	Microviridae
v87501	6/8	69.75	Microviridae
v87502	9/10	59.94	Microviridae
v87503	7/8	79.47	Microviridae
v87506	7/8	94.67	Microviridae
v87508	7/10	80.10	Microviridae
v87509	7/8	71.84	Microviridae
v87510	14/82	45.74	Drexlerviridae
v87511	6/10	66.43	Microviridae
v87512	8/8	61.41	Microviridae
v87513	2/6	41.70	Microviridae
v87514	5/6	71.32	Microviridae
v87516	1/5	39.30	Metaviridae
v87518	7/7	83.74	Microviridae
v87519	2/5	40.50	Metaviridae
v87520	7/8	85.09	Microviridae
v87523	6/6	84.15	Microviridae
v87525	6/6	80.80	Microviridae
v87527	8/8	90.42	Microviridae
v87528	8/10	59.50	Microviridae
v87529	5/9	44.76	Microviridae
v87531	2/5	36.30	Metaviridae
v87533	5/8	40.22	Microviridae
v87536	6/8	59.92	Microviridae
v87537	6/7	56.73	Microviridae
v87538	7/9	89.27	Microviridae
v87539	1/3	42.70	Metaviridae
v87540	10/10	75.98	Microviridae
v87541	11/12	85.97	Microviridae
v87543	7/16	38.84	Salasmaviridae
v87545	7/9	46.07	Microviridae
v87549	6/8	58.17	Microviridae
v87551	4/9	45.50	Microviridae
v87552	7/8	81.29	Microviridae
v87553	3/13	30.70	Guelinviridae
v87554	5/8	38.28	Microviridae
v87555	8/26	40.74	Salasmaviridae
v87556	6/8	79.48	Microviridae
v87557	4/8	43.62	Microviridae
v87558	1/1	40.80	Metaviridae
v87559	8/8	68.83	Microviridae
v87560	6/6	74.55	Microviridae
v87561	5/10	45.98	Microviridae
v87562	4/8	66.17	Microviridae
v87563	5/9	46.42	Microviridae
v87564	3/7	41.80	Microviridae
v87565	5/7	39.02	Microviridae
v87568	6/9	48.23	Microviridae
v87569	5/8	43.42	Microviridae
v87570	6/10	48.33	Microviridae
v87571	7/7	52.31	Microviridae
v87572	4/16	53.25	Retroviridae
v87573	6/12	50.58	Microviridae
v87578	7/9	60.17	Microviridae
v87579	4/9	53.08	Microviridae
v87580	10/10	76.39	Microviridae
v87581	6/6	72.42	Microviridae
v87582	10/10	87.19	Microviridae
v87584	6/6	81.52	Microviridae
v87585	12/13	90.55	Microviridae
v87586	7/8	57.50	Microviridae
v87587	7/8	62.10	Microviridae
v87588	7/8	56.53	Microviridae
v87596	7/16	44.87	Microviridae
v87599	7/7	82.23	Microviridae
v87601	3/7	31.53	Microviridae
v87602	5/7	46.32	Microviridae
v87604	9/9	53.61	Microviridae
v87605	4/8	44.50	Microviridae
v87607	10/10	93.74	Microviridae
v87608	11/11	73.98	Microviridae
v87609	4/6	31.70	Microviridae
v87610	6/7	53.32	Microviridae
v87611	4/8	54.02	Microviridae
v87614	2/10	40.30	Metaviridae
v87615	10/11	78.41	Microviridae
v87617	23/41	52.37	Aliceevansviridae
v87622	90/93	92.27	Schitoviridae
v87623	6/9	67.87	Microviridae
v87625	5/8	43.62	Microviridae
v87626	14/16	93.19	Microviridae
v87629	8/9	65.26	Microviridae
v87631	7/7	73.89	Microviridae
v87633	5/6	50.48	Microviridae
v87635	4/7	43.60	Microviridae
v87636	10/10	77.11	Microviridae
v87637	4/7	35.05	Microviridae
v87638	8/10	83.79	Microviridae
v87639	3/8	36.77	Microviridae
v87641	5/7	35.80	Microviridae
v87642	5/8	48.26	Microviridae
v87643	8/9	84.53	Microviridae
v87645	9/9	57.82	Microviridae
v87647	5/8	50.64	Microviridae
v87648	5/5	85.48	Microviridae
v87649	4/8	46.65	Microviridae
v87650	4/9	43.58	Microviridae
v87651	5/6	55.56	Microviridae
v87652	5/7	38.92	Microviridae
v87653	13/13	72.61	Microviridae
v87654	8/11	44.58	Microviridae
v87656	8/16	58.39	Microviridae
v87657	8/24	48.79	Aliceevansviridae
v87658	5/7	71.34	Microviridae
v87659	7/8	96.34	Microviridae
v87661	4/8	41.02	Microviridae
v87662	9/9	74.98	Microviridae
v87664	8/10	88.60	Microviridae
v87666	28/58	62.14	Autographiviridae
v87669	7/7	84.84	Microviridae
v87670	7/7	78.76	Microviridae
v87676	52/54	95.34	Autographiviridae
v87677	6/9	58.85	Microviridae
v87678	5/8	42.12	Microviridae
v87679	3/7	40.53	Microviridae
v87680	9/9	78.54	Microviridae
v87681	1/1	40.80	Metaviridae
v87682	7/8	96.13	Microviridae
v87683	12/12	74.42	Microviridae
v87684	6/10	50.63	Microviridae
v87686	11/76	47.77	Drexlerviridae
v87687	4/9	56.85	Microviridae
v87688	7/9	89.30	Microviridae
v87689	6/8	62.58	Microviridae
v87690	6/6	71.77	Microviridae
v87691	5/12	41.22	Microviridae
v87692	6/9	53.47	Microviridae
v87694	7/7	80.46	Microviridae
v87696	12/14	92.64	Microviridae
v87697	11/11	83.05	Microviridae
v87699	7/7	72.17	Microviridae
v87700	12/12	74.00	Microviridae
v87701	3/9	36.80	Microviridae
v87703	14/14	75.41	Microviridae
v87704	9/9	87.94	Microviridae
v87705	15/15	83.29	Microviridae
v87706	14/14	72.84	Microviridae
v87714	47/48	94.39	Autographiviridae
v87715	28/28	92.35	Peduoviridae
v87716	13/74	42.80	Aliceevansviridae
v87720	12/54	41.92	Aliceevansviridae
v87725	20/49	63.74	Autographiviridae
v87728	10/95	46.45	Aliceevansviridae
v87735	4/14	31.40	Guelinviridae
v87743	26/70	43.90	Zierdtviridae
v87746	23/259	41.90	Herelleviridae
v87755	13/227	38.50	Herelleviridae
v87758	13/187	40.99	Herelleviridae
v87761	10/58	39.87	Aliceevansviridae
v87765	3/3	95.43	Retroviridae
v87766	11/15	66.27	Microviridae
v87767	1/2	43.70	Retroviridae
v87770	14/14	76.75	Microviridae
v87771	8/10	49.74	Microviridae
v87773	2/5	54.95	Retroviridae
v87774	7/9	66.77	Microviridae
v87775	6/9	68.15	Microviridae
v87776	6/6	74.43	Microviridae
v87777	7/7	70.59	Microviridae
v87778	1/1	30.00	Caulimoviridae
v87779	2/5	43.30	Metaviridae
v87781	9/10	70.71	Microviridae
v87782	4/14	35.30	Guelinviridae
v87783	9/13	41.39	Microviridae
v87784	1/5	33.50	Metaviridae
v87785	1/3	38.40	Metaviridae
v87786	2/10	42.15	Metaviridae
v87787	1/2	34.80	Metaviridae
v87789	3/7	37.97	Metaviridae
v87791	1/2	32.60	Metaviridae
v87792	50/54	92.82	Casjensviridae
v87793	2/5	34.70	Metaviridae
v87795	4/6	55.38	Circoviridae
v87800	14/108	38.30	Herelleviridae
v87811	7/9	61.40	Microviridae
v87812	7/8	73.53	Microviridae
v87813	7/7	81.51	Microviridae
v87814	7/7	76.16	Microviridae
v87815	8/8	88.20	Microviridae
v87816	6/9	62.08	Microviridae
v87817	10/12	90.17	Microviridae
v87819	7/7	79.29	Microviridae
v87821	8/8	62.62	Microviridae
v87822	9/16	35.18	Microviridae
v87823	9/9	78.93	Microviridae
v87824	6/6	89.35	Microviridae
v87825	9/9	75.08	Microviridae
v87826	9/9	76.43	Microviridae
v87827	13/13	80.75	Microviridae
v87829	6/8	83.30	Microviridae
v87830	8/8	60.62	Microviridae
v87832	6/6	83.20	Microviridae
v87833	7/8	96.23	Microviridae
v87836	4/6	54.60	Circoviridae
v87837	7/10	78.79	Microviridae
v87838	6/6	83.38	Microviridae
v87839	5/17	34.44	Salasmaviridae
v87842	45/55	86.25	Autographiviridae
v87843	6/7	82.97	Microviridae
v87844	6/8	62.73	Microviridae
v87845	8/35	37.08	Casjensviridae
v87848	7/7	76.90	Microviridae
v87849	10/10	73.57	Microviridae
v87850	9/10	60.26	Microviridae
v87851	16/21	62.35	Microviridae
v87852	7/9	62.90	Microviridae
v87853	5/10	41.94	Microviridae
v87854	4/4	69.92	Microviridae
v87857	5/9	40.16	Microviridae
v87858	4/8	38.55	Microviridae
v87859	8/9	89.69	Microviridae
v87860	7/9	64.59	Microviridae
v87863	4/6	40.52	Microviridae
v87864	6/8	63.98	Microviridae
v87865	5/6	53.62	Microviridae
v87867	5/9	49.98	Microviridae
v87868	4/12	35.98	Guelinviridae
v87869	8/8	72.42	Microviridae
v87870	7/7	88.53	Microviridae
v87872	7/10	49.50	Microviridae
v87873	7/10	55.17	Microviridae
v87874	8/40	46.38	Aliceevansviridae
v87876	4/9	57.67	Microviridae
v87878	60/76	85.76	Autographiviridae
v87879	7/9	96.26	Microviridae
v87880	6/8	45.73	Microviridae
v87881	7/7	79.89	Microviridae
v87883	3/4	35.73	Metaviridae
v87884	1/3	52.70	Caulimoviridae
v87885	2/9	40.85	Metaviridae
v87888	1/4	38.80	Metaviridae
v87892	1/1	38.10	Metaviridae
v87894	1/3	38.30	Retroviridae
v87897	1/4	31.90	Retroviridae
v87899	2/6	37.55	Metaviridae
v87900	1/4	35.10	Metaviridae
v87901	5/5	83.08	Microviridae
v87902	6/6	75.02	Microviridae
v87905	1/4	37.30	Metaviridae
v87909	4/7	38.58	Microviridae
v87910	7/7	69.34	Microviridae
v87911	1/2	37.90	Metaviridae
v87912	7/8	74.99	Microviridae
v87913	7/7	68.50	Microviridae
v87915	6/9	83.13	Microviridae
v87916	7/10	57.41	Microviridae
v87917	7/9	55.31	Microviridae
v87918	3/8	37.80	Microviridae
v87919	7/9	89.60	Microviridae
v87920	7/9	63.07	Microviridae
v87921	6/9	54.38	Microviridae
v87922	1/2	35.60	Metaviridae
v87923	1/2	34.70	Metaviridae
v87925	3/8	43.37	Metaviridae
v87926	1/2	38.50	Metaviridae
v87927	4/8	38.10	Microviridae
v87929	7/7	61.13	Microviridae
v87931	7/9	70.13	Microviridae
v87939	2/10	36.00	Salasmaviridae
v87940	3/14	37.73	Guelinviridae
v87941	5/6	54.34	Microviridae
v87942	6/7	69.77	Microviridae
v87943	4/9	43.85	Microviridae
v87946	7/20	41.63	Salasmaviridae
v87947	7/7	75.59	Microviridae
v87949	5/16	34.54	Salasmaviridae
v87951	7/10	78.86	Microviridae
v87952	5/7	40.46	Microviridae
v87953	15/15	77.61	Microviridae
v87954	5/10	54.92	Retroviridae
v87955	4/8	65.55	Retroviridae
v87958	8/11	67.72	Retroviridae
v87959	6/7	43.63	Microviridae
v87960	2/5	56.25	Retroviridae
v87961	2/5	81.75	Retroviridae
v87962	5/13	45.68	Retroviridae
v87963	11/15	75.25	Microviridae
v87965	11/14	70.80	Microviridae
v87966	6/8	43.02	Microviridae
v87969	3/7	95.17	Retroviridae
v87971	4/6	68.58	Retroviridae
v87972	4/8	47.35	Microviridae
v87974	4/6	37.40	Microviridae
v87975	5/8	50.90	Microviridae
v87976	8/8	80.51	Microviridae
v87977	8/9	56.23	Microviridae
v87978	1/4	34.80	Metaviridae
v87979	13/13	73.05	Microviridae
v87981	7/11	77.84	Microviridae
v87982	3/3	89.30	Parvoviridae
v87983	6/8	65.60	Microviridae
v87985	4/7	38.10	Microviridae
v87987	7/8	71.86	Microviridae
v87988	6/6	83.18	Microviridae
v87989	6/12	52.47	Microviridae
v87990	6/23	39.68	Salasmaviridae
v87991	16/146	39.95	Herelleviridae
v87992	9/9	77.87	Microviridae
v87995	7/7	77.96	Microviridae
v87998	4/7	44.77	Microviridae
v88003	5/23	33.34	Salasmaviridae
v88004	20/21	90.28	Guelinviridae
v88012	6/9	55.42	Microviridae
v88014	9/9	66.38	Microviridae
v88018	97/105	72.24	Steigviridae
v88019	3/8	33.07	Microviridae
v88023	7/7	88.50	Microviridae
v88024	12/126	42.38	Herelleviridae
v88025	8/9	88.72	Microviridae
v88026	7/10	81.00	Microviridae
v88027	7/7	72.84	Microviridae
v88028	7/9	61.47	Microviridae
v88029	5/9	60.68	Microviridae
v88031	7/10	83.66	Microviridae
v88032	6/8	65.10	Microviridae
v88033	1/1	36.00	Metaviridae
v88039	1/5	36.50	Metaviridae
v88041	1/5	30.80	Metaviridae
v88042	15/138	43.29	Suoliviridae
v88043	5/6	48.40	Microviridae
v88057	1/5	32.20	Polyomaviridae
v88060	5/7	39.10	Microviridae
v88065	16/57	43.23	Aliceevansviridae
v88070	6/11	59.77	Microviridae
v88071	29/217	46.78	Steigviridae
v88072	8/11	87.34	Microviridae
v88073	8/10	86.75	Microviridae
v88074	7/9	69.79	Microviridae
v88078	9/10	68.41	Microviridae
v88081	8/10	75.79	Microviridae
v88086	7/8	96.00	Microviridae
v88092	6/8	67.08	Microviridae
v88099	22/22	56.17	Peduoviridae
v88100	7/7	80.19	Microviridae
v88101	7/9	63.63	Microviridae
v88102	7/7	78.01	Microviridae
v88103	7/8	90.41	Microviridae
v88109	72/97	65.12	Suoliviridae
v88112	11/14	74.14	Microviridae
v88114	7/8	80.80	Microviridae
v88118	96/110	83.81	Steigviridae
v88120	17/187	40.04	Herelleviridae
v88121	7/9	81.56	Microviridae
v88127	8/9	52.62	Microviridae
v88128	1/3	37.90	Metaviridae
v88129	8/8	76.33	Microviridae
v88130	8/8	73.09	Microviridae
v88131	6/8	53.38	Microviridae
v88132	8/9	61.69	Microviridae
v88133	8/13	38.38	Microviridae
v88134	7/7	73.36	Microviridae
v88135	6/9	67.82	Microviridae
v88136	6/7	53.93	Microviridae
v88142	85/89	93.40	Crevaviridae
v88144	8/9	84.04	Microviridae
v88145	6/6	68.28	Microviridae
v88147	6/7	90.57	Microviridae
v88148	2/4	45.75	Retroviridae
v88149	10/10	70.65	Microviridae
v88150	5/7	57.24	Microviridae
v88151	7/7	56.07	Microviridae
v88152	11/11	69.41	Microviridae
v88153	14/14	81.38	Microviridae
v88154	7/7	91.49	Microviridae
v88155	4/7	43.25	Microviridae
v88156	6/6	78.90	Microviridae
v88157	14/15	74.75	Microviridae
v88158	7/8	74.61	Microviridae
v88159	7/8	62.93	Microviridae
v88160	3/8	40.43	Microviridae
v88162	13/18	57.53	Microviridae
v88163	7/7	80.76	Microviridae
v88165	10/10	62.22	Microviridae
v88166	4/7	42.67	Microviridae
v88167	7/9	48.59	Microviridae
v88169	8/10	58.36	Microviridae
v88170	6/8	73.78	Microviridae
v88171	7/9	51.21	Microviridae
v88172	6/6	89.13	Microviridae
v88174	7/9	57.17	Microviridae
v88175	6/7	67.43	Microviridae
v88176	3/5	42.63	Microviridae
v88177	5/9	58.28	Microviridae
v88178	8/8	87.34	Microviridae
v88179	1/5	33.00	Metaviridae
v88180	7/7	85.79	Microviridae
v88183	7/10	58.31	Microviridae
v88184	2/5	36.15	Metaviridae
v88185	9/10	60.34	Microviridae
v88195	4/8	38.67	Microviridae
v88196	5/8	54.74	Microviridae
v88200	6/8	53.77	Microviridae
v88202	7/8	82.16	Microviridae
v88205	7/8	51.01	Microviridae
v88207	12/12	72.03	Microviridae
v88208	29/63	60.96	Autographiviridae
v88210	6/6	79.68	Microviridae
v88211	6/9	47.68	Microviridae
v88212	4/10	44.60	Microviridae
v88213	3/10	33.60	Inoviridae
v88215	1/2	39.10	Metaviridae
v88216	5/7	49.08	Microviridae
v88217	6/15	45.80	Guelinviridae
v88218	4/8	47.52	Microviridae
v88219	4/5	38.75	Microviridae
v88220	7/20	39.41	Salasmaviridae
v88223	5/10	59.62	Microviridae
v88227	7/9	60.79	Microviridae
v88229	7/7	85.79	Microviridae
v88230	7/10	49.39	Microviridae
v88231	7/7	76.57	Microviridae
v88232	9/10	59.96	Microviridae
v88238	9/9	62.28	Microviridae
v88239	6/8	69.63	Microviridae
v88240	5/6	36.30	Microviridae
v88242	13/15	95.35	Microviridae
v88245	8/9	69.65	Microviridae
v88246	4/7	43.83	Microviridae
v88247	6/8	52.42	Microviridae
v88248	8/8	92.97	Microviridae
v88249	9/9	67.04	Microviridae
v88252	5/8	43.62	Microviridae
v88253	7/9	90.20	Microviridae
v88254	8/10	53.33	Microviridae
v88255	10/10	84.42	Microviridae
v88256	1/5	43.00	Metaviridae
v88257	12/12	77.96	Microviridae
v88258	10/10	83.62	Microviridae
v88260	6/8	75.65	Microviridae
v88261	2/10	39.65	Metaviridae
v88262	1/5	35.10	Metaviridae
v88264	2/8	49.55	Metaviridae
v88265	7/9	92.44	Microviridae
v88266	7/9	68.60	Microviridae
v88267	2/6	34.35	Metaviridae
v88269	3/7	40.20	Microviridae
v88270	2/6	30.85	Microviridae
v88271	7/9	89.53	Microviridae
v88272	1/5	36.00	Metaviridae
v88274	1/4	30.90	Retroviridae
v88275	7/9	87.99	Microviridae
v88277	7/9	94.24	Microviridae
v88278	6/11	86.77	Microviridae
v88279	7/9	61.74	Microviridae
v88280	3/8	39.10	Microviridae
v88283	8/8	61.58	Microviridae
v88285	5/7	43.72	Microviridae
v88287	8/8	79.06	Microviridae
v88288	4/8	39.77	Microviridae
v88290	4/9	56.40	Microviridae
v88292	6/8	76.98	Microviridae
v88294	2/8	37.10	Metaviridae
v88296	4/9	37.17	Microviridae
v88297	6/6	79.22	Microviridae
v88298	2/5	34.90	Metaviridae
v88299	4/8	37.65	Microviridae
v88300	1/1	35.40	Metaviridae
v88303	8/8	83.09	Microviridae
v88304	2/3	37.90	Metaviridae
v88307	7/7	86.61	Microviridae
v88309	1/4	34.60	Metaviridae
v88312	1/5	32.80	Metaviridae
v88313	1/3	34.00	Metaviridae
v88322	7/7	79.70	Microviridae
v88323	6/6	82.02	Microviridae
v88326	8/8	91.39	Microviridae
v88327	6/9	58.97	Microviridae
v88329	7/7	79.14	Microviridae
v88331	7/14	47.96	Microviridae
v88332	6/7	91.07	Microviridae
v88333	9/9	56.09	Microviridae
v88334	6/9	47.67	Microviridae
v88335	4/6	60.10	Microviridae
v88337	3/5	35.27	Metaviridae
v88338	1/4	33.60	Metaviridae
v88342	1/2	35.20	Metaviridae
v88346	4/9	34.15	Metaviridae
v88351	3/12	38.17	Metaviridae
v88352	6/6	84.95	Microviridae
v88353	6/7	72.82	Microviridae
v88355	2/9	36.30	Metaviridae
v88356	4/19	31.15	Guelinviridae
v88358	7/9	66.39	Microviridae
v88360	8/32	46.08	Drexlerviridae
v88362	4/8	49.12	Microviridae
v88363	7/8	51.23	Microviridae
v88364	3/8	39.43	Microviridae
v88365	7/7	76.90	Microviridae
v88366	4/8	42.05	Microviridae
v88367	6/8	83.75	Microviridae
v88368	3/5	39.40	Microviridae
v88369	4/8	39.38	Microviridae
v88370	6/9	93.15	Microviridae
v88372	6/7	70.52	Microviridae
v88373	12/13	79.87	Microviridae
v88374	8/10	53.64	Microviridae
v88375	7/9	61.96	Microviridae
v88377	26/60	63.97	Autographiviridae
v88379	6/7	74.15	Microviridae
v88380	4/8	40.98	Microviridae
v88383	13/13	57.67	Microviridae
v88386	4/8	36.50	Microviridae
v88387	10/76	44.11	Aliceevansviridae
v88395	3/6	31.77	Microviridae
v88398	5/5	78.48	Microviridae
v88401	4/8	49.70	Microviridae
v88402	4/8	52.12	Microviridae
v88403	5/6	61.78	Microviridae
v88405	5/8	48.82	Microviridae
v88406	7/8	68.23	Microviridae
v88407	5/9	45.86	Microviridae
v88408	2/9	35.35	Metaviridae
v88409	5/7	45.82	Microviridae
v88411	5/11	46.40	Microviridae
v88412	5/9	40.06	Microviridae
v88413	12/13	78.30	Microviridae
v88414	8/9	59.27	Microviridae
v88415	7/9	81.86	Microviridae
v88416	5/8	45.18	Microviridae
v88417	4/6	39.52	Microviridae
v88418	8/9	94.42	Microviridae
v88419	10/11	80.97	Microviridae
v88420	7/9	66.09	Microviridae
v88421	3/6	43.60	Microviridae
v88422	5/11	50.06	Microviridae
v88423	3/8	37.00	Microviridae
v88424	7/9	93.76	Microviridae
v88425	4/7	35.62	Microviridae
v88426	7/7	87.53	Microviridae
v88427	6/8	58.87	Microviridae
v88428	3/8	36.17	Microviridae
v88429	6/6	72.52	Microviridae
v88430	5/7	48.68	Microviridae
v88431	7/9	65.26	Microviridae
v88432	4/10	49.80	Microviridae
v88433	7/8	71.17	Microviridae
v88435	5/8	37.04	Microviridae
v88437	10/45	48.38	Aliceevansviridae
v88440	8/10	51.16	Microviridae
v88444	7/9	88.83	Microviridae
v88445	7/9	91.46	Microviridae
v88446	9/9	80.42	Microviridae
v88447	5/8	42.30	Microviridae
v88448	8/12	37.36	Microviridae
v88449	6/7	51.65	Microviridae
v88450	10/10	72.18	Microviridae
v88451	4/8	46.62	Microviridae
v88452	8/10	89.58	Microviridae
v88453	10/10	78.63	Microviridae
v88455	7/8	55.37	Microviridae
v88456	9/10	96.27	Microviridae
v88457	6/9	69.57	Microviridae
v88458	8/10	63.74	Microviridae
v88459	3/7	70.70	Microviridae
v88460	3/7	34.93	Microviridae
v88461	7/7	82.73	Microviridae
v88462	4/7	49.15	Microviridae
v88464	1/2	37.00	Metaviridae
v88465	1/5	38.60	Metaviridae
v88468	2/9	43.45	Metaviridae
v88469	1/5	40.70	Caulimoviridae
v88474	1/4	39.60	Metaviridae
v88476	2/10	37.65	Caulimoviridae
v88478	3/3	57.03	Caulimoviridae
v88481	2/5	44.65	Metaviridae
v88484	2/5	35.85	Metaviridae
v88486	2/4	39.35	Metaviridae
v88488	1/2	33.00	Metaviridae
v88493	7/9	50.33	Microviridae
v88494	7/7	77.27	Microviridae
v88495	7/9	68.03	Microviridae
v88496	3/10	37.87	Microviridae
v88497	7/8	69.93	Microviridae
v88498	6/7	69.00	Microviridae
v88499	3/9	38.20	Microviridae
v88500	5/9	46.78	Microviridae
v88501	5/10	60.70	Microviridae
v88502	5/8	34.46	Microviridae
v88503	7/7	70.23	Microviridae
v88504	7/7	71.86	Microviridae
v88510	7/22	36.49	Guelinviridae
v88513	11/97	45.82	Suoliviridae
v88515	6/6	81.22	Microviridae
v88516	4/8	40.73	Microviridae
v88517	6/6	77.03	Microviridae
v88518	7/7	72.96	Microviridae
v88519	5/6	46.74	Microviridae
v88520	6/7	51.37	Microviridae
v88521	3/8	53.07	Microviridae
v88522	8/8	74.15	Microviridae
v88523	6/6	79.33	Microviridae
v88524	6/7	59.75	Microviridae
v88525	7/9	50.74	Microviridae
v88526	8/10	57.98	Microviridae
v88529	3/9	33.83	Microviridae
v88531	4/8	45.42	Microviridae
v88532	10/10	64.25	Microviridae
v88536	6/9	50.05	Microviridae
v88537	9/10	95.46	Microviridae
v88538	8/8	74.39	Microviridae
v88540	4/4	70.88	Microviridae
v88541	7/11	59.39	Microviridae
v88542	7/7	75.07	Microviridae
v88543	6/23	32.77	Guelinviridae
v88545	33/34	96.76	Schitoviridae
v88546	2/8	30.90	Microviridae
v88547	5/10	57.82	Microviridae
v88548	9/9	82.29	Microviridae
v88549	6/24	36.82	Guelinviridae
v88552	5/5	73.82	Circoviridae
v88553	6/8	44.47	Microviridae
v88557	27/58	62.74	Autographiviridae
v88558	9/9	91.58	Microviridae
v88560	11/12	76.60	Microviridae
v88562	8/10	63.94	Microviridae
v88563	9/9	78.00	Microviridae
v88564	4/8	40.88	Microviridae
v88565	11/11	80.40	Microviridae
v88566	5/7	56.66	Microviridae
v88567	6/9	81.73	Microviridae
v88568	7/7	85.86	Microviridae
v88569	5/8	37.94	Microviridae
v88570	8/9	85.81	Microviridae
v88572	4/5	40.25	Microviridae
v88573	7/9	51.67	Microviridae
v88574	4/5	45.92	Microviridae
v88575	8/8	79.06	Microviridae
v88576	3/8	31.03	Microviridae
v88577	7/7	75.50	Microviridae
v88578	8/8	75.19	Microviridae
v88579	12/17	59.47	Microviridae
v88580	4/8	38.10	Microviridae
v88581	7/7	72.27	Microviridae
v88582	1/4	39.90	Metaviridae
v88583	7/9	39.71	Microviridae
v88586	1/5	39.60	Metaviridae
v88587	9/10	61.93	Microviridae
v88588	4/8	37.65	Microviridae
v88589	5/6	52.84	Microviridae
v88590	7/7	73.43	Microviridae
v88591	5/6	54.18	Microviridae
v88592	11/11	74.20	Microviridae
v88593	2/7	38.20	Microviridae
v88594	4/7	45.50	Microviridae
v88595	4/10	58.48	Microviridae
v88596	8/9	89.84	Microviridae
v88597	7/7	71.54	Microviridae
v88598	3/9	52.10	Microviridae
v88602	13/13	78.45	Microviridae
v88603	9/9	74.61	Microviridae
v88604	6/7	89.03	Microviridae
v88605	10/10	61.97	Microviridae
v88608	4/6	70.78	Microviridae
v88609	6/8	65.12	Microviridae
v88610	3/5	44.03	Microviridae
v88611	10/10	68.15	Microviridae
v88614	7/9	74.41	Microviridae
v88615	8/9	64.30	Microviridae
v88619	4/14	31.80	Guelinviridae
v88626	5/22	35.26	Salasmaviridae
v88641	5/5	83.68	Microviridae
v88644	3/6	36.50	Microviridae
v88655	7/7	82.73	Microviridae
v88658	6/8	51.35	Microviridae
v88659	8/9	97.30	Microviridae
v88660	4/7	77.50	Microviridae
v88661	6/6	74.85	Microviridae
v88662	11/14	89.50	Microviridae
v88663	6/7	86.85	Microviridae
v88664	14/14	81.98	Microviridae
v88665	7/14	38.64	Microviridae
v88666	6/7	89.07	Microviridae
v88667	6/8	67.38	Microviridae
v88669	5/7	37.32	Microviridae
v88672	7/7	74.26	Microviridae
v88675	5/6	88.22	Microviridae
v88678	5/9	49.82	Microviridae
v88679	7/10	78.46	Microviridae
v88680	6/9	52.87	Microviridae
v88682	5/7	38.88	Microviridae
v88683	3/12	51.83	Guelinviridae
v88684	9/9	81.82	Microviridae
v88685	6/9	78.23	Microviridae
v88686	5/6	35.02	Microviridae
v88688	9/9	78.62	Microviridae
v88689	6/9	82.17	Microviridae
v88691	5/8	36.84	Microviridae
v88692	5/6	43.60	Microviridae
v88693	8/15	38.42	Microviridae
v88695	12/12	76.15	Microviridae
v88696	4/6	48.20	Microviridae
v88697	5/8	64.30	Microviridae
v88698	7/7	86.44	Microviridae
v88699	4/8	46.77	Microviridae
v88700	3/5	49.33	Microviridae
v88701	4/7	51.48	Microviridae
v88702	1/2	35.90	Metaviridae
v88703	19/19	72.81	Microviridae
v88704	2/6	35.65	Metaviridae
v88705	7/7	81.50	Microviridae
v88706	15/15	75.61	Microviridae
v88707	6/6	88.00	Microviridae
v88708	7/8	71.57	Microviridae
v88709	7/8	71.01	Microviridae
v88710	14/15	93.20	Microviridae
v88711	6/9	81.17	Microviridae
v88712	7/8	72.87	Microviridae
v88713	7/9	57.17	Microviridae
v88714	5/7	36.52	Microviridae
v88715	14/14	76.81	Microviridae
v88716	1/4	39.60	Caulimoviridae
v88717	8/8	79.60	Microviridae
v88718	7/10	60.59	Microviridae
v88719	4/8	42.70	Microviridae
v88720	8/9	90.72	Microviridae
v88721	9/9	87.40	Microviridae
v88722	7/9	45.80	Microviridae
v88725	7/7	77.83	Microviridae
v88727	6/8	43.87	Microviridae
v88728	7/9	57.11	Microviridae
v88729	5/7	38.14	Microviridae
v88730	5/9	59.00	Microviridae
v88731	11/104	46.01	Aliceevansviridae
v88732	13/13	74.45	Microviridae
v88733	9/9	74.28	Microviridae
v88734	14/18	54.92	Microviridae
v88735	6/9	47.32	Microviridae
v88736	7/9	49.84	Microviridae
v88737	6/8	57.37	Microviridae
v88738	4/8	40.40	Microviridae
v88739	4/7	39.30	Microviridae
v88740	3/7	40.73	Microviridae
v88741	7/7	50.76	Microviridae
v88742	7/8	62.90	Microviridae
v88743	9/10	61.21	Microviridae
v88744	7/7	85.56	Microviridae
v88745	12/12	78.17	Microviridae
v88746	8/11	54.95	Microviridae
v88747	22/22	70.07	Microviridae
v88749	5/7	41.08	Microviridae
v88750	5/9	37.64	Microviridae
v88753	11/11	75.99	Microviridae
v88754	3/9	71.73	Microviridae
v88755	4/9	41.10	Microviridae
v88756	11/11	72.81	Microviridae
v88757	2/6	32.60	Microviridae
v88758	6/9	67.30	Microviridae
v88759	7/7	69.03	Microviridae
v88760	7/8	80.97	Microviridae
v88762	3/6	36.50	Microviridae
v88763	13/13	75.17	Microviridae
v88764	7/7	78.30	Microviridae
v88766	6/8	68.92	Microviridae
v88768	8/9	89.50	Microviridae
v88770	8/10	58.89	Microviridae
v88771	1/3	38.60	Metaviridae
v88772	1/5	44.40	Metaviridae
v88773	3/10	37.73	Microviridae
v88774	16/16	76.14	Microviridae
v88776	5/5	73.76	Microviridae
v88777	8/10	77.10	Microviridae
v88778	10/21	38.30	Microviridae
v88779	7/9	65.90	Microviridae
v88782	3/6	38.40	Microviridae
v88783	3/6	39.40	Microviridae
v88784	7/9	52.40	Microviridae
v88785	10/10	60.04	Microviridae
v88786	8/10	87.70	Microviridae
v88790	8/8	73.01	Microviridae
v88791	5/10	58.40	Microviridae
v88792	4/9	39.92	Microviridae
v88796	6/7	51.92	Microviridae
v88797	8/8	76.14	Microviridae
v88798	4/8	40.17	Microviridae
v88799	4/8	46.75	Microviridae
v88800	4/9	53.67	Microviridae
v88801	7/10	49.47	Microviridae
v88802	7/9	85.91	Microviridae
v88803	7/9	83.41	Microviridae
v88804	8/16	39.76	Microviridae
v88805	6/7	53.28	Microviridae
v88806	7/9	57.74	Microviridae
v88807	7/9	75.81	Microviridae
v88808	5/7	59.16	Microviridae
v88809	6/9	67.42	Microviridae
v88810	7/9	68.69	Microviridae
v88812	6/8	75.08	Microviridae
v88813	7/10	83.91	Microviridae
v88816	5/6	36.78	Microviridae
v88818	7/9	89.89	Microviridae
v88819	7/9	83.56	Microviridae
v88820	12/157	40.71	Herelleviridae
v88821	4/8	43.10	Microviridae
v88822	20/21	77.99	Microviridae
v88825	6/16	39.92	Microviridae
v88826	7/7	79.14	Microviridae
v88827	7/7	74.60	Microviridae
v88828	6/6	79.75	Microviridae
v88829	6/13	45.77	Guelinviridae
v88830	5/6	47.52	Microviridae
v88831	6/7	47.30	Microviridae
v88833	3/6	34.87	Microviridae
v88834	2/5	40.10	Metaviridae
v88837	12/17	57.75	Microviridae
v88838	7/10	76.27	Microviridae
v88839	11/11	80.00	Microviridae
v88840	9/9	83.20	Microviridae
v88841	3/8	40.57	Retroviridae
v88842	4/7	34.83	Microviridae
v88843	8/10	38.62	Microviridae
v88844	9/9	61.43	Microviridae
v88845	6/7	51.63	Microviridae
v88846	3/11	43.67	Microviridae
v88847	9/10	76.32	Microviridae
v88848	6/7	57.83	Microviridae
v88849	7/8	91.90	Microviridae
v88850	3/6	38.00	Microviridae
v88851	14/14	72.97	Microviridae
v88852	5/6	39.74	Microviridae
v88853	7/10	54.04	Microviridae
v88854	7/7	76.56	Microviridae
v88856	11/12	72.89	Microviridae
v88857	7/7	80.34	Microviridae
v88858	3/8	32.47	Microviridae
v88862	4/7	38.45	Microviridae
v88863	7/9	63.74	Microviridae
v88864	4/9	40.48	Microviridae
v88865	3/8	39.03	Microviridae
v88866	6/8	60.32	Microviridae
v88867	7/8	95.99	Microviridae
v88868	4/6	47.65	Microviridae
v88877	3/7	52.30	Microviridae
v88882	10/51	43.14	Aliceevansviridae
v88884	8/10	81.04	Microviridae
v88885	4/5	39.48	Microviridae
v88888	11/76	40.41	Aliceevansviridae
v88891	8/9	88.36	Microviridae
v88892	5/6	47.28	Microviridae
v88893	7/7	69.51	Microviridae
v88895	7/7	89.77	Microviridae
v88896	7/8	78.27	Microviridae
v88897	5/9	36.04	Microviridae
v88898	11/13	58.58	Microviridae
v88899	10/10	72.26	Microviridae
v88900	5/9	51.44	Microviridae
v88901	6/7	86.22	Microviridae
v88902	4/13	50.70	Inoviridae
v88904	6/7	77.85	Microviridae
v88905	13/13	73.53	Microviridae
v88906	13/15	94.20	Microviridae
v88907	64/73	85.15	Autographiviridae
v88908	8/9	75.31	Microviridae
v88909	5/7	44.76	Microviridae
v88911	4/9	39.17	Microviridae
v88912	7/7	71.60	Microviridae
v88913	5/9	40.32	Microviridae
v88914	9/9	79.77	Microviridae
v88916	8/9	60.14	Microviridae
v88917	7/9	64.96	Microviridae
v88918	5/10	59.00	Microviridae
v88919	3/7	43.80	Microviridae
v88920	102/106	94.12	Suoliviridae
v88921	8/9	60.31	Microviridae
v88922	5/9	47.18	Microviridae
v88923	4/9	36.65	Microviridae
v88924	8/9	70.08	Microviridae
v88925	10/10	73.39	Microviridae
v88926	7/7	71.90	Microviridae
v88927	6/9	69.77	Microviridae
v88929	2/7	46.60	Retroviridae
v88930	5/9	58.12	Microviridae
v88931	10/10	71.44	Microviridae
v88932	9/44	69.96	Peduoviridae
v88934	5/8	33.40	Microviridae
v88935	6/11	66.18	Retroviridae
v88936	14/14	74.61	Microviridae
v88937	9/9	89.28	Microviridae
v88938	4/6	39.85	Metaviridae
v88940	7/7	71.50	Microviridae
v88941	8/11	74.39	Microviridae
v88942	14/15	87.87	Microviridae
v88943	1/1	73.90	Microviridae
v88945	1/5	44.00	Retroviridae
v88947	7/7	79.17	Microviridae
v88948	7/11	65.14	Retroviridae
v88950	8/15	47.60	Microviridae
v88951	8/15	37.88	Microviridae
v88952	17/17	71.59	Microviridae
v88953	9/10	62.31	Microviridae
v88955	13/13	79.84	Microviridae
v88956	3/7	35.73	Microviridae
v88957	5/7	45.46	Microviridae
v88958	7/8	91.06	Microviridae
v88959	7/9	66.83	Microviridae
v88960	1/5	31.20	Retroviridae
v88961	8/9	53.15	Microviridae
v88962	11/11	71.96	Microviridae
v88963	7/8	79.89	Microviridae
v88964	1/4	34.20	Metaviridae
v88965	7/9	79.06	Microviridae
v88966	3/7	41.33	Metaviridae
v88967	7/8	91.40	Microviridae
v88968	2/9	40.20	Metaviridae
v88972	2/6	33.75	Metaviridae
v88976	4/7	35.92	Microviridae
v88977	1/5	40.20	Metaviridae
v88978	3/8	38.00	Microviridae
v88981	4/7	39.15	Microviridae
v88983	7/9	74.39	Microviridae
v88984	7/8	91.36	Microviridae
v88985	6/8	74.53	Microviridae
v88986	13/15	74.80	Microviridae
v88987	9/13	64.80	Microviridae
v88988	11/13	53.80	Microviridae
v88989	13/17	66.18	Microviridae
v88990	5/10	92.02	Retroviridae
v88991	7/9	78.53	Microviridae
v88992	19/19	83.86	Microviridae
v88994	7/11	51.53	Microviridae
v88995	6/6	72.93	Microviridae
v88996	5/6	42.36	Microviridae
v88997	8/8	70.96	Microviridae
v89000	7/9	79.36	Microviridae
v89003	10/13	61.58	Microviridae
v89004	7/14	37.84	Microviridae
v89006	13/13	77.86	Microviridae
v89007	14/19	58.84	Microviridae
v89009	5/7	36.66	Microviridae
v89011	13/74	46.75	Drexlerviridae
v89014	7/9	55.64	Microviridae
v89019	16/238	37.97	Herelleviridae
v89021	7/8	61.49	Microviridae
v89022	6/9	63.68	Microviridae
v89023	8/8	53.94	Microviridae
v89024	5/7	44.86	Microviridae
v89025	6/6	73.07	Microviridae
v89026	5/7	47.22	Microviridae
v89028	6/8	52.78	Microviridae
v89029	7/8	80.04	Microviridae
v89030	8/9	82.00	Microviridae
v89032	2/8	31.15	Microviridae
v89033	3/8	44.63	Microviridae
v89035	6/8	83.68	Microviridae
v89036	5/8	51.44	Microviridae
v89037	4/6	39.23	Microviridae
v89038	10/10	72.14	Microviridae
v89039	7/10	58.79	Microviridae
v89040	5/7	35.64	Microviridae
v89041	7/9	60.61	Microviridae
v89046	7/8	57.50	Microviridae
v89050	3/6	34.50	Microviridae
v89052	2/7	30.20	Microviridae
v89054	7/7	80.00	Microviridae
v89055	7/8	52.94	Microviridae
v89056	8/17	51.83	Inoviridae
v89057	4/6	52.05	Microviridae
v89058	10/10	72.67	Microviridae
v89059	7/7	86.30	Microviridae
v89060	16/17	61.88	Microviridae
v89062	16/17	75.47	Microviridae
v89063	8/9	75.89	Microviridae
v89064	9/9	75.63	Microviridae
v89065	2/3	40.90	Retroviridae
v89066	4/8	38.08	Microviridae
v89068	6/6	59.55	Microviridae
v89070	10/15	45.90	Microviridae
v89071	5/8	43.08	Microviridae
v89072	6/9	86.65	Microviridae
v89073	70/113	53.12	Steigviridae
v89074	4/8	39.33	Microviridae
v89075	6/7	76.30	Microviridae
v89076	11/11	73.33	Microviridae
v89077	7/8	78.50	Microviridae
v89079	6/7	71.78	Microviridae
v89080	11/11	74.46	Microviridae
v89081	5/5	88.96	Microviridae
v89082	4/6	46.67	Microviridae
v89083	2/10	40.10	Metaviridae
v89084	6/6	73.55	Microviridae
v89085	13/13	75.11	Microviridae
v89086	4/5	73.28	Microviridae
v89087	11/14	53.11	Microviridae
v89088	13/17	84.22	Microviridae
v89089	10/11	75.00	Microviridae
v89090	1/4	42.90	Retroviridae
v89091	6/8	61.17	Retroviridae
v89092	6/10	80.07	Microviridae
v89094	4/4	45.85	Retroviridae
v89096	5/10	55.34	Microviridae
v89097	4/6	35.48	Microviridae
v89098	5/9	46.00	Retroviridae
v89099	9/9	84.58	Microviridae
v89100	7/9	79.24	Microviridae
v89101	9/20	40.01	Microviridae
v89102	6/9	57.97	Retroviridae
v89104	4/7	59.45	Retroviridae
v89105	5/10	51.50	Retroviridae
v89106	4/9	39.10	Microviridae
v89107	3/6	49.33	Retroviridae
v89108	5/8	40.46	Microviridae
v89109	15/21	62.69	Microviridae
v89110	2/6	42.10	Retroviridae
v89112	3/5	77.00	Retroviridae
v89113	4/6	46.85	Microviridae
v89115	15/20	54.94	Microviridae
v89116	3/14	39.87	Inoviridae
v89117	8/10	77.97	Microviridae
v89118	6/10	91.00	Retroviridae
v89119	9/9	82.83	Microviridae
v89120	1/5	30.50	Microviridae
v89121	8/9	58.86	Retroviridae
v89122	16/17	59.09	Microviridae
v89124	30/132	42.10	Straboviridae
v89125	6/8	50.80	Microviridae
v89126	7/8	78.96	Microviridae
v89127	5/5	63.52	Microviridae
v89128	1/3	44.80	Metaviridae
v89132	1/4	35.80	Metaviridae
v89135	2/10	39.15	Metaviridae
v89136	2/6	80.70	Retroviridae
v89138	4/7	39.80	Microviridae
v89139	1/4	35.40	Metaviridae
v89140	3/9	39.43	Metaviridae
v89142	1/3	34.80	Metaviridae
v89143	7/7	84.21	Microviridae
v89146	2/6	36.60	Caulimoviridae
v89150	4/9	50.95	Microviridae
v89151	2/5	38.05	Metaviridae
v89152	1/5	33.00	Caulimoviridae
v89154	18/19	77.54	Microviridae
v89157	1/4	30.40	Caulimoviridae
v89163	5/5	53.74	Microviridae
v89165	10/10	59.29	Microviridae
v89166	8/8	87.05	Microviridae
v89167	7/8	60.70	Microviridae
v89168	10/10	73.21	Microviridae
v89169	6/9	51.70	Microviridae
v89170	6/9	76.82	Microviridae
v89171	6/9	49.65	Microviridae
v89172	10/10	55.93	Microviridae
v89173	5/10	57.22	Microviridae
v89174	7/9	64.86	Microviridae
v89182	13/13	77.85	Microviridae
v89184	13/13	74.60	Microviridae
v89186	7/9	58.36	Microviridae
v89194	7/7	45.81	Microviridae
v89196	5/6	81.86	Microviridae
v89197	6/7	59.52	Microviridae
v89198	4/6	44.33	Microviridae
v89199	6/6	82.37	Microviridae
v89202	6/8	50.13	Microviridae
v89203	9/10	92.26	Microviridae
v89204	7/10	81.86	Microviridae
v89205	5/6	44.98	Microviridae
v89206	7/9	67.71	Microviridae
v89207	7/8	71.07	Microviridae
v89208	7/10	37.89	Microviridae
v89209	9/9	78.62	Microviridae
v89211	6/7	63.90	Retroviridae
v89212	15/16	80.96	Microviridae
v89213	5/8	40.86	Microviridae
v89215	3/11	49.03	Retroviridae
v89216	5/6	57.62	Retroviridae
v89217	2/5	45.35	Retroviridae
v89218	1/4	73.40	Retroviridae
v89219	4/7	40.60	Microviridae
v89221	17/74	47.64	Microviridae
v89223	6/7	92.10	Microviridae
v89224	10/14	38.59	Microviridae
v89228	8/39	48.52	Guelinviridae
v89230	4/7	42.50	Microviridae
v89231	7/9	70.80	Microviridae
v89233	5/9	67.70	Microviridae
v89235	7/9	61.26	Microviridae
v89237	8/11	90.00	Microviridae
v89238	7/8	60.36	Microviridae
v89242	4/5	50.33	Retroviridae
v89245	6/18	33.32	Guelinviridae
v89246	4/12	36.90	Microviridae
v89247	7/8	63.14	Microviridae
v89249	16/16	74.21	Microviridae
v89250	4/9	57.15	Microviridae
v89252	9/10	63.52	Microviridae
v89253	7/9	65.41	Microviridae
v89254	7/11	56.49	Microviridae
v89255	7/9	55.23	Microviridae
v89256	5/8	54.46	Microviridae
v89257	7/7	80.51	Microviridae
v89258	7/8	59.60	Microviridae
v89260	6/8	46.98	Microviridae
v89261	5/8	52.56	Microviridae
v89262	6/14	36.53	Salasmaviridae
v89263	7/7	68.80	Microviridae
v89264	6/6	75.45	Microviridae
v89265	7/8	73.43	Microviridae
v89267	7/7	79.90	Microviridae
v89268	13/18	89.52	Microviridae
v89270	9/34	44.80	Drexlerviridae
v89272	58/71	86.75	Autographiviridae
v89276	10/36	41.89	Aliceevansviridae
v89277	9/9	58.99	Microviridae
v89278	7/8	50.47	Microviridae
v89279	15/15	74.90	Microviridae
v89280	9/11	93.18	Microviridae
v89281	4/10	37.70	Microviridae
v89283	13/13	68.89	Microviridae
v89284	6/7	66.08	Microviridae
v89285	6/9	55.65	Microviridae
v89286	6/8	61.63	Microviridae
v89287	6/10	58.98	Microviridae
v89288	9/10	60.54	Microviridae
v89289	5/6	50.96	Microviridae
v89290	6/8	64.70	Microviridae
v89291	7/8	77.34	Microviridae
v89292	8/20	32.38	Guelinviridae
v89293	7/7	73.89	Microviridae
v89294	7/8	90.70	Microviridae
v89296	10/68	48.46	Microviridae
v89301	8/12	91.97	Microviridae
v89302	7/8	63.61	Microviridae
v89303	10/12	77.38	Microviridae
v89307	7/9	59.63	Microviridae
v89308	10/143	31.37	Herelleviridae
v89312	8/10	62.15	Microviridae
v89313	3/8	38.83	Microviridae
v89314	8/8	65.41	Microviridae
v89315	13/19	70.73	Microviridae
v89316	16/16	75.22	Microviridae
v89317	5/5	82.18	Microviridae
v89319	11/11	89.12	Microviridae
v89320	5/9	48.42	Microviridae
v89322	6/7	71.78	Microviridae
v89323	12/12	75.91	Microviridae
v89325	5/9	47.54	Microviridae
v89326	7/9	69.37	Microviridae
v89327	6/7	51.60	Microviridae
v89328	10/18	43.69	Guelinviridae
v89329	8/13	45.29	Microviridae
v89331	8/8	72.91	Microviridae
v89334	6/17	37.03	Salasmaviridae
v89335	13/227	42.63	Steigviridae
v89337	14/82	48.43	Drexlerviridae
v89338	6/8	60.80	Microviridae
v89339	7/7	72.53	Microviridae
v89340	8/9	61.50	Microviridae
v89341	7/10	68.34	Microviridae
v89342	6/8	48.25	Microviridae
v89343	4/8	37.85	Microviridae
v89344	49/49	88.11	Suoliviridae
v89347	5/5	92.36	Microviridae
v89350	11/76	44.52	Aliceevansviridae
v89351	6/8	54.85	Microviridae
v89353	6/8	57.97	Microviridae
v89354	6/8	77.08	Microviridae
v89355	7/9	83.20	Microviridae
v89358	7/8	91.57	Microviridae
v89359	13/15	59.06	Microviridae
v89362	3/4	34.07	Microviridae
v89363	7/9	59.20	Microviridae
v89364	7/8	90.77	Microviridae
v89365	6/8	63.88	Microviridae
v89366	9/10	74.68	Microviridae
v89368	7/7	79.03	Microviridae
v89369	7/7	72.51	Microviridae
v89371	7/9	88.69	Microviridae
v89372	10/10	58.78	Microviridae
v89373	9/10	63.39	Microviridae
v89374	7/8	57.66	Microviridae
v89375	8/9	86.25	Microviridae
v89376	6/9	66.78	Microviridae
v89377	7/8	87.01	Microviridae
v89378	7/9	61.90	Microviridae
v89379	6/7	51.05	Microviridae
v89383	10/10	74.34	Microviridae
v89384	7/9	72.13	Microviridae
v89386	4/7	51.33	Microviridae
v89387	6/8	51.72	Microviridae
v89389	5/6	54.56	Microviridae
v89390	8/8	55.05	Microviridae
v89391	9/9	58.73	Microviridae
v89392	6/6	80.38	Microviridae
v89393	9/10	67.11	Microviridae
v89394	4/5	37.55	Microviridae
v89395	4/8	57.23	Microviridae
v89396	19/22	94.41	Microviridae
v89397	2/5	68.25	Retroviridae
v89398	1/5	38.60	Caulimoviridae
v89399	11/11	77.65	Microviridae
v89401	10/10	69.97	Microviridae
v89405	6/10	46.67	Microviridae
v89408	6/6	78.08	Microviridae
v89409	4/8	41.42	Microviridae
v89410	13/15	93.58	Microviridae
v89411	7/7	77.67	Microviridae
v89412	9/9	72.36	Microviridae
v89415	5/11	42.90	Microviridae
v89416	5/8	77.16	Microviridae
v89418	6/7	48.92	Retroviridae
v89419	3/6	49.87	Retroviridae
v89420	7/8	96.74	Microviridae
v89422	6/6	38.92	Microviridae
v89424	6/7	56.88	Microviridae
v89425	8/9	59.50	Microviridae
v89428	7/7	79.06	Microviridae
v89429	9/10	81.58	Microviridae
v89430	10/15	43.68	Microviridae
v89431	13/15	75.78	Microviridae
v89432	5/7	39.78	Microviridae
v89433	7/10	50.90	Microviridae
v89434	10/16	44.16	Microviridae
v89435	9/10	78.42	Microviridae
v89436	6/6	76.77	Microviridae
v89438	12/12	81.58	Microviridae
v89442	7/9	66.54	Microviridae
v89443	13/13	68.96	Microviridae
v89444	6/10	87.32	Microviridae
v89445	7/9	77.84	Microviridae
v89446	5/8	56.44	Microviridae
v89449	9/10	61.71	Microviridae
v89450	4/9	57.52	Microviridae
v89451	4/20	33.67	Guelinviridae
v89452	4/8	36.88	Microviridae
v89453	6/9	43.87	Microviridae
v89456	8/15	38.58	Microviridae
v89459	4/7	48.95	Microviridae
v89461	6/9	55.13	Microviridae
v89462	7/7	78.27	Microviridae
v89464	18/19	67.66	Microviridae
v89466	8/9	61.38	Microviridae
v89467	11/11	78.82	Microviridae
v89471	13/103	53.15	Drexlerviridae
v89475	12/14	78.92	Microviridae
v89478	19/20	59.78	Microviridae
v89482	11/17	78.05	Microviridae
v89484	10/12	72.90	Microviridae
v89485	23/54	48.04	Peduoviridae
v89486	1/5	37.70	Metaviridae
v89490	7/7	73.34	Microviridae
v89491	10/10	67.55	Microviridae
v89492	8/9	62.01	Microviridae
v89493	13/13	76.89	Microviridae
v89494	8/8	72.90	Microviridae
v89500	4/19	34.95	Salasmaviridae
v89502	84/87	91.07	Schitoviridae
v89506	6/6	81.05	Microviridae
v89507	10/14	61.14	Microviridae
v89508	5/16	38.56	Microviridae
v89509	7/7	75.63	Microviridae
v89510	8/8	71.14	Microviridae
v89511	8/8	77.05	Microviridae
v89512	8/15	39.17	Microviridae
v89513	1/5	39.90	Metaviridae
v89515	6/6	59.80	Microviridae
v89516	4/8	37.45	Microviridae
v89517	4/4	98.90	Retroviridae
v89519	9/9	58.68	Microviridae
v89520	6/8	80.70	Microviridae
v89521	6/8	57.43	Microviridae
v89522	4/7	40.50	Microviridae
v89523	8/9	61.23	Microviridae
v89524	7/7	82.40	Microviridae
v89525	7/10	50.24	Microviridae
v89526	4/7	55.58	Microviridae
v89527	4/4	62.88	Microviridae
v89528	4/7	37.45	Microviridae
v89529	15/15	77.11	Microviridae
v89530	7/7	83.53	Microviridae
v89531	6/8	57.93	Microviridae
v89532	7/7	71.53	Microviridae
v89533	6/8	56.00	Microviridae
v89534	5/8	51.58	Microviridae
v89536	4/7	37.50	Microviridae
v89537	4/9	46.20	Microviridae
v89538	3/9	37.57	Microviridae
v89539	10/10	86.73	Microviridae
v89540	10/10	81.32	Microviridae
v89541	8/9	79.99	Microviridae
v89542	7/7	75.89	Microviridae
v89544	8/8	83.49	Microviridae
v89545	8/8	73.75	Microviridae
v89546	6/9	50.08	Microviridae
v89547	6/7	78.57	Microviridae
v89548	6/10	51.80	Microviridae
v89549	6/11	83.37	Microviridae
v89550	7/7	73.91	Microviridae
v89551	12/153	39.89	Herelleviridae
v89552	8/8	76.22	Microviridae
v89553	6/6	40.83	Microviridae
v89554	5/9	47.60	Microviridae
v89555	5/9	47.66	Microviridae
v89556	7/11	45.47	Microviridae
v89557	7/10	85.84	Microviridae
v89559	11/14	59.02	Microviridae
v89562	8/30	49.14	Aliceevansviridae
v89563	4/9	47.33	Microviridae
v89564	8/8	89.26	Microviridae
v89565	7/9	60.31	Microviridae
v89566	4/8	57.50	Microviridae
v89567	5/9	50.06	Microviridae
v89568	4/9	46.88	Microviridae
v89569	7/8	72.86	Microviridae
v89571	6/6	65.82	Microviridae
v89572	7/8	58.50	Microviridae
v89573	7/9	58.34	Microviridae
v89574	6/9	58.57	Microviridae
v89575	6/8	59.23	Microviridae
v89576	4/7	38.12	Microviridae
v89577	6/7	58.50	Microviridae
v89578	3/8	40.80	Microviridae
v89579	3/8	38.50	Microviridae
v89580	6/9	47.43	Microviridae
v89582	8/10	58.74	Microviridae
v89583	7/9	65.07	Microviridae
v89585	4/11	33.10	Microviridae
v89586	7/8	97.14	Microviridae
v89588	1/3	37.50	Metaviridae
v89589	9/11	88.83	Microviridae
v89590	13/13	73.38	Microviridae
v89591	9/15	36.97	Microviridae
v89592	7/9	60.11	Microviridae
v89593	1/3	39.60	Metaviridae
v89594	2/10	37.90	Caulimoviridae
v89595	1/5	35.10	Retroviridae
v89597	4/11	41.88	Metaviridae
v89598	8/8	71.60	Microviridae
v89599	3/7	35.47	Metaviridae
v89601	1/5	35.10	Metaviridae
v89602	5/5	76.10	Microviridae
v89603	1/3	37.20	Metaviridae
v89605	4/6	38.45	Microviridae
v89607	1/3	37.80	Metaviridae
v89608	6/9	45.33	Microviridae
v89609	5/7	49.12	Microviridae
v89611	7/10	85.97	Microviridae
v89612	8/9	85.55	Microviridae
v89613	6/9	47.63	Microviridae
v89617	10/114	38.48	Aliceevansviridae
v89618	4/8	44.30	Microviridae
v89625	6/8	65.10	Microviridae
v89626	10/10	75.44	Microviridae
v89628	13/13	82.23	Microviridae
v89629	4/7	38.02	Microviridae
v89630	4/6	49.20	Microviridae
v89632	4/8	37.17	Microviridae
v89633	7/7	73.09	Microviridae
v89635	8/9	61.52	Microviridae
v89636	7/7	83.69	Microviridae
v89637	4/8	57.42	Microviridae
v89638	7/10	78.20	Microviridae
v89639	4/6	35.90	Microviridae
v89642	7/9	50.40	Microviridae
v89644	4/6	47.67	Microviridae
v89647	4/9	56.58	Microviridae
v89648	15/33	58.03	Peduoviridae
v89651	8/8	59.46	Microviridae
v89653	7/9	64.61	Microviridae
v89654	7/7	72.29	Microviridae
v89657	7/7	72.87	Microviridae
v89658	4/7	43.92	Microviridae
v89659	15/15	85.21	Microviridae
v89660	9/9	79.32	Microviridae
v89661	10/10	87.58	Microviridae
v89662	7/9	63.89	Microviridae
v89665	5/8	50.46	Microviridae
v89666	3/8	34.50	Microviridae
v89667	5/9	46.84	Microviridae
v89668	6/8	59.82	Microviridae
v89669	1/4	35.10	Metaviridae
v89675	1/3	41.70	Caulimoviridae
v89685	3/7	36.77	Metaviridae
v89691	2/9	42.70	Metaviridae
v89694	4/8	43.45	Microviridae
v89695	3/8	38.23	Metaviridae
v89697	10/10	86.37	Microviridae
v89698	6/6	60.38	Microviridae
v89699	7/9	49.50	Microviridae
v89700	2/7	32.40	Microviridae
v89701	3/8	32.33	Microviridae
v89703	7/7	84.10	Microviridae
v89705	4/7	35.55	Microviridae
v89706	6/9	67.85	Microviridae
v89707	4/5	45.85	Microviridae
v89708	5/7	48.00	Microviridae
v89709	3/8	36.27	Microviridae
v89710	5/8	38.32	Microviridae
v89712	7/7	83.89	Microviridae
v89714	5/5	75.40	Microviridae
v89716	7/7	73.71	Microviridae
v89717	8/10	93.58	Microviridae
v89718	4/7	39.25	Microviridae
v89719	4/7	42.30	Microviridae
v89720	5/11	42.70	Inoviridae
v89721	6/6	71.65	Microviridae
v89722	11/14	57.65	Microviridae
v89723	7/9	65.00	Microviridae
v89724	9/13	50.98	Microviridae
v89726	1/5	32.80	Retroviridae
v89727	6/10	40.35	Microviridae
v89728	15/15	75.22	Microviridae
v89730	4/9	41.90	Microviridae
v89731	5/7	35.28	Microviridae
v89732	12/12	77.02	Microviridae
v89733	3/5	38.00	Microviridae
v89734	6/9	52.77	Microviridae
v89735	12/24	44.84	Microviridae
v89736	6/6	68.60	Microviridae
v89737	7/9	57.07	Microviridae
v89738	1/4	32.40	Retroviridae
v89739	7/9	58.24	Microviridae
v89740	7/8	58.44	Microviridae
v89741	8/9	87.00	Microviridae
v89742	8/8	62.06	Microviridae
v89744	4/7	41.17	Microviridae
v89745	6/6	86.77	Microviridae
v89746	4/9	43.45	Microviridae
v89747	7/8	70.80	Microviridae
v89748	8/8	90.83	Microviridae
v89749	6/8	52.18	Microviridae
v89750	2/7	33.40	Metaviridae
v89751	12/12	76.22	Microviridae
v89752	13/19	85.56	Microviridae
v89754	11/11	68.86	Microviridae
v89755	6/7	69.87	Microviridae
v89756	9/9	62.48	Microviridae
v89757	17/17	75.26	Microviridae
v89758	5/5	72.62	Microviridae
v89759	3/4	35.03	Metaviridae
v89760	7/13	70.43	Microviridae
v89761	6/9	78.58	Microviridae
v89762	6/7	73.18	Microviridae
v89763	7/7	69.29	Microviridae
v89764	5/11	42.20	Microviridae
v89765	11/11	73.00	Microviridae
v89766	1/2	47.10	Retroviridae
v89767	9/9	78.26	Microviridae
v89768	12/12	85.17	Microviridae
v89770	7/10	50.24	Microviridae
v89772	6/8	43.93	Microviridae
v89773	13/14	61.04	Microviridae
v89774	8/8	70.53	Microviridae
v89776	6/7	89.72	Microviridae
v89777	6/9	53.63	Microviridae
v89780	2/8	41.70	Metaviridae
v89781	10/14	43.16	Microviridae
v89783	1/5	32.40	Caulimoviridae
v89784	9/9	75.46	Microviridae
v89785	8/8	76.56	Microviridae
v89786	1/5	43.50	Metaviridae
v89787	10/10	67.91	Microviridae
v89788	8/8	84.28	Microviridae
v89789	8/10	60.24	Microviridae
v89790	8/9	87.84	Microviridae
v89791	7/7	84.64	Microviridae
v89792	8/10	57.45	Microviridae
v89793	6/8	68.38	Microviridae
v89794	1/5	37.50	Retroviridae
v89795	10/10	70.25	Microviridae
v89796	4/7	54.92	Circoviridae
v89797	4/5	37.25	Microviridae
v89798	5/8	53.34	Microviridae
v89799	7/7	77.63	Microviridae
v89801	17/23	89.68	Microviridae
v89802	6/7	82.58	Microviridae
v89803	6/6	73.90	Microviridae
v89804	7/7	72.23	Microviridae
v89805	2/4	42.40	Metaviridae
v89806	7/8	80.56	Microviridae
v89807	5/7	66.32	Microviridae
v89808	6/18	53.67	Retroviridae
v89809	8/8	58.39	Microviridae
v89810	5/9	48.42	Microviridae
v89811	8/18	78.03	Inoviridae
v89813	7/7	73.74	Microviridae
v89815	3/6	35.20	Microviridae
v89816	10/10	74.64	Microviridae
v89817	9/13	58.22	Microviridae
v89818	10/11	79.92	Microviridae
v89819	5/7	36.20	Microviridae
v89821	6/8	52.65	Microviridae
v89822	6/6	60.80	Microviridae
v89823	8/8	83.40	Microviridae
v89824	6/8	57.58	Microviridae
v89825	6/6	79.15	Microviridae
v89826	9/9	76.79	Microviridae
v89827	4/16	37.50	Microviridae
v89828	6/6	67.12	Microviridae
v89830	7/7	84.70	Microviridae
v89831	10/15	65.96	Microviridae
v89834	7/8	87.36	Microviridae
v89835	2/4	40.80	Metaviridae
v89836	16/16	73.94	Microviridae
v89837	10/16	59.16	Microviridae
v89838	5/5	67.66	Microviridae
v89839	10/10	73.06	Microviridae
v89840	12/14	59.20	Microviridae
v89841	3/10	42.83	Retroviridae
v89843	8/8	76.83	Microviridae
v89844	2/10	42.20	Metaviridae
v89845	8/8	71.91	Microviridae
v89846	3/10	40.17	Metaviridae
v89847	2/10	31.85	Retroviridae
v89848	5/5	80.16	Microviridae
v89849	4/5	80.05	Microviridae
v89850	7/7	79.07	Microviridae
v89853	6/7	74.73	Microviridae
v89855	5/7	39.44	Microviridae
v89856	7/7	84.64	Microviridae
v89858	7/9	63.41	Microviridae
v89859	7/8	61.63	Microviridae
v89861	9/9	73.93	Microviridae
v89862	7/9	69.90	Microviridae
v89863	4/11	38.60	Microviridae
v89864	7/8	73.49	Microviridae
v89865	1/4	31.80	Metaviridae
v89867	6/6	73.27	Microviridae
v89868	8/8	75.30	Microviridae
v89869	16/16	73.54	Microviridae
v89870	11/12	67.76	Microviridae
v89873	4/6	49.45	Microviridae
v89874	6/7	51.05	Microviridae
v89875	7/7	86.59	Microviridae
v89876	7/9	66.76	Microviridae
v89878	4/9	55.98	Microviridae
v89879	8/9	50.65	Microviridae
v89880	7/9	67.97	Microviridae
v89881	8/13	39.10	Microviridae
v89882	5/5	69.86	Microviridae
v89883	7/9	83.29	Microviridae
v89884	2/6	40.65	Metaviridae
v89885	7/7	77.84	Microviridae
v89886	7/10	83.66	Microviridae
v89887	6/8	56.40	Microviridae
v89888	14/14	83.47	Microviridae
v89889	4/8	38.95	Microviridae
v89894	8/10	84.20	Microviridae
v89901	9/10	67.29	Microviridae
v89902	6/9	48.25	Microviridae
v89903	7/7	81.79	Microviridae
v89904	8/12	86.31	Microviridae
v89905	6/6	78.58	Microviridae
v89906	6/8	68.43	Microviridae
v89907	7/8	82.33	Microviridae
v89908	8/8	75.62	Microviridae
v89909	14/15	74.49	Microviridae
v89910	5/7	35.40	Microviridae
v89911	4/7	43.23	Microviridae
v89912	12/13	61.17	Microviridae
v89915	12/26	45.02	Microviridae
v89916	9/9	73.89	Microviridae
v89917	7/7	72.34	Microviridae
v89918	10/11	76.11	Microviridae
v89919	3/7	45.00	Microviridae
v89920	12/12	75.84	Microviridae
v89921	8/9	60.14	Microviridae
v89922	7/9	59.87	Microviridae
v89923	10/11	80.72	Microviridae
v89924	6/7	73.90	Microviridae
v89925	13/13	74.94	Microviridae
v89926	7/10	89.51	Microviridae
v89927	6/7	73.82	Microviridae
v89928	6/8	74.37	Microviridae
v89929	5/7	43.80	Microviridae
v89930	5/7	43.10	Microviridae
v89931	6/8	68.65	Microviridae
v89932	6/8	64.23	Microviridae
v89933	9/9	71.86	Microviridae
v89934	7/11	44.97	Retroviridae
v89936	1/1	34.20	Metaviridae
v89937	15/15	72.02	Microviridae
v89941	14/16	62.06	Microviridae
v89942	2/7	41.95	Metaviridae
v89943	2/10	38.00	Retroviridae
v89945	3/7	39.27	Microviridae
v89947	6/7	68.77	Microviridae
v89948	65/65	99.28	Drexlerviridae
v89949	13/13	70.64	Microviridae
v89950	5/8	66.34	Microviridae
v89952	8/9	60.05	Microviridae
v89953	14/15	73.84	Microviridae
v89954	6/7	52.68	Microviridae
v89955	8/9	60.35	Microviridae
v89956	6/9	64.25	Microviridae
v89957	6/10	51.18	Microviridae
v89958	7/7	79.49	Microviridae
v89960	7/7	85.26	Microviridae
v89961	10/92	46.17	Autographiviridae
v89962	7/8	74.86	Microviridae
v89963	5/7	40.84	Microviridae
v89964	4/8	47.02	Microviridae
v89965	8/10	55.79	Microviridae
v89966	6/6	87.73	Microviridae
v89968	7/10	85.39	Microviridae
v89969	7/8	95.84	Microviridae
v89970	4/7	39.92	Microviridae
v89971	5/10	42.30	Microviridae
v89972	12/12	81.13	Microviridae
v89973	10/10	80.05	Microviridae
v89974	5/6	54.86	Microviridae
v89975	7/7	84.41	Microviridae
v89976	7/9	61.40	Microviridae
v89977	6/8	62.00	Microviridae
v89978	14/14	73.88	Microviridae
v89979	13/19	59.95	Microviridae
v89981	18/18	77.48	Microviridae
v89982	13/17	83.06	Microviridae
v89983	7/11	55.91	Microviridae
v89984	7/9	84.13	Microviridae
v89985	8/9	78.20	Microviridae
v89986	14/16	95.68	Microviridae
v89987	8/8	75.78	Microviridae
v89989	8/8	73.41	Microviridae
v89990	8/8	73.75	Microviridae
v89992	13/13	79.72	Microviridae
v89994	8/13	42.58	Microviridae
v89995	7/7	75.09	Microviridae
v89996	6/9	67.95	Microviridae
v89997	6/8	65.92	Microviridae
v89998	1/5	61.40	Mitoviridae
v89999	6/7	88.55	Microviridae
v90000	4/6	40.35	Microviridae
v90001	12/16	56.32	Microviridae
v90003	10/10	77.34	Microviridae
v90004	8/8	80.62	Microviridae
v90005	8/8	73.60	Microviridae
v90007	6/8	76.98	Microviridae
v90009	9/10	87.64	Microviridae
v90011	3/6	42.33	Microviridae
v90012	8/9	91.84	Microviridae
v90013	7/7	75.93	Microviridae
v90014	8/12	53.74	Microviridae
v90015	7/9	90.54	Microviridae
v90016	6/8	73.52	Microviridae
v90017	5/8	37.88	Microviridae
v90018	6/8	63.72	Microviridae
v90019	7/9	56.74	Microviridae
v90020	4/6	38.12	Microviridae
v90021	7/9	50.24	Microviridae
v90022	7/9	79.11	Microviridae
v90023	7/9	58.59	Microviridae
v90024	2/7	41.10	Metaviridae
v90026	13/13	76.22	Microviridae
v90028	6/13	43.73	Microviridae
v90029	7/10	44.36	Microviridae
v90030	21/21	77.76	Microviridae
v90032	5/7	44.62	Microviridae
v90040	7/9	80.91	Microviridae
v90043	7/9	59.13	Microviridae
v90044	11/79	56.65	Drexlerviridae
v90047	9/10	81.38	Microviridae
v90048	4/9	35.90	Microviridae
v90049	4/7	45.08	Microviridae
v90050	7/9	59.01	Microviridae
v90052	56/184	48.08	Stanwilliamsviridae
v90053	5/9	90.38	Microviridae
v90054	1/5	46.20	Caulimoviridae
v90056	2/10	36.25	Metaviridae
v90057	9/33	36.80	Guelinviridae
v90058	5/9	49.16	Microviridae
v90059	8/17	36.83	Salasmaviridae
v90061	7/8	79.53	Microviridae
v90062	6/22	37.20	Guelinviridae
v90067	3/6	49.70	Microviridae
v90070	7/9	53.10	Microviridae
v90073	2/9	46.55	Caulimoviridae
v90074	7/7	74.59	Microviridae
v90075	7/7	59.54	Microviridae
v90077	2/7	35.80	Caulimoviridae
v90078	6/6	80.27	Microviridae
v90079	9/13	73.29	Microviridae
v90080	4/7	39.38	Microviridae
v90082	7/7	75.09	Microviridae
v90084	12/52	38.97	Aliceevansviridae
v90087	6/8	78.02	Microviridae
v90088	2/8	32.05	Microviridae
v90089	9/9	61.31	Microviridae
v90090	5/7	53.90	Microviridae
v90091	6/8	76.72	Microviridae
v90092	6/8	74.32	Microviridae
v90096	4/8	33.90	Microviridae
v90097	4/7	42.75	Microviridae
v90098	6/8	49.55	Microviridae
v90099	10/49	40.72	Aliceevansviridae
v90107	57/57	95.94	Autographiviridae
v90109	3/6	35.30	Microviridae
v90110	6/9	54.87	Microviridae
v90111	12/12	71.68	Microviridae
v90112	5/5	74.74	Microviridae
v90114	11/11	74.81	Microviridae
v90115	1/3	35.50	Metaviridae
v90121	10/10	80.85	Microviridae
v90123	14/61	42.48	Drexlerviridae
v90128	6/7	87.65	Microviridae
v90130	6/8	48.23	Microviridae
v90131	9/9	61.22	Microviridae
v90133	4/9	45.35	Microviridae
v90134	8/11	50.83	Microviridae
v90135	6/9	88.27	Microviridae
v90136	2/9	43.30	Metaviridae
v90140	7/7	77.64	Microviridae
v90142	7/9	82.29	Microviridae
v90145	5/7	45.76	Microviridae
v90146	5/12	31.74	Microviridae
v90147	6/8	76.97	Microviridae
v90148	4/6	37.00	Microviridae
v90149	13/17	56.97	Microviridae
v90150	15/20	78.04	Microviridae
v90151	10/13	67.69	Microviridae
v90152	13/13	82.19	Microviridae
v90154	2/7	37.40	Metaviridae
v90160	1/2	32.00	Caulimoviridae
v90162	1/3	32.80	Retroviridae
v90171	2/10	35.25	Caulimoviridae
v90177	2/6	38.00	Metaviridae
v90184	7/7	82.99	Microviridae
v90188	1/3	42.20	Metaviridae
v90190	2/9	30.90	Retroviridae
v90191	1/4	31.80	Caulimoviridae
v90199	1/4	31.90	Caulimoviridae
v90201	1/4	32.60	Caulimoviridae
v90202	1/5	41.40	Caulimoviridae
v90205	2/7	38.25	Metaviridae
v90206	5/10	51.76	Microviridae
v90207	4/10	38.35	Microviridae
v90208	7/9	67.20	Microviridae
v90209	14/14	75.84	Microviridae
v90210	11/16	66.16	Microviridae
v90211	7/13	73.40	Microviridae
v90212	7/10	75.76	Microviridae
v90213	8/9	88.39	Microviridae
v90214	6/9	43.07	Microviridae
v90215	4/9	39.12	Microviridae
v90218	8/8	79.11	Microviridae
v90219	4/14	32.48	Microviridae
v90220	7/9	69.31	Microviridae
v90222	7/7	76.74	Microviridae
v90224	7/7	70.70	Microviridae
v90225	4/8	43.77	Microviridae
v90226	4/4	86.70	Microviridae
v90227	8/10	92.34	Microviridae
v90228	21/21	77.81	Microviridae
v90229	5/8	40.40	Microviridae
v90230	7/8	92.60	Microviridae
v90231	10/10	81.29	Microviridae
v90233	5/6	50.20	Microviridae
v90234	3/6	41.00	Microviridae
v90235	7/10	58.74	Microviridae
v90236	7/8	77.66	Microviridae
v90237	7/8	79.86	Microviridae
v90238	9/9	76.54	Microviridae
v90239	5/5	82.28	Microviridae
v90240	8/10	56.74	Microviridae
v90241	7/9	60.69	Microviridae
v90242	4/8	57.08	Microviridae
v90244	6/9	57.00	Microviridae
v90245	4/7	36.58	Microviridae
v90247	12/13	74.71	Microviridae
v90248	2/4	49.05	Retroviridae
v90249	4/8	38.27	Microviridae
v90250	5/7	36.48	Microviridae
v90251	7/10	50.96	Microviridae
v90252	6/9	50.40	Microviridae
v90253	7/9	57.00	Microviridae
v90254	6/11	36.75	Microviridae
v90255	6/7	69.52	Microviridae
v90257	7/7	78.21	Papillomaviridae
v90258	9/9	70.57	Microviridae
v90259	9/10	78.33	Microviridae
v90260	7/7	95.29	Microviridae
v90262	5/9	45.50	Microviridae
v90263	8/10	60.65	Microviridae
v90266	5/9	39.94	Microviridae
v90267	11/11	83.75	Microviridae
v90268	7/7	81.50	Microviridae
v90269	7/7	76.63	Microviridae
v90270	6/10	48.35	Microviridae
v90271	4/8	35.42	Microviridae
v90272	5/8	51.72	Microviridae
v90273	4/11	47.80	Microviridae
v90275	1/3	32.60	Metaviridae
v90279	6/6	80.35	Microviridae
v90280	4/8	36.55	Microviridae
v90281	7/9	61.49	Microviridae
v90282	7/8	61.43	Microviridae
v90283	5/6	75.14	Microviridae
v90284	9/9	72.70	Microviridae
v90285	10/10	73.98	Microviridae
v90286	5/9	49.16	Microviridae
v90287	7/7	89.11	Microviridae
v90288	1/2	33.50	Metaviridae
v90289	16/17	73.86	Microviridae
v90290	6/6	77.47	Microviridae
v90291	8/9	61.04	Microviridae
v90292	6/8	65.93	Microviridae
v90293	6/9	61.38	Microviridae
v90294	7/9	69.93	Microviridae
v90295	8/10	70.91	Microviridae
v90296	7/8	79.81	Microviridae
v90297	4/6	40.52	Microviridae
v90299	5/10	40.32	Microviridae
v90300	2/5	44.60	Metaviridae
v90301	10/11	60.38	Microviridae
v90302	7/7	80.43	Microviridae
v90303	6/9	40.22	Microviridae
v90304	7/7	85.37	Microviridae
v90305	7/8	75.49	Microviridae
v90306	6/6	85.07	Microviridae
v90307	8/9	75.80	Microviridae
v90309	9/9	85.66	Microviridae
v90311	11/14	38.35	Microviridae
v90312	7/8	57.94	Microviridae
v90313	11/11	76.24	Microviridae
v90316	2/7	30.40	Microviridae
v90317	7/12	44.24	Microviridae
v90318	2/9	38.15	Metaviridae
v90320	13/13	73.42	Microviridae
v90321	6/8	59.48	Microviridae
v90322	6/7	65.83	Microviridae
v90323	7/10	47.87	Microviridae
v90324	8/10	55.65	Microviridae
v90325	7/9	66.94	Microviridae
v90326	5/7	40.04	Microviridae
v90327	4/14	30.43	Guelinviridae
v90328	8/10	52.90	Microviridae
v90329	8/8	62.44	Microviridae
v90330	5/7	81.56	Microviridae
v90331	4/9	38.23	Microviridae
v90332	9/9	72.39	Microviridae
v90333	9/9	71.18	Microviridae
v90334	6/8	48.60	Microviridae
v90335	4/8	48.98	Microviridae
v90336	7/9	77.63	Microviridae
v90337	6/9	85.22	Microviridae
v90338	7/7	74.34	Microviridae
v90341	8/10	51.74	Microviridae
v90342	5/7	56.18	Microviridae
v90343	6/8	60.93	Microviridae
v90344	3/7	38.30	Microviridae
v90345	10/10	76.09	Microviridae
v90346	8/8	54.10	Microviridae
v90347	7/10	36.67	Microviridae
v90348	5/9	59.94	Microviridae
v90349	4/7	94.85	Microviridae
v90351	12/73	49.84	Drexlerviridae
v90352	11/13	80.95	Microviridae
v90353	7/7	66.23	Microviridae
v90354	9/12	66.34	Microviridae
v90369	5/11	35.46	Guelinviridae
v90377	8/10	56.62	Microviridae
v90381	5/9	47.60	Microviridae
v90382	5/10	51.04	Microviridae
v90383	1/3	38.90	Metaviridae
v90384	6/10	49.77	Microviridae
v90389	6/8	62.98	Microviridae
v90390	6/7	80.58	Microviridae
v90391	6/9	69.17	Microviridae
v90392	7/9	72.89	Microviridae
v90393	16/18	61.27	Microviridae
v90396	5/15	33.08	Guelinviridae
v90397	7/8	76.73	Microviridae
v90400	8/21	33.42	Salasmaviridae
v90401	7/8	64.47	Microviridae
v90402	7/9	56.44	Microviridae
v90404	7/8	94.86	Microviridae
v90406	7/10	63.11	Microviridae
v90408	6/8	72.33	Microviridae
v90409	24/56	51.13	Aliceevansviridae
v90410	7/8	80.71	Microviridae
v90411	7/8	72.34	Microviridae
v90412	10/50	40.76	Aliceevansviridae
v90413	5/5	47.32	Microviridae
v90414	8/9	64.26	Microviridae
v90418	6/8	52.22	Microviridae
v90419	7/9	90.11	Microviridae
v90420	4/7	43.85	Microviridae
v90421	7/8	80.07	Microviridae
v90422	10/13	79.94	Microviridae
v90423	13/14	94.98	Microviridae
v90424	2/6	44.05	Metaviridae
v90426	1/4	39.90	Metaviridae
v90427	13/13	71.21	Microviridae
v90428	7/9	83.47	Microviridae
v90429	7/8	92.94	Microviridae
v90430	7/7	84.09	Microviridae
v90431	7/21	38.13	Salasmaviridae
v90432	8/9	62.06	Microviridae
v90433	6/8	55.78	Microviridae
v90434	5/6	39.60	Microviridae
v90435	7/7	76.03	Microviridae
v90438	5/5	68.58	Microviridae
v90439	12/12	81.86	Microviridae
v90441	7/7	74.43	Microviridae
v90444	6/8	67.37	Microviridae
v90447	6/7	51.55	Microviridae
v90450	11/59	46.04	Aliceevansviridae
v90452	13/14	78.32	Microviridae
v90453	11/74	42.75	Aliceevansviridae
v90461	8/8	87.10	Microviridae
v90462	12/54	47.57	Aliceevansviridae
v90463	6/8	52.00	Microviridae
v90464	8/9	64.36	Microviridae
v90467	4/9	57.27	Microviridae
v90469	4/7	38.73	Microviridae
v90470	8/10	93.21	Microviridae
v90472	4/9	37.92	Microviridae
v90474	7/7	80.84	Microviridae
v90476	6/6	78.37	Microviridae
v90477	6/8	65.65	Microviridae
v90478	7/7	69.76	Microviridae
v90479	4/10	49.88	Microviridae
v90480	5/10	46.86	Microviridae
v90481	10/10	73.76	Microviridae
v90482	8/10	61.45	Microviridae
v90483	7/7	79.97	Microviridae
v90485	6/9	47.78	Microviridae
v90486	7/8	72.77	Microviridae
v90488	7/9	60.99	Microviridae
v90489	9/9	60.32	Microviridae
v90491	7/8	65.97	Microviridae
v90492	5/9	46.84	Microviridae
v90495	7/8	52.06	Microviridae
v90496	7/8	59.67	Microviridae
v90497	7/8	84.64	Microviridae
v90498	6/8	64.77	Microviridae
v90499	4/9	56.60	Microviridae
v90500	11/11	59.08	Microviridae
v90503	7/7	79.83	Microviridae
v90504	3/6	38.00	Microviridae
v90505	5/6	76.48	Microviridae
v90506	7/7	84.24	Microviridae
v90507	7/8	61.60	Microviridae
v90508	9/10	65.69	Microviridae
v90509	4/9	35.15	Microviridae
v90510	11/14	57.11	Microviridae
v90511	6/7	55.42	Microviridae
v90512	4/7	42.02	Microviridae
v90513	7/8	86.27	Microviridae
v90514	7/12	60.73	Microviridae
v90515	8/11	88.62	Microviridae
v90517	6/7	94.65	Microviridae
v90520	8/9	59.69	Microviridae
v90521	6/9	66.60	Microviridae
v90524	3/9	32.03	Salasmaviridae
v90525	8/8	62.29	Microviridae
v90527	6/6	73.37	Microviridae
v90528	5/8	53.66	Microviridae
v90530	8/9	60.12	Microviridae
v90531	5/6	55.54	Microviridae
v90532	5/17	31.00	Guelinviridae
v90533	4/6	46.33	Microviridae
v90537	9/10	66.31	Microviridae
v90538	7/7	99.36	Papillomaviridae
v90541	8/11	61.12	Microviridae
v90542	8/11	61.35	Microviridae
v90543	6/6	79.05	Microviridae
v90544	7/10	81.30	Microviridae
v90546	1/1	36.70	Metaviridae
v90547	2/9	59.00	Mitoviridae
v90548	10/11	77.62	Microviridae
v90549	3/5	45.43	Retroviridae
v90550	6/18	38.53	Microviridae
v90553	3/14	38.07	Guelinviridae
v90554	26/27	92.47	Guelinviridae
v90557	6/24	34.73	Guelinviridae
v90558	15/139	40.94	Herelleviridae
v90561	3/7	37.50	Microviridae
v90564	9/44	43.06	Suoliviridae
v90572	7/9	59.50	Microviridae
v90573	3/8	45.40	Microviridae
v90574	8/8	78.08	Microviridae
v90575	7/11	55.21	Microviridae
v90577	16/16	75.53	Microviridae
v90578	11/11	61.45	Microviridae
v90579	5/16	33.40	Guelinviridae
v90583	1/4	37.40	Retroviridae
v90584	4/19	37.83	Salasmaviridae
v90585	7/7	66.67	Microviridae
v90589	6/21	36.67	Salasmaviridae
v90591	6/27	34.92	Guelinviridae
v90595	6/8	68.58	Microviridae
v90596	6/9	95.13	Microviridae
v90598	15/16	74.33	Microviridae
v90601	8/11	89.74	Microviridae
v90602	5/7	47.64	Microviridae
v90603	7/7	76.50	Microviridae
v90604	2/9	36.70	Metaviridae
v90605	6/8	47.07	Microviridae
v90606	7/9	70.41	Microviridae
v90607	11/12	73.72	Microviridae
v90608	6/6	78.80	Microviridae
v90611	8/9	76.25	Microviridae
v90612	13/13	73.29	Microviridae
v90614	7/7	79.76	Microviridae
v90615	6/6	88.20	Microviridae
v90616	7/7	78.99	Microviridae
v90617	8/10	67.03	Microviridae
v90618	8/11	58.50	Microviridae
v90619	4/10	45.83	Microviridae
v90620	7/8	79.29	Microviridae
v90621	6/6	80.50	Microviridae
v90623	7/7	74.81	Microviridae
v90624	6/6	81.10	Microviridae
v90625	7/7	71.99	Microviridae
v90626	7/9	57.97	Microviridae
v90627	7/10	81.41	Microviridae
v90628	7/9	47.56	Microviridae
v90629	6/7	77.87	Microviridae
v90632	5/9	52.12	Microviridae
v90633	3/15	37.53	Inoviridae
v90634	6/9	59.97	Microviridae
v90635	9/9	72.64	Microviridae
v90636	13/14	74.78	Microviridae
v90637	8/8	82.09	Microviridae
v90638	7/9	53.80	Microviridae
v90639	7/7	81.04	Microviridae
v90640	20/21	60.85	Microviridae
v90641	7/9	63.74	Microviridae
v90642	1/2	34.30	Metaviridae
v90643	6/10	47.03	Microviridae
v90644	4/8	36.35	Microviridae
v90646	8/10	54.85	Microviridae
v90647	2/7	35.20	Microviridae
v90648	8/8	80.03	Microviridae
v90650	8/11	56.73	Microviridae
v90652	6/6	76.65	Microviridae
v90653	21/22	75.42	Microviridae
v90654	6/7	54.82	Microviridae
v90655	4/7	40.02	Microviridae
v90658	12/13	74.38	Microviridae
v90659	1/4	40.40	Metaviridae
v90660	10/12	84.58	Microviridae
v90662	10/10	72.78	Microviridae
v90663	2/5	42.90	Metaviridae
v90673	1/5	39.20	Caulimoviridae
v90676	2/8	38.50	Metaviridae
v90679	1/5	34.40	Metaviridae
v90683	1/4	39.10	Caulimoviridae
v90684	2/10	33.75	Caulimoviridae
v90688	1/4	40.20	Metaviridae
v90689	6/6	50.92	Microviridae
v90690	6/9	75.68	Microviridae
v90693	3/12	38.70	Metaviridae
v90694	3/12	32.17	Retroviridae
v90696	1/2	40.30	Caulimoviridae
v90701	2/10	31.50	Caulimoviridae
v90709	1/3	33.20	Caulimoviridae
v90711	3/14	40.90	Caulimoviridae
v90713	3/12	30.93	Caulimoviridae
v90717	3/10	33.67	Caulimoviridae
v90718	2/9	42.15	Metaviridae
v90727	1/4	32.70	Caulimoviridae
v90729	1/4	30.10	Caulimoviridae
v90730	1/3	39.40	Metaviridae
v90736	1/5	42.20	Metaviridae
v90737	3/14	35.03	Metaviridae
v90741	8/8	71.40	Microviridae
v90751	2/9	39.30	Metaviridae
v90754	2/5	30.30	Retroviridae
v90755	1/2	36.40	Metaviridae
v90761	1/5	37.70	Metaviridae
v90765	8/12	76.74	Microviridae
v90767	3/9	38.93	Metaviridae
v90768	10/10	61.52	Microviridae
v90769	6/8	58.68	Microviridae
v90770	7/7	83.43	Microviridae
v90771	15/15	77.31	Microviridae
v90772	7/10	49.74	Microviridae
v90773	6/9	79.00	Microviridae
v90774	5/10	37.86	Microviridae
v90775	5/6	66.72	Microviridae
v90776	9/10	58.64	Microviridae
v90782	7/7	82.83	Microviridae
v90789	8/10	59.60	Microviridae
v90790	21/21	72.33	Microviridae
v90791	4/7	48.00	Microviridae
v90792	4/7	39.48	Microviridae
v90793	9/9	76.39	Microviridae
v90794	6/15	38.68	Microviridae
v90796	2/8	32.30	Metaviridae
v90798	2/6	34.70	Caulimoviridae
v90799	5/7	37.24	Microviridae
v90800	2/8	31.85	Caulimoviridae
v90802	2/6	35.00	Metaviridae
v90803	6/6	74.82	Microviridae
v90804	6/7	80.62	Microviridae
v90808	11/16	39.15	Microviridae
v90812	11/172	32.95	Straboviridae
v90814	2/6	32.65	Retroviridae
v90820	2/5	39.75	Caulimoviridae
v90823	2/8	41.90	Metaviridae
v90827	1/5	48.20	Caulimoviridae
v90829	7/9	51.00	Microviridae
v90832	8/9	85.44	Microviridae
v90833	9/9	72.89	Microviridae
v90834	9/9	73.10	Microviridae
v90835	8/10	78.79	Microviridae
v90836	1/3	35.20	Metaviridae
v90838	6/6	74.87	Microviridae
v90839	12/12	84.36	Microviridae
v90841	4/7	39.30	Metaviridae
v90842	1/4	30.80	Caulimoviridae
v90844	6/8	85.52	Microviridae
v90845	4/6	43.60	Microviridae
v90846	5/6	48.66	Microviridae
v90847	8/8	75.16	Microviridae
v90849	8/9	65.29	Microviridae
v90851	7/7	70.41	Microviridae
v90852	2/8	39.15	Metaviridae
v90857	4/8	34.35	Microviridae
v90859	6/9	76.93	Microviridae
v90860	6/9	80.98	Microviridae
v90861	6/6	86.18	Microviridae
v90863	6/6	74.80	Microviridae
v90864	7/9	91.83	Microviridae
v90865	4/8	37.80	Microviridae
v90866	7/9	78.63	Microviridae
v90867	5/6	43.54	Microviridae
v90868	3/9	39.50	Microviridae
v90869	6/8	69.57	Microviridae
v90870	10/11	59.64	Microviridae
v90872	1/3	30.10	Caulimoviridae
v90874	11/12	81.87	Microviridae
v90875	1/4	34.40	Caulimoviridae
v90876	4/9	44.70	Microviridae
v90877	7/7	87.36	Microviridae
v90878	10/10	70.99	Microviridae
v90879	7/7	80.20	Microviridae
v90880	7/7	82.83	Microviridae
v90881	7/10	76.06	Microviridae
v90882	7/8	59.11	Microviridae
v90883	4/18	34.30	Guelinviridae
v90885	7/8	54.91	Microviridae
v90886	3/9	47.80	Inoviridae
v90889	6/9	73.97	Microviridae
v90890	1/2	38.80	Metaviridae
v90891	2/7	38.05	Metaviridae
v90894	8/9	96.04	Microviridae
v90895	1/1	36.50	Metaviridae
v90896	9/9	61.73	Microviridae
v90897	6/6	80.13	Microviridae
v90899	11/11	79.79	Microviridae
v90900	5/8	47.64	Microviridae
v90901	7/9	51.39	Microviridae
v90902	6/7	54.72	Microviridae
v90903	11/117	33.56	Herelleviridae
v90905	10/11	87.79	Microviridae
v90907	9/10	62.36	Microviridae
v90908	6/9	46.85	Microviridae
v90910	8/9	84.12	Microviridae
v90911	3/6	39.73	Microviridae
v90912	12/13	78.38	Microviridae
v90913	5/6	69.34	Microviridae
v90916	5/6	51.46	Microviridae
v90919	5/22	32.14	Salasmaviridae
v90922	5/9	34.58	Microviridae
v90925	75/78	93.06	Steigviridae
v90927	1/4	52.20	Poxviridae
v90928	7/18	43.46	Retroviridae
v90929	100/104	95.74	Suoliviridae
v90930	7/8	52.83	Microviridae
v90931	6/6	76.53	Microviridae
v90932	5/7	39.76	Microviridae
v90933	5/9	50.56	Microviridae
v90934	3/8	38.83	Microviridae
v90935	3/6	33.57	Microviridae
v90936	5/8	49.76	Microviridae
v90937	9/9	61.37	Microviridae
v90938	7/8	60.23	Microviridae
v90939	6/15	36.70	Salasmaviridae
v90940	5/7	50.48	Microviridae
v90941	7/9	51.07	Microviridae
v90942	7/7	82.69	Microviridae
v90943	6/8	67.35	Microviridae
v90945	1/4	40.40	Metaviridae
v90946	4/9	46.17	Microviridae
v90947	1/5	56.00	Retroviridae
v90948	1/3	38.60	Metaviridae
v90950	2/4	34.60	Retroviridae
v90952	1/4	37.20	Metaviridae
v90953	1/5	36.10	Retroviridae
v90954	2/6	47.45	Caulimoviridae
v90955	1/3	33.90	Metaviridae
v90957	8/8	73.34	Microviridae
v90959	1/4	34.20	Retroviridae
v90960	7/9	50.49	Microviridae
v90961	7/7	69.64	Microviridae
v90962	8/13	55.38	Microviridae
v90963	4/7	50.27	Microviridae
v90964	1/2	35.10	Metaviridae
v90965	8/9	75.83	Microviridae
v90968	10/14	68.53	Microviridae
v90969	4/5	37.85	Microviridae
v90971	3/7	38.83	Microviridae
v90972	7/9	63.09	Microviridae
v90976	4/11	37.65	Microviridae
v90977	4/8	37.58	Microviridae
v90978	5/7	40.90	Microviridae
v90979	8/8	63.61	Microviridae
v90983	7/11	63.19	Microviridae
v90984	5/8	55.62	Microviridae
v90985	5/7	40.32	Microviridae
v90986	4/7	44.52	Microviridae
v90987	3/6	35.07	Microviridae
v90988	5/8	51.76	Microviridae
v90989	7/9	60.04	Microviridae
v90991	5/9	48.96	Microviridae
v90993	7/9	60.50	Microviridae
v90994	4/11	40.02	Inoviridae
v90998	7/7	73.74	Microviridae
v91002	6/8	60.07	Microviridae
v91003	7/9	56.54	Microviridae
v91005	7/7	72.36	Microviridae
v91006	3/4	49.27	Anelloviridae
v91008	7/25	42.49	Drexlerviridae
v91010	5/7	45.54	Microviridae
v91015	3/7	37.00	Microviridae
v91017	4/8	35.80	Microviridae
v91018	5/7	69.62	Microviridae
v91019	7/8	82.89	Microviridae
v91020	7/8	90.70	Microviridae
v91021	11/12	80.53	Microviridae
v91022	7/8	74.63	Microviridae
v91023	4/5	39.52	Microviridae
v91025	4/7	35.92	Microviridae
v91027	4/6	39.02	Metaviridae
v91028	2/5	40.15	Metaviridae
v91030	1/5	36.10	Metaviridae
v91032	6/19	39.35	Salasmaviridae
v91033	4/9	57.60	Microviridae
v91034	9/22	34.71	Guelinviridae
v91035	11/11	81.25	Microviridae
v91037	6/8	54.28	Microviridae
v91040	3/6	35.77	Microviridae
v91041	3/7	39.73	Microviridae
v91042	13/88	43.55	Aliceevansviridae
v91043	10/10	75.64	Microviridae
v91044	67/78	72.29	Drexlerviridae
v91045	5/8	46.42	Microviridae
v91046	5/7	64.84	Microviridae
v91047	12/147	38.42	Steigviridae
v91048	6/7	65.58	Microviridae
v91053	6/9	66.45	Microviridae
v91057	3/5	54.83	Microviridae
v91058	6/8	69.25	Microviridae
v91060	9/10	61.79	Microviridae
v91061	7/7	74.34	Microviridae
v91062	13/14	62.74	Microviridae
v91063	5/9	48.08	Microviridae
v91066	7/9	62.74	Microviridae
v91067	3/10	35.20	Microviridae
v91068	9/10	67.51	Microviridae
v91069	10/11	58.83	Microviridae
v91070	6/6	85.95	Microviridae
v91071	10/11	90.51	Microviridae
v91073	5/7	81.00	Microviridae
v91074	6/8	52.33	Microviridae
v91075	4/7	36.42	Microviridae
v91076	4/8	42.67	Microviridae
v91077	6/10	53.85	Microviridae
v91078	9/9	77.81	Microviridae
v91079	7/8	95.87	Microviridae
v91082	4/8	46.77	Microviridae
v91084	9/10	82.92	Microviridae
v91085	8/8	62.14	Microviridae
v91086	5/8	39.92	Microviridae
v91087	7/10	41.57	Microviridae
v91088	10/10	72.53	Microviridae
v91089	7/9	60.89	Microviridae
v91090	7/9	48.94	Microviridae
v91092	4/8	38.98	Microviridae
v91093	10/10	74.21	Microviridae
v91094	6/8	59.57	Microviridae
v91095	17/17	78.17	Microviridae
v91096	1/4	35.40	Genomoviridae
v91097	6/6	89.32	Microviridae
v91098	5/10	58.46	Microviridae
v91099	4/6	95.90	Microviridae
v91100	7/7	52.50	Microviridae
v91101	15/15	86.68	Microviridae
v91102	1/4	30.40	Caulimoviridae
v91103	1/4	33.30	Metaviridae
v91104	1/5	33.80	Metaviridae
v91105	1/4	46.20	Retroviridae
v91108	1/4	36.40	Metaviridae
v91110	5/7	67.60	Microviridae
v91111	8/12	37.12	Microviridae
v91112	1/1	40.00	Metaviridae
v91113	3/3	51.70	Caulimoviridae
v91116	1/4	38.10	Metaviridae
v91117	1/2	32.50	Metaviridae
v91118	1/4	42.30	Metaviridae
v91120	7/7	72.79	Microviridae
v91121	9/9	84.67	Microviridae
v91122	6/6	74.73	Microviridae
v91125	7/10	53.23	Microviridae
v91126	4/19	31.52	Guelinviridae
v91127	5/20	33.20	Guelinviridae
v91128	12/12	77.84	Microviridae
v91130	7/9	55.59	Microviridae
v91131	7/9	84.96	Microviridae
v91132	6/22	34.15	Salasmaviridae
v91133	9/10	61.90	Microviridae
v91135	7/8	92.63	Microviridae
v91136	7/7	78.09	Microviridae
v91137	5/24	33.42	Salasmaviridae
v91138	9/10	57.40	Microviridae
v91139	6/10	50.53	Microviridae
v91140	8/10	69.35	Microviridae
v91141	4/18	32.12	Guelinviridae
v91142	4/6	44.80	Microviridae
v91144	5/7	51.12	Microviridae
v91145	7/10	49.91	Microviridae
v91146	6/8	59.45	Microviridae
v91147	9/10	53.73	Microviridae
v91148	7/7	88.26	Microviridae
v91149	4/6	43.05	Microviridae
v91150	8/10	70.80	Microviridae
v91151	6/27	34.77	Guelinviridae
v91152	5/6	53.68	Microviridae
v91154	6/6	85.13	Microviridae
v91156	9/19	56.74	Microviridae
v91159	6/8	61.92	Microviridae
v91160	7/9	88.79	Microviridae
v91162	4/8	39.40	Microviridae
v91164	7/10	83.39	Microviridae
v91166	7/8	88.39	Microviridae
v91167	6/8	38.20	Microviridae
v91168	3/8	37.07	Microviridae
v91169	9/9	78.77	Microviridae
v91171	6/10	63.67	Microviridae
v91172	7/10	67.79	Microviridae
v91173	9/10	83.10	Microviridae
v91179	7/10	48.19	Microviridae
v91184	5/21	31.94	Guelinviridae
v91189	7/11	83.17	Microviridae
v91196	10/132	43.13	Herelleviridae
v91200	13/25	52.80	Guelinviridae
v91202	6/16	32.07	Salasmaviridae
v91203	3/15	32.43	Guelinviridae
v91205	6/6	88.13	Microviridae
v91207	6/8	65.03	Microviridae
v91208	7/9	57.53	Microviridae
v91212	5/7	80.74	Microviridae
v91213	4/7	37.65	Microviridae
v91214	7/11	51.89	Microviridae
v91215	5/6	42.16	Microviridae
v91216	4/7	50.67	Microviridae
v91217	5/8	63.50	Microviridae
v91218	9/9	80.63	Microviridae
v91219	7/7	64.74	Microviridae
v91220	5/14	36.02	Microviridae
v91221	3/7	39.10	Microviridae
v91222	7/7	82.41	Microviridae
v91223	5/9	46.92	Microviridae
v91224	6/8	57.53	Microviridae
v91225	5/8	46.10	Microviridae
v91226	6/6	77.47	Microviridae
v91227	12/17	65.21	Microviridae
v91228	6/7	60.88	Microviridae
v91229	2/6	31.00	Microviridae
v91230	7/11	82.19	Microviridae
v91232	14/191	36.90	Herelleviridae
v91233	7/18	43.21	Salasmaviridae
v91235	10/106	62.54	Drexlerviridae
v91236	5/9	53.02	Microviridae
v91237	6/8	81.58	Microviridae
v91238	7/10	54.06	Microviridae
v91239	6/8	70.93	Microviridae
v91240	4/9	44.92	Microviridae
v91241	9/11	70.34	Microviridae
v91242	9/10	72.12	Microviridae
v91243	7/10	87.91	Microviridae
v91244	7/9	81.51	Microviridae
v91246	7/9	65.90	Microviridae
v91247	3/8	42.00	Microviridae
v91248	6/6	87.72	Microviridae
v91250	22/56	45.57	Aliceevansviridae
v91251	6/7	77.85	Microviridae
v91254	14/141	38.22	Herelleviridae
v91256	7/10	82.71	Microviridae
v91259	9/11	77.50	Microviridae
v91260	8/20	41.15	Guelinviridae
v91263	7/8	51.96	Microviridae
v91265	7/7	80.47	Microviridae
v91266	14/278	37.92	Herelleviridae
v91269	3/7	32.57	Microviridae
v91270	14/20	57.64	Microviridae
v91272	7/8	74.20	Microviridae
v91274	11/12	59.99	Microviridae
v91275	10/10	61.32	Microviridae
v91276	1/3	52.90	Metaviridae
v91277	6/6	74.68	Microviridae
v91278	13/13	81.08	Microviridae
v91279	8/15	47.80	Retroviridae
v91280	14/86	39.61	Herelleviridae
v91284	4/8	40.80	Microviridae
v91285	5/7	50.62	Microviridae
v91287	4/9	49.33	Microviridae
v91288	6/8	70.95	Microviridae
v91289	2/6	30.10	Microviridae
v91290	11/71	34.43	Aliceevansviridae
v91291	7/28	36.61	Guelinviridae
v91294	9/32	36.94	Guelinviridae
v91295	7/9	77.87	Microviridae
v91298	3/6	32.70	Microviridae
v91300	5/7	70.40	Microviridae
v91301	32/109	40.44	Steigviridae
v91303	4/6	32.98	Microviridae
v91304	7/9	71.69	Microviridae
v91305	6/9	48.93	Microviridae
v91306	4/9	39.80	Microviridae
v91307	9/9	59.57	Microviridae
v91309	8/10	59.96	Microviridae
v91311	6/8	82.95	Microviridae
v91312	3/6	52.33	Microviridae
v91313	6/10	66.23	Microviridae
v91314	7/9	80.31	Microviridae
v91315	3/6	42.10	Microviridae
v91316	6/9	52.10	Microviridae
v91317	5/10	35.64	Microviridae
v91318	9/9	81.37	Microviridae
v91320	7/22	35.31	Guelinviridae
v91322	7/10	65.07	Microviridae
v91323	4/6	37.60	Microviridae
v91324	7/9	89.36	Microviridae
v91325	6/9	86.75	Microviridae
v91326	6/9	69.23	Microviridae
v91329	12/16	65.67	Microviridae
v91331	7/9	92.70	Microviridae
v91332	4/7	34.35	Microviridae
v91333	15/16	88.70	Microviridae
v91335	94/108	73.79	Steigviridae
v91338	6/7	60.95	Microviridae
v91339	5/7	75.26	Microviridae
v91340	6/9	65.52	Microviridae
v91341	5/8	56.86	Microviridae
v91342	7/7	61.30	Microviridae
v91343	4/9	37.67	Microviridae
v91344	9/10	61.59	Microviridae
v91345	4/6	41.52	Microviridae
v91346	4/9	38.33	Microviridae
v91347	7/9	63.89	Microviridae
v91348	10/10	82.62	Microviridae
v91349	7/13	37.53	Microviridae
v91350	8/10	56.52	Microviridae
v91351	7/8	80.30	Microviridae
v91352	4/6	42.98	Microviridae
v91353	6/6	89.35	Microviridae
v91354	7/9	67.77	Microviridae
v91355	6/7	67.63	Microviridae
v91357	8/10	71.67	Microviridae
v91358	6/9	54.00	Microviridae
v91359	5/7	67.80	Microviridae
v91360	7/7	86.16	Microviridae
v91361	6/8	63.83	Microviridae
v91365	5/9	39.98	Microviridae
v91366	5/11	54.48	Microviridae
v91367	98/112	87.30	Steigviridae
v91368	6/20	35.90	Salasmaviridae
v91369	4/20	32.60	Salasmaviridae
v91371	6/9	69.85	Microviridae
v91373	6/6	82.48	Microviridae
v91375	5/9	59.88	Microviridae
v91377	4/7	41.17	Microviridae
v91378	8/9	94.16	Microviridae
v91380	7/7	85.31	Microviridae
v91381	3/6	34.47	Microviridae
v91382	6/9	48.10	Microviridae
v91383	6/7	68.85	Microviridae
v91384	6/9	65.13	Microviridae
v91385	4/7	37.55	Microviridae
v91386	9/9	59.58	Microviridae
v91388	10/10	82.20	Microviridae
v91390	5/7	59.86	Microviridae
v91391	84/84	94.72	Schitoviridae
v91392	4/8	39.05	Microviridae
v91393	6/10	64.78	Microviridae
v91394	7/11	61.97	Microviridae
v91395	9/40	50.60	Aliceevansviridae
v91397	7/30	35.79	Guelinviridae
v91401	4/18	31.18	Guelinviridae
v91407	10/10	72.13	Microviridae
v91408	13/13	71.05	Microviridae
v91409	6/18	32.53	Salasmaviridae
v91411	3/7	36.43	Microviridae
v91414	7/18	36.60	Salasmaviridae
v91417	7/16	37.63	Guelinviridae
v91418	7/18	37.61	Salasmaviridae
v91421	18/49	43.43	Autographiviridae
v91422	6/6	81.27	Microviridae
v91423	5/8	78.60	Microviridae
v91431	5/7	40.40	Microviridae
v91435	10/11	75.63	Microviridae
v91436	13/14	75.79	Microviridae
v91441	8/10	52.10	Microviridae
v91442	7/9	95.31	Microviridae
v91443	8/8	73.81	Microviridae
v91444	7/8	86.27	Microviridae
v91445	6/6	88.95	Papillomaviridae
v91446	12/12	71.62	Microviridae
v91447	13/16	62.33	Microviridae
v91448	5/8	49.38	Microviridae
v91449	5/6	68.46	Microviridae
v91450	18/18	60.84	Microviridae
v91452	3/6	30.73	Microviridae
v91453	6/8	75.52	Microviridae
v91455	7/7	85.66	Microviridae
v91456	7/7	76.74	Microviridae
v91457	7/7	73.00	Microviridae
v91458	8/10	88.50	Microviridae
v91459	10/49	50.95	Aliceevansviridae
v91463	13/13	74.08	Microviridae
v91465	89/100	65.68	Steigviridae
v91466	11/138	37.48	Herelleviridae
v91468	6/7	61.05	Microviridae
v91469	7/7	80.33	Microviridae
v91470	13/18	65.22	Microviridae
v91471	14/14	75.85	Microviridae
v91472	8/11	56.38	Microviridae
v91473	10/17	83.42	Microviridae
v91475	10/154	43.18	Herelleviridae
v91476	8/8	76.29	Microviridae
v91477	6/9	70.82	Microviridae
v91478	7/12	89.24	Microviridae
v91479	5/9	58.64	Microviridae
v91481	7/7	84.74	Microviridae
v91482	6/9	60.15	Microviridae
v91483	7/7	58.86	Microviridae
v91485	4/5	47.70	Microviridae
v91486	4/8	44.67	Microviridae
v91487	6/9	45.95	Microviridae
v91488	9/10	60.58	Microviridae
v91489	6/6	83.53	Microviridae
v91490	9/10	63.43	Microviridae
v91491	7/7	79.73	Microviridae
v91492	5/10	47.80	Microviridae
v91493	6/6	79.48	Microviridae
v91494	2/7	36.25	Microviridae
v91495	3/6	38.00	Microviridae
v91496	8/10	94.60	Microviridae
v91497	7/9	75.13	Microviridae
v91498	5/21	37.26	Guelinviridae
v91500	8/11	58.20	Microviridae
v91501	4/8	45.15	Microviridae
v91502	4/7	35.90	Microviridae
v91503	4/8	40.12	Microviridae
v91505	7/9	96.50	Microviridae
v91506	5/7	36.16	Microviridae
v91507	9/9	60.29	Microviridae
v91508	7/9	50.39	Microviridae
v91509	7/8	80.70	Microviridae
v91510	4/8	47.65	Microviridae
v91513	5/18	36.38	Salasmaviridae
v91514	6/17	32.77	Salasmaviridae
v91516	6/18	34.23	Guelinviridae
v91517	6/8	96.72	Microviridae
v91518	4/14	30.35	Guelinviridae
v91520	3/4	44.73	Microviridae
v91530	8/19	45.55	Salasmaviridae
v91532	6/8	63.08	Microviridae
v91533	2/7	33.90	Microviridae
v91537	6/13	35.95	Guelinviridae
v91541	6/17	33.23	Salasmaviridae
v91544	4/18	31.25	Guelinviridae
v91549	5/7	47.00	Microviridae
v91552	12/145	38.23	Herelleviridae
v91555	3/6	36.10	Microviridae
v91556	7/9	96.14	Microviridae
v91559	6/9	74.28	Microviridae
v91563	7/9	54.26	Microviridae
v91565	8/8	80.67	Microviridae
v91566	7/9	52.24	Microviridae
v91568	6/6	86.47	Microviridae
v91570	7/8	52.76	Microviridae
v91571	5/8	54.90	Microviridae
v91572	5/17	36.96	Salasmaviridae
v91573	5/6	54.24	Microviridae
v91576	8/8	70.99	Microviridae
v91582	5/9	94.70	Microviridae
v91583	7/10	54.66	Microviridae
v91584	5/8	87.18	Microviridae
v91585	7/10	70.44	Microviridae
v91586	7/25	36.86	Guelinviridae
v91587	5/9	58.50	Microviridae
v91588	4/6	43.05	Microviridae
v91589	4/19	32.35	Salasmaviridae
v91590	8/10	95.34	Microviridae
v91591	6/7	63.97	Microviridae
v91593	9/10	59.57	Microviridae
v91595	11/143	48.34	Suoliviridae
v91597	10/10	72.02	Microviridae
v91598	10/10	79.40	Microviridae
v91599	6/12	41.38	Microviridae
v91600	4/8	33.83	Microviridae
v91601	7/9	91.86	Microviridae
v91602	7/10	53.94	Microviridae
v91603	6/9	50.70	Microviridae
v91605	7/18	39.40	Microviridae
v91606	5/6	67.94	Microviridae
v91607	12/12	75.92	Microviridae
v91608	7/7	73.53	Microviridae
v91609	17/18	79.12	Microviridae
v91610	5/7	62.50	Microviridae
v91611	4/8	40.77	Microviridae
v91612	4/7	41.52	Microviridae
v91613	13/18	67.05	Microviridae
v91614	7/7	82.84	Microviridae
v91615	7/9	65.13	Microviridae
v91616	7/8	70.90	Microviridae
v91617	3/6	39.20	Microviridae
v91619	3/6	41.07	Microviridae
v91620	3/8	37.63	Microviridae
v91621	6/9	62.77	Microviridae
v91623	6/7	54.38	Microviridae
v91624	2/7	37.65	Microviridae
v91625	7/7	86.57	Microviridae
v91626	99/105	88.46	Steigviridae
v91627	3/7	31.60	Microviridae
v91628	6/9	59.90	Microviridae
v91630	6/8	57.90	Microviridae
v91631	7/9	95.89	Microviridae
v91632	6/9	60.73	Microviridae
v91633	7/10	79.23	Microviridae
v91634	5/8	46.44	Microviridae
v91638	28/195	43.19	Steigviridae
v91639	7/9	78.46	Microviridae
v91640	7/20	36.87	Salasmaviridae
v91642	3/6	34.97	Microviridae
v91645	8/8	53.76	Microviridae
v91647	4/7	71.83	Microviridae
v91648	4/9	45.73	Microviridae
v91649	2/7	37.70	Metaviridae
v91650	6/9	62.77	Microviridae
v91651	7/9	67.77	Microviridae
v91654	7/9	51.60	Microviridae
v91658	5/8	43.96	Microviridae
v91663	6/7	79.05	Microviridae
v91667	2/7	36.80	Retroviridae
v91668	7/9	82.54	Microviridae
v91669	9/9	63.86	Microviridae
v91670	7/9	67.01	Microviridae
v91671	9/10	62.62	Microviridae
v91672	6/7	63.05	Microviridae
v91673	6/7	58.57	Microviridae
v91674	6/8	80.38	Microviridae
v91675	7/8	82.81	Microviridae
v91676	9/11	59.00	Microviridae
v91677	5/8	50.82	Microviridae
v91678	3/8	37.47	Microviridae
v91679	5/8	39.52	Microviridae
v91680	6/8	66.48	Microviridae
v91681	7/9	70.93	Microviridae
v91682	9/9	64.20	Microviridae
v91683	6/8	54.27	Microviridae
v91684	7/10	49.54	Microviridae
v91685	8/10	57.09	Microviridae
v91687	3/7	35.07	Microviridae
v91688	6/9	49.55	Microviridae
v91689	6/9	63.73	Microviridae
v91690	7/10	54.31	Microviridae
v91691	7/8	50.99	Microviridae
v91692	7/9	90.00	Microviridae
v91693	6/7	83.62	Microviridae
v91694	6/6	70.60	Microviridae
v91695	7/9	61.17	Microviridae
v91696	6/12	40.65	Microviridae
v91697	10/15	41.03	Microviridae
v91698	6/7	55.50	Microviridae
v91699	2/7	30.75	Microviridae
v91701	7/8	76.84	Microviridae
v91702	4/7	41.20	Microviridae
v91703	7/8	54.94	Microviridae
v91707	2/3	39.65	Metaviridae
v91708	9/12	86.03	Microviridae
v91709	2/9	36.80	Metaviridae
v91710	3/9	43.17	Metaviridae
v91713	1/5	47.60	Caulimoviridae
v91716	1/3	34.60	Metaviridae
v91717	3/9	49.30	Retroviridae
v91720	13/19	58.01	Microviridae
v91723	7/10	52.19	Microviridae
v91725	6/9	67.13	Microviridae
v91726	5/16	31.40	Guelinviridae
v91729	7/7	73.94	Microviridae
v91731	7/9	72.67	Microviridae
v91732	7/7	74.60	Microviridae
v91733	6/7	62.73	Microviridae
v91734	4/8	41.05	Microviridae
v91735	4/8	43.23	Microviridae
v91736	7/7	83.23	Microviridae
v91737	6/7	87.72	Microviridae
v91738	6/9	48.08	Microviridae
v91739	5/6	45.14	Microviridae
v91740	6/8	49.65	Microviridae
v91741	6/9	71.08	Microviridae
v91742	5/7	42.90	Microviridae
v91743	8/10	66.35	Microviridae
v91744	4/6	56.33	Microviridae
v91745	7/10	58.20	Microviridae
v91746	8/10	89.05	Microviridae
v91747	6/6	72.45	Microviridae
v91748	13/15	60.93	Microviridae
v91749	6/7	76.63	Microviridae
v91750	4/10	42.12	Microviridae
v91751	6/6	75.58	Microviridae
v91752	1/5	44.40	Metaviridae
v91753	6/8	65.25	Microviridae
v91754	5/6	62.74	Microviridae
v91755	2/5	33.65	Caulimoviridae
v91758	10/10	60.60	Microviridae
v91760	5/6	54.44	Microviridae
v91761	3/6	39.73	Microviridae
v91762	10/10	61.30	Microviridae
v91763	7/9	96.93	Microviridae
v91764	6/11	85.35	Microviridae
v91765	5/7	51.68	Microviridae
v91766	10/11	91.18	Microviridae
v91767	4/8	40.45	Microviridae
v91768	5/6	74.38	Microviridae
v91769	6/8	64.93	Microviridae
v91770	6/7	67.17	Microviridae
v91772	7/8	77.59	Microviridae
v91773	11/177	45.07	Herelleviridae
v91774	7/9	93.77	Microviridae
v91775	4/5	37.08	Microviridae
v91776	6/19	35.65	Salasmaviridae
v91777	5/6	55.44	Microviridae
v91778	5/21	33.34	Salasmaviridae
v91779	9/10	63.82	Microviridae
v91780	6/8	95.78	Microviridae
v91781	5/8	39.98	Microviridae
v91782	3/7	44.77	Microviridae
v91783	3/13	33.73	Guelinviridae
v91785	20/51	46.36	Autographiviridae
v91786	8/10	63.30	Microviridae
v91788	16/181	43.45	Herelleviridae
v91789	10/154	39.93	Herelleviridae
v91790	4/9	60.42	Microviridae
v91792	7/9	80.04	Microviridae
v91793	7/10	79.86	Microviridae
v91794	4/4	61.30	Microviridae
v91795	8/9	84.31	Microviridae
v91796	7/7	80.61	Microviridae
v91797	4/6	38.30	Microviridae
v91798	7/8	71.24	Microviridae
v91800	7/7	75.56	Microviridae
v91801	6/10	51.37	Microviridae
v91803	5/8	47.90	Microviridae
v91804	4/6	41.45	Microviridae
v91806	7/8	94.47	Microviridae
v91807	7/9	66.56	Microviridae
v91808	6/6	84.80	Microviridae
v91809	3/8	41.10	Microviridae
v91810	6/6	76.30	Microviridae
v91811	5/8	40.44	Microviridae
v91812	22/23	91.13	Guelinviridae
v91814	12/12	59.76	Microviridae
v91816	7/9	68.87	Microviridae
v91821	7/9	57.66	Microviridae
v91825	7/8	50.69	Microviridae
v91826	4/10	58.08	Microviridae
v91827	6/6	87.63	Microviridae
v91828	8/8	63.35	Microviridae
v91829	7/10	70.03	Microviridae
v91830	6/6	87.48	Microviridae
v91831	7/9	69.09	Microviridae
v91832	4/8	48.08	Microviridae
v91833	7/10	55.79	Microviridae
v91834	8/9	91.00	Microviridae
v91835	6/8	77.40	Microviridae
v91836	5/8	48.96	Microviridae
v91837	7/9	69.00	Microviridae
v91838	5/8	42.48	Microviridae
v91839	9/9	59.91	Microviridae
v91840	8/9	64.09	Microviridae
v91841	5/7	40.74	Microviridae
v91842	11/13	59.93	Microviridae
v91843	7/9	65.66	Microviridae
v91845	6/10	60.03	Microviridae
v91846	7/9	77.17	Microviridae
v91847	7/10	70.61	Microviridae
v91848	1/2	42.60	Caulimoviridae
v91857	1/3	40.00	Caulimoviridae
v91860	2/9	41.50	Metaviridae
v91865	2/9	35.35	Metaviridae
v91867	2/6	38.85	Metaviridae
v91868	5/8	41.92	Microviridae
v91870	6/9	51.40	Microviridae
v91871	2/5	30.25	Microviridae
v91872	5/7	53.76	Microviridae
v91873	3/8	37.93	Microviridae
v91874	3/15	30.57	Guelinviridae
v91876	8/10	69.46	Microviridae
v91877	6/9	80.08	Microviridae
v91879	14/14	74.15	Microviridae
v91880	5/7	54.16	Microviridae
v91881	5/7	54.20	Microviridae
v91882	6/8	39.88	Microviridae
v91883	11/13	52.58	Microviridae
v91884	7/9	58.50	Microviridae
v91885	7/9	75.47	Microviridae
v91886	10/10	61.29	Microviridae
v91887	12/13	59.17	Microviridae
v91888	4/7	37.40	Microviridae
v91889	7/9	83.37	Microviridae
v91891	2/9	43.15	Metaviridae
v91892	7/11	54.69	Microviridae
v91893	1/3	31.10	Retroviridae
v91894	7/7	78.03	Microviridae
v91896	1/2	35.10	Metaviridae
v91897	9/12	65.96	Microviridae
v91898	2/6	42.05	Caulimoviridae
v91899	7/9	71.47	Microviridae
v91900	6/8	94.95	Microviridae
v91901	1/4	38.20	Metaviridae
v91902	7/10	61.63	Microviridae
v91903	13/13	83.72	Microviridae
v91904	1/4	33.00	Metaviridae
v91906	8/11	80.79	Microviridae
v91907	10/10	80.61	Microviridae
v91909	6/8	78.85	Microviridae
v91911	8/8	82.12	Microviridae
v91912	6/8	67.68	Microviridae
v91913	5/9	39.44	Microviridae
v91914	7/8	66.67	Microviridae
v91915	1/5	39.90	Metaviridae
v91916	7/14	36.67	Salasmaviridae
v91919	9/9	59.66	Microviridae
v91920	10/80	36.21	Aliceevansviridae
v91928	7/8	88.16	Microviridae
v91931	7/8	89.89	Microviridae
v91933	8/10	88.49	Microviridae
v91934	7/10	86.10	Microviridae
v91935	6/8	59.23	Microviridae
v91936	5/7	44.98	Microviridae
v91938	6/8	65.43	Microviridae
v91939	7/10	69.71	Microviridae
v91940	7/10	59.61	Microviridae
v91941	1/3	44.10	Caulimoviridae
v91942	11/11	73.20	Microviridae
v91944	9/11	85.19	Microviridae
v91945	8/8	60.40	Microviridae
v91946	11/11	60.93	Microviridae
v91947	7/9	66.57	Microviridae
v91948	7/8	90.97	Microviridae
v91950	7/7	87.73	Microviridae
v91951	8/9	62.75	Microviridae
v91952	7/9	71.19	Microviridae
v91953	6/8	88.17	Microviridae
v91954	13/13	72.05	Microviridae
v91955	6/16	37.45	Microviridae
v91956	2/3	38.75	Metaviridae
v91958	7/9	89.47	Microviridae
v91959	4/11	49.15	Retroviridae
v91960	15/15	76.98	Microviridae
v91961	14/14	51.73	Microviridae
v91962	5/7	45.76	Microviridae
v91963	4/5	34.62	Microviridae
v91964	3/8	37.40	Microviridae
v91965	6/8	95.98	Microviridae
v91966	7/11	83.51	Microviridae
v91967	4/6	33.10	Microviridae
v91968	7/12	55.53	Microviridae
v91969	12/12	74.24	Microviridae
v91970	1/4	35.70	Metaviridae
v91971	5/9	38.54	Microviridae
v91972	4/6	38.50	Microviridae
v91973	5/6	53.04	Microviridae
v91974	7/7	85.01	Microviridae
v91975	6/9	77.50	Microviridae
v91976	7/9	47.64	Microviridae
v91978	6/8	68.78	Microviridae
v91979	5/20	33.80	Salasmaviridae
v91980	4/6	35.38	Microviridae
v91981	7/8	96.00	Microviridae
v91983	5/17	36.10	Salasmaviridae
v91990	4/8	35.05	Microviridae
v91991	6/8	88.47	Microviridae
v91992	5/7	91.24	Microviridae
v91993	7/9	63.91	Microviridae
v91994	2/7	35.05	Microviridae
v91995	6/8	50.90	Microviridae
v91996	8/11	51.04	Microviridae
v91997	6/8	64.00	Microviridae
v91998	10/10	67.10	Microviridae
v91999	7/9	66.87	Microviridae
v92000	8/8	89.90	Microviridae
v92001	6/8	69.32	Microviridae
v92002	15/316	35.37	Straboviridae
v92003	12/242	44.40	Herelleviridae
v92004	6/8	50.85	Microviridae
v92005	4/7	39.58	Microviridae
v92006	7/8	97.04	Microviridae
v92007	7/8	72.00	Microviridae
v92008	4/8	56.60	Microviridae
v92009	7/7	90.84	Microviridae
v92010	4/9	33.50	Microviridae
v92011	8/24	40.83	Salasmaviridae
v92014	8/10	78.66	Microviridae
v92015	7/9	59.39	Microviridae
v92016	7/10	73.14	Microviridae
v92017	5/8	43.34	Microviridae
v92018	4/6	35.80	Microviridae
v92019	5/10	49.54	Microviridae
v92020	3/8	47.97	Microviridae
v92021	5/6	51.18	Microviridae
v92022	7/9	69.97	Microviridae
v92023	5/7	60.26	Microviridae
v92024	7/7	74.13	Microviridae
v92026	4/7	33.92	Microviridae
v92027	7/9	74.57	Microviridae
v92032	6/7	89.12	Microviridae
v92033	4/7	36.73	Microviridae
v92034	7/7	70.41	Microviridae
v92036	8/9	63.51	Microviridae
v92038	7/7	62.06	Microviridae
v92039	6/16	36.90	Microviridae
v92040	10/10	81.65	Microviridae
v92041	7/8	56.76	Microviridae
v92042	12/12	72.99	Microviridae
v92043	4/11	42.30	Microviridae
v92044	12/13	57.20	Microviridae
v92045	7/7	70.89	Microviridae
v92048	4/7	38.70	Microviridae
v92049	9/13	68.88	Microviridae
v92050	8/11	58.58	Microviridae
v92051	6/8	60.20	Microviridae
v92052	7/9	66.79	Microviridae
v92053	4/7	40.52	Microviridae
v92054	4/8	56.35	Microviridae
v92056	9/10	59.97	Microviridae
v92057	5/8	36.84	Microviridae
v92058	5/5	78.10	Microviridae
v92059	6/8	96.73	Microviridae
v92061	4/7	77.95	Microviridae
v92062	9/9	77.89	Microviridae
v92064	44/78	55.07	Suoliviridae
v92065	90/102	68.99	Suoliviridae
v92067	8/10	66.40	Microviridae
v92068	3/12	31.40	Microviridae
v92069	7/10	82.94	Microviridae
v92070	5/8	49.48	Microviridae
v92071	8/10	70.21	Microviridae
v92072	15/16	76.53	Microviridae
v92073	7/8	73.46	Microviridae
v92075	7/10	85.49	Microviridae
v92076	7/8	93.54	Microviridae
v92077	8/9	63.31	Microviridae
v92078	14/17	80.01	Microviridae
v92079	3/8	39.60	Microviridae
v92080	7/10	65.36	Microviridae
v92082	6/8	44.82	Microviridae
v92083	6/10	48.38	Microviridae
v92084	7/9	61.31	Microviridae
v92085	2/8	31.45	Microviridae
v92086	6/7	44.32	Microviridae
v92087	15/15	72.91	Microviridae
v92088	3/15	30.57	Guelinviridae
v92089	5/9	39.84	Microviridae
v92091	49/59	87.89	Autographiviridae
v92092	9/9	80.83	Microviridae
v92093	7/8	74.80	Microviridae
v92094	21/24	93.66	Microviridae
v92095	7/7	72.11	Microviridae
v92096	4/9	57.05	Microviridae
v92097	4/8	39.15	Microviridae
v92098	6/8	67.42	Microviridae
v92099	4/9	44.58	Microviridae
v92102	5/24	33.32	Aliceevansviridae
v92103	7/7	80.16	Microviridae
v92104	7/17	42.74	Guelinviridae
v92105	6/22	36.25	Salasmaviridae
v92107	6/22	35.52	Salasmaviridae
v92108	6/18	40.35	Salasmaviridae
v92109	10/41	46.04	Aliceevansviridae
v92111	17/33	66.71	Microviridae
v92112	7/10	86.76	Microviridae
v92118	5/18	35.34	Salasmaviridae
v92123	5/15	32.66	Guelinviridae
v92125	9/10	91.54	Microviridae
v92126	14/128	37.32	Herelleviridae
v92130	102/106	92.32	Steigviridae
v92132	4/6	46.02	Microviridae
v92133	7/8	77.00	Microviridae
v92134	5/5	63.74	Microviridae
v92135	5/5	81.16	Microviridae
v92136	5/6	92.74	Microviridae
v92137	7/8	73.10	Microviridae
v92138	5/5	75.92	Microviridae
v92139	5/6	84.46	Microviridae
v92140	4/8	34.85	Microviridae
v92141	7/9	59.89	Microviridae
v92144	6/10	37.58	Microviridae
v92146	9/9	59.68	Microviridae
v92147	6/7	77.45	Microviridae
v92148	13/14	74.82	Microviridae
v92149	2/3	33.50	Metaviridae
v92150	3/9	41.17	Retroviridae
v92152	3/7	30.13	Microviridae
v92154	4/9	56.10	Microviridae
v92158	7/23	37.13	Salasmaviridae
v92161	7/10	69.56	Microviridae
v92162	6/9	78.10	Microviridae
v92163	6/10	47.95	Microviridae
v92169	5/5	84.14	Microviridae
v92174	6/9	90.12	Microviridae
v92175	9/9	81.76	Microviridae
v92176	7/9	66.56	Microviridae
v92178	8/9	81.50	Microviridae
v92179	12/12	76.24	Microviridae
v92180	2/5	36.75	Metaviridae
v92181	4/8	37.12	Microviridae
v92186	6/9	44.92	Microviridae
v92187	7/10	85.70	Microviridae
v92188	8/8	73.71	Microviridae
v92189	12/12	78.44	Microviridae
v92190	7/9	66.59	Microviridae
v92191	5/7	54.44	Microviridae
v92193	6/22	38.25	Salasmaviridae
v92194	7/8	57.69	Microviridae
v92196	8/9	88.50	Microviridae
v92197	11/11	77.75	Microviridae
v92198	10/115	33.62	Herelleviridae
v92200	7/16	39.21	Microviridae
v92201	8/9	74.88	Microviridae
v92202	7/10	69.31	Microviridae
v92203	7/8	91.37	Microviridae
v92204	7/9	49.66	Microviridae
v92205	6/11	51.47	Microviridae
v92206	3/7	30.37	Microviridae
v92207	6/11	46.27	Microviridae
v92208	7/8	63.11	Microviridae
v92209	6/7	74.48	Microviridae
v92212	6/22	37.87	Salasmaviridae
v92214	6/7	53.77	Microviridae
v92217	8/9	66.44	Microviridae
v92218	7/9	83.59	Microviridae
v92219	7/8	76.30	Microviridae
v92220	5/8	36.78	Microviridae
v92227	6/9	51.68	Microviridae
v92228	5/9	49.30	Microviridae
v92229	8/8	72.89	Microviridae
v92230	4/8	34.85	Microviridae
v92231	11/11	75.83	Microviridae
v92232	5/5	81.76	Microviridae
v92233	7/8	71.30	Microviridae
v92234	4/7	47.45	Microviridae
v92235	7/8	61.01	Microviridae
v92236	8/8	51.16	Microviridae
v92237	7/10	54.86	Microviridae
v92239	7/7	82.53	Microviridae
v92240	9/9	61.27	Microviridae
v92241	8/10	88.34	Microviridae
v92242	8/10	58.60	Microviridae
v92243	8/10	65.41	Microviridae
v92244	6/8	58.45	Microviridae
v92245	6/8	60.93	Microviridae
v92246	7/7	84.34	Microviridae
v92247	10/11	64.77	Microviridae
v92248	3/10	32.23	Microviridae
v92249	6/7	81.18	Microviridae
v92250	11/137	49.47	Suoliviridae
v92251	5/8	47.62	Microviridae
v92252	4/7	39.48	Microviridae
v92253	7/7	78.29	Microviridae
v92254	7/8	75.64	Microviridae
v92255	7/9	87.36	Microviridae
v92256	4/7	35.23	Microviridae
v92257	6/10	49.60	Microviridae
v92258	7/7	91.51	Microviridae
v92259	8/13	91.04	Microviridae
v92260	6/8	67.00	Microviridae
v92261	4/8	50.75	Microviridae
v92262	3/8	45.37	Microviridae
v92263	6/8	41.10	Microviridae
v92264	6/9	65.17	Microviridae
v92266	7/8	58.37	Microviridae
v92268	7/8	86.67	Microviridae
v92269	19/19	73.44	Microviridae
v92271	2/9	50.10	Caulimoviridae
v92273	6/16	52.78	Aliceevansviridae
v92275	4/9	35.70	Microviridae
v92278	39/55	75.15	Aliceevansviridae
v92279	6/7	55.83	Microviridae
v92280	9/9	79.37	Microviridae
v92281	8/21	36.76	Microviridae
v92282	6/9	84.97	Microviridae
v92283	6/10	47.77	Microviridae
v92284	4/8	40.20	Microviridae
v92287	64/78	88.05	Autographiviridae
v92289	7/7	72.51	Microviridae
v92290	4/7	39.85	Microviridae
v92293	3/7	42.33	Microviridae
v92294	62/71	92.76	Autographiviridae
v92295	7/9	64.67	Microviridae
v92296	5/7	43.88	Microviridae
v92297	8/10	58.94	Microviridae
v92298	7/8	67.76	Microviridae
v92299	5/8	46.72	Microviridae
v92302	3/11	40.43	Orlajensenviridae
v92303	13/14	62.06	Microviridae
v92305	18/76	46.94	Straboviridae
v92311	5/22	36.90	Guelinviridae
v92313	8/11	58.80	Microviridae
v92315	5/10	39.34	Microviridae
v92316	6/7	91.87	Microviridae
v92320	11/158	35.70	Herelleviridae
v92326	5/5	74.84	Microviridae
v92330	5/8	82.40	Microviridae
v92332	22/88	48.43	Drexlerviridae
v92333	3/9	30.03	Microviridae
v92334	7/7	77.80	Microviridae
v92335	6/7	50.78	Microviridae
v92337	4/9	44.15	Microviridae
v92338	5/6	75.74	Microviridae
v92339	5/6	56.08	Microviridae
v92340	5/8	53.38	Microviridae
v92341	6/6	83.68	Microviridae
v92342	6/8	84.25	Microviridae
v92343	63/73	85.72	Autographiviridae
v92344	7/8	58.53	Microviridae
v92345	7/8	81.01	Microviridae
v92346	8/9	55.42	Microviridae
v92347	9/9	87.89	Microviridae
v92348	14/203	38.46	Herelleviridae
v92351	11/15	68.45	Microviridae
v92353	8/8	87.03	Microviridae
v92354	7/8	86.64	Microviridae
v92355	5/8	40.50	Microviridae
v92356	4/19	32.30	Guelinviridae
v92357	11/12	62.56	Microviridae
v92358	7/14	37.11	Microviridae
v92359	14/14	88.48	Microviridae
v92360	7/9	60.47	Microviridae
v92361	7/8	79.34	Microviridae
v92364	5/7	54.00	Microviridae
v92367	6/8	42.22	Microviridae
v92368	8/10	59.14	Microviridae
v92369	14/14	73.24	Microviridae
v92370	9/9	86.32	Microviridae
v92371	7/8	52.37	Microviridae
v92372	4/6	39.10	Microviridae
v92373	7/9	49.36	Microviridae
v92374	4/7	37.02	Microviridae
v92375	7/8	60.01	Microviridae
v92376	17/17	82.55	Microviridae
v92378	5/7	54.86	Microviridae
v92379	8/9	87.88	Microviridae
v92380	13/13	81.15	Microviridae
v92381	15/15	76.41	Microviridae
v92382	7/9	58.86	Microviridae
v92383	5/16	33.42	Salasmaviridae
v92384	11/61	40.87	Drexlerviridae
v92385	9/10	66.21	Microviridae
v92386	7/9	58.49	Microviridae
v92387	5/8	66.54	Microviridae
v92388	6/9	66.45	Microviridae
v92389	6/8	62.80	Microviridae
v92390	6/7	56.72	Microviridae
v92392	8/10	74.09	Microviridae
v92394	5/19	35.12	Guelinviridae
v92397	5/8	37.28	Microviridae
v92398	10/69	46.05	Suoliviridae
v92399	4/9	49.17	Microviridae
v92400	3/6	33.97	Microviridae
v92401	7/9	89.03	Microviridae
v92404	4/20	34.02	Salasmaviridae
v92408	8/9	75.89	Microviridae
v92409	7/9	44.83	Microviridae
v92410	6/6	84.60	Microviridae
v92411	5/6	50.54	Microviridae
v92412	7/23	38.69	Salasmaviridae
v92416	6/10	78.63	Microviridae
v92418	6/6	83.50	Microviridae
v92421	7/10	38.99	Microviridae
v92422	6/6	74.50	Microviridae
v92423	7/7	68.34	Microviridae
v92424	7/7	83.29	Microviridae
v92427	5/18	33.42	Guelinviridae
v92428	7/13	37.61	Microviridae
v92430	7/7	59.93	Microviridae
v92435	7/7	80.57	Microviridae
v92436	6/7	66.17	Microviridae
v92437	3/6	42.40	Microviridae
v92438	6/8	51.15	Microviridae
v92439	8/9	92.69	Microviridae
v92440	5/20	31.52	Guelinviridae
v92441	9/9	73.71	Microviridae
v92442	6/6	65.38	Microviridae
v92443	21/21	75.01	Microviridae
v92444	6/8	66.35	Microviridae
v92445	6/18	37.23	Salasmaviridae
v92446	8/9	57.20	Microviridae
v92447	7/7	76.47	Microviridae
v92450	8/9	70.51	Microviridae
v92451	7/7	61.29	Microviridae
v92452	3/9	37.73	Microviridae
v92453	4/8	40.10	Microviridae
v92454	7/7	46.74	Microviridae
v92455	4/8	56.40	Microviridae
v92456	7/10	66.90	Microviridae
v92457	6/7	75.40	Microviridae
v92458	9/9	75.60	Microviridae
v92460	7/9	81.19	Microviridae
v92461	2/8	32.70	Microviridae
v92462	7/9	70.77	Microviridae
v92463	3/8	37.57	Microviridae
v92464	9/10	59.67	Microviridae
v92465	8/10	59.98	Microviridae
v92466	8/8	58.19	Microviridae
v92469	7/7	70.53	Microviridae
v92470	10/123	36.35	Herelleviridae
v92472	6/19	38.20	Salasmaviridae
v92473	7/7	72.01	Microviridae
v92474	7/8	55.16	Microviridae
v92475	5/10	48.24	Microviridae
v92478	3/5	35.60	Microviridae
v92480	10/61	35.40	Herelleviridae
v92481	10/10	76.21	Microviridae
v92482	4/5	42.42	Microviridae
v92483	6/10	49.55	Microviridae
v92484	4/7	35.88	Microviridae
v92486	18/24	87.22	Microviridae
v92488	7/9	39.59	Microviridae
v92490	5/8	48.54	Microviridae
v92491	11/97	37.28	Straboviridae
v92492	6/10	94.77	Microviridae
v92493	7/9	68.83	Microviridae
v92496	7/7	73.53	Microviridae
v92497	4/8	37.60	Microviridae
v92498	7/7	60.39	Microviridae
v92499	5/9	42.56	Microviridae
v92500	5/8	63.88	Microviridae
v92501	6/8	69.88	Microviridae
v92503	7/8	95.26	Microviridae
v92504	2/6	36.65	Metaviridae
v92506	3/7	38.70	Microviridae
v92507	8/8	75.89	Microviridae
v92508	7/7	57.33	Microviridae
v92509	4/7	38.80	Microviridae
v92511	2/10	30.10	Metaviridae
v92513	4/7	39.42	Microviridae
v92514	5/7	51.82	Microviridae
v92515	3/9	38.20	Microviridae
v92516	2/9	37.90	Metaviridae
v92517	8/8	72.26	Microviridae
v92519	61/76	85.34	Autographiviridae
v92520	7/9	72.10	Microviridae
v92521	8/9	76.06	Microviridae
v92522	7/8	72.69	Microviridae
v92524	7/11	79.21	Microviridae
v92525	7/9	80.57	Microviridae
v92526	8/8	97.69	Microviridae
v92527	4/7	42.70	Microviridae
v92528	8/8	85.71	Microviridae
v92530	6/10	84.58	Microviridae
v92532	6/7	89.52	Microviridae
v92533	1/4	38.40	Metaviridae
v92534	1/5	51.90	Caulimoviridae
v92535	2/9	31.95	Caulimoviridae
v92537	3/8	34.27	Microviridae
v92538	6/6	80.27	Microviridae
v92539	5/8	88.58	Microviridae
v92540	6/8	53.40	Microviridae
v92543	7/7	72.91	Microviridae
v92546	1/3	35.70	Metaviridae
v92547	1/4	34.50	Metaviridae
v92549	7/7	72.44	Microviridae
v92550	1/4	35.30	Metaviridae
v92551	1/3	32.60	Metaviridae
v92553	1/2	37.70	Metaviridae
v92556	2/2	32.90	Metaviridae
v92560	2/6	30.10	Retroviridae
v92561	1/3	35.10	Metaviridae
v92563	7/7	75.80	Microviridae
v92564	6/8	80.23	Microviridae
v92565	3/8	36.37	Microviridae
v92566	4/8	57.20	Microviridae
v92567	7/7	66.56	Microviridae
v92568	8/9	88.72	Microviridae
v92569	8/10	83.90	Microviridae
v92570	3/7	38.97	Microviridae
v92571	5/9	54.92	Microviridae
v92572	5/7	37.70	Microviridae
v92573	7/7	51.36	Circoviridae
v92574	2/4	33.40	Caulimoviridae
v92577	2/6	43.05	Metaviridae
v92578	2/6	46.30	Metaviridae
v92583	1/4	35.10	Metaviridae
v92585	2/9	39.00	Metaviridae
v92586	3/10	43.57	Metaviridae
v92587	1/1	34.00	Metaviridae
v92588	2/8	40.95	Metaviridae
v92591	2/8	32.15	Caulimoviridae
v92593	2/8	33.00	Retroviridae
v92594	6/7	53.52	Microviridae
v92595	7/7	77.96	Microviridae
v92596	5/8	47.86	Microviridae
v92597	8/10	58.10	Microviridae
v92598	9/9	62.37	Microviridae
v92599	7/8	55.29	Microviridae
v92600	5/9	54.76	Microviridae
v92601	8/8	70.76	Microviridae
v92602	7/11	93.83	Microviridae
v92603	5/5	53.32	Microviridae
v92604	6/23	38.30	Aliceevansviridae
v92605	7/11	61.10	Microviridae
v92608	5/11	49.22	Microviridae
v92609	4/6	46.33	Microviridae
v92610	5/7	49.28	Microviridae
v92611	6/8	57.12	Microviridae
v92613	2/9	40.90	Metaviridae
v92614	6/8	59.65	Microviridae
v92620	1/1	38.50	Metaviridae
v92625	1/3	37.70	Metaviridae
v92627	3/8	36.77	Metaviridae
v92630	1/4	36.90	Metaviridae
v92633	94/101	88.59	Suoliviridae
v92634	1/4	36.10	Metaviridae
v92635	1/3	36.00	Metaviridae
v92641	1/3	31.60	Caulimoviridae
v92642	2/7	41.25	Metaviridae
v92643	6/7	56.18	Microviridae
v92644	1/4	34.40	Metaviridae
v92647	3/5	39.43	Metaviridae
v92652	1/5	44.80	Metaviridae
v92655	3/8	36.77	Metaviridae
v92660	1/5	31.00	Caulimoviridae
v92661	1/5	42.30	Metaviridae
v92662	3/12	38.27	Metaviridae
v92663	7/8	53.97	Microviridae
v92664	1/5	37.30	Metaviridae
v92665	3/10	33.23	Metaviridae
v92666	2/5	37.45	Metaviridae
v92670	4/8	40.42	Metaviridae
v92673	2/10	34.30	Metaviridae
v92676	1/5	38.40	Metaviridae
v92677	1/3	35.40	Caulimoviridae
v92678	1/4	30.90	Metaviridae
v92683	3/9	37.43	Microviridae
v92684	1/5	40.20	Metaviridae
v92685	3/8	33.83	Microviridae
v92686	10/10	68.80	Microviridae
v92687	2/8	34.65	Metaviridae
v92688	1/5	35.50	Metaviridae
v92689	7/8	60.91	Microviridae
v92690	7/7	73.13	Microviridae
v92691	12/12	78.52	Microviridae
v92692	7/7	67.49	Microviridae
v92693	5/6	63.14	Microviridae
v92694	5/6	36.68	Microviridae
v92695	8/10	51.41	Microviridae
v92696	10/16	69.95	Microviridae
v92697	12/12	75.45	Microviridae
v92698	9/9	64.62	Microviridae
v92699	7/7	72.79	Microviridae
v92700	7/8	54.79	Microviridae
v92701	12/17	88.80	Microviridae
v92705	6/18	34.17	Guelinviridae
v92707	3/5	42.80	Retroviridae
v92708	6/6	73.65	Microviridae
v92715	8/8	73.78	Microviridae
v92717	7/19	37.70	Guelinviridae
v92725	6/7	63.75	Microviridae
v92726	7/9	49.57	Microviridae
v92727	7/7	72.53	Microviridae
v92728	50/59	66.96	Autographiviridae
v92730	3/5	45.10	Microviridae
v92731	6/6	75.53	Microviridae
v92732	7/9	73.34	Microviridae
v92733	5/8	50.72	Microviridae
v92734	16/16	79.95	Microviridae
v92735	6/8	57.85	Microviridae
v92736	6/10	76.92	Microviridae
v92737	4/8	57.33	Microviridae
v92738	4/8	38.95	Microviridae
v92739	3/9	70.03	Retroviridae
v92741	7/7	75.73	Microviridae
v92742	7/9	64.71	Microviridae
v92743	2/7	46.55	Retroviridae
v92744	7/7	76.63	Microviridae
v92745	19/22	93.76	Microviridae
v92746	10/10	75.25	Microviridae
v92747	7/7	72.59	Microviridae
v92748	10/12	59.02	Microviridae
v92749	6/8	60.15	Microviridae
v92751	7/7	87.07	Microviridae
v92752	4/7	39.42	Microviridae
v92753	4/8	43.92	Microviridae
v92755	1/4	33.00	Retroviridae
v92756	6/9	50.18	Microviridae
v92758	7/19	54.53	Retroviridae
v92759	7/7	76.07	Microviridae
v92760	6/9	56.45	Microviridae
v92761	4/7	36.42	Microviridae
v92762	6/8	54.98	Microviridae
v92763	2/10	59.60	Retroviridae
v92764	3/9	39.67	Microviridae
v92765	6/8	77.98	Microviridae
v92773	7/10	82.81	Microviridae
v92776	83/90	91.80	Intestiviridae
v92778	7/7	65.56	Microviridae
v92779	10/115	42.42	Steigviridae
v92781	9/9	78.41	Microviridae
v92782	8/8	89.14	Microviridae
v92783	7/9	62.37	Microviridae
v92784	9/15	38.20	Microviridae
v92787	6/7	83.75	Microviridae
v92790	27/286	32.97	Straboviridae
v92794	4/8	39.12	Microviridae
v92795	11/11	86.72	Microviridae
v92796	6/10	50.18	Microviridae
v92797	4/8	45.25	Microviridae
v92800	4/5	77.38	Microviridae
v92801	10/12	95.27	Microviridae
v92802	4/8	57.88	Microviridae
v92803	9/11	60.30	Microviridae
v92804	7/9	54.11	Microviridae
v92805	7/8	61.61	Microviridae
v92806	4/7	37.70	Microviridae
v92807	12/12	78.79	Microviridae
v92808	7/8	71.33	Microviridae
v92809	10/10	73.19	Microviridae
v92810	10/11	64.40	Microviridae
v92814	14/17	61.49	Microviridae
v92815	5/24	39.12	Salasmaviridae
v92817	20/27	56.09	Microviridae
v92818	3/11	38.67	Metaviridae
v92820	13/22	46.70	Peduoviridae
v92822	2/8	31.90	Microviridae
v92823	8/9	62.50	Microviridae
v92824	8/9	88.99	Microviridae
v92825	6/7	59.03	Microviridae
v92828	6/6	81.98	Microviridae
v92831	4/8	43.30	Microviridae
v92832	5/7	65.74	Microviridae
v92833	8/10	59.89	Microviridae
v92834	6/8	53.78	Microviridae
v92835	8/12	56.73	Retroviridae
v92836	13/13	82.69	Microviridae
v92837	5/9	45.68	Microviridae
v92838	10/14	51.70	Microviridae
v92839	10/16	58.59	Microviridae
v92841	12/12	80.74	Microviridae
v92842	24/24	76.19	Microviridae
v92844	10/11	78.03	Microviridae
v92845	10/12	79.99	Microviridae
v92846	7/7	72.03	Microviridae
v92847	14/15	60.65	Microviridae
v92849	6/8	65.37	Microviridae
v92850	13/16	58.86	Microviridae
v92851	6/8	54.82	Microviridae
v92853	6/9	76.13	Microviridae
v92854	1/5	40.10	Metaviridae
v92855	5/7	37.68	Microviridae
v92857	8/8	69.90	Microviridae
v92859	6/8	65.13	Microviridae
v92860	11/11	80.62	Microviridae
v92861	6/8	49.45	Microviridae
v92863	5/8	43.00	Microviridae
v92864	10/13	59.30	Microviridae
v92865	10/18	58.29	Microviridae
v92868	16/17	73.51	Microviridae
v92869	4/6	38.60	Microviridae
v92870	8/15	46.45	Microviridae
v92873	11/11	82.23	Microviridae
v92874	3/8	40.23	Microviridae
v92875	8/9	95.64	Microviridae
v92876	7/11	56.21	Microviridae
v92877	5/8	64.30	Microviridae
v92879	5/11	46.54	Microviridae
v92880	7/16	39.50	Microviridae
v92881	8/9	77.95	Microviridae
v92882	6/7	73.33	Microviridae
v92883	12/12	83.62	Microviridae
v92884	3/8	39.77	Metaviridae
v92885	4/8	50.27	Microviridae
v92886	9/9	81.92	Microviridae
v92887	2/8	31.80	Microviridae
v92888	4/8	39.88	Microviridae
v92889	9/10	59.71	Microviridae
v92890	6/7	44.93	Microviridae
v92891	11/11	78.21	Microviridae
v92892	9/9	86.51	Microviridae
v92893	6/9	42.77	Microviridae
v92894	7/7	86.57	Microviridae
v92895	6/9	37.28	Microviridae
v92896	9/9	79.18	Microviridae
v92897	13/15	79.12	Microviridae
v92898	5/9	48.18	Microviridae
v92899	2/4	41.75	Metaviridae
v92902	1/5	47.60	Metaviridae
v92904	13/14	72.95	Microviridae
v92906	7/10	75.69	Microviridae
v92907	7/10	72.11	Microviridae
v92908	5/13	38.72	Microviridae
v92909	4/9	36.80	Microviridae
v92911	8/8	77.89	Microviridae
v92914	5/13	35.18	Salasmaviridae
v92917	8/10	58.46	Microviridae
v92918	1/4	37.90	Metaviridae
v92919	10/10	87.84	Microviridae
v92920	9/9	86.71	Microviridae
v92921	6/9	47.70	Microviridae
v92923	5/11	59.08	Microviridae
v92924	3/8	35.27	Microviridae
v92925	9/9	81.76	Microviridae
v92926	7/7	76.06	Microviridae
v92927	4/6	38.23	Microviridae
v92928	4/8	41.10	Microviridae
v92929	4/6	43.95	Microviridae
v92930	10/10	74.59	Microviridae
v92931	11/11	78.70	Microviridae
v92932	8/21	44.27	Microviridae
v92933	17/18	60.19	Microviridae
v92934	9/9	81.36	Microviridae
v92935	11/11	84.75	Microviridae
v92936	6/8	52.45	Microviridae
v92937	4/8	40.42	Microviridae
v92938	12/17	56.96	Microviridae
v92939	4/10	38.17	Microviridae
v92940	15/15	76.87	Microviridae
v92941	12/17	69.49	Microviridae
v92942	4/8	43.35	Microviridae
v92944	6/8	79.90	Microviridae
v92945	8/10	54.76	Microviridae
v92946	7/9	88.91	Microviridae
v92947	7/12	67.61	Microviridae
v92949	7/9	83.73	Microviridae
v92951	17/17	77.92	Microviridae
v92952	8/8	82.09	Microviridae
v92953	9/11	72.49	Microviridae
v92954	8/9	60.94	Microviridae
v92956	8/10	80.31	Microviridae
v92957	7/9	92.90	Microviridae
v92958	3/7	74.97	Microviridae
v92959	8/10	49.29	Microviridae
v92961	4/7	45.95	Microviridae
v92962	2/4	44.95	Metaviridae
v92963	17/21	57.87	Microviridae
v92964	4/7	38.42	Microviridae
v92965	7/8	80.29	Microviridae
v92966	8/10	76.24	Microviridae
v92967	6/9	67.23	Microviridae
v92968	11/11	83.14	Microviridae
v92969	4/6	37.50	Microviridae
v92970	12/13	72.40	Microviridae
v92971	13/14	61.77	Microviridae
v92972	3/7	39.47	Microviridae
v92973	9/9	77.70	Microviridae
v92974	3/7	43.77	Microviridae
v92975	7/15	37.21	Microviridae
v92977	12/12	81.06	Microviridae
v92978	6/7	58.60	Microviridae
v92979	10/55	40.00	Aliceevansviridae
v92981	10/26	44.79	Guelinviridae
v92983	3/6	39.33	Microviridae
v92985	7/7	98.04	Papillomaviridae
v92986	7/8	79.26	Microviridae
v92987	8/8	63.24	Microviridae
v92988	6/6	90.35	Microviridae
v92989	6/8	43.18	Microviridae
v92990	9/9	77.58	Microviridae
v92991	6/11	96.15	Microviridae
v92992	7/9	97.31	Microviridae
v92993	6/7	74.47	Microviridae
v92994	6/7	81.30	Microviridae
v92995	7/9	88.03	Microviridae
v92996	5/7	51.00	Microviridae
v92997	5/8	36.10	Microviridae
v92998	2/9	39.00	Metaviridae
v92999	6/6	73.40	Microviridae
v93000	2/6	34.60	Metaviridae
v93001	5/8	41.18	Microviridae
v93004	42/45	95.75	Peduoviridae
v93006	3/7	37.90	Microviridae
v93007	6/7	58.07	Microviridae
v93008	7/9	59.91	Microviridae
v93009	6/8	66.83	Microviridae
v93010	3/4	35.03	Microviridae
v93011	6/9	68.12	Microviridae
v93012	4/8	44.80	Microviridae
v93013	6/7	79.42	Microviridae
v93014	11/88	40.71	Aliceevansviridae
v93016	7/8	65.66	Microviridae
v93017	7/9	66.10	Microviridae
v93018	7/10	78.56	Microviridae
v93023	6/8	60.85	Microviridae
v93026	7/9	69.53	Microviridae
v93029	7/23	39.87	Salasmaviridae
v93031	6/8	53.07	Microviridae
v93032	3/8	40.37	Microviridae
v93033	7/11	54.09	Microviridae
v93035	6/6	89.22	Microviridae
v93036	2/9	38.10	Metaviridae
v93038	11/11	76.24	Microviridae
v93039	5/10	52.46	Microviridae
v93040	6/6	76.42	Microviridae
v93041	4/4	76.42	Microviridae
v93042	11/11	75.39	Microviridae
v93043	4/10	49.55	Microviridae
v93044	9/10	62.78	Microviridae
v93045	5/10	47.46	Microviridae
v93046	6/11	59.72	Microviridae
v93047	18/18	73.08	Microviridae
v93048	4/8	46.20	Microviridae
v93049	3/7	34.20	Microviridae
v93050	6/10	38.00	Microviridae
v93051	6/10	49.03	Microviridae
v93052	16/16	73.54	Microviridae
v93054	3/7	74.00	Microviridae
v93055	7/8	50.67	Microviridae
v93056	6/8	74.42	Microviridae
v93057	4/8	37.15	Microviridae
v93058	7/7	70.47	Microviridae
v93059	3/7	32.47	Microviridae
v93060	7/9	58.76	Microviridae
v93061	6/9	59.63	Microviridae
v93062	7/8	60.07	Microviridae
v93063	3/9	35.47	Metaviridae
v93064	1/3	38.40	Metaviridae
v93065	6/23	37.78	Salasmaviridae
v93066	7/8	55.73	Microviridae
v93067	10/10	58.44	Microviridae
v93068	2/5	38.45	Metaviridae
v93069	1/5	38.10	Metaviridae
v93073	3/8	36.33	Microviridae
v93074	9/10	76.38	Microviridae
v93075	1/2	33.60	Metaviridae
v93076	6/7	58.25	Microviridae
v93077	1/5	44.70	Metaviridae
v93079	5/10	48.42	Microviridae
v93080	5/8	41.30	Microviridae
v93082	5/11	49.04	Microviridae
v93083	5/6	75.14	Microviridae
v93084	9/9	64.06	Microviridae
v93085	8/8	74.90	Microviridae
v93086	10/26	32.07	Salasmaviridae
v93087	6/6	75.98	Microviridae
v93088	4/9	39.23	Microviridae
v93089	4/7	57.77	Microviridae
v93090	7/9	93.69	Microviridae
v93091	5/11	56.24	Microviridae
v93092	6/8	70.97	Microviridae
v93093	3/6	34.00	Microviridae
v93094	6/6	85.30	Microviridae
v93095	12/14	78.25	Microviridae
v93096	8/9	64.36	Microviridae
v93097	6/10	66.32	Microviridae
v93098	7/9	70.83	Microviridae
v93099	6/8	63.38	Microviridae
v93100	5/6	68.98	Microviridae
v93101	7/10	53.37	Microviridae
v93102	4/7	39.95	Microviridae
v93103	3/6	37.27	Microviridae
v93106	13/14	75.25	Microviridae
v93107	3/7	56.00	Microviridae
v93108	6/7	77.90	Microviridae
v93109	3/7	39.40	Microviridae
v93111	6/8	67.22	Microviridae
v93112	1/3	38.50	Metaviridae
v93114	2/5	38.85	Metaviridae
v93115	7/8	73.56	Microviridae
v93116	1/4	39.40	Metaviridae
v93118	9/9	94.58	Microviridae
v93122	1/3	36.90	Metaviridae
v93123	2/3	31.90	Caulimoviridae
v93124	1/2	32.80	Metaviridae
v93130	2/6	39.45	Metaviridae
v93132	4/10	37.88	Metaviridae
v93134	1/1	37.90	Metaviridae
v93135	1/5	36.70	Caulimoviridae
v93138	4/7	38.05	Microviridae
v93141	13/14	76.16	Microviridae
v93150	3/5	35.30	Microviridae
v93151	6/7	53.33	Microviridae
v93154	7/21	33.76	Guelinviridae
v93157	7/20	37.73	Salasmaviridae
v93158	5/16	32.34	Guelinviridae
v93161	8/22	43.14	Guelinviridae
v93167	11/133	47.21	Aliceevansviridae
v93169	94/106	72.70	Steigviridae
v93173	8/9	64.15	Microviridae
v93175	1/5	41.50	Betaflexiviridae
v93178	7/7	76.59	Microviridae
v93179	7/11	38.66	Microviridae
v93180	6/6	82.23	Microviridae
v93182	10/11	79.74	Microviridae
v93183	6/9	61.52	Microviridae
v93184	7/7	88.94	Papillomaviridae
v93185	6/10	52.55	Microviridae
v93186	8/8	70.91	Microviridae
v93187	9/11	56.93	Microviridae
v93188	13/13	73.21	Microviridae
v93189	8/9	95.60	Microviridae
v93191	7/7	77.47	Microviridae
v93192	6/8	77.60	Microviridae
v93193	4/7	37.08	Microviridae
v93194	10/10	75.76	Microviridae
v93195	7/9	57.23	Microviridae
v93198	48/48	98.46	Autographiviridae
v93200	7/8	61.73	Microviridae
v93201	4/6	38.88	Microviridae
v93202	6/9	63.57	Microviridae
v93203	6/6	85.32	Microviridae
v93204	4/7	57.62	Microviridae
v93205	8/8	59.11	Microviridae
v93206	3/7	37.67	Microviridae
v93209	5/7	65.44	Microviridae
v93212	7/7	85.00	Microviridae
v93214	7/9	60.16	Microviridae
v93215	13/156	42.02	Herelleviridae
v93216	8/8	84.96	Microviridae
v93217	5/9	51.28	Microviridae
v93221	4/19	33.30	Guelinviridae
v93222	7/21	33.97	Salasmaviridae
v93227	37/54	76.12	Aliceevansviridae
v93228	5/21	36.50	Salasmaviridae
v93229	6/17	36.80	Guelinviridae
v93230	14/135	45.75	Aliceevansviridae
v93236	5/9	40.52	Microviridae
v93237	7/8	54.84	Microviridae
v93241	7/7	78.44	Microviridae
v93243	6/24	32.67	Salasmaviridae
v93244	5/8	44.74	Microviridae
v93245	8/22	41.14	Salasmaviridae
v93246	6/15	35.45	Salasmaviridae
v93248	3/11	30.57	Guelinviridae
v93250	11/139	41.41	Herelleviridae
v93251	5/24	35.14	Salasmaviridae
v93256	4/8	41.33	Microviridae
v93259	8/9	54.88	Microviridae
v93260	6/9	48.15	Microviridae
v93261	7/9	61.87	Microviridae
v93262	5/6	66.58	Microviridae
v93264	6/10	50.42	Microviridae
v93265	7/8	81.09	Microviridae
v93266	9/17	54.24	Guelinviridae
v93267	101/105	93.89	Suoliviridae
v93268	7/7	78.17	Microviridae
v93269	7/8	94.49	Microviridae
v93273	10/60	43.04	Aliceevansviridae
v93279	12/131	45.84	Aliceevansviridae
v93282	22/178	43.88	Herelleviridae
v93283	4/15	33.23	Guelinviridae
v93285	5/8	53.18	Microviridae
v93288	7/8	61.49	Microviridae
v93289	7/28	49.61	Aliceevansviridae
v93294	7/10	68.54	Microviridae
v93295	5/8	45.52	Microviridae
v93297	4/9	57.27	Microviridae
v93298	7/8	49.09	Microviridae
v93300	6/8	52.35	Microviridae
v93301	6/10	61.82	Microviridae
v93302	7/9	54.57	Microviridae
v93303	7/8	93.53	Microviridae
v93304	8/8	61.02	Microviridae
v93305	8/8	84.42	Microviridae
v93306	6/8	45.45	Microviridae
v93307	7/21	35.40	Salasmaviridae
v93308	7/18	36.03	Salasmaviridae
v93309	8/8	63.83	Microviridae
v93310	5/8	39.26	Microviridae
v93311	8/10	66.21	Microviridae
v93313	4/5	61.48	Microviridae
v93314	8/19	42.61	Guelinviridae
v93316	7/7	74.91	Microviridae
v93318	8/9	57.41	Microviridae
v93319	6/6	38.58	Microviridae
v93320	8/9	63.61	Microviridae
v93321	20/20	72.13	Microviridae
v93325	4/11	53.80	Inoviridae
v93327	7/9	66.20	Microviridae
v93328	5/8	40.54	Microviridae
v93331	6/6	86.88	Microviridae
v93332	7/7	88.44	Microviridae
v93333	4/5	67.10	Microviridae
v93335	7/8	80.16	Microviridae
v93336	7/9	61.23	Microviridae
v93337	8/39	43.95	Drexlerviridae
v93340	9/9	59.77	Microviridae
v93341	6/6	88.73	Microviridae
v93342	2/6	40.90	Metaviridae
v93344	6/6	72.65	Microviridae
v93345	10/84	36.10	Herelleviridae
v93347	4/6	32.75	Microviridae
v93350	8/10	87.39	Microviridae
v93351	7/7	81.73	Microviridae
v93353	7/8	62.41	Microviridae
v93354	6/8	46.63	Microviridae
v93356	9/9	61.46	Microviridae
v93358	8/9	86.81	Microviridae
v93359	7/8	61.21	Microviridae
v93360	8/9	81.16	Microviridae
v93361	4/7	37.27	Microviridae
v93363	7/8	55.26	Microviridae
v93364	3/7	40.30	Microviridae
v93366	7/7	78.24	Microviridae
v93377	11/140	46.72	Aliceevansviridae
v93379	7/9	82.93	Microviridae
v93381	7/7	73.54	Microviridae
v93382	5/5	79.24	Microviridae
v93384	6/6	70.62	Microviridae
v93386	7/8	59.54	Microviridae
v93387	9/10	79.60	Microviridae
v93388	5/7	39.26	Microviridae
v93390	10/10	56.00	Microviridae
v93391	5/11	38.12	Salasmaviridae
v93393	8/10	64.05	Microviridae
v93394	7/9	80.73	Microviridae
v93395	3/8	37.27	Microviridae
v93396	15/16	78.86	Microviridae
v93397	7/9	80.56	Microviridae
v93398	5/19	37.30	Guelinviridae
v93399	6/19	34.32	Salasmaviridae
v93401	6/7	77.32	Microviridae
v93402	15/190	38.26	Herelleviridae
v93405	7/9	59.77	Microviridae
v93406	4/7	41.98	Microviridae
v93407	7/9	68.91	Microviridae
v93408	5/9	61.00	Microviridae
v93409	9/10	60.94	Microviridae
v93410	12/17	69.67	Microviridae
v93411	6/18	37.75	Salasmaviridae
v93414	9/9	61.40	Microviridae
v93415	6/8	48.82	Microviridae
v93416	5/8	48.34	Microviridae
v93417	8/9	59.74	Microviridae
v93418	7/9	58.73	Microviridae
v93419	6/7	55.97	Microviridae
v93421	7/9	65.13	Microviridae
v93422	12/140	40.02	Herelleviridae
v93423	8/21	34.09	Guelinviridae
v93425	12/13	76.09	Microviridae
v93426	10/10	74.77	Microviridae
v93427	19/19	75.57	Microviridae
v93428	6/9	53.83	Microviridae
v93429	10/10	71.85	Microviridae
v93431	5/6	46.06	Microviridae
v93432	7/10	69.27	Microviridae
v93433	13/117	39.40	Herelleviridae
v93435	6/10	37.13	Microviridae
v93436	8/10	77.04	Microviridae
v93437	9/9	75.80	Microviridae
v93438	6/10	49.03	Microviridae
v93439	6/9	55.05	Microviridae
v93440	13/13	75.59	Microviridae
v93441	7/8	95.51	Microviridae
v93442	9/9	84.14	Microviridae
v93443	6/6	43.18	Microviridae
v93444	12/16	37.58	Microviridae
v93445	4/8	39.00	Microviridae
v93446	12/12	77.66	Microviridae
v93447	8/10	71.33	Microviridae
v93448	7/7	76.79	Microviridae
v93449	7/9	82.23	Microviridae
v93450	6/6	73.65	Microviridae
v93451	6/8	56.83	Microviridae
v93452	7/9	58.47	Microviridae
v93453	9/9	96.50	Microviridae
v93454	7/7	84.93	Microviridae
v93455	13/13	80.48	Microviridae
v93456	7/7	87.41	Microviridae
v93457	7/10	37.89	Microviridae
v93458	6/7	78.68	Microviridae
v93460	10/10	77.97	Microviridae
v93461	8/8	76.79	Microviridae
v93462	4/10	45.55	Microviridae
