"AverageShortestPathLength","BetweennessCentrality","ClosenessCentrality","ClusteringCoefficient","Degree","Eccentricity","IsSingleNode","name","NeighborhoodConnectivity","NumberOfDirectedEdges","NumberOfUndirectedEdges","PartnerOfMultiEdgedNodePairs","Radiality","selected","SelfLoops","shared name","Stress","TopologicalCoefficient"
"8.611599297012303","0.0","0.11612244897959183","0.0","1","13","false","v82023","28.0","0","1","0","0.9082939843733457","false","0","v82023","0","0.0"
"7.61335676625659","0.08602626302631253","0.13134810710987996","0.0","28","12","false","Eubacterium_rectale","1.1071428571428572","0","28","0","0.9203210028161857","false","0","Eubacterium_rectale","6185856","0.10714285714285714"
"4.808435852372583","0.0017543751082947597","0.20796783625730994","0.0","2","10","false","v82353","39.0","0","2","0","0.9541152306943063","false","0","v82353","105842","0.5066666666666667"
"3.813708260105448","0.3438374228233683","0.2622119815668203","0.0","76","9","false","Fusicatenibacter_saccharivorans","1.7236842105263157","0","76","0","0.9660999004806573","false","0","Fusicatenibacter_saccharivorans","14821132","0.04523026315789474"
"5.8031634446397184","3.0941359934651847E-6","0.1723198061780739","0.0","2","11","false","Clostridiales_bacterium_KLE1615","2.0","0","2","0","0.9421305609079551","false","0","Clostridiales_bacterium_KLE1615","2","1.0"
"4.81195079086116","0.0","0.20781592403214025","0.0","1","10","false","v41336","76.0","0","1","0","0.9540728820378174","false","0","v41336","0","0.0"
"1.5","0.0","0.6666666666666666","0.0","1","2","false","v49225","2.0","0","1","0","0.75","false","0","v49225","0","0.0"
"1.0","1.0","1.0","0.0","2","1","false","Enterocloster_bolteae","1.0","0","2","0","1.0","false","0","Enterocloster_bolteae","2","0.0"
"1.5","0.0","0.6666666666666666","0.0","1","2","false","v53794","2.0","0","1","0","0.75","false","0","v53794","0","0.0"
"4.509666080843585","2.980881730326525E-4","0.22174590802805924","0.0","2","9","false","v01268","65.0","0","2","0","0.9577148664958604","false","0","v01268","57322","0.6666666666666666"
"3.873462214411248","0.10430417109979473","0.25816696914700543","0.0","47","8","false","Blautia_faecis","2.6382978723404253","0","47","0","0.9653799733203464","false","0","Blautia_faecis","3948946","0.08191489361702127"
"3.775043936731107","0.2836358784767846","0.2648975791433892","0.0","83","9","false","Candidatus_Cibiobacter_qucibialis","2.3493975903614457","0","83","0","0.9665657357020349","false","0","Candidatus_Cibiobacter_qucibialis","21199400","0.10379981464318813"
"4.077328646748682","0.03504912019052373","0.24525862068965518","0.0","5","9","false","v01489","50.4","0","5","0","0.9629237512439918","false","0","v01489","3906852","0.32287581699346407"
"4.509666080843585","0.17306534262682916","0.22174590802805924","0.0","48","10","false","Clostridiaceae_bacterium","2.0416666666666665","0","48","0","0.9577148664958604","false","0","Clostridiaceae_bacterium","15585780","0.08012820512820513"
"4.471001757469244","0.06806483994686593","0.22366352201257864","0.0","26","10","false","GGB9632_SGB15089","3.6538461538461537","0","26","0","0.9581807017172381","false","0","GGB9632_SGB15089","7253178","0.14743589743589744"
"3.8558875219683655","0.13062206209510732","0.25934366453965363","0.0","48","8","false","Faecalibacterium_SGB15346","2.7291666666666665","0","48","0","0.9655917166027908","false","0","Faecalibacterium_SGB15346","6178390","0.11527777777777778"
"4.509666080843585","2.980881730326525E-4","0.22174590802805924","0.0","2","9","false","v02460","65.0","0","2","0","0.9577148664958604","false","0","v02460","57322","0.6666666666666666"
"4.509666080843585","2.980881730326525E-4","0.22174590802805924","0.0","2","9","false","v04942","65.0","0","2","0","0.9577148664958604","false","0","v04942","57322","0.6666666666666666"
"5.954305799648506","0.0","0.1679456906729634","0.0","1","10","false","v05006","17.0","0","1","0","0.9403095686789337","false","0","v05006","0","0.0"
"4.956063268892795","0.02369514899417282","0.20177304964539006","0.0","17","9","false","Clostridium_sp_AF27_2AA","2.6470588235294117","0","17","0","0.9523365871217736","false","0","Clostridium_sp_AF27_2AA","400408","0.23529411764705882"
"4.305799648506151","0.009048797260243545","0.23224489795918365","0.0","2","9","false","v05486","65.5","0","2","0","0.960171088572215","false","0","v05486","1155154","0.542016806722689"
"4.541300527240773","0.004429632755953032","0.22020123839009287","0.0","3","9","false","v06740","39.0","0","3","0","0.9573337285874605","false","0","v06740","230664","0.37623762376237624"
"4.8506151142355005","0.040315047844351505","0.2061594202898551","0.0","20","10","false","Roseburia_faecis","1.75","0","20","0","0.9536070468164398","false","0","Roseburia_faecis","1403928","0.125"
"4.270650263620387","0.02762850802543045","0.23415637860082306","0.0","14","8","false","Lachnospira_sp_NSJ_43","2.7142857142857144","0","14","0","0.9605945751371038","false","0","Lachnospira_sp_NSJ_43","569440","0.14285714285714285"
"6.502636203866432","0.0","0.1537837837837838","0.0","1","12","false","v06777","17.0","0","1","0","0.9337031782666695","false","0","v06777","0","0.0"
"5.50439367311072","0.11505833409338563","0.18167305236270753","0.0","17","11","false","Clostridium_sp_AF34_10BH","1.2941176470588236","0","17","0","0.9457301967095093","false","0","Clostridium_sp_AF34_10BH","5724272","0.09803921568627451"
"4.456942003514938","0.006205103369912004","0.2243690851735016","0.0","3","9","false","v09207","50.0","0","3","0","0.9583500963431935","false","0","v09207","342984","0.44954128440366975"
"4.087873462214411","0.01721807785488672","0.24462596732588138","0.0","3","9","false","v10435","64.33333333333333","0","3","0","0.9627967052745251","false","0","v10435","1326818","0.405982905982906"
"4.038664323374341","0.20312696918984854","0.2476066144473455","0.0","62","9","false","Roseburia_inulinivorans","1.8709677419354838","0","62","0","0.9633895864653693","false","0","Roseburia_inulinivorans","8590708","0.06699751861042183"
"5.507908611599297","0.0","0.18155711550733886","0.0","1","11","false","v10449","48.0","0","1","0","0.9456878480530206","false","0","v10449","0","0.0"
"5.507908611599297","0.0","0.18155711550733886","0.0","1","11","false","v11715","48.0","0","1","0","0.9456878480530206","false","0","v11715","0","0.0"
"5.507908611599297","0.0","0.18155711550733886","0.0","1","11","false","v12617","48.0","0","1","0","0.9456878480530206","false","0","v12617","0","0.0"
"4.562390158172232","3.892830613838008E-4","0.21918335901386746","0.0","2","9","false","v12991","47.5","0","2","0","0.9570796366485272","false","0","v12991","16922","0.5740740740740741"
"5.848857644991213","0.0","0.17097355769230768","0.0","1","11","false","v13427","20.0","0","1","0","0.9415800283735999","false","0","v13427","0","0.0"
"4.1124780316344465","0.017491096866979534","0.24316239316239316","0.0","2","10","false","v14015","79.5","0","2","0","0.962500264679103","false","0","v14015","1605984","0.5164473684210527"
"4.773286467486819","0.0","0.20949926362297497","0.0","1","10","false","v14176","83.0","0","1","0","0.954538717259195","false","0","v14176","0","0.0"
"5.848857644991213","0.0","0.17097355769230768","0.0","1","11","false","v16204","20.0","0","1","0","0.9415800283735999","false","0","v16204","0","0.0"
"4.81195079086116","0.0","0.20781592403214025","0.0","1","10","false","v17514","76.0","0","1","0","0.9540728820378174","false","0","v17514","0","0.0"
"5.036906854130053","0.0","0.1985345429169574","0.0","1","10","false","v18826","62.0","0","1","0","0.9513625680225295","false","0","v18826","0","0.0"
"1.8333333333333333","0.0","0.5454545454545455","0.0","1","2","false","v24143","6.0","0","1","0","0.8611111111111112","false","0","v24143","0","0.0"
"1.0","1.0","1.0","0.0","6","1","false","Coprococcus_comes","1.0","0","6","0","1.0","false","0","Coprococcus_comes","30","0.0"
"4.105448154657293","0.006066801842122627","0.2435787671232877","0.0","2","8","false","v34479","62.0","0","2","0","0.9625849619920808","false","0","v34479","372554","0.5304347826086957"
"4.565905096660808","0.0022085806498373744","0.21901462663587376","0.0","2","10","false","v35649","69.0","0","2","0","0.9570372879920384","false","0","v35649","25444","0.5573770491803278"
"4.179261862917399","0.012637662139612498","0.2392767031118587","0.0","3","9","false","v36085","59.333333333333336","0","3","0","0.9616956402058144","false","0","v36085","1390794","0.44191919191919193"
"1.0","0.0","1.0","0.0","1","1","false","v43687","1.0","0","1","0","1.0","false","0","v43687","0","0.0"
"1.0","0.0","1.0","0.0","1","1","false","Haemophilus_parainfluenzae","1.0","0","1","0","1.0","false","0","Haemophilus_parainfluenzae","0","0.0"
"4.509666080843585","2.980881730326525E-4","0.22174590802805924","0.0","2","9","false","v45984","65.0","0","2","0","0.9577148664958604","false","0","v45984","57322","0.6666666666666666"
"5.18804920913884","0.0057874162496385365","0.19275067750677508","0.0","4","9","false","v46324","13.5","0","4","0","0.949541575793508","false","0","v46324","41646","0.2976190476190476"
"5.282952548330404","0.007175395093648215","0.18928809048569528","0.0","3","9","false","Bifidobacterium_longum","3.6666666666666665","0","3","0","0.9483981620683084","false","0","Bifidobacterium_longum","49676","0.4444444444444444"
"4.263620386643233","0.1045379123800594","0.23454245671887883","0.0","26","8","false","Lacrimispora_amygdalina","2.730769230769231","0","26","0","0.9606792724500814","false","0","Lacrimispora_amygdalina","1698366","0.12362637362637363"
"5.198594024604569","0.00938202205977649","0.19235970250169035","0.0","8","9","false","GGB3746_SGB5089","2.5","0","8","0","0.9494145298240413","false","0","GGB3746_SGB5089","136220","0.25"
"4.717047451669596","0.002720128900735213","0.21199701937406853","0.0","2","10","false","v46370","51.5","0","2","0","0.9552162957630168","false","0","v46370","164452","0.5260416666666666"
"4.509666080843585","2.980881730326525E-4","0.22174590802805924","0.0","2","9","false","v46901","65.0","0","2","0","0.9577148664958604","false","0","v46901","57322","0.6666666666666666"
"5.848857644991213","0.0","0.17097355769230768","0.0","1","11","false","v46992","20.0","0","1","0","0.9415800283735999","false","0","v46992","0","0.0"
"4.509666080843585","2.980881730326525E-4","0.22174590802805924","0.0","2","9","false","v47220","65.0","0","2","0","0.9577148664958604","false","0","v47220","57322","0.6666666666666666"
"4.154657293497364","0.016155991728648157","0.2406937394247039","0.0","4","9","false","v48290","51.0","0","4","0","0.9619920808012365","false","0","v48290","1918878","0.36496350364963503"
"5.507908611599297","0.0","0.18155711550733886","0.0","1","11","false","v49288","48.0","0","1","0","0.9456878480530206","false","0","v49288","0","0.0"
"4.899824253075571","0.011230068490741155","0.20408895265423244","0.0","3","9","false","v52447","16.0","0","3","0","0.9530141656255956","false","0","v52447","145838","0.38461538461538464"
"5.114235500878735","0.038888810828561916","0.19553264604810996","0.0","5","10","false","GGB9627_SGB15081","2.8","0","5","0","0.9504308975797743","false","0","GGB9627_SGB15081","470140","0.45"
"4.81195079086116","0.0","0.20781592403214025","0.0","1","10","false","v53441","76.0","0","1","0","0.9540728820378174","false","0","v53441","0","0.0"
"4.81195079086116","0.0","0.20781592403214025","0.0","1","10","false","v53760","76.0","0","1","0","0.9540728820378174","false","0","v53760","0","0.0"
"5.848857644991213","0.0","0.17097355769230768","0.0","1","11","false","v54531","20.0","0","1","0","0.9415800283735999","false","0","v54531","0","0.0"
"5.954305799648506","0.0","0.1679456906729634","0.0","1","10","false","v55521","17.0","0","1","0","0.9403095686789337","false","0","v55521","0","0.0"
"1.0","0.0","1.0","0.0","1","1","false","v55646","1.0","0","1","0","1.0","false","0","v55646","0","0.0"
"1.0","0.0","1.0","0.0","1","1","false","Anaerotignum_faecicola","1.0","0","1","0","1.0","false","0","Anaerotignum_faecicola","0","0.0"
"5.848857644991213","0.0","0.17097355769230768","0.0","1","11","false","v56916","20.0","0","1","0","0.9415800283735999","false","0","v56916","0","0.0"
"4.509666080843585","2.980881730326525E-4","0.22174590802805924","0.0","2","9","false","v58126","65.0","0","2","0","0.9577148664958604","false","0","v58126","57322","0.6666666666666666"
"4.717047451669596","0.002720128900735213","0.21199701937406853","0.0","2","10","false","v59959","51.5","0","2","0","0.9552162957630168","false","0","v59959","164452","0.5260416666666666"
"4.509666080843585","2.980881730326525E-4","0.22174590802805924","0.0","2","9","false","v60827","65.0","0","2","0","0.9577148664958604","false","0","v60827","57322","0.6666666666666666"
"4.6678383128295255","0.11308162951257018","0.21423192771084337","0.0","2","10","false","v67322","46.5","0","2","0","0.955809176953861","false","0","v67322","5752730","0.5"
"4.945518453427065","0.007834988280967108","0.20220326936744848","0.0","2","9","false","v83220","15.5","0","2","0","0.9524636330912402","false","0","v83220","94510","0.5370370370370371"
"1.0","0.0","1.0","0.0","1","1","false","v00097","1.0","0","1","0","1.0","false","0","v00097","0","0.0"
"1.0","0.0","1.0","0.0","1","1","false","GGB3256_SGB4303","1.0","0","1","0","1.0","false","0","GGB3256_SGB4303","0","0.0"
"4.509666080843585","2.980881730326525E-4","0.22174590802805924","0.0","2","9","false","v01006","65.0","0","2","0","0.9577148664958604","false","0","v01006","57322","0.6666666666666666"
"4.509666080843585","2.980881730326525E-4","0.22174590802805924","0.0","2","9","false","v03311","65.0","0","2","0","0.9577148664958604","false","0","v03311","57322","0.6666666666666666"
"1.8333333333333333","0.0","0.5454545454545455","0.0","1","2","false","v05449","6.0","0","1","0","0.8611111111111112","false","0","v05449","0","0.0"
"4.509666080843585","2.980881730326525E-4","0.22174590802805924","0.0","2","9","false","v08465","65.0","0","2","0","0.9577148664958604","false","0","v08465","57322","0.6666666666666666"
"4.773286467486819","0.0","0.20949926362297497","0.0","1","10","false","v09641","83.0","0","1","0","0.954538717259195","false","0","v09641","0","0.0"
"4.509666080843585","2.980881730326525E-4","0.22174590802805924","0.0","2","9","false","v11239","65.0","0","2","0","0.9577148664958604","false","0","v11239","57322","0.6666666666666666"
"5.1282952548330405","0.0","0.19499657299520218","0.0","1","10","false","v11263","31.0","0","1","0","0.9502615029538188","false","0","v11263","0","0.0"
"4.130052724077329","0.08941981410147082","0.24212765957446808","0.0","31","9","false","Roseburia_intestinalis","1.7096774193548387","0","31","0","0.9622885213966587","false","0","Roseburia_intestinalis","616886","0.07096774193548387"
"4.179261862917399","0.012637662139612498","0.2392767031118587","0.0","3","9","false","v11804","59.333333333333336","0","3","0","0.9616956402058144","false","0","v11804","1390794","0.44191919191919193"
"5.507908611599297","0.0","0.18155711550733886","0.0","1","11","false","v12995","48.0","0","1","0","0.9456878480530206","false","0","v12995","0","0.0"
"6.214411247803163","0.0","0.1609162895927602","0.0","1","9","false","v14407","7.0","0","1","0","0.9371757680987571","false","0","v14407","0","0.0"
"5.216168717047451","0.026867176959047074","0.19171159029649598","0.0","7","8","false","Clostridium_sp_AF15_49","2.857142857142857","0","7","0","0.949202786541597","false","0","Clostridium_sp_AF15_49","730162","0.23214285714285715"
"5.036906854130053","0.0","0.1985345429169574","0.0","1","10","false","v15778","62.0","0","1","0","0.9513625680225295","false","0","v15778","0","0.0"
"4.502636203866432","0.04475193115295426","0.2220921155347385","0.0","6","8","false","v20570","15.333333333333334","0","6","0","0.9577995638088382","false","0","v20570","1526896","0.20772946859903382"
"4.706502636203866","0.03871095580542893","0.2124719940253921","0.0","14","8","false","Coprococcus_eutactus","4.5","0","14","0","0.9553433417324836","false","0","Coprococcus_eutactus","1894066","0.20588235294117646"
"4.727592267135325","0.003427041999833952","0.21152416356877324","0.0","6","8","false","GGB4585_SGB6340","6.166666666666667","0","6","0","0.9550892497935504","false","0","GGB4585_SGB6340","135356","0.34444444444444444"
"4.611599297012302","0.010345113062141245","0.21684451219512196","0.0","9","8","false","Anaerosacchariphilus_sp_NSJ_68","5.0","0","9","0","0.956486755457683","false","0","Anaerosacchariphilus_sp_NSJ_68","424582","0.23529411764705882"
"4.801405975395431","0.015908636142396296","0.2082723279648609","0.0","8","8","false","GGB9634_SGB15093","4.375","0","8","0","0.954199928007284","false","0","GGB9634_SGB15093","607616","0.225"
"5.043936731107205","9.139523535640354E-4","0.19825783972125435","0.0","2","9","false","v27798","17.0","0","2","0","0.9512778707095517","false","0","v27798","28392","0.5333333333333333"
"5.29701230228471","0.0038709523773598864","0.18878566688785667","0.0","4","9","false","v29109","9.0","0","4","0","0.9482287674423528","false","0","v29109","161876","0.36363636363636365"
"5.848857644991213","0.0","0.17097355769230768","0.0","1","11","false","v40218","20.0","0","1","0","0.9415800283735999","false","0","v40218","0","0.0"
"5.507908611599297","0.0","0.18155711550733886","0.0","1","11","false","v41875","48.0","0","1","0","0.9456878480530206","false","0","v41875","0","0.0"
"5.1072056239015815","0.0052989617860587715","0.19580178940123882","0.0","3","9","false","v42218","20.666666666666668","0","3","0","0.9505155948927521","false","0","v42218","151110","0.35119047619047616"
"8.115992970123022","0.0","0.12321351234300564","0.0","1","13","false","v42552","21.0","0","1","0","0.9142651449382769","false","0","v42552","0","0.0"
"7.117750439367311","0.0691769774277717","0.14049382716049383","0.0","21","12","false","Lachnospira_eligens","1.2380952380952381","0","21","0","0.9262921633811168","false","0","Lachnospira_eligens","4203398","0.07936507936507936"
"5.848857644991213","0.0","0.17097355769230768","0.0","1","11","false","v42631","20.0","0","1","0","0.9415800283735999","false","0","v42631","0","0.0"
"4.773286467486819","0.0","0.20949926362297497","0.0","1","10","false","v46344","83.0","0","1","0","0.954538717259195","false","0","v46344","0","0.0"
"8.115992970123022","0.0","0.12321351234300564","0.0","1","13","false","v47841","21.0","0","1","0","0.9142651449382769","false","0","v47841","0","0.0"
"4.509666080843585","2.980881730326525E-4","0.22174590802805924","0.0","2","9","false","v48224","65.0","0","2","0","0.9577148664958604","false","0","v48224","57322","0.6666666666666666"
"6.063268892794376","0.0","0.16492753623188405","0.0","1","11","false","v49308","9.0","0","1","0","0.9389967603277786","false","0","v49308","0","0.0"
"5.065026362038664","0.022351071017947657","0.1974323386537127","0.0","9","10","false","GGB9730_SGB15291","1.6666666666666667","0","9","0","0.9510237787706185","false","0","GGB9730_SGB15291","547904","0.2222222222222222"
"5.718804920913884","7.480335887572503E-4","0.17486170866625692","0.0","2","9","false","v50195","5.5","0","2","0","0.9431469286636882","false","0","v50195","16860","0.5"
"4.991212653778559","0.005555919601097383","0.20035211267605632","0.0","4","8","false","GGB9590_SGB15012","5.75","0","4","0","0.9519131005568848","false","0","GGB9590_SGB15012","54532","0.36538461538461536"
"5.507908611599297","0.0","0.18155711550733886","0.0","1","11","false","v51362","48.0","0","1","0","0.9456878480530206","false","0","v51362","0","0.0"
"4.92091388400703","0.004066470607516224","0.2032142857142857","0.0","2","10","false","v51378","47.5","0","2","0","0.9527600736866623","false","0","v51378","261328","0.5284090909090909"
"4.868189806678383","0.07701626581848324","0.20541516245487365","0.0","33","9","false","Clostridium_fessum","2.0606060606060606","0","33","0","0.9533953035339954","false","0","Clostridium_fessum","2855456","0.17676767676767677"
"4.984182776801406","0.002564612500907562","0.20063469675599435","0.0","2","10","false","v52636","33.5","0","2","0","0.9519977978698626","false","0","v52636","32252","0.5"
"4.994727592267135","0.0033137654644282708","0.20021111893033078","0.0","5","9","false","Weissella_confusa","3.0","0","5","0","0.9518707519003959","false","0","Weissella_confusa","52552","0.2857142857142857"
"4.938488576449912","0.029191345546564815","0.20249110320284697","0.0","5","9","false","v56164","9.8","0","5","0","0.9525483304042179","false","0","v56164","1906192","0.32592592592592595"
"5.216168717047451","0.022390077285644325","0.19171159029649598","0.0","8","10","false","GGB9615_SGB15053","3.875","0","8","0","0.949202786541597","false","0","GGB9615_SGB15053","1103762","0.3194444444444444"
"5.8031634446397184","0.09700005448380852","0.1723198061780739","0.0","7","10","false","Ruminococcaceae_unclassified_SGB15265","3.7142857142857144","0","7","0","0.9421305609079551","false","0","Ruminococcaceae_unclassified_SGB15265","6681032","0.3877551020408163"
"4.537785588752197","0.06835237060099014","0.2203718048024787","0.0","13","8","false","GGB3571_SGB4778","4.384615384615385","0","13","0","0.9573760772439494","false","0","GGB3571_SGB4778","2403962","0.21153846153846154"
"4.927943760984183","0.012561984245072388","0.20292439372325247","0.0","7","10","false","GGB9707_SGB15229","5.714285714285714","0","7","0","0.9526753763736846","false","0","GGB9707_SGB15229","1290320","0.336734693877551"
"5.036906854130053","0.0","0.1985345429169574","0.0","1","10","false","v56586","62.0","0","1","0","0.9513625680225295","false","0","v56586","0","0.0"
"4.724077328646748","0.003661411468736181","0.21168154761904764","0.0","2","9","false","v57008","28.5","0","2","0","0.9551315984500393","false","0","v57008","48206","0.5092592592592593"
"5.507908611599297","0.0","0.18155711550733886","0.0","1","11","false","v57567","48.0","0","1","0","0.9456878480530206","false","0","v57567","0","0.0"
"4.956063268892795","0.002275711556339656","0.20177304964539006","0.0","2","10","false","v58513","45.0","0","2","0","0.9523365871217736","false","0","v58513","145702","0.5365853658536586"
"4.822495606326889","0.04783337614558826","0.20736151603498543","0.0","28","9","false","Lachnospira_pectinoschiza","2.2857142857142856","0","28","0","0.9539458360683506","false","0","Lachnospira_pectinoschiza","1910212","0.1836734693877551"
"5.036906854130053","0.0","0.1985345429169574","0.0","1","10","false","v60480","62.0","0","1","0","0.9513625680225295","false","0","v60480","0","0.0"
"5.704745166959579","0.0","0.17529266789895254","0.0","1","9","false","v69783","14.0","0","1","0","0.9433163232896435","false","0","v69783","0","0.0"
"5.036906854130053","0.0","0.1985345429169574","0.0","1","10","false","v71481","62.0","0","1","0","0.9513625680225295","false","0","v71481","0","0.0"
"2.2857142857142856","0.0","0.4375","0.0","1","4","false","v71552","5.0","0","1","0","0.7428571428571429","false","0","v71552","0","0.0"
"1.4285714285714286","0.8571428571428571","0.7","0.0","5","3","false","Lachnospiraceae_bacterium","1.2","0","5","0","0.9142857142857143","false","0","Lachnospiraceae_bacterium","36","0.2"
"6.063268892794376","0.0","0.16492753623188405","0.0","1","11","false","v73492","9.0","0","1","0","0.9389967603277786","false","0","v73492","0","0.0"
"4.488576449912126","0.00894342807338895","0.22278778386844167","0.0","3","10","false","v73815","55.333333333333336","0","3","0","0.9579689584347936","false","0","v73815","343110","0.3826291079812207"
"5.507908611599297","0.0","0.18155711550733886","0.0","1","11","false","v04287","48.0","0","1","0","0.9456878480530206","false","0","v04287","0","0.0"
"5.704745166959579","0.0","0.17529266789895254","0.0","1","9","false","v07396","14.0","0","1","0","0.9433163232896435","false","0","v07396","0","0.0"
"4.956063268892795","0.002275711556339656","0.20177304964539006","0.0","2","10","false","v12378","45.0","0","2","0","0.9523365871217736","false","0","v12378","145702","0.5365853658536586"
"5.036906854130053","0.0","0.1985345429169574","0.0","1","10","false","v35308","62.0","0","1","0","0.9513625680225295","false","0","v35308","0","0.0"
"4.9244288224956065","0.003345840744264657","0.2030692362598144","0.0","2","10","false","v38065","29.5","0","2","0","0.9527177250301735","false","0","v38065","38786","0.5"
"5.036906854130053","0.0","0.1985345429169574","0.0","1","10","false","v50400","62.0","0","1","0","0.9513625680225295","false","0","v50400","0","0.0"
"4.896309314586995","0.0078363462817551","0.20423546302943285","0.0","4","9","false","v52732","10.75","0","4","0","0.9530565142820844","false","0","v52732","382744","0.31451612903225806"
"1.0","0.0","1.0","0.0","1","1","false","v57777","1.0","0","1","0","1.0","false","0","v57777","0","0.0"
"1.0","0.0","1.0","0.0","1","1","false","Clostridia_unclassified_SGB6276","1.0","0","1","0","1.0","false","0","Clostridia_unclassified_SGB6276","0","0.0"
"5.940246045694201","1.7594227057286113E-4","0.16834319526627217","0.0","2","10","false","v60363","12.5","0","2","0","0.9404789633048892","false","0","v60363","1482","0.6052631578947368"
"5.036906854130053","0.0","0.1985345429169574","0.0","1","10","false","v63998","62.0","0","1","0","0.9513625680225295","false","0","v63998","0","0.0"
"4.81195079086116","0.0","0.20781592403214025","0.0","1","10","false","v24228","76.0","0","1","0","0.9540728820378174","false","0","v24228","0","0.0"
"4.53427065026362","0.00627030790935003","0.22054263565891474","0.0","2","10","false","v03455","53.5","0","2","0","0.9574184259004382","false","0","v03455","44568","0.5097087378640777"
"5.036906854130053","0.0","0.1985345429169574","0.0","1","10","false","v10032","62.0","0","1","0","0.9513625680225295","false","0","v10032","0","0.0"
"5.036906854130053","0.0","0.1985345429169574","0.0","1","10","false","v12655","62.0","0","1","0","0.9513625680225295","false","0","v12655","0","0.0"
"8.611599297012303","0.0","0.11612244897959183","0.0","1","13","false","v22939","28.0","0","1","0","0.9082939843733457","false","0","v22939","0","0.0"
"4.024604569420035","0.050255603885134614","0.24847161572052404","0.0","5","8","false","v34230","45.0","0","5","0","0.9635589810913249","false","0","v34230","1398172","0.24719101123595505"
"4.81195079086116","0.0","0.20781592403214025","0.0","1","10","false","v47488","76.0","0","1","0","0.9540728820378174","false","0","v47488","0","0.0"
"5.036906854130053","0.0","0.1985345429169574","0.0","1","10","false","v49251","62.0","0","1","0","0.9513625680225295","false","0","v49251","0","0.0"
"5.036906854130053","0.0","0.1985345429169574","0.0","1","10","false","v71146","62.0","0","1","0","0.9513625680225295","false","0","v71146","0","0.0"
"6.1968365553602816","0.0","0.16137266023823027","0.0","1","10","false","v01528","8.0","0","1","0","0.9373875113812015","false","0","v01528","0","0.0"
"5.268892794376098","0.003527715671242866","0.18979319546364243","0.0","2","8","false","v07370","10.0","0","2","0","0.9485675566942638","false","0","v07370","97564","0.5294117647058824"
"6.080843585237258","0.0","0.1644508670520231","0.0","1","11","false","v09072","6.0","0","1","0","0.9387850170453342","false","0","v09072","0","0.0"
"5.082601054481547","0.011150491757334033","0.19674965421853388","0.0","6","10","false","Clostridium_SGB4751","4.166666666666667","0","6","0","0.9508120354881742","false","0","Clostridium_SGB4751","74806","0.2638888888888889"
"4.3268892794376095","0.0024182690179506724","0.23111291632818848","0.0","2","9","false","v13445","54.5","0","2","0","0.9599169966332818","false","0","v13445","468780","0.5404040404040404"
"5.817223198594025","0.0035149384885764497","0.17190332326283986","0.0","2","10","false","v32499","14.5","0","2","0","0.9419611662819998","false","0","v32499","138766","0.5"
"6.815465729349737","0.0","0.14672511603919544","0.0","1","11","false","Bifidobacterium_adolescentis","2.0","0","1","0","0.9299341478391597","false","0","Bifidobacterium_adolescentis","0","0.0"
"4.8717047451669595","0.0","0.20526695526695526","0.0","1","9","false","v42443","47.0","0","1","0","0.9533529548775065","false","0","v42443","0","0.0"
"5.216168717047451","9.609381897566791E-4","0.19171159029649598","0.0","2","9","false","v59021","8.0","0","2","0","0.949202786541597","false","0","v59021","3508","0.5"
"5.318101933216169","5.747201288999014E-4","0.18803701255783212","0.0","2","10","false","GGB9614_SGB15049","6.0","0","2","0","0.9479746755034196","false","0","GGB9614_SGB15049","3636","0.5"
"1.0","0.0","1.0","0.0","1","1","false","v71908","1.0","0","1","0","1.0","false","0","v71908","0","0.0"
"1.0","0.0","1.0","0.0","1","1","false","Desulfovibrionaceae_bacterium","1.0","0","1","0","1.0","false","0","Desulfovibrionaceae_bacterium","0","0.0"
"5.082601054481547","4.7265559777600214E-4","0.19674965421853388","0.0","2","10","false","v15769","24.0","0","2","0","0.9508120354881742","false","0","v15769","13178","0.5897435897435898"
"5.848857644991213","0.0","0.17097355769230768","0.0","1","11","false","v16842","20.0","0","1","0","0.9415800283735999","false","0","v16842","0","0.0"
"4.414762741652021","0.005617274793166729","0.22651273885350318","0.0","4","9","false","v17188","38.5","0","4","0","0.9588582802210599","false","0","v17188","271414","0.32051282051282054"
"4.105448154657293","0.006066801842122627","0.2435787671232877","0.0","2","8","false","v19128","62.0","0","2","0","0.9625849619920808","false","0","v19128","372554","0.5304347826086957"
"4.53427065026362","0.0010098827474293564","0.22054263565891474","0.0","3","9","false","v20373","34.666666666666664","0","3","0","0.9574184259004382","false","0","v20373","32212","0.396078431372549"
"4.362038664323374","0.018210618478514646","0.22925060435132957","0.0","9","10","false","Clostridiales_unclassified_SGB15145","4.444444444444445","0","9","0","0.959493510068393","false","0","Clostridiales_unclassified_SGB15145","835712","0.20261437908496732"
"6.502636203866432","0.0","0.1537837837837838","0.0","1","12","false","v21380","17.0","0","1","0","0.9337031782666695","false","0","v21380","0","0.0"
"8.611599297012303","0.0","0.11612244897959183","0.0","1","13","false","v21383","28.0","0","1","0","0.9082939843733457","false","0","v21383","0","0.0"
"4.81195079086116","0.0","0.20781592403214025","0.0","1","10","false","v21977","76.0","0","1","0","0.9540728820378174","false","0","v21977","0","0.0"
"4.92091388400703","0.004066470607516224","0.2032142857142857","0.0","2","10","false","v26470","47.5","0","2","0","0.9527600736866623","false","0","v26470","261328","0.5284090909090909"
"5.507908611599297","0.0","0.18155711550733886","0.0","1","11","false","v26490","48.0","0","1","0","0.9456878480530206","false","0","v26490","0","0.0"
"4.81195079086116","0.0","0.20781592403214025","0.0","1","10","false","v26638","76.0","0","1","0","0.9540728820378174","false","0","v26638","0","0.0"
"1.8333333333333333","0.0","0.5454545454545455","0.0","1","2","false","v26810","6.0","0","1","0","0.8611111111111112","false","0","v26810","0","0.0"
"1.0","1.0","1.0","0.0","6","1","false","Megamonas_funiformis","1.0","0","6","0","1.0","false","0","Megamonas_funiformis","30","0.0"
"4.81195079086116","0.0","0.20781592403214025","0.0","1","10","false","v26902","76.0","0","1","0","0.9540728820378174","false","0","v26902","0","0.0"
"6.3268892794376095","0.0","0.15805555555555556","0.0","1","13","false","v27028","55.0","0","1","0","0.9358206110911131","false","0","v27028","0","0.0"
"5.328646748681898","0.16341359640165826","0.18766490765171503","0.0","55","12","false","Gemmiger_formicilis","1.290909090909091","0","55","0","0.947847629533953","false","0","Gemmiger_formicilis","14705698","0.03636363636363636"
"4.523725834797891","3.0681473096293144E-4","0.22105672105672106","0.0","2","9","false","v27686","65.5","0","2","0","0.957545471869905","false","0","v27686","16712","0.6201923076923077"
"5.595782073813708","1.8312312906534878E-4","0.1787060301507538","0.0","2","9","false","v27832","7.5","0","2","0","0.9446291316407986","false","0","v27832","2224","0.5909090909090909"
"5.036906854130053","0.0","0.1985345429169574","0.0","1","10","false","v27879","62.0","0","1","0","0.9513625680225295","false","0","v27879","0","0.0"
"4.291739894551846","0.018493642657097138","0.233005733005733","0.0","3","10","false","v28381","56.333333333333336","0","3","0","0.9603404831981704","false","0","v28381","110900","0.3688888888888889"
"6.502636203866432","0.0","0.1537837837837838","0.0","1","12","false","v28748","17.0","0","1","0","0.9337031782666695","false","0","v28748","0","0.0"
"5.036906854130053","0.0","0.1985345429169574","0.0","1","10","false","v29257","62.0","0","1","0","0.9513625680225295","false","0","v29257","0","0.0"
"4.787346221441124","0.0039626853648655445","0.2088839941262849","0.0","2","10","false","v31756","42.0","0","2","0","0.9543693226332395","false","0","v31756","66470","0.5061728395061729"
"5.065026362038664","0.017642407632107754","0.1974323386537127","0.0","3","11","false","v32328","37.0","0","3","0","0.9510237787706185","false","0","v32328","1733340","0.36363636363636365"
"4.27768014059754","0.003456989679942579","0.233771569433032","0.0","3","9","false","v32490","52.0","0","3","0","0.960509877824126","false","0","v32490","574970","0.4722222222222222"
"8.611599297012303","0.0","0.11612244897959183","0.0","1","13","false","v32720","28.0","0","1","0","0.9082939843733457","false","0","v32720","0","0.0"
"6.502636203866432","0.0","0.1537837837837838","0.0","1","12","false","v33344","17.0","0","1","0","0.9337031782666695","false","0","v33344","0","0.0"
"5.427065026362039","0.03775929968281208","0.1842616580310881","0.0","2","11","false","v34602","30.0","0","2","0","0.9466618671522645","false","0","v34602","458706","0.5"
"6.3268892794376095","0.0","0.15805555555555556","0.0","1","13","false","v35231","55.0","0","1","0","0.9358206110911131","false","0","v35231","0","0.0"
"4.81195079086116","0.0","0.20781592403214025","0.0","1","10","false","v36307","76.0","0","1","0","0.9540728820378174","false","0","v36307","0","0.0"
"4.8717047451669595","0.0","0.20526695526695526","0.0","1","9","false","v36896","47.0","0","1","0","0.9533529548775065","false","0","v36896","0","0.0"
"6.847100175746925","0.0","0.14604722792607802","0.0","1","11","false","v38201","3.0","0","1","0","0.9295530099307598","false","0","v38201","0","0.0"
"5.848857644991213","0.007023688705165969","0.17097355769230768","0.0","3","10","false","Faecalicatena_fissicatena","1.6666666666666667","0","3","0","0.9415800283735999","false","0","Faecalicatena_fissicatena","92710","0.3333333333333333"
"4.81195079086116","0.0","0.20781592403214025","0.0","1","10","false","v38598","76.0","0","1","0","0.9540728820378174","false","0","v38598","0","0.0"
"5.036906854130053","0.0","0.1985345429169574","0.0","1","10","false","v39101","62.0","0","1","0","0.9513625680225295","false","0","v39101","0","0.0"
"4.523725834797891","3.0681473096293144E-4","0.22105672105672106","0.0","2","9","false","v39745","65.5","0","2","0","0.957545471869905","false","0","v39745","16712","0.6201923076923077"
"4.81195079086116","0.0","0.20781592403214025","0.0","1","10","false","v40307","76.0","0","1","0","0.9540728820378174","false","0","v40307","0","0.0"
"6.063268892794376","0.0","0.16492753623188405","0.0","1","11","false","v40333","9.0","0","1","0","0.9389967603277786","false","0","v40333","0","0.0"
"4.319859402460457","0.004104879312729166","0.23148901545972334","0.0","3","9","false","v40506","40.333333333333336","0","3","0","0.9600016939462597","false","0","v40506","488340","0.4013605442176871"
"6.502636203866432","0.0","0.1537837837837838","0.0","1","12","false","v40960","17.0","0","1","0","0.9337031782666695","false","0","v40960","0","0.0"
"4.523725834797891","3.0681473096293144E-4","0.22105672105672106","0.0","2","9","false","v41840","65.5","0","2","0","0.957545471869905","false","0","v41840","16712","0.6201923076923077"
"1.8333333333333333","0.0","0.5454545454545455","0.0","1","2","false","v42022","6.0","0","1","0","0.8611111111111112","false","0","v42022","0","0.0"
"5.1282952548330405","0.0","0.19499657299520218","0.0","1","10","false","v42373","31.0","0","1","0","0.9502615029538188","false","0","v42373","0","0.0"
"5.036906854130053","0.0","0.1985345429169574","0.0","1","10","false","v42386","62.0","0","1","0","0.9513625680225295","false","0","v42386","0","0.0"
"4.81195079086116","0.0","0.20781592403214025","0.0","1","10","false","v42394","76.0","0","1","0","0.9540728820378174","false","0","v42394","0","0.0"
"4.81195079086116","0.0","0.20781592403214025","0.0","1","10","false","v42399","76.0","0","1","0","0.9540728820378174","false","0","v42399","0","0.0"
"4.81195079086116","0.0","0.20781592403214025","0.0","1","10","false","v42411","76.0","0","1","0","0.9540728820378174","false","0","v42411","0","0.0"
"6.710017574692443","0.029014744589387555","0.1490309062336302","0.0","2","11","false","v42548","17.5","0","2","0","0.931204607533826","false","0","v42548","2144168","0.532258064516129"
"5.507908611599297","0.0","0.18155711550733886","0.0","1","11","false","v42889","48.0","0","1","0","0.9456878480530206","false","0","v42889","0","0.0"
"5.047451669595782","0.022501921536491682","0.19811977715877438","0.0","5","9","false","v42967","8.2","0","5","0","0.9512355220530628","false","0","v42967","1466816","0.3130434782608696"
"4.8189806678383125","0.014412896361184124","0.20751276440554342","0.0","6","10","false","Ruminococcus_bicirculans","4.666666666666667","0","6","0","0.9539881847248396","false","0","Ruminococcus_bicirculans","857034","0.28205128205128205"
"6.502636203866432","0.0","0.1537837837837838","0.0","1","12","false","v43155","17.0","0","1","0","0.9337031782666695","false","0","v43155","0","0.0"
"5.212653778558876","0.0018064924211632731","0.1918408631153068","0.0","3","9","false","v43842","15.333333333333334","0","3","0","0.9492451351980858","false","0","v43842","215138","0.37719298245614036"
"7.413005272407733","0.0","0.13489805595068752","0.0","1","11","false","v44008","4.0","0","1","0","0.9227348762360514","false","0","v44008","0","0.0"
"6.414762741652021","0.017950043619327803","0.1558904109589041","0.0","4","10","false","Roseburia_hominis","2.0","0","4","0","0.9347618946788913","false","0","Roseburia_hominis","587884","0.3333333333333333"
"6.710017574692443","0.029014744589387555","0.1490309062336302","0.0","2","11","false","v45082","17.5","0","2","0","0.931204607533826","false","0","v45082","2144168","0.532258064516129"
"8.611599297012303","0.0","0.11612244897959183","0.0","1","13","false","v45094","28.0","0","1","0","0.9082939843733457","false","0","v45094","0","0.0"
"5.036906854130053","0.0","0.1985345429169574","0.0","1","10","false","v45322","62.0","0","1","0","0.9513625680225295","false","0","v45322","0","0.0"
"8.611599297012303","0.0","0.11612244897959183","0.0","1","13","false","v45358","28.0","0","1","0","0.9082939843733457","false","0","v45358","0","0.0"
"8.611599297012303","0.0","0.11612244897959183","0.0","1","13","false","v45617","28.0","0","1","0","0.9082939843733457","false","0","v45617","0","0.0"
"5.036906854130053","0.0","0.1985345429169574","0.0","1","10","false","v45987","62.0","0","1","0","0.9513625680225295","false","0","v45987","0","0.0"
"5.1810193321616875","0.0037841106277129266","0.19301221166892807","0.0","3","11","false","v46315","27.333333333333332","0","3","0","0.9496262731064857","false","0","v46315","361618","0.41798941798941797"
"1.0","0.0","1.0","0.0","1","1","false","v46338","1.0","0","1","0","1.0","false","0","v46338","0","0.0"
"1.0","0.0","1.0","0.0","1","1","false","Lachnospiraceae_bacterium_WCA3_601_WT_6H","1.0","0","1","0","1.0","false","0","Lachnospiraceae_bacterium_WCA3_601_WT_6H","0","0.0"
"8.115992970123022","0.0","0.12321351234300564","0.0","1","13","false","v46351","21.0","0","1","0","0.9142651449382769","false","0","v46351","0","0.0"
"4.81195079086116","0.0","0.20781592403214025","0.0","1","10","false","v47154","76.0","0","1","0","0.9540728820378174","false","0","v47154","0","0.0"
"5.507908611599297","0.0","0.18155711550733886","0.0","1","11","false","v47311","48.0","0","1","0","0.9456878480530206","false","0","v47311","0","0.0"
"5.820738137082601","0.0","0.17179951690821257","0.0","1","10","false","v00130","28.0","0","1","0","0.9419188176255109","false","0","v00130","0","0.0"
"5.8664323374340945","0.0","0.17046135410425406","0.0","1","10","false","v00470","33.0","0","1","0","0.9413682850911556","false","0","v00470","0","0.0"
"6.063268892794376","0.0","0.16492753623188405","0.0","1","11","false","v01289","9.0","0","1","0","0.9389967603277786","false","0","v01289","0","0.0"
"6.3268892794376095","0.0","0.15805555555555556","0.0","1","13","false","v01492","55.0","0","1","0","0.9358206110911131","false","0","v01492","0","0.0"
"5.1282952548330405","0.0","0.19499657299520218","0.0","1","10","false","v01500","31.0","0","1","0","0.9502615029538188","false","0","v01500","0","0.0"
"6.080843585237258","0.0","0.1644508670520231","0.0","1","11","false","v01509","6.0","0","1","0","0.9387850170453342","false","0","v01509","0","0.0"
"3.725834797891037","0.04298455721382626","0.2683962264150943","0.0","4","8","false","v01522","67.25","0","4","0","0.9671586168928791","false","0","v01522","3330800","0.31698564593301437"
"5.205623901581722","6.295965387749005E-4","0.19209993247805537","0.0","2","9","false","v02086","27.0","0","2","0","0.9493298325110636","false","0","v02086","20850","0.6666666666666666"
"4.854130052724077","0.0","0.20601013758146272","0.0","1","9","false","v02464","48.0","0","1","0","0.9535646981599509","false","0","v02464","0","0.0"
"5.838312829525483","1.1017606268324855E-4","0.17128236002408187","0.0","2","10","false","v02757","29.5","0","2","0","0.9417070743430666","false","0","v02757","4878","0.7702702702702703"
"5.335676625659051","0.025746875480459747","0.18741765480895914","0.0","26","10","false","Clostridium_sp_AM22_11AC","2.1153846153846154","0","26","0","0.9477629322209753","false","0","Clostridium_sp_AM22_11AC","699214","0.2230769230769231"
"6.3268892794376095","0.0","0.15805555555555556","0.0","1","13","false","v03920","55.0","0","1","0","0.9358206110911131","false","0","v03920","0","0.0"
"4.899824253075571","0.011121381232454585","0.20408895265423244","0.0","3","10","false","v03958","40.333333333333336","0","3","0","0.9530141656255956","false","0","v03958","575464","0.4229390681003584"
"4.242530755711775","0.041762517091856646","0.23570836785418392","0.0","3","9","false","v05093","53.666666666666664","0","3","0","0.9609333643890148","false","0","v05093","431706","0.41798941798941797"
"5.205623901581722","6.295965387749005E-4","0.19209993247805537","0.0","2","9","false","v05107","27.0","0","2","0","0.9493298325110636","false","0","v05107","20850","0.6666666666666666"
"4.956063268892795","0.002275711556339656","0.20177304964539006","0.0","2","10","false","v05501","45.0","0","2","0","0.9523365871217736","false","0","v05501","145702","0.5365853658536586"
"4.81195079086116","0.0","0.20781592403214025","0.0","1","10","false","v05824","76.0","0","1","0","0.9540728820378174","false","0","v05824","0","0.0"
"6.333919156414763","0.0","0.1578801331853496","0.0","1","11","false","v05971","26.0","0","1","0","0.9357359137781354","false","0","v05971","0","0.0"
"5.195079086115993","0.001044627200703515","0.19248985115020298","0.0","3","9","false","v06594","21.666666666666668","0","3","0","0.9494568784805302","false","0","v06594","27740","0.5040650406504065"
"4.963093145869947","0.009925789790014964","0.2014872521246459","0.0","11","9","false","Candidatus_Saccharibacteria_unclassified_SGB19850","3.0","0","11","0","0.9522518898087958","false","0","Candidatus_Saccharibacteria_unclassified_SGB19850","246316","0.3333333333333333"
"5.838312829525483","1.1017606268324855E-4","0.17128236002408187","0.0","2","10","false","v06650","29.5","0","2","0","0.9417070743430666","false","0","v06650","4878","0.7702702702702703"
"6.3268892794376095","0.0","0.15805555555555556","0.0","1","13","false","v06779","55.0","0","1","0","0.9358206110911131","false","0","v06779","0","0.0"
"4.105448154657293","0.006066801842122627","0.2435787671232877","0.0","2","8","false","v06782","62.0","0","2","0","0.9625849619920808","false","0","v06782","372554","0.5304347826086957"
"4.81195079086116","0.0","0.20781592403214025","0.0","1","10","false","v06793","76.0","0","1","0","0.9540728820378174","false","0","v06793","0","0.0"
"4.674868189806678","0.00928475674672916","0.21390977443609024","0.0","2","10","false","v06794","54.5","0","2","0","0.9557244796408835","false","0","v06794","332408","0.5144230769230769"
"6.3268892794376095","0.0","0.15805555555555556","0.0","1","13","false","v07485","55.0","0","1","0","0.9358206110911131","false","0","v07485","0","0.0"
"4.203866432337434","0.011826494360319977","0.23787625418060201","0.0","3","9","false","v08422","52.333333333333336","0","3","0","0.9613991996103923","false","0","v08422","1634370","0.4010416666666667"
"4.773286467486819","0.0012447766826913385","0.20949926362297497","0.0","2","9","false","v08469","28.5","0","2","0","0.954538717259195","false","0","v08469","55776","0.5188679245283019"
"4.203866432337434","0.01132372216844653","0.23787625418060201","0.0","5","9","false","v08484","36.0","0","5","0","0.9613991996103923","false","0","v08484","1124760","0.2777777777777778"
"6.3268892794376095","0.0","0.15805555555555556","0.0","1","13","false","v08736","55.0","0","1","0","0.9358206110911131","false","0","v08736","0","0.0"
"6.3268892794376095","0.0","0.15805555555555556","0.0","1","13","false","v08886","55.0","0","1","0","0.9358206110911131","false","0","v08886","0","0.0"
"5.507908611599297","0.0","0.18155711550733886","0.0","1","11","false","v09169","48.0","0","1","0","0.9456878480530206","false","0","v09169","0","0.0"
"5.507908611599297","0.0","0.18155711550733886","0.0","1","11","false","v09939","48.0","0","1","0","0.9456878480530206","false","0","v09939","0","0.0"
"4.81195079086116","0.0","0.20781592403214025","0.0","1","10","false","v09997","76.0","0","1","0","0.9540728820378174","false","0","v09997","0","0.0"
"5.1810193321616875","0.002925046070113372","0.19301221166892807","0.0","3","9","false","v10301","27.666666666666668","0","3","0","0.9496262731064857","false","0","v10301","82910","0.41025641025641024"
"5.838312829525483","1.1017606268324855E-4","0.17128236002408187","0.0","2","10","false","v11603","29.5","0","2","0","0.9417070743430666","false","0","v11603","4878","0.7702702702702703"
"5.838312829525483","1.1017606268324855E-4","0.17128236002408187","0.0","2","10","false","v11771","29.5","0","2","0","0.9417070743430666","false","0","v11771","4878","0.7702702702702703"
"4.81195079086116","0.0","0.20781592403214025","0.0","1","10","false","v11793","76.0","0","1","0","0.9540728820378174","false","0","v11793","0","0.0"
"5.820738137082601","0.0","0.17179951690821257","0.0","1","10","false","v13176","28.0","0","1","0","0.9419188176255109","false","0","v13176","0","0.0"
"5.036906854130053","0.0","0.1985345429169574","0.0","1","10","false","v13464","62.0","0","1","0","0.9513625680225295","false","0","v13464","0","0.0"
"6.3268892794376095","0.0","0.15805555555555556","0.0","1","13","false","v13840","55.0","0","1","0","0.9358206110911131","false","0","v13840","0","0.0"
"1.5","0.0","0.6666666666666666","0.0","1","2","false","v13866","2.0","0","1","0","0.75","false","0","v13866","0","0.0"
"1.0","1.0","1.0","0.0","2","1","false","Clostridium_sp_AM33_3","1.0","0","2","0","1.0","false","0","Clostridium_sp_AM33_3","2","0.0"
"5.205623901581722","6.295965387749005E-4","0.19209993247805537","0.0","2","9","false","v13961","27.0","0","2","0","0.9493298325110636","false","0","v13961","20850","0.6666666666666666"
"3.813708260105448","0.06147987832801456","0.2622119815668203","0.0","4","8","false","v14237","55.0","0","4","0","0.9660999004806573","false","0","v14237","2954468","0.31213872832369943"
"6.3268892794376095","0.0","0.15805555555555556","0.0","1","13","false","v14253","55.0","0","1","0","0.9358206110911131","false","0","v14253","0","0.0"
"5.507908611599297","0.0","0.18155711550733886","0.0","1","11","false","v14636","48.0","0","1","0","0.9456878480530206","false","0","v14636","0","0.0"
"5.036906854130053","0.0","0.1985345429169574","0.0","1","10","false","v15128","62.0","0","1","0","0.9513625680225295","false","0","v15128","0","0.0"
"4.565905096660808","0.0022085806498373744","0.21901462663587376","0.0","2","10","false","v15129","69.0","0","2","0","0.9570372879920384","false","0","v15129","25444","0.5573770491803278"
"4.565905096660808","0.0022085806498373744","0.21901462663587376","0.0","2","10","false","v15149","69.0","0","2","0","0.9570372879920384","false","0","v15149","25444","0.5573770491803278"
"4.773286467486819","0.0","0.20949926362297497","0.0","1","10","false","v15653","83.0","0","1","0","0.954538717259195","false","0","v15653","0","0.0"
"6.1968365553602816","0.0","0.16137266023823027","0.0","1","10","false","v73878","8.0","0","1","0","0.9373875113812015","false","0","v73878","0","0.0"
"8.611599297012303","0.0","0.11612244897959183","0.0","1","13","false","v04550","28.0","0","1","0","0.9082939843733457","false","0","v04550","0","0.0"
"5.848857644991213","0.0","0.17097355769230768","0.0","1","11","false","v40336","20.0","0","1","0","0.9415800283735999","false","0","v40336","0","0.0"
"6.404217926186292","0.0","0.15614709110867178","0.0","1","11","false","v46334","4.0","0","1","0","0.9348889406483579","false","0","v46334","0","0.0"
"5.40597539543058","0.0035795443316819038","0.1849804941482445","0.0","4","10","false","Firmicutes_bacterium_AF16_15","2.25","0","4","0","0.9469159590911979","false","0","Firmicutes_bacterium_AF16_15","94664","0.4166666666666667"
"6.3268892794376095","0.0","0.15805555555555556","0.0","1","13","false","v74323","55.0","0","1","0","0.9358206110911131","false","0","v74323","0","0.0"
"8.115992970123022","0.0","0.12321351234300564","0.0","1","13","false","v41142","21.0","0","1","0","0.9142651449382769","false","0","v41142","0","0.0"
"6.502636203866432","0.0","0.1537837837837838","0.0","1","12","false","v04689","17.0","0","1","0","0.9337031782666695","false","0","v04689","0","0.0"
"5.036906854130053","0.0","0.1985345429169574","0.0","1","10","false","v07103","62.0","0","1","0","0.9513625680225295","false","0","v07103","0","0.0"
"4.565905096660808","0.0022085806498373744","0.21901462663587376","0.0","2","10","false","v08940","69.0","0","2","0","0.9570372879920384","false","0","v08940","25444","0.5573770491803278"
"5.082601054481547","4.7265559777600214E-4","0.19674965421853388","0.0","2","10","false","v11003","24.0","0","2","0","0.9508120354881742","false","0","v11003","13178","0.5897435897435898"
"6.333919156414763","0.0","0.1578801331853496","0.0","1","11","false","v11453","26.0","0","1","0","0.9357359137781354","false","0","v11453","0","0.0"
"4.305799648506151","0.0259431231960816","0.23224489795918365","0.0","5","8","false","v14145","25.4","0","5","0","0.960171088572215","false","0","v14145","464852","0.21785714285714286"
"5.170474516695958","0.010130341914756456","0.19340584636301836","0.0","2","9","false","v27210","26.0","0","2","0","0.9497533190759523","false","0","v27210","47364","0.5"
"5.73286467486819","1.1089838494066941E-4","0.174432863274065","0.0","2","10","false","v27898","11.0","0","2","0","0.9429775340377325","false","0","v27898","1286","0.5882352941176471"
"4.9244288224956065","0.004449353678999039","0.2030692362598144","0.0","3","10","false","v32890","33.666666666666664","0","3","0","0.9527177250301735","false","0","v32890","219638","0.3843137254901961"
"5.036906854130053","0.0","0.1985345429169574","0.0","1","10","false","v39998","62.0","0","1","0","0.9513625680225295","false","0","v39998","0","0.0"
"5.73286467486819","1.1089838494066941E-4","0.174432863274065","0.0","2","10","false","v43412","11.0","0","2","0","0.9429775340377325","false","0","v43412","1286","0.5882352941176471"
"5.061511423550088","0.0020928826139627035","0.19756944444444444","0.0","4","10","false","v48951","15.25","0","4","0","0.9510661274271074","false","0","v48951","34134","0.3313953488372093"
"4.105448154657293","0.02929905424985401","0.2435787671232877","0.0","5","8","false","v56421","40.6","0","5","0","0.9625849619920808","false","0","v56421","916442","0.25548387096774194"
"1.8333333333333333","0.0","0.5454545454545455","0.0","1","2","false","v59700","6.0","0","1","0","0.8611111111111112","false","0","v59700","0","0.0"
"1.8333333333333333","0.0","0.5454545454545455","0.0","1","2","false","v61156","6.0","0","1","0","0.8611111111111112","false","0","v61156","0","0.0"
"5.036906854130053","0.0","0.1985345429169574","0.0","1","10","false","v67467","62.0","0","1","0","0.9513625680225295","false","0","v67467","0","0.0"
"5.036906854130053","0.0","0.1985345429169574","0.0","1","10","false","v69391","62.0","0","1","0","0.9513625680225295","false","0","v69391","0","0.0"
"5.268892794376098","0.0","0.18979319546364243","0.0","1","9","false","v70906","14.0","0","1","0","0.9485675566942638","false","0","v70906","0","0.0"
"5.444639718804921","2.9745686793988346E-4","0.18366688185926405","0.0","4","9","false","v05320","9.25","0","4","0","0.9464501238698202","false","0","v05320","17952","0.4125"
"6.502636203866432","0.0","0.1537837837837838","0.0","1","12","false","v10947","17.0","0","1","0","0.9337031782666695","false","0","v10947","0","0.0"
"6.502636203866432","0.0","0.1537837837837838","0.0","1","12","false","v32183","17.0","0","1","0","0.9337031782666695","false","0","v32183","0","0.0"
"8.115992970123022","0.0","0.12321351234300564","0.0","1","13","false","v53001","21.0","0","1","0","0.9142651449382769","false","0","v53001","0","0.0"
"5.704745166959579","0.0","0.17529266789895254","0.0","1","9","false","v56168","14.0","0","1","0","0.9433163232896435","false","0","v56168","0","0.0"
"6.741652021089631","0.0034814971893084314","0.1483315954118874","0.0","2","13","false","v29778","2.5","0","2","0","0.9308234696254261","false","0","v29778","18410","0.5"
"6.829525483304042","0.0025821624264573866","0.14642305712815235","0.0","2","12","false","Agathobaculum_butyriciproducens","2.0","0","2","0","0.9297647532132044","false","0","Agathobaculum_butyriciproducens","15724","0.5"
"6.042179261862917","0.009123038055850978","0.16550319953461315","0.0","3","12","false","Clostridium_sp_AF34_13","2.0","0","3","0","0.9392508522667119","false","0","Clostridium_sp_AF34_13","115738","0.3333333333333333"
"7.040421792618629","0.0","0.14203694458312532","0.0","1","13","false","v42551","3.0","0","1","0","0.927223833823872","false","0","v42551","0","0.0"
"5.536028119507908","0.0","0.18063492063492065","0.0","1","9","false","v44670","13.0","0","1","0","0.9453490588011096","false","0","v44670","0","0.0"
"4.8717047451669595","0.0","0.20526695526695526","0.0","1","9","false","v13030","47.0","0","1","0","0.9533529548775065","false","0","v13030","0","0.0"
"8.112478031634446","0.0017543751082947597","0.12326689774696709","0.0","2","13","false","v57733","11.5","0","2","0","0.9143074935947656","false","0","v57733","200050","0.525"
"9.107205623901582","3.0941359934651847E-6","0.10980316480123505","0.0","2","14","false","Clostridium_sp_AM42_4","2.0","0","2","0","0.9023228238084148","false","0","Clostridium_sp_AM42_4","2","1.0"
"8.115992970123022","0.0","0.12321351234300564","0.0","1","13","false","v16510","21.0","0","1","0","0.9142651449382769","false","0","v16510","0","0.0"
"8.115992970123022","0.0","0.12321351234300564","0.0","1","13","false","v53071","21.0","0","1","0","0.9142651449382769","false","0","v53071","0","0.0"
"8.112478031634446","0.0017543751082947597","0.12326689774696709","0.0","2","13","false","v60121","11.5","0","2","0","0.9143074935947656","false","0","v60121","200050","0.525"
"5.989455184534271","0.0","0.1669600938967136","0.0","1","9","false","v47289","4.0","0","1","0","0.939886082114045","false","0","v47289","0","0.0"
"6.502636203866432","0.0","0.1537837837837838","0.0","1","12","false","v48222","17.0","0","1","0","0.9337031782666695","false","0","v48222","0","0.0"
"6.3268892794376095","0.0","0.15805555555555556","0.0","1","13","false","v48958","55.0","0","1","0","0.9358206110911131","false","0","v48958","0","0.0"
"4.81195079086116","0.0","0.20781592403214025","0.0","1","10","false","v49213","76.0","0","1","0","0.9540728820378174","false","0","v49213","0","0.0"
"4.65377855887522","0.04291101906376003","0.21487915407854985","0.0","2","9","false","v49280","19.5","0","2","0","0.9559785715798167","false","0","v49280","747484","0.5"
"8.611599297012303","0.0","0.11612244897959183","0.0","1","13","false","v49920","28.0","0","1","0","0.9082939843733457","false","0","v49920","0","0.0"
"8.611599297012303","0.0","0.11612244897959183","0.0","1","13","false","v50359","28.0","0","1","0","0.9082939843733457","false","0","v50359","0","0.0"
"5.036906854130053","0.0","0.1985345429169574","0.0","1","10","false","v50399","62.0","0","1","0","0.9513625680225295","false","0","v50399","0","0.0"
"1.0","0.0","1.0","0.0","1","1","false","v51329","1.0","0","1","0","1.0","false","0","v51329","0","0.0"
"1.0","0.0","1.0","0.0","1","1","false","Collinsella_aerofaciens","1.0","0","1","0","1.0","false","0","Collinsella_aerofaciens","0","0.0"
"5.304042179261863","3.5942808212572616E-4","0.1885354539430086","0.0","2","11","false","v51331","37.0","0","2","0","0.9481440701293751","false","0","v51331","10436","0.6101694915254238"
"4.270650263620387","0.022501077399504698","0.23415637860082306","0.0","3","10","false","v51332","55.0","0","3","0","0.9605945751371038","false","0","v51332","1276998","0.35526315789473684"
"1.8333333333333333","0.0","0.5454545454545455","0.0","1","2","false","v51387","6.0","0","1","0","0.8611111111111112","false","0","v51387","0","0.0"
"4.488576449912126","0.02023969228150175","0.22278778386844167","0.0","4","9","false","v51465","19.75","0","4","0","0.9579689584347936","false","0","v51465","258008","0.3073770491803279"
"6.3268892794376095","0.0","0.15805555555555556","0.0","1","13","false","v52113","55.0","0","1","0","0.9358206110911131","false","0","v52113","0","0.0"
"4.854130052724077","0.0","0.20601013758146272","0.0","1","9","false","v52122","48.0","0","1","0","0.9535646981599509","false","0","v52122","0","0.0"
"6.502636203866432","0.0","0.1537837837837838","0.0","1","12","false","v52456","17.0","0","1","0","0.9337031782666695","false","0","v52456","0","0.0"
"5.036906854130053","0.0","0.1985345429169574","0.0","1","10","false","v52457","62.0","0","1","0","0.9513625680225295","false","0","v52457","0","0.0"
"1.8333333333333333","0.0","0.5454545454545455","0.0","1","2","false","v52763","6.0","0","1","0","0.8611111111111112","false","0","v52763","0","0.0"
"6.9701230228471","0.0","0.14346949067070094","0.0","1","11","false","v53002","8.0","0","1","0","0.9280708069536493","false","0","v53002","0","0.0"
"5.971880492091389","0.011647818965657173","0.16745144202472043","0.0","8","10","false","Clostridia_unclassified_SGB4447","2.375","0","8","0","0.9400978253964893","false","0","Clostridia_unclassified_SGB4447","219054","0.275"
"8.611599297012303","0.0","0.11612244897959183","0.0","1","13","false","v53235","28.0","0","1","0","0.9082939843733457","false","0","v53235","0","0.0"
"5.304042179261863","3.5942808212572616E-4","0.1885354539430086","0.0","2","11","false","v53257","37.0","0","2","0","0.9481440701293751","false","0","v53257","10436","0.6101694915254238"
"4.523725834797891","3.0681473096293144E-4","0.22105672105672106","0.0","2","9","false","v53615","65.5","0","2","0","0.957545471869905","false","0","v53615","16712","0.6201923076923077"
"4.81195079086116","0.0","0.20781592403214025","0.0","1","10","false","v55214","76.0","0","1","0","0.9540728820378174","false","0","v55214","0","0.0"
"5.244288224956064","3.004615758657992E-4","0.19068364611260052","0.0","2","9","false","v55707","10.5","0","2","0","0.948863997289686","false","0","v55707","5058","0.5588235294117647"
"5.304042179261863","3.5942808212572616E-4","0.1885354539430086","0.0","2","11","false","v56118","37.0","0","2","0","0.9481440701293751","false","0","v56118","10436","0.6101694915254238"
"5.1282952548330405","0.0","0.19499657299520218","0.0","1","10","false","v56165","31.0","0","1","0","0.9502615029538188","false","0","v56165","0","0.0"
"5.036906854130053","0.0","0.1985345429169574","0.0","1","10","false","v56212","62.0","0","1","0","0.9513625680225295","false","0","v56212","0","0.0"
"4.81195079086116","0.0","0.20781592403214025","0.0","1","10","false","v57004","76.0","0","1","0","0.9540728820378174","false","0","v57004","0","0.0"
"4.460456942003515","0.004390837277421295","0.22419227738376674","0.0","3","9","false","v57306","40.333333333333336","0","3","0","0.9583077476867046","false","0","v57306","237622","0.4097222222222222"
"5.043936731107205","9.139523535640354E-4","0.19825783972125435","0.0","2","9","false","v57368","17.0","0","2","0","0.9512778707095517","false","0","v57368","28392","0.5333333333333333"
"8.611599297012303","0.0","0.11612244897959183","0.0","1","13","false","v57717","28.0","0","1","0","0.9082939843733457","false","0","v57717","0","0.0"
"5.1282952548330405","0.0","0.19499657299520218","0.0","1","10","false","v57749","31.0","0","1","0","0.9502615029538188","false","0","v57749","0","0.0"
"5.261862917398946","0.0","0.19004676018704073","0.0","1","9","false","v58385","26.0","0","1","0","0.9486522540072416","false","0","v58385","0","0.0"
"3.936731107205624","0.012469563321951161","0.25401785714285713","0.0","3","8","false","v58509","62.0","0","3","0","0.9646176975035468","false","0","v58509","671792","0.3885350318471338"
"2.0","0.0","0.5","0.0","1","3","false","v60241","2.0","0","1","0","0.5","false","0","v60241","0","0.0"
"1.3333333333333333","0.6666666666666666","0.75","0.0","2","2","false","Blautia_massiliensis","1.5","0","2","0","0.8333333333333334","false","0","Blautia_massiliensis","4","0.5"
"4.021089630931459","0.030809681940276463","0.24868881118881117","0.0","4","9","false","v60856","50.5","0","4","0","0.9636013297478138","false","0","v60856","1829536","0.3113207547169811"
"4.81195079086116","0.0","0.20781592403214025","0.0","1","10","false","v61039","76.0","0","1","0","0.9540728820378174","false","0","v61039","0","0.0"
"4.523725834797891","3.0681473096293144E-4","0.22105672105672106","0.0","2","9","false","v61643","65.5","0","2","0","0.957545471869905","false","0","v61643","16712","0.6201923076923077"
"8.611599297012303","0.0","0.11612244897959183","0.0","1","13","false","v64811","28.0","0","1","0","0.9082939843733457","false","0","v64811","0","0.0"
"4.569420035149385","0.009640014110453031","0.21884615384615386","0.0","3","10","false","v66334","33.666666666666664","0","3","0","0.9569949393355495","false","0","v66334","191012","0.35507246376811596"
"6.063268892794376","0.0","0.16492753623188405","0.0","1","11","false","v66415","9.0","0","1","0","0.9389967603277786","false","0","v66415","0","0.0"
"6.847100175746925","0.0","0.14604722792607802","0.0","1","11","false","v68778","3.0","0","1","0","0.9295530099307598","false","0","v68778","0","0.0"
"4.773286467486819","0.0","0.20949926362297497","0.0","1","10","false","v68883","83.0","0","1","0","0.954538717259195","false","0","v68883","0","0.0"
"5.223198594024605","0.0038064872753464083","0.1914535666218035","0.0","2","9","false","v69799","17.0","0","2","0","0.9491180892286192","false","0","v69799","50368","0.5161290322580645"
"6.193321616871705","0.04387471720207185","0.16146424517593644","0.0","3","11","false","v69821","14.0","0","3","0","0.9374298600376904","false","0","v69821","2466666","0.35135135135135137"
"3.936731107205624","0.012469563321951161","0.25401785714285713","0.0","3","8","false","v72975","62.0","0","3","0","0.9646176975035468","false","0","v72975","671792","0.3885350318471338"
"6.3268892794376095","0.0","0.15805555555555556","0.0","1","13","false","v73208","55.0","0","1","0","0.9358206110911131","false","0","v73208","0","0.0"
"4.523725834797891","3.0681473096293144E-4","0.22105672105672106","0.0","2","9","false","v74375","65.5","0","2","0","0.957545471869905","false","0","v74375","16712","0.6201923076923077"
"5.261862917398946","0.0","0.19004676018704073","0.0","1","9","false","v74424","26.0","0","1","0","0.9486522540072416","false","0","v74424","0","0.0"
"5.212653778558876","0.004783504028000281","0.1918408631153068","0.0","3","9","false","v74445","15.0","0","3","0","0.9492451351980858","false","0","v74445","76428","0.42424242424242425"
"4.773286467486819","0.0","0.20949926362297497","0.0","1","10","false","v74850","83.0","0","1","0","0.954538717259195","false","0","v74850","0","0.0"
"4.854130052724077","0.0","0.20601013758146272","0.0","1","9","false","v74948","48.0","0","1","0","0.9535646981599509","false","0","v74948","0","0.0"
"3.725834797891037","0.04298455721382626","0.2683962264150943","0.0","4","8","false","v75853","67.25","0","4","0","0.9671586168928791","false","0","v75853","3330800","0.31698564593301437"
"2.2857142857142856","0.0","0.4375","0.0","1","4","false","v75927","5.0","0","1","0","0.7428571428571429","false","0","v75927","0","0.0"
"5.036906854130053","0.0","0.1985345429169574","0.0","1","10","false","v76739","62.0","0","1","0","0.9513625680225295","false","0","v76739","0","0.0"
"4.42530755711775","9.941859653793835E-4","0.22597299444003177","0.0","3","9","false","v77617","59.333333333333336","0","3","0","0.9587312342515935","false","0","v77617","90956","0.5208333333333334"
"4.492091388400703","0.0066288071765233415","0.22261345852895148","0.0","3","9","false","v78633","38.333333333333336","0","3","0","0.9579266097783047","false","0","v78633","199974","0.3771043771043771"
"5.507908611599297","0.0","0.18155711550733886","0.0","1","11","false","v79650","48.0","0","1","0","0.9456878480530206","false","0","v79650","0","0.0"
"4.481546572934974","0.0015460815005633507","0.22313725490196076","0.0","3","9","false","v80234","48.333333333333336","0","3","0","0.9580536557477713","false","0","v80234","61518","0.4264264264264264"
"5.195079086115993","0.001044627200703515","0.19248985115020298","0.0","3","9","false","v50376","21.666666666666668","0","3","0","0.9494568784805302","false","0","v50376","27740","0.5040650406504065"
"5.195079086115993","0.001044627200703515","0.19248985115020298","0.0","3","9","false","v50380","21.666666666666668","0","3","0","0.9494568784805302","false","0","v50380","27740","0.5040650406504065"
"6.3268892794376095","0.0","0.15805555555555556","0.0","1","13","false","v50985","55.0","0","1","0","0.9358206110911131","false","0","v50985","0","0.0"
"6.3268892794376095","0.0","0.15805555555555556","0.0","1","13","false","v51234","55.0","0","1","0","0.9358206110911131","false","0","v51234","0","0.0"
"6.3268892794376095","0.0","0.15805555555555556","0.0","1","13","false","v51516","55.0","0","1","0","0.9358206110911131","false","0","v51516","0","0.0"
"6.3268892794376095","0.0","0.15805555555555556","0.0","1","13","false","v51621","55.0","0","1","0","0.9358206110911131","false","0","v51621","0","0.0"
"6.323374340949034","0.0035149384885764497","0.15814341300722623","0.0","2","13","false","v52167","28.0","0","2","0","0.935862959747602","false","0","v52167","313854","0.5"
"7.321616871704745","0.0","0.13658185309649543","0.0","1","14","false","Dorea_longicatena","2.0","0","1","0","0.9238359413047621","false","0","Dorea_longicatena","0","0.0"
"6.3268892794376095","0.0","0.15805555555555556","0.0","1","13","false","v53602","55.0","0","1","0","0.9358206110911131","false","0","v53602","0","0.0"
"6.3268892794376095","0.0","0.15805555555555556","0.0","1","13","false","v53676","55.0","0","1","0","0.9358206110911131","false","0","v53676","0","0.0"
"6.063268892794376","0.0","0.16492753623188405","0.0","1","11","false","v53701","9.0","0","1","0","0.9389967603277786","false","0","v53701","0","0.0"
"6.298769771528998","3.90590091699072E-4","0.15876116071428573","0.0","2","11","false","v53717","17.0","0","2","0","0.9361594003430241","false","0","v53717","11570","0.5517241379310345"
"5.961335676625659","0.0","0.16774764150943397","0.0","1","10","false","v53827","11.0","0","1","0","0.940224871365956","false","0","v53827","0","0.0"
"4.81195079086116","0.0","0.20781592403214025","0.0","1","10","false","v54185","76.0","0","1","0","0.9540728820378174","false","0","v54185","0","0.0"
"5.304042179261863","3.5942808212572616E-4","0.1885354539430086","0.0","2","11","false","v55223","37.0","0","2","0","0.9481440701293751","false","0","v55223","10436","0.6101694915254238"
"5.268892794376098","0.0","0.18979319546364243","0.0","1","9","false","v55649","14.0","0","1","0","0.9485675566942638","false","0","v55649","0","0.0"
"5.838312829525483","1.1017606268324855E-4","0.17128236002408187","0.0","2","10","false","v55652","29.5","0","2","0","0.9417070743430666","false","0","v55652","4878","0.7702702702702703"
"5.8664323374340945","0.0","0.17046135410425406","0.0","1","10","false","v55659","33.0","0","1","0","0.9413682850911556","false","0","v55659","0","0.0"
"4.42530755711775","9.941859653793835E-4","0.22597299444003177","0.0","3","9","false","v55676","59.333333333333336","0","3","0","0.9587312342515935","false","0","v55676","90956","0.5208333333333334"
"4.565905096660808","0.0022085806498373744","0.21901462663587376","0.0","2","10","false","v55683","69.0","0","2","0","0.9570372879920384","false","0","v55683","25444","0.5573770491803278"
"4.81195079086116","0.0","0.20781592403214025","0.0","1","10","false","v55700","76.0","0","1","0","0.9540728820378174","false","0","v55700","0","0.0"
"5.838312829525483","1.1017606268324855E-4","0.17128236002408187","0.0","2","10","false","v55704","29.5","0","2","0","0.9417070743430666","false","0","v55704","4878","0.7702702702702703"
"4.105448154657293","0.006066801842122627","0.2435787671232877","0.0","2","8","false","v55712","62.0","0","2","0","0.9625849619920808","false","0","v55712","372554","0.5304347826086957"
"5.820738137082601","0.0","0.17179951690821257","0.0","1","10","false","v55719","28.0","0","1","0","0.9419188176255109","false","0","v55719","0","0.0"
"6.3268892794376095","0.0","0.15805555555555556","0.0","1","13","false","v55932","55.0","0","1","0","0.9358206110911131","false","0","v55932","0","0.0"
"6.586994727592267","0.003687314347970823","0.15181430096051227","0.0","2","11","false","v56039","5.0","0","2","0","0.9326868105109365","false","0","v56039","26366","0.5"
"4.81195079086116","0.0","0.20781592403214025","0.0","1","10","false","v56160","76.0","0","1","0","0.9540728820378174","false","0","v56160","0","0.0"
"4.1124780316344465","0.017491096866979534","0.24316239316239316","0.0","2","10","false","v56201","79.5","0","2","0","0.962500264679103","false","0","v56201","1605984","0.5164473684210527"
"6.3268892794376095","0.0","0.15805555555555556","0.0","1","13","false","v56210","55.0","0","1","0","0.9358206110911131","false","0","v56210","0","0.0"
"5.205623901581722","6.295965387749005E-4","0.19209993247805537","0.0","2","9","false","v56242","27.0","0","2","0","0.9493298325110636","false","0","v56242","20850","0.6666666666666666"
"6.3268892794376095","0.0","0.15805555555555556","0.0","1","13","false","v56931","55.0","0","1","0","0.9358206110911131","false","0","v56931","0","0.0"
"4.418277680140598","0.005714253750719808","0.22633253778838502","0.0","4","9","false","v56971","45.5","0","4","0","0.9588159315645712","false","0","v56971","197828","0.3938053097345133"
"4.808435852372583","0.0017543751082947597","0.20796783625730994","0.0","2","10","false","v57734","39.0","0","2","0","0.9541152306943063","false","0","v57734","105842","0.5066666666666667"
"4.717047451669596","0.002720128900735213","0.21199701937406853","0.0","2","10","false","v57775","51.5","0","2","0","0.9552162957630168","false","0","v57775","164452","0.5260416666666666"
"4.203866432337434","0.011826494360319977","0.23787625418060201","0.0","3","9","false","v57780","52.333333333333336","0","3","0","0.9613991996103923","false","0","v57780","1634370","0.4010416666666667"
"6.3268892794376095","0.0","0.15805555555555556","0.0","1","13","false","v57838","55.0","0","1","0","0.9358206110911131","false","0","v57838","0","0.0"
"5.8664323374340945","0.0","0.17046135410425406","0.0","1","10","false","v58518","33.0","0","1","0","0.9413682850911556","false","0","v58518","0","0.0"
"4.203866432337434","0.011826494360319977","0.23787625418060201","0.0","3","9","false","v58529","52.333333333333336","0","3","0","0.9613991996103923","false","0","v58529","1634370","0.4010416666666667"
"5.84182776801406","0.005541228716546085","0.17117930204572804","0.0","2","11","false","v58855","31.5","0","2","0","0.9416647256865777","false","0","v58855","85326","0.5083333333333333"
"5.813708260105448","0.0016684145886560451","0.17200725513905682","0.0","3","10","false","v59691","15.0","0","3","0","0.9420035149384887","false","0","v59691","34576","0.3684210526315789"
"5.8031634446397184","0.002404783162106416","0.1723198061780739","0.0","3","10","false","v59703","22.333333333333332","0","3","0","0.9421305609079551","false","0","v59703","78624","0.5203252032520326"
"6.3268892794376095","0.0","0.15805555555555556","0.0","1","13","false","v60239","55.0","0","1","0","0.9358206110911131","false","0","v60239","0","0.0"
"5.8031634446397184","0.002404783162106416","0.1723198061780739","0.0","3","10","false","v60336","22.333333333333332","0","3","0","0.9421305609079551","false","0","v60336","78624","0.5203252032520326"
"1.5","0.0","0.6666666666666666","0.0","1","2","false","v60774","2.0","0","1","0","0.75","false","0","v60774","0","0.0"
"5.820738137082601","0.0","0.17179951690821257","0.0","1","10","false","v62018","28.0","0","1","0","0.9419188176255109","false","0","v62018","0","0.0"
"5.202108963093146","0.014806670377036113","0.19222972972972974","0.0","3","11","false","v63320","37.333333333333336","0","3","0","0.9493721811675525","false","0","v63320","1715996","0.35973597359735976"
"4.773286467486819","0.0","0.20949926362297497","0.0","1","10","false","v65653","83.0","0","1","0","0.954538717259195","false","0","v65653","0","0.0"
"5.226713532513181","0.009436614683071177","0.19132481506388702","0.0","2","11","false","v65992","51.5","0","2","0","0.9490757405721303","false","0","v65992","1449160","0.531578947368421"
"4.720562390158173","0.004459135867211928","0.2118391660461653","0.0","2","10","false","v67445","52.0","0","2","0","0.9551739471065279","false","0","v67445","171964","0.5151515151515151"
"5.8664323374340945","0.0","0.17046135410425406","0.0","1","10","false","v67994","33.0","0","1","0","0.9413682850911556","false","0","v67994","0","0.0"
"6.3268892794376095","0.0","0.15805555555555556","0.0","1","13","false","v69341","55.0","0","1","0","0.9358206110911131","false","0","v69341","0","0.0"
"6.3268892794376095","0.0","0.15805555555555556","0.0","1","13","false","v72215","55.0","0","1","0","0.9358206110911131","false","0","v72215","0","0.0"
"5.838312829525483","1.1017606268324855E-4","0.17128236002408187","0.0","2","10","false","v72670","29.5","0","2","0","0.9417070743430666","false","0","v72670","4878","0.7702702702702703"
"4.773286467486819","0.0","0.20949926362297497","0.0","1","10","false","v73881","83.0","0","1","0","0.954538717259195","false","0","v73881","0","0.0"
"4.847100175746925","0.0011640014975079944","0.20630891950688904","0.0","2","9","false","v74066","26.0","0","2","0","0.9536493954729286","false","0","v74066","40836","0.5208333333333334"
"8.611599297012303","0.0","0.11612244897959183","0.0","1","13","false","v74384","28.0","0","1","0","0.9082939843733457","false","0","v74384","0","0.0"
"4.81195079086116","0.0","0.20781592403214025","0.0","1","10","false","v77379","76.0","0","1","0","0.9540728820378174","false","0","v77379","0","0.0"
"6.3268892794376095","0.0","0.15805555555555556","0.0","1","13","false","v15952","55.0","0","1","0","0.9358206110911131","false","0","v15952","0","0.0"
"5.205623901581722","6.295965387749005E-4","0.19209993247805537","0.0","2","9","false","v16486","27.0","0","2","0","0.9493298325110636","false","0","v16486","20850","0.6666666666666666"
"6.3268892794376095","0.0","0.15805555555555556","0.0","1","13","false","v17618","55.0","0","1","0","0.9358206110911131","false","0","v17618","0","0.0"
"1.7142857142857142","0.47619047619047616","0.5833333333333334","0.0","2","2","false","v18521","3.5","0","2","0","0.8571428571428571","false","0","v18521","20","0.5"
"2.2857142857142856","0.2857142857142857","0.4375","0.0","2","3","false","Clostridium_sp_AF20_17LB","1.5","0","2","0","0.7428571428571429","false","0","Clostridium_sp_AF20_17LB","12","0.5"
"5.195079086115993","0.016445324210795673","0.19248985115020298","0.0","2","11","false","v20548","40.5","0","2","0","0.9494568784805302","false","0","v20548","1981630","0.5064102564102564"
"6.3268892794376095","0.0","0.15805555555555556","0.0","1","13","false","v22109","55.0","0","1","0","0.9358206110911131","false","0","v22109","0","0.0"
"5.8664323374340945","0.0","0.17046135410425406","0.0","1","10","false","v23159","33.0","0","1","0","0.9413682850911556","false","0","v23159","0","0.0"
"6.3268892794376095","0.0","0.15805555555555556","0.0","1","13","false","v24431","55.0","0","1","0","0.9358206110911131","false","0","v24431","0","0.0"
"5.838312829525483","1.1017606268324855E-4","0.17128236002408187","0.0","2","10","false","v24539","29.5","0","2","0","0.9417070743430666","false","0","v24539","4878","0.7702702702702703"
"4.847100175746925","0.0011640014975079944","0.20630891950688904","0.0","2","9","false","v24600","26.0","0","2","0","0.9536493954729286","false","0","v24600","40836","0.5208333333333334"
"4.193321616871705","0.014034232743952109","0.23847443419949707","0.0","4","9","false","v25257","41.5","0","4","0","0.961526245579859","false","0","v25257","1817026","0.31153846153846154"
"5.838312829525483","1.1017606268324855E-4","0.17128236002408187","0.0","2","10","false","v25410","29.5","0","2","0","0.9417070743430666","false","0","v25410","4878","0.7702702702702703"
"5.838312829525483","1.1017606268324855E-4","0.17128236002408187","0.0","2","10","false","v25538","29.5","0","2","0","0.9417070743430666","false","0","v25538","4878","0.7702702702702703"
"4.81195079086116","0.0","0.20781592403214025","0.0","1","10","false","v25647","76.0","0","1","0","0.9540728820378174","false","0","v25647","0","0.0"
"4.281195079086116","0.019675995684265944","0.23357963875205257","0.0","3","9","false","v26323","46.666666666666664","0","3","0","0.9604675291676371","false","0","v26323","1429812","0.36533333333333334"
"4.773286467486819","0.0","0.20949926362297497","0.0","1","10","false","v26794","83.0","0","1","0","0.954538717259195","false","0","v26794","0","0.0"
"5.799648506151143","0.0","0.17242424242424242","0.0","1","9","false","v27884","8.0","0","1","0","0.9421729095644441","false","0","v27884","0","0.0"
"5.838312829525483","1.1017606268324855E-4","0.17128236002408187","0.0","2","10","false","v28305","29.5","0","2","0","0.9417070743430666","false","0","v28305","4878","0.7702702702702703"
"5.838312829525483","1.1017606268324855E-4","0.17128236002408187","0.0","2","10","false","v32558","29.5","0","2","0","0.9417070743430666","false","0","v32558","4878","0.7702702702702703"
"6.3268892794376095","0.0","0.15805555555555556","0.0","1","13","false","v32579","55.0","0","1","0","0.9358206110911131","false","0","v32579","0","0.0"
"5.469244288224956","0.0","0.182840616966581","0.0","1","11","false","v33847","26.0","0","1","0","0.9461536832743981","false","0","v33847","0","0.0"
"4.1124780316344465","0.017491096866979534","0.24316239316239316","0.0","2","10","false","v34335","79.5","0","2","0","0.962500264679103","false","0","v34335","1605984","0.5164473684210527"
"4.81195079086116","0.0","0.20781592403214025","0.0","1","10","false","v34392","76.0","0","1","0","0.9540728820378174","false","0","v34392","0","0.0"
"5.8664323374340945","0.0","0.17046135410425406","0.0","1","10","false","v35021","33.0","0","1","0","0.9413682850911556","false","0","v35021","0","0.0"
"5.536028119507908","0.0","0.18063492063492065","0.0","1","9","false","v42346","13.0","0","1","0","0.9453490588011096","false","0","v42346","0","0.0"
"6.3268892794376095","0.0","0.15805555555555556","0.0","1","13","false","v42352","55.0","0","1","0","0.9358206110911131","false","0","v42352","0","0.0"
"4.81195079086116","0.0","0.20781592403214025","0.0","1","10","false","v42360","76.0","0","1","0","0.9540728820378174","false","0","v42360","0","0.0"
"4.81195079086116","0.0","0.20781592403214025","0.0","1","10","false","v42428","76.0","0","1","0","0.9540728820378174","false","0","v42428","0","0.0"
"6.3268892794376095","0.0","0.15805555555555556","0.0","1","13","false","v42576","55.0","0","1","0","0.9358206110911131","false","0","v42576","0","0.0"
"6.3268892794376095","0.0","0.15805555555555556","0.0","1","13","false","v42747","55.0","0","1","0","0.9358206110911131","false","0","v42747","0","0.0"
"6.3268892794376095","0.0","0.15805555555555556","0.0","1","13","false","v42929","55.0","0","1","0","0.9358206110911131","false","0","v42929","0","0.0"
"6.3268892794376095","0.0","0.15805555555555556","0.0","1","13","false","v42972","55.0","0","1","0","0.9358206110911131","false","0","v42972","0","0.0"
"2.2857142857142856","0.0","0.4375","0.0","1","4","false","v43323","5.0","0","1","0","0.7428571428571429","false","0","v43323","0","0.0"
"4.973637961335677","0.034237836299088054","0.20106007067137807","0.0","4","11","false","v43512","33.75","0","4","0","0.9521248438393292","false","0","v43512","3759358","0.30045871559633025"
"5.838312829525483","1.1017606268324855E-4","0.17128236002408187","0.0","2","10","false","v43689","29.5","0","2","0","0.9417070743430666","false","0","v43689","4878","0.7702702702702703"
"4.857644991212654","0.014004059506423427","0.20586107091172215","0.0","3","9","false","v44027","17.0","0","3","0","0.953522349503462","false","0","v44027","185406","0.3333333333333333"
"5.8558875219683655","0.0","0.17076830732292916","0.0","1","10","false","Blautia_obeum","3.0","0","1","0","0.941495331060622","false","0","Blautia_obeum","0","0.0"
"5.195079086115993","0.001044627200703515","0.19248985115020298","0.0","3","9","false","v44028","21.666666666666668","0","3","0","0.9494568784805302","false","0","v44028","27740","0.5040650406504065"
"3.142857142857143","0.0","0.3181818181818182","0.0","1","4","false","v44129","2.0","0","1","0","0.5714285714285714","false","0","v44129","0","0.0"
"5.195079086115993","0.001044627200703515","0.19248985115020298","0.0","3","9","false","v45097","21.666666666666668","0","3","0","0.9494568784805302","false","0","v45097","27740","0.5040650406504065"
"6.3268892794376095","0.0","0.15805555555555556","0.0","1","13","false","v45855","55.0","0","1","0","0.9358206110911131","false","0","v45855","0","0.0"
"6.3268892794376095","0.0","0.15805555555555556","0.0","1","13","false","v45878","55.0","0","1","0","0.9358206110911131","false","0","v45878","0","0.0"
"6.3268892794376095","0.0","0.15805555555555556","0.0","1","13","false","v45997","55.0","0","1","0","0.9358206110911131","false","0","v45997","0","0.0"
"5.838312829525483","1.1017606268324855E-4","0.17128236002408187","0.0","2","10","false","v46330","29.5","0","2","0","0.9417070743430666","false","0","v46330","4878","0.7702702702702703"
"5.18804920913884","0.02139436152418202","0.19275067750677508","0.0","3","11","false","v46991","35.333333333333336","0","3","0","0.949541575793508","false","0","v46991","1622342","0.3539518900343643"
"5.195079086115993","0.001044627200703515","0.19248985115020298","0.0","3","9","false","v47116","21.666666666666668","0","3","0","0.9494568784805302","false","0","v47116","27740","0.5040650406504065"
"4.899824253075571","0.011121381232454585","0.20408895265423244","0.0","3","10","false","v47193","40.333333333333336","0","3","0","0.9530141656255956","false","0","v47193","575464","0.4229390681003584"
"5.820738137082601","0.0","0.17179951690821257","0.0","1","10","false","v47203","28.0","0","1","0","0.9419188176255109","false","0","v47203","0","0.0"
"5.205623901581722","6.295965387749005E-4","0.19209993247805537","0.0","2","9","false","v47458","27.0","0","2","0","0.9493298325110636","false","0","v47458","20850","0.6666666666666666"
"5.226713532513181","0.009436614683071177","0.19132481506388702","0.0","2","11","false","v48258","51.5","0","2","0","0.9490757405721303","false","0","v48258","1449160","0.531578947368421"
"5.838312829525483","1.1017606268324855E-4","0.17128236002408187","0.0","2","10","false","v48417","29.5","0","2","0","0.9417070743430666","false","0","v48417","4878","0.7702702702702703"
"6.3268892794376095","0.0","0.15805555555555556","0.0","1","13","false","v49203","55.0","0","1","0","0.9358206110911131","false","0","v49203","0","0.0"
"5.838312829525483","1.1017606268324855E-4","0.17128236002408187","0.0","2","10","false","v49306","29.5","0","2","0","0.9417070743430666","false","0","v49306","4878","0.7702702702702703"
"6.3268892794376095","0.0","0.15805555555555556","0.0","1","13","false","v49330","55.0","0","1","0","0.9358206110911131","false","0","v49330","0","0.0"
"4.42530755711775","9.941859653793835E-4","0.22597299444003177","0.0","3","9","false","v12615","59.333333333333336","0","3","0","0.9587312342515935","false","0","v12615","90956","0.5208333333333334"
"5.082601054481547","4.7265559777600214E-4","0.19674965421853388","0.0","2","10","false","v14781","24.0","0","2","0","0.9508120354881742","false","0","v14781","13178","0.5897435897435898"
"4.773286467486819","0.0","0.20949926362297497","0.0","1","10","false","v17513","83.0","0","1","0","0.954538717259195","false","0","v17513","0","0.0"
"5.275922671353252","0.002664564232490544","0.18954030646235842","0.0","2","11","false","v22045","28.0","0","2","0","0.9484828593812861","false","0","v22045","198854","0.5192307692307693"
"4.481546572934974","0.0015460815005633507","0.22313725490196076","0.0","3","9","false","v29473","48.333333333333336","0","3","0","0.9580536557477713","false","0","v29473","61518","0.4264264264264264"
"5.268892794376098","0.0","0.18979319546364243","0.0","1","9","false","v44677","14.0","0","1","0","0.9485675566942638","false","0","v44677","0","0.0"
"6.080843585237258","0.0","0.1644508670520231","0.0","1","11","false","v48168","6.0","0","1","0","0.9387850170453342","false","0","v48168","0","0.0"
"1.3333333333333333","0.6666666666666666","0.75","0.0","2","2","false","v48269","1.5","0","2","0","0.8333333333333334","false","0","v48269","4","0.5"
"2.0","0.0","0.5","0.0","1","3","false","Bifidobacterium_pseudocatenulatum","2.0","0","1","0","0.5","false","0","Bifidobacterium_pseudocatenulatum","0","0.0"
"4.509666080843585","2.980881730326525E-4","0.22174590802805924","0.0","2","9","false","v50317","65.0","0","2","0","0.9577148664958604","false","0","v50317","57322","0.6666666666666666"
"5.1282952548330405","0.0","0.19499657299520218","0.0","1","10","false","v50319","31.0","0","1","0","0.9502615029538188","false","0","v50319","0","0.0"
"5.1282952548330405","0.0","0.19499657299520218","0.0","1","10","false","v53776","31.0","0","1","0","0.9502615029538188","false","0","v53776","0","0.0"
"4.42530755711775","9.941859653793835E-4","0.22597299444003177","0.0","3","9","false","v55784","59.333333333333336","0","3","0","0.9587312342515935","false","0","v55784","90956","0.5208333333333334"
"4.509666080843585","2.980881730326525E-4","0.22174590802805924","0.0","2","9","false","v65088","65.0","0","2","0","0.9577148664958604","false","0","v65088","57322","0.6666666666666666"
"4.773286467486819","0.0","0.20949926362297497","0.0","1","10","false","v67025","83.0","0","1","0","0.954538717259195","false","0","v67025","0","0.0"
"4.42530755711775","9.941859653793835E-4","0.22597299444003177","0.0","3","9","false","v74229","59.333333333333336","0","3","0","0.9587312342515935","false","0","v74229","90956","0.5208333333333334"
"5.036906854130053","0.0","0.1985345429169574","0.0","1","10","false","v00897","62.0","0","1","0","0.9513625680225295","false","0","v00897","0","0.0"
"4.312829525483304","0.004194180829991139","0.23186634066829667","0.0","2","9","false","v01056","55.0","0","2","0","0.9600863912592372","false","0","v01056","273794","0.54"
"4.319859402460457","0.004104879312729166","0.23148901545972334","0.0","3","9","false","v04691","40.333333333333336","0","3","0","0.9600016939462597","false","0","v04691","488340","0.4013605442176871"
"6.502636203866432","0.0","0.1537837837837838","0.0","1","12","false","v05937","17.0","0","1","0","0.9337031782666695","false","0","v05937","0","0.0"
"1.5","0.0","0.6666666666666666","0.0","1","2","false","v13492","2.0","0","1","0","0.75","false","0","v13492","0","0.0"
"1.0","1.0","1.0","0.0","2","1","false","Butyricicoccus_sp_AM29_23AC","1.0","0","2","0","1.0","false","0","Butyricicoccus_sp_AM29_23AC","2","0.0"
"8.611599297012303","0.0","0.11612244897959183","0.0","1","13","false","v14049","28.0","0","1","0","0.9082939843733457","false","0","v14049","0","0.0"
"1.5","0.0","0.6666666666666666","0.0","1","2","false","v51377","2.0","0","1","0","0.75","false","0","v51377","0","0.0"
"8.115992970123022","0.0","0.12321351234300564","0.0","1","13","false","v02300","21.0","0","1","0","0.9142651449382769","false","0","v02300","0","0.0"
"5.082601054481547","4.7265559777600214E-4","0.19674965421853388","0.0","2","10","false","v04568","24.0","0","2","0","0.9508120354881742","false","0","v04568","13178","0.5897435897435898"
"5.1282952548330405","0.0","0.19499657299520218","0.0","1","10","false","v09984","31.0","0","1","0","0.9502615029538188","false","0","v09984","0","0.0"
"5.1282952548330405","0.0","0.19499657299520218","0.0","1","10","false","v10243","31.0","0","1","0","0.9502615029538188","false","0","v10243","0","0.0"
"8.115992970123022","0.0","0.12321351234300564","0.0","1","13","false","v10425","21.0","0","1","0","0.9142651449382769","false","0","v10425","0","0.0"
"8.115992970123022","0.0","0.12321351234300564","0.0","1","13","false","v10890","21.0","0","1","0","0.9142651449382769","false","0","v10890","0","0.0"
"8.115992970123022","0.0","0.12321351234300564","0.0","1","13","false","v10900","21.0","0","1","0","0.9142651449382769","false","0","v10900","0","0.0"
"8.115992970123022","0.0","0.12321351234300564","0.0","1","13","false","v11253","21.0","0","1","0","0.9142651449382769","false","0","v11253","0","0.0"
"8.115992970123022","0.0","0.12321351234300564","0.0","1","13","false","v14263","21.0","0","1","0","0.9142651449382769","false","0","v14263","0","0.0"
"5.1282952548330405","0.0","0.19499657299520218","0.0","1","10","false","v31935","31.0","0","1","0","0.9502615029538188","false","0","v31935","0","0.0"
"5.1282952548330405","0.0","0.19499657299520218","0.0","1","10","false","v32956","31.0","0","1","0","0.9502615029538188","false","0","v32956","0","0.0"
"5.1282952548330405","0.0","0.19499657299520218","0.0","1","10","false","v39992","31.0","0","1","0","0.9502615029538188","false","0","v39992","0","0.0"
"5.1282952548330405","0.0","0.19499657299520218","0.0","1","10","false","v61023","31.0","0","1","0","0.9502615029538188","false","0","v61023","0","0.0"
"8.115992970123022","0.0","0.12321351234300564","0.0","1","13","false","v61447","21.0","0","1","0","0.9142651449382769","false","0","v61447","0","0.0"
"5.1282952548330405","0.0","0.19499657299520218","0.0","1","10","false","v78140","31.0","0","1","0","0.9502615029538188","false","0","v78140","0","0.0"
"5.1282952548330405","0.0","0.19499657299520218","0.0","1","10","false","v79229","31.0","0","1","0","0.9502615029538188","false","0","v79229","0","0.0"
"4.312829525483304","0.004932469990836428","0.23186634066829667","0.0","4","9","false","v01320","32.5","0","4","0","0.9600863912592372","false","0","v01320","522328","0.3181818181818182"
"5.507908611599297","0.0","0.18155711550733886","0.0","1","11","false","v02570","48.0","0","1","0","0.9456878480530206","false","0","v02570","0","0.0"
"4.509666080843585","2.980881730326525E-4","0.22174590802805924","0.0","2","9","false","v05850","65.0","0","2","0","0.9577148664958604","false","0","v05850","57322","0.6666666666666666"
"4.773286467486819","0.0","0.20949926362297497","0.0","1","10","false","v37562","83.0","0","1","0","0.954538717259195","false","0","v37562","0","0.0"
"4.509666080843585","2.980881730326525E-4","0.22174590802805924","0.0","2","9","false","v50437","65.0","0","2","0","0.9577148664958604","false","0","v50437","57322","0.6666666666666666"
"4.773286467486819","0.0","0.20949926362297497","0.0","1","10","false","v52946","83.0","0","1","0","0.954538717259195","false","0","v52946","0","0.0"
"4.523725834797891","3.0681473096293144E-4","0.22105672105672106","0.0","2","9","false","v57064","65.5","0","2","0","0.957545471869905","false","0","v57064","16712","0.6201923076923077"
"4.509666080843585","2.980881730326525E-4","0.22174590802805924","0.0","2","9","false","v64025","65.0","0","2","0","0.9577148664958604","false","0","v64025","57322","0.6666666666666666"
"4.509666080843585","2.980881730326525E-4","0.22174590802805924","0.0","2","9","false","v69932","65.0","0","2","0","0.9577148664958604","false","0","v69932","57322","0.6666666666666666"
"8.115992970123022","0.0","0.12321351234300564","0.0","1","13","false","v02520","21.0","0","1","0","0.9142651449382769","false","0","v02520","0","0.0"
"5.047451669595782","0.022501921536491682","0.19811977715877438","0.0","5","9","false","v03942","8.2","0","5","0","0.9512355220530628","false","0","v03942","1466816","0.3130434782608696"
"5.820738137082601","0.0","0.17179951690821257","0.0","1","10","false","v04165","28.0","0","1","0","0.9419188176255109","false","0","v04165","0","0.0"
"5.848857644991213","0.0","0.17097355769230768","0.0","1","11","false","v04760","20.0","0","1","0","0.9415800283735999","false","0","v04760","0","0.0"
"5.507908611599297","0.0","0.18155711550733886","0.0","1","11","false","v06373","48.0","0","1","0","0.9456878480530206","false","0","v06373","0","0.0"
"5.036906854130053","0.0","0.1985345429169574","0.0","1","10","false","v06597","62.0","0","1","0","0.9513625680225295","false","0","v06597","0","0.0"
"2.2857142857142856","0.0","0.4375","0.0","1","4","false","v06799","5.0","0","1","0","0.7428571428571429","false","0","v06799","0","0.0"
"5.219683655536028","0.0056960925685291906","0.19158249158249158","0.0","3","8","false","v07210","11.333333333333334","0","3","0","0.9491604378851081","false","0","v07210","167160","0.4492753623188406"
"5.507908611599297","0.0","0.18155711550733886","0.0","1","11","false","v08509","48.0","0","1","0","0.9456878480530206","false","0","v08509","0","0.0"
"8.115992970123022","0.0","0.12321351234300564","0.0","1","13","false","v10872","21.0","0","1","0","0.9142651449382769","false","0","v10872","0","0.0"
"8.115992970123022","0.0","0.12321351234300564","0.0","1","13","false","v12716","21.0","0","1","0","0.9142651449382769","false","0","v12716","0","0.0"
"1.0","0.0","1.0","0.0","1","1","false","v79173","1.0","0","1","0","1.0","false","0","v79173","0","0.0"
"1.0","0.0","1.0","0.0","1","1","false","Adlercreutzia_equolifaciens","1.0","0","1","0","1.0","false","0","Adlercreutzia_equolifaciens","0","0.0"
"4.674868189806678","0.00928475674672916","0.21390977443609024","0.0","2","10","false","v79471","54.5","0","2","0","0.9557244796408835","false","0","v79471","332408","0.5144230769230769"
"6.3268892794376095","0.0","0.15805555555555556","0.0","1","13","false","v80204","55.0","0","1","0","0.9358206110911131","false","0","v80204","0","0.0"
"5.838312829525483","1.1017606268324855E-4","0.17128236002408187","0.0","2","10","false","v81135","29.5","0","2","0","0.9417070743430666","false","0","v81135","4878","0.7702702702702703"
"5.507908611599297","0.0","0.18155711550733886","0.0","1","11","false","v82595","48.0","0","1","0","0.9456878480530206","false","0","v82595","0","0.0"
"4.81195079086116","0.0","0.20781592403214025","0.0","1","10","false","v83036","76.0","0","1","0","0.9540728820378174","false","0","v83036","0","0.0"
"4.81195079086116","0.0","0.20781592403214025","0.0","1","10","false","v93105","76.0","0","1","0","0.9540728820378174","false","0","v93105","0","0.0"
"4.81195079086116","0.0","0.20781592403214025","0.0","1","10","false","v00093","76.0","0","1","0","0.9540728820378174","false","0","v00093","0","0.0"
"8.611599297012303","0.0","0.11612244897959183","0.0","1","13","false","v00305","28.0","0","1","0","0.9082939843733457","false","0","v00305","0","0.0"
"5.817223198594025","0.0","0.17190332326283986","0.0","1","11","false","v00511","6.0","0","1","0","0.9419611662819998","false","0","v00511","0","0.0"
"4.81195079086116","0.0","0.20781592403214025","0.0","1","10","false","v00882","76.0","0","1","0","0.9540728820378174","false","0","v00882","0","0.0"
"5.360281195079086","0.0","0.18655737704918035","0.0","1","11","false","v01015","9.0","0","1","0","0.9474664916255532","false","0","v01015","0","0.0"
"8.611599297012303","0.0","0.11612244897959183","0.0","1","13","false","v01020","28.0","0","1","0","0.9082939843733457","false","0","v01020","0","0.0"
"4.81195079086116","0.0","0.20781592403214025","0.0","1","10","false","v02096","76.0","0","1","0","0.9540728820378174","false","0","v02096","0","0.0"
"6.3268892794376095","0.0","0.15805555555555556","0.0","1","13","false","v02434","55.0","0","1","0","0.9358206110911131","false","0","v02434","0","0.0"
"6.428822495606327","0.030011280647834322","0.1555494805904866","0.0","2","12","false","v02468","19.0","0","2","0","0.9345925000529358","false","0","v02468","1986248","0.5142857142857142"
"6.070298769771529","0.017733514900615834","0.1647365373480023","0.0","2","9","false","v02532","5.5","0","2","0","0.9389120630148009","false","0","v02532","604942","0.5"
"4.81195079086116","0.0","0.20781592403214025","0.0","1","10","false","v02627","76.0","0","1","0","0.9540728820378174","false","0","v02627","0","0.0"
"4.773286467486819","0.0","0.20949926362297497","0.0","1","10","false","v03363","83.0","0","1","0","0.954538717259195","false","0","v03363","0","0.0"
"4.81195079086116","0.0","0.20781592403214025","0.0","1","10","false","v03444","76.0","0","1","0","0.9540728820378174","false","0","v03444","0","0.0"
"1.8333333333333333","0.0","0.5454545454545455","0.0","1","2","false","v03499","6.0","0","1","0","0.8611111111111112","false","0","v03499","0","0.0"
"4.81195079086116","0.0","0.20781592403214025","0.0","1","10","false","v03955","76.0","0","1","0","0.9540728820378174","false","0","v03955","0","0.0"
"5.1282952548330405","0.0","0.19499657299520218","0.0","1","10","false","v04285","31.0","0","1","0","0.9502615029538188","false","0","v04285","0","0.0"
"4.312829525483304","0.004194180829991139","0.23186634066829667","0.0","2","9","false","v04683","55.0","0","2","0","0.9600863912592372","false","0","v04683","273794","0.54"
"5.507908611599297","0.0","0.18155711550733886","0.0","1","11","false","v05458","48.0","0","1","0","0.9456878480530206","false","0","v05458","0","0.0"
"4.274165202108963","0.053913727872155114","0.23396381578947367","0.0","10","9","false","v05470","13.8","0","10","0","0.9605522264806149","false","0","v05470","2953276","0.14065934065934066"
"5.226713532513181","0.009436614683071177","0.19132481506388702","0.0","2","11","false","v05503","51.5","0","2","0","0.9490757405721303","false","0","v05503","1449160","0.531578947368421"
"4.773286467486819","0.0","0.20949926362297497","0.0","1","10","false","v05575","83.0","0","1","0","0.954538717259195","false","0","v05575","0","0.0"
"5.036906854130053","0.0","0.1985345429169574","0.0","1","10","false","v06694","62.0","0","1","0","0.9513625680225295","false","0","v06694","0","0.0"
"4.81195079086116","0.0","0.20781592403214025","0.0","1","10","false","v06705","76.0","0","1","0","0.9540728820378174","false","0","v06705","0","0.0"
"5.068541300527241","0.0014006679990207808","0.19729542302357836","0.0","3","10","false","v08455","18.666666666666668","0","3","0","0.9509814301141296","false","0","v08455","26110","0.42063492063492064"
"4.565905096660808","0.0022085806498373744","0.21901462663587376","0.0","2","10","false","v08501","69.0","0","2","0","0.9570372879920384","false","0","v08501","25444","0.5573770491803278"
"4.481546572934974","0.0015460815005633507","0.22313725490196076","0.0","3","9","false","v09151","48.333333333333336","0","3","0","0.9580536557477713","false","0","v09151","61518","0.4264264264264264"
"8.611599297012303","0.0","0.11612244897959183","0.0","1","13","false","v09159","28.0","0","1","0","0.9082939843733457","false","0","v09159","0","0.0"
"8.611599297012303","0.0","0.11612244897959183","0.0","1","13","false","v10427","28.0","0","1","0","0.9082939843733457","false","0","v10427","0","0.0"
"8.611599297012303","0.0","0.11612244897959183","0.0","1","13","false","v10448","28.0","0","1","0","0.9082939843733457","false","0","v10448","0","0.0"
"4.523725834797891","3.0681473096293144E-4","0.22105672105672106","0.0","2","9","false","v10499","65.5","0","2","0","0.957545471869905","false","0","v10499","16712","0.6201923076923077"
"6.26713532513181","0.0027349616583036158","0.159562535053281","0.0","2","11","false","v10538","10.5","0","2","0","0.936540538251424","false","0","v10538","50002","0.5277777777777778"
"4.8717047451669595","0.0","0.20526695526695526","0.0","1","9","false","v10876","47.0","0","1","0","0.9533529548775065","false","0","v10876","0","0.0"
"6.502636203866432","0.0","0.1537837837837838","0.0","1","12","false","v11237","17.0","0","1","0","0.9337031782666695","false","0","v11237","0","0.0"
"4.53427065026362","0.00627030790935003","0.22054263565891474","0.0","2","10","false","v11242","53.5","0","2","0","0.9574184259004382","false","0","v11242","44568","0.5097087378640777"
"8.611599297012303","0.0","0.11612244897959183","0.0","1","13","false","v11283","28.0","0","1","0","0.9082939843733457","false","0","v11283","0","0.0"
"4.523725834797891","3.0681473096293144E-4","0.22105672105672106","0.0","2","9","false","v11289","65.5","0","2","0","0.957545471869905","false","0","v11289","16712","0.6201923076923077"
"5.114235500878735","0.03118065515092773","0.19553264604810996","0.0","5","9","false","v11386","9.8","0","5","0","0.9504308975797743","false","0","v11386","2069684","0.352"
"6.710017574692443","0.029014744589387555","0.1490309062336302","0.0","2","11","false","v11648","17.5","0","2","0","0.931204607533826","false","0","v11648","2144168","0.532258064516129"
"1.8333333333333333","0.0","0.5454545454545455","0.0","1","2","false","v11708","6.0","0","1","0","0.8611111111111112","false","0","v11708","0","0.0"
"1.8333333333333333","0.0","0.5454545454545455","0.0","1","2","false","v11732","6.0","0","1","0","0.8611111111111112","false","0","v11732","0","0.0"
"4.685413005272408","0.01219184333079001","0.2134283570892723","0.0","6","9","false","v11739","12.833333333333334","0","6","0","0.9555974336714168","false","0","v11739","1083788","0.24149659863945577"
"8.611599297012303","0.0","0.11612244897959183","0.0","1","13","false","v11798","28.0","0","1","0","0.9082939843733457","false","0","v11798","0","0.0"
"4.453427065026362","0.0012703369221097641","0.22454617205998423","0.0","3","9","false","v11812","46.666666666666664","0","3","0","0.9583924449996823","false","0","v11812","116826","0.42679127725856697"
"4.281195079086116","0.019675995684265944","0.23357963875205257","0.0","3","9","false","v12611","46.666666666666664","0","3","0","0.9604675291676371","false","0","v12611","1429812","0.36533333333333334"
"4.456942003514938","0.015559808004082755","0.2243690851735016","0.0","3","10","false","v12614","57.0","0","3","0","0.9583500963431935","false","0","v12614","619180","0.38095238095238093"
"1.8333333333333333","0.0","0.5454545454545455","0.0","1","2","false","v12627","6.0","0","1","0","0.8611111111111112","false","0","v12627","0","0.0"
"8.611599297012303","0.0","0.11612244897959183","0.0","1","13","false","v12689","28.0","0","1","0","0.9082939843733457","false","0","v12689","0","0.0"
"4.81195079086116","0.0","0.20781592403214025","0.0","1","10","false","v13462","76.0","0","1","0","0.9540728820378174","false","0","v13462","0","0.0"
"6.27768014059754","0.0035149384885764497","0.15929451287793953","0.0","2","10","false","v13634","2.0","0","2","0","0.9364134922819574","false","0","v13634","22016","0.5"
"7.275922671353252","0.0","0.13743961352657005","0.0","1","11","false","Ruminococcus_torques","2.0","0","1","0","0.9243864738391174","false","0","Ruminococcus_torques","0","0.0"
"8.611599297012303","0.0","0.11612244897959183","0.0","1","13","false","v13844","28.0","0","1","0","0.9082939843733457","false","0","v13844","0","0.0"
"4.8927943760984185","0.010578804693413234","0.20438218390804597","0.0","3","10","false","v13850","27.666666666666668","0","3","0","0.9530988629385733","false","0","v13850","248324","0.33755274261603374"
"5.89103690685413","0.0","0.16974940334128877","0.0","1","11","false","Dorea_formicigenerans","3.0","0","1","0","0.9410718444957334","false","0","Dorea_formicigenerans","0","0.0"
"4.64323374340949","0.020210984010166372","0.2153671461014383","0.0","10","9","false","v13873","9.7","0","10","0","0.9561056175492831","false","0","v13873","749354","0.15263157894736842"
"5.1282952548330405","0.0","0.19499657299520218","0.0","1","10","false","v14155","31.0","0","1","0","0.9502615029538188","false","0","v14155","0","0.0"
"4.312829525483304","0.004194180829991139","0.23186634066829667","0.0","2","9","false","v14268","55.0","0","2","0","0.9600863912592372","false","0","v14268","273794","0.54"
"4.8611599297012305","0.007382195743878666","0.20571221981200288","0.0","3","10","false","v15120","17.666666666666668","0","3","0","0.9534800008469732","false","0","v15120","97386","0.4065040650406504"
"8.611599297012303","0.0","0.11612244897959183","0.0","1","13","false","v15737","28.0","0","1","0","0.9082939843733457","false","0","v15737","0","0.0"
"4.8717047451669595","0.0","0.20526695526695526","0.0","1","9","false","v15767","47.0","0","1","0","0.9533529548775065","false","0","v15767","0","0.0"
