name	SRR6066071	SRR6066072	SRR6066073	SRR6066074	SRR6066075	SRR6066076	SRR6066077	SRR6066078	SRR6066079	SRR6066080	SRR6066081	SRR6066082	SRR6066083	SRR6066084	SRR6066085	SRR6066086	SRR6066087	SRR6066088	SRR6066089	SRR6066090	SRR6066091	SRR6066092	SRR6066093	SRR6066094	SRR6066095	SRR6066096	SRR6066097	SRR6066098	SRR6066099	SRR6066100	SRR6066101	SRR6066102	SRR6066103	SRR6066104	SRR6066105	SRR6066106	SRR6066107	SRR6066108	SRR6066109	SRR6066110	SRR6066111	SRR6066112	SRR6066113	SRR6066114	SRR6066115	SRR6066116	SRR6066117	SRR6066137	SRR6066138	SRR6066139	SRR6066141	SRR6066142	SRR6066143	SRR6066144	SRR6066145	SRR6066146	SRR6066147	SRR6066148	SRR6066149	SRR6066150	SRR6066151	SRR6066152	SRR6066153	SRR6066154	SRR6066155	SRR6066156	SRR6066157	SRR6066168	SRR6066169	SRR6066170	SRR6066171	SRR6066172	SRR6066173	SRR6066174	SRR6066175	SRR6066176	SRR6066177
Phocaeicola_plebeius	38.9828	2.47359	0	0.11849	22.41004	0	0	0	10.79284	0	0	0	17.20581	22.88566	0	0	2.54911	0	0	0	0.07794	0.23081	0.00238	20.4335	0	0	14.26377	0	0	0.02217	3.28784	0	0.59413	7.40665	30.0654	0	0	0	0	4.52928	0	10.49718	0	0	0	0	0.90161	0	0	4.54569	1.62373	0	22.16887	0	0	0	0	0	0	50.46208	26.12911	0	0.00151	36.95579	1.55674	4.81028	0	0.65748	7.04105	5.93223	0	0	0	3.44426	0	18.48277	0
Phocaeicola_coprocola	14.03613	1.00455	0	0.03543	15.11629	0	0	0	0	0	0	0	11.98816	8.38509	0	0	0.7558	0	0	0	0	0	0	3.351	4.92769	0	1.65341	0	0	0	0.13168	0	1.71319	0	0	0	0	0	0.05713	8.29013	0	2.1609	0	0	1.90485	0	0.49532	0	0	1.49394	5.561	0	7.01909	0	0	0	0	0	0	0	8.47988	0	3.89914	0	0.69917	0	4.31392	0.62592	4.86286	0	2.79817	7.34166	0	1.01689	12.37525	0	0
Phocaeicola_vulgatus	13.32802	0	26.23092	16.77328	8.03618	27.12726	31.93237	9.70719	4.7896	17.36036	0	0.00304	4.54587	2.91872	4.48452	12.17641	10.01433	8.81073	0	19.38668	12.24616	0.04958	6.84151	5.03192	2.10175	19.71009	0	19.70107	34.44492	12.97841	0.26057	0.07025	7.91437	0	24.34331	14.03228	5.26092	0	9.9978	4.30692	6.75548	0.0998	0	0	1.34229	0	0.25647	0	11.04472	11.93844	0.3839	8.2038	15.6907	6.26308	46.73997	12.53684	0.00635	0.34529	0	5.27682	2.15753	12.03227	3.83769	10.41108	0.89853	2.0848	3.40882	1.01318	0.91134	0.05274	6.11346	9.42605	3.8853	3.51049	5.49885	1.80342	25.47678
Bacteroides_caccae	3.89163	0.76229	0	1.76064	0.13821	0	1.29579	0	0.42109	0	0	0	0.27643	0	0	1.60201	0.47577	0.14851	1.13675	2.54127	0.42185	0	0.24316	0.06192	0.39685	0.39988	0.08219	0.59364	0.47515	0.42498	0.22762	0.01915	3.57452	0.49082	0.0456	2.42542	0.00477	4.28661	0	0.78063	0	0.21144	0	0	1.06047	0	0	1.61669	0.23708	0	0.27917	0.71107	0.13588	0.01376	0	1.6287	0	0	1.29773	0.02688	0.00634	1.35517	0.44277	0.19037	0.06725	0.11462	0	0.04457	0.01481	0.00744	0.01432	0.0295	0.37681	0.40694	1.95885	0.02921	0.75194
Parabacteroides_distasonis	2.32105	0	9.55628	2.69543	0.91634	0.00208	2.34484	0	0.17833	1.50799	1.06516	1.17549	1.22389	0.60364	0.23389	10.01268	4.06886	0.23708	2.15966	1.99402	0.35775	0.02602	0.40193	0.2227	0.24046	0.6686	0	0.26739	1.1411	0.37086	0.29622	12.99951	1.05141	0.11068	5.53213	0.65476	0.86524	3.56377	0.14532	0.73783	0.43967	4.46213	0	1.66028	0.24634	0	0.35091	3.22541	0.55487	2.23442	0.06667	7.34647	0.90141	0.63683	0	2.18998	0.9246	0.01908	0.73144	0.30706	0.19631	0.56395	0.23906	0.28274	0.08721	0.39823	0.10533	0.17308	0.25155	0.17545	0.06975	4.03794	0.9245	0.39032	0.6096	0.29396	0.68396
Phascolarctobacterium_faecium	2.30241	0.05389	0	2.66848	2.08855	0.21216	2.92351	0.83896	0.30723	2.48976	2.85004	1.67605	2.35768	0	3.32501	0.57102	3.26634	4.29614	3.44643	2.22196	0	0.06952	0	0.11908	0.61097	0.51913	0.66024	0.81079	2.4054	0	0.09491	0	0.72693	0	2.56423	1.4791	1.6744	0	0.01552	1.4106	0.00828	1.99138	0	1.63811	0	0	0	2.10182	1.60884	2.43183	0	0	0.95048	0.60903	0	0	0	0	0	1.31581	1.44679	0	0.09435	1.48642	0.0832	1.21373	0.83119	0.00421	0.76987	0.33705	0.26866	0.25544	1.11852	2.01936	0.62475	0.22346	2.88775
Clostridium_sp_AM22_11AC	2.21453	0.35661	0	2.97515	1.54882	0	0	0	0.1835	0.22976	2.14532	7.1848	0.32981	0.38248	1.69354	0	0.11496	0	0	0.77903	0.6785	0	1.01146	1.72018	0.11847	1.2794	0.0565	2.10691	0	0.66373	0.02588	0	0.06606	0.08673	0	0.44893	0	1.32053	0.07338	0.28338	0.36141	0.21333	0	0.56047	0.05405	0	0.77332	0	0.45398	3.23229	0.57198	0	0	0.29539	0	0	0	0.05194	0.29422	0.86065	0.2175	0.21524	0.08122	0.34502	0.16215	0.21253	0.46216	0.29814	0.35835	0.21405	1.28723	0.56031	0.00868	0.89958	0.62734	0.11131	2.3787
Escherichia_coli	2.04111	0.07453	2.35334	0	1.59213	0.20172	0.36595	0.58564	0.00355	0.13001	0.07625	0.21522	0.1943	1.56487	0.39096	6.03594	0.29095	0.01049	0.26787	0.27798	0.4889	0.06743	0.01702	0.05858	0.06749	0.18036	0.30585	2.02298	0.03173	0.47033	0.00678	0	0.88992	0.00701	6.7972	3.39434	0.61477	0.01018	2.83661	0.10513	0.04732	2.98131	0.30477	0.07963	0.1367	0	0	2.12003	0.88792	0.04763	0	6.42287	1.3959	5.04566	8.20574	0.02382	0	0.18186	1.54735	0.16419	9.05986	0.14849	0.47276	0.1927	4.02281	0.20199	0.66065	2.04368	0	0.10559	1.28672	1.17667	0.44096	0.07496	0.21137	5.17154	9.89217
Bacteroides_xylanisolvens	1.94474	0.05755	0	3.21755	0	0	1.2278	0.36155	0.79405	3.78129	1.27206	0	0.03123	0.31329	0.15089	9.26629	0.30143	0	0.80134	1.6637	0.11547	0.10896	1.3395	0.02242	0.06847	0	0	0.07675	0.53047	0.05175	0.06838	1.46409	0.20104	0.19164	0.48924	0	2.40517	0	0	0.18149	0.20432	0	0	0.46976	0.13219	0	0	0.12127	0.13995	0	0	0	0	1.69179	18.17844	0.04198	45.27742	0.03555	0.19329	0.03492	0.82234	0.25172	0	2.1618	0.06138	0.46512	0	0.1185	0.22444	0.01747	0.04537	0.19921	0.33533	0.48215	0.09173	0.02281	0.11948
Ruminococcus_torques	1.80009	0.18563	0	2.8431	1.19251	0.38415	2.65881	0	0.39354	1.07345	0	0.01372	0.1035	0.07965	0.18952	0	0.85484	0.04998	0.08254	1.25833	0.45023	0.02463	0.03485	3.92704	0.19216	0.24977	0	0.31382	2.47549	0.46368	0.1589	0.02172	0.25562	1.5622	0	0.77897	2.07321	0.05173	0	0.447	0.12395	0.03177	0	0.04718	0.9062	0	0	0	0.09404	0.34296	0.25142	0.0274	0.00381	0.00117	0	1.57593	0	0.17047	0.23885	1.39825	0.66397	0.43288	0.69155	0.4493	0.12528	0.64974	0.08804	0.00822	0.3672	0.27316	0.28753	1.29762	0.11379	0.08232	0.55024	0.7846	0.14528
Alistipes_putredinis	1.54239	0.17408	0	0	0	0	0	6.02955	3.53827	0	0	0	4.30112	0	0.12777	0.10429	3.78117	5.76399	0	2.36757	0.28311	0	0.38752	0.12948	0.72509	0	0	1.20566	0.018	0.24165	1.31249	0	9.49283	0	0.03043	0	2.22645	1.00694	0	4.2879	0	0.47264	0	0	5.57976	0	0	0	0	4.37169	0	0.37558	0	0.56733	0	0.2933	0	0	1.64331	0	3.15353	4.92409	4.60922	6.62341	0.54934	5.33163	0	0.35546	0.03853	1.37845	0.44807	2.53261	3.10245	1.8974	1.08176	0.77245	0.32873
Parabacteroides_merdae	1.44781	0.43208	0	0.0016	1.08756	0	2.66065	11.01698	0.15312	1.25636	0	0	0.67069	0	0.08661	0	2.00873	3.05282	1.48257	1.02273	0	0.11599	0.47239	0.11066	0.91051	0.92484	0	0.29717	1.22652	0	0.67287	4.10494	0.90059	0.28928	0	0.84634	0.62537	0	0	1.55418	0	1.81089	11.05825	0	0.57692	0	0.55667	0	1.18058	2.51902	0.1854	0.00681	0.81357	1.35458	0	0.67963	0	0	0	0.10007	0.33332	0.33063	0.1244	0.64339	0.21962	0.22532	0.08537	0.10152	0.13518	0.19222	0.07329	0.79957	0	0.56514	0.97008	0.28176	0.26603
Lachnospira_pectinoschiza	1.40654	0.51186	0	0	0	0	0	0	0	0.50348	0	0	0	0	0	0	0	0	0	0	8.03928	0.05944	0	4.92968	0.01279	4.74585	0	5.46965	4.18377	7.95929	0.29602	0	0.36368	0.0177	0	1.27213	0	1.27731	0	0.37597	0.06443	0	0	5.52657	0.45211	0	0	0	1.04319	0	0	0	0	0.03384	0	0.07426	0	0	0.06136	2.49938	0.82667	0	0.4588	0	1.61671	0.65831	0.85271	0	0	0	0	0	0.13042	0	0	5.94347	5.10709
Bacteroides_uniformis	1.39861	1.4531	0	0.40331	4.99085	0	7.50677	0	2.59984	12.61478	0	0.91903	4.65421	2.77759	0	5.82809	0.22764	1.3383	2.36211	7.61386	0.56693	0.14664	7.13065	1.83608	0.33817	4.84046	2.3704	7.5323	2.45086	0.59297	1.99375	0	0.59425	0.03244	3.69853	10.42684	5.9246	4.57029	0.12587	0.8777	0.40479	0.95225	3.63297	2.27896	0.28251	63.02125	0	5.63715	3.0703	0.6216	0.0247	4.43358	0.32448	0.38207	5.77661	4.05857	0	0	0.55644	0.61929	1.12732	5.33776	0.30242	3.71703	0.30006	3.5512	0.04384	0.08667	0.10388	0.88576	1.06041	2.03627	3.19218	0.05258	5.30974	2.08236	3.96526
Parasutterella_excrementihominis	1.36982	0.81037	0	2.36446	0	0	0	0.00475	0.03477	1.45139	0	0	0	0	0	1.07258	1.19262	1.53814	0	0.17335	0.12524	0	0.01483	0	0.02941	0.0108	0.71788	0	0.2105	0.15791	0.33003	0	0	0	0.56191	0	0.40992	0	0	0	0	0	0	0	0.14648	0	0	1.21636	1.6658	0.79156	0.0654	0.23247	0	0	0	0.05391	0	0.02955	0	0.02464	1.18332	0.68736	0.04263	1.33373	0	0.14628	0.91091	0.09257	0	0.01042	0	0.03554	0	0.06855	0	0.02007	0.01424
Bifidobacterium_adolescentis	1.35037	0	0	0	0	10.0519	0	0	0	0	0	0	2.26461	0	0	0	0	0.88065	0	0	1.46761	0.35366	0	0	0.19434	2.03775	0.20826	0.43224	0	1.60779	0	0.69072	0.19779	0	0	0	0	0	0	0	0	0	0	0	0	0	0	0	3.47805	0	0	0	0	0	0	0	0	10.45516	0	1.24686	0.19535	0	0.20091	0.01531	0	0.49093	0	0.31995	0	0.19913	0	0.02004	0	0	0.2679	0.92879	0
Bacteroides_finegoldii	1.0226	0	0	0	6.38208	0	0.9527	0	0.57706	0	0	0	0	0	0.18529	1.21275	0.65644	0	0	2.6766	0	0.06053	0	0.68668	0	0	0	0.11008	0.80846	0	0.2035	0	1.60634	0	0.15771	0	0	0	0	0.07543	0	0.05099	0.36948	0	0	0	0	0	2.89028	0.00679	0	0	0	0.02908	0	0	0	0	0	0.10852	0.00647	0	0.08979	1.61604	0.01148	0.18201	0	0.06522	0	0.16252	0.60933	0	0.23059	0.12489	0	0.19917	7.70029
Gemmiger_formicilis	0.86857	1.73142	0	0	0.23531	0	0.12487	0	0.04363	0	5.53357	0.23217	1.02912	0.30903	0.13077	1.02197	0.06739	0	0	0	0.94296	0.80141	2.82184	0	0.73553	1.88802	0.88952	2.88625	0	0.99803	0.03068	0	1.33787	1.03394	0	0.22844	0	0.02112	0	0	1.77907	0	0	0.2145	1.4424	0	0.1003	0	0	0	0.57682	0	0	0.00512	0	0.45584	0	1.22139	3.74433	0.06454	1.36717	1.49919	1.14643	4.0727	1.30864	2.22845	0.70454	0.69597	0	2.24256	0.51715	0.05608	0.09488	6.0835	2.57742	0.21912	1.7123
Clostridium_fessum	0.69318	0.06412	0	0.92981	0.89791	0	0.06852	0	0.14073	0.3576	0.94513	0.45298	0.50678	0.09026	0.22069	0	0.13811	0.06514	0	0.39961	1.97374	0.19936	0.4727	1.08404	0.3352	0.65456	0.29721	0.9469	0	1.85812	0.22074	0	0.21561	0.12935	0	0	0	0.54244	0	0.52527	0.13809	0.18545	0	0.97762	0.28348	0	0.26504	0	0.12362	0.52391	0.28344	0.0218	0.85544	0.28672	0	0	0	0.08837	0.3518	0.81744	1.08245	0.70307	0.13057	0.4183	0.37824	0.35009	0.01651	0.20193	2.56529	0.28534	1.32513	0.28444	0.13749	0.40785	1.03325	0.31732	0.70913
Holdemanella_biformis	0.56046	0	0	0	0	0	0	0	0	0	0	0	0	0	0	0	0	0	0	0	0	0.03498	0	0	0	0	0	0	0	0	0	0	0	0	0	0	0	0	0	0	0	0	0	0	0	0	0.16516	0	0	0	0	0	0	0	0	0	0	0	0	0	0	0	0	0	0	0	0	0	0	0	0.16349	0	1.79157	0	0.72594	0	0
Ruminococcus_bromii	0.49168	0.21119	0	0	0	0	1.81194	0	0	0.20726	0	0	0.8241	2.36377	0	0	0	1.07721	0	0	0	0.00601	0.14698	0.46668	0	0.73711	0.01397	0.84428	0	0	1.02007	0	0.19348	0	0	0	0	0.49686	0	0	0	0.57908	0	0	0	0	0	0	0	0	0	0	0	0	0	1.22571	1.19878	0	1.12853	0	1.31125	0.28686	0.65319	0	0.04343	0.34917	0	0	0	0.67915	0.03845	13.10774	0.20025	0.68894	0.54611	1.10747	0
GGB1407_SGB1930	0.44424	0	0	0	0	0	0	0	0	0	0	0	0	0	0	0	0	0	0	0	0	0	0	0	0	0	0	0	0	0	0	0	0	0	0	0	0	0	0	0	0	0	0	0	0	0	0	0	0	0	0	0	0	0	0	0	0	0	0	0	0	0	0	0	0	0	0	0	0	0.34696	0	0	0	0	0	0	0
Faecalibacillus_intestinalis	0.43921	0	0	0.52266	0	0.0314	0	0	0.03543	0	0	0.05747	0.02201	0	0.07954	0	0	0	0	0.11286	0.04516	0	0	0.19769	0.05041	0.05118	0	0.07124	0	0.02312	0.04003	0	0.13499	0	0	0.08453	0.03893	0.1386	0	0	0.03599	0.02268	0	0.02516	0	0	0.02685	0	0.12958	0.16364	0.05265	0	0	0.01136	0	0	0	0	0.0285	0.00886	0	0.17138	0.01022	0.00752	0	0.11142	0.02751	0	0.02346	0	0.22817	0.02049	0.09618	0.00694	0.0224	0.05511	0
Bifidobacterium_longum	0.39796	0.08204	0	0.00535	0	5.62684	1.12851	0	0.11806	0	0.20102	0	0.0672	13.48979	1.48616	0	0.07712	0.38412	0	0.43905	1.24571	0.08822	0.23729	1.10379	0.21807	2.20755	0.54243	0.12233	0.79726	1.38163	0	0	0	0.60216	0.03969	0.17406	0.26834	0.16627	45.98312	0.08518	0	0.04757	0	0.16027	0.02733	0	0	0	3.14652	0	0	0	0	0	0	0.08762	0	0.70819	0.16225	0.83697	0.1568	0.00553	0.24491	0.22118	0	0.11746	0	0.13895	0.00792	0.07962	0.35578	0.45421	1.51139	0	0.06028	2.51633	0.08952
Bacteroides_eggerthii	0.30703	0	0	0	0	0.5699	0	0	0	0	0	5.05591	0.00264	0	0	0.09623	0	0	0	2.87624	0	0	0	0	5.91207	0	0	0.24872	0	0	0.38244	0	0	0	0	0	3.71101	0	0	0	0	0	0	0	2.01945	0	0	0	12.88342	0.06547	0	0	0	1.08327	0	2.02203	0	0	4.89628	0	0.10652	0	0	0	0	0	0	0	0	0.03152	0.00587	0	0	0	0	0	6.26796
Clostridium_sp_AM33_3	0.24308	0.05327	0	0.39199	0	0	0.00583	0	0.12042	0.07619	0.08407	0.271	0.15121	0.0261	0.11532	0	0	0	0	0.50581	0.27562	0.03036	0.06224	0.25471	0.02689	0.10468	0.04434	0	0.44535	0.31281	0.07296	0	0.025	0.05184	0	0	0	0.0446	0	0.03206	0.02798	0.11115	0	0	0.03486	0	0	0	0	0.16889	0.06847	0	0	0.0458	0	0	0	0	0.08702	0	0.13863	0.12561	0.04521	0.04837	0.08112	0.16028	0	0.09566	0.07992	0.05342	0.11992	0.15152	0.01569	0.31597	0.07073	0.03601	0.22568
Butyricimonas_faecihominis	0.23037	0	0	0	0	0	0	0	0	0	0	0	0	0	0	0	0.19182	0	0	0	0	0	0	0	0.09072	0	0	0	0	0	0	0	0	0	0	0	0	0	0	0	0	0	0	0	0.25715	0	0	0	0.01608	0.24346	0	0.02379	0	0	0	0	0	0	0	0	0	0	0.25942	0	0	0	0	0.21913	0	0.04234	0	0.33954	0.03896	0.09255	0	0	0
Alistipes_onderdonkii	0.21095	0.31713	0	0	0	0	0	4.13127	0.0762	0.3079	0	0	0	0	0.00408	0	0	0.88804	0.18797	0.01061	0.21724	0	0	0.0205	0.18303	0.65639	0	0	0	0.20348	0.22178	0	0.80791	0	0	0.21184	0	1.00197	0	1.18521	0	0	0	0.59697	0.9975	0	0	0.28013	0	0.83213	0	0	0	0.1231	0	1.51503	0.23073	0.01974	0.33043	0	0.19134	0.12356	0.101	0	0	0.64773	0	0.03629	0.02528	0.78575	0	0.05072	0.50668	0.07029	0.06146	0.14758	0.08131
Faecalibacterium_prausnitzii	0.17222	0.01656	26.52253	3.10901	7.48379	21.86431	1.00807	5.71414	7.62336	1.22121	17.33717	0.21318	8.89418	10.9061	3.72277	0	13.35458	2.57247	0	13.02978	3.97124	1.45444	2.40282	4.3966	4.42488	3.63793	4.84898	3.4412	0.22163	4.04737	10.21127	2.52718	3.20084	2.54633	1.08538	4.44838	7.6822	15.91082	4.82484	3.86641	2.38788	2.93449	0	5.85282	3.39446	16.10691	2.12169	0	21.20816	0	0.42743	0.73942	0.0299	5.41529	0	6.12475	0	2.89428	6.16789	1.40434	4.55699	3.97079	2.09765	9.50409	3.00702	2.47501	0.78556	2.70959	1.9948	2.59831	3.58908	10.71026	4.2828	1.93632	2.03383	8.6817	2.11598
Bacteroides_ovatus	0.16097	0	0	3.57553	1.269	1.81839	2.29905	0.88081	0.62829	7.84047	11.74976	0.13625	1.58608	0.10971	0	0	0.00567	0.18073	1.34554	0.69104	0.28186	0.04034	0.8451	0.06891	1.59996	0.66526	0.17128	0.36406	0.03752	0.30413	0.73016	0	0.21117	0.27762	0.48305	5.41436	2.08368	5.67472	0.02871	0.07773	0.59307	0.0607	49.41839	1.43278	0.69339	0	0	11.19073	0	1.59714	0.02729	0.23275	0.26905	0.00531	0	2.32713	21.29045	0.00239	0.45017	0.10757	0.02321	0.60718	0.3014	0.10502	0.12175	0.33661	0.22854	0.02561	0.06716	0.25479	0.00544	0.12736	0.20926	0.00911	0.69044	0.30496	0
Coprobacter_fastidiosus	0.15426	0	0	0	0	0	0	0.77566	0.12967	0	0	0	0	0	0.02138	0	0	0	0	0.19803	0	0	0	0	0.45435	0	0	0.12225	0	0	0.45263	0	0.06447	0	0.72904	0	0	0	0	0	0.47043	0	0	0	0	0	0	0	0.03518	0	0	0	0	0	0	0	0	0	0	0	0.10513	0	0.35289	0	0	0.18854	0	0	0	0	0	0	0.88328	0.14319	0.1901	0	0
Dielma_fastidiosa	0.14998	0	0	0	0.00192	0	0	0	0	0	0	0	0	0	0	0	0	0	0	0	0	0	0	0	0	0	0	0	0	0	0	0	0	0	0	0	0	0	0	0	0	0	0	0	0	0	0	0	0.02645	0	0	0	0	0	0	0	0	0	0	0	0	0	0	0	0	0	0	0	0	0	0	0	0	0	0	0	0
Paraprevotella_clara	0.13887	0.82925	0	0	0.00923	0	0	0	0	1.33752	0	0	0.34416	0	0	0	0	0	7.33688	0.54893	0.36793	0	0	0	0.24542	0	0.24662	0	0	0.36672	0	0	0.10406	0	0	0	0	0	0	0.08921	0	1.8241	0	0	0.42544	0	0	0	0	2.0681	0	0	0.8958	1.07363	0	0.2468	0	0	0	0.25208	0.04541	0	0	0.52243	0.28547	0.57687	0	0.12709	0.21791	0.78201	0.52094	0.13927	0.47032	1.47024	0	0	0
Agathobaculum_butyriciproducens	0.13136	0	0	0.27571	0.0544	0	0.03961	0	0.23282	0.00447	0.33491	0.03844	0.02635	0	0.11088	0	0.12673	0.01103	0.22822	0.4178	0.05413	0.06189	0.11169	0.168	0.08415	1.06422	0.21126	0.04999	0.08043	0.05201	0.02054	0	0.00899	0.03429	0	0.14415	0.25245	0.07442	0	0.01522	0.00435	0	0	0.68193	0.13267	0	0	0	0.06132	0.08322	0	0	0.26762	0	0	0.1525	0	0.03394	0.31582	0.30363	0.06809	0	0.04254	0.42838	0.09954	0.05699	0.04978	0.0567	0.14835	0.12969	0.06738	0.1605	0.04918	0.04907	0.10893	0.04973	0.13222
Flavonifractor_plautii	0.12952	0.04712	1.11185	0.34668	0.63282	0	1.81111	0.38978	0.00157	0.10958	0.80516	0	0.07692	0.13275	0.01356	0	0.45536	0.36195	0.03064	0.11061	0.06181	0	0	0	0.00272	0.26973	0.11554	0.01902	0.26836	0.06376	0.01951	0	0.15635	0	0	0.06946	0.05624	0.08122	0.00171	0.02058	0	0.01785	0	0.04634	0.02484	0	0.07398	0.27057	0.01633	0.44342	0.01628	0.04101	0.29005	0.0933	0	0.25366	0.86582	0	0	0.00644	0.01567	0.11073	0.03371	0.48532	0	0.02693	0.03818	0	0	0.00705	0	0.09652	0	0	0.07705	0.01178	0.08794
Bacteroides_thetaiotaomicron	0.12401	0	8.80312	1.60335	0.42038	0	2.6944	0.00793	0.15179	10.95414	2.72689	0.01	0.38619	0.15575	0.05172	3.03131	0.9194	0	0.79192	0.05972	0.11804	0.02423	0.53761	0.09674	0.04102	0.63262	0.02516	0.24115	0.00749	0.1352	0.16194	0.00339	0.51031	0.21986	2.03453	0	1.13276	0	0	0.17421	0.29223	1.50431	15.0345	0.58212	0.13505	0	0.26609	2.41148	0.02704	0	0.07922	1.23998	0.0337	0.33745	0	0.01276	0	0.00692	0.67471	0.02254	0.01686	1.2843	0.09282	0.63313	0.04014	0.07176	0.05198	0.06978	0.1544	0.05397	0.0309	0	0.20129	0.01117	0.34492	0.24648	0.30235
Eubacterium_ventriosum	0.11408	0.00258	0	0	0	0	0	0	0.04413	0	0	0	0	0	0	0	0.03906	0	0	0.01458	0	0.01369	0	0.00575	0	0	0	0.05106	0	0	0	0	0	0	0	0.09759	0.02699	0.07111	0	0	0.01166	0	0	0	0.00851	0	0.00187	0	0	0	0	0	0	0	0	0	0	0	0.0605	0	0	0.03129	0.01457	0	0	0	0	0	0.0026	0	0.00072	0.01568	0.04774	0.00515	0.00752	0	0
Bifidobacterium_pseudocatenulatum	0.11014	0.02434	0	0.01262	3.81028	0	2.38031	0	0.21276	0	0.56589	0	0	0.10697	0.17644	0	0	0.65266	0	4.86573	0.28573	0	0.36527	1.60139	0.09592	1.54919	0	0.04657	1.72172	0.30799	0.03057	0	0	0.30936	0	0.10204	0	0	0.90661	0.01935	0	0	0	0.93632	0	0	0	0	4.20752	0	0.0065	0.0097	0	0	0	0	0	0.22335	0.30453	0	0.03564	0	0.03214	0.40517	0	0.0574	0.00717	0.03958	0	0.13206	0.27085	1.76852	3.36148	0	0.04736	0.81378	0.67464
Clostridia_unclassified_SGB4121	0.09882	0	0	0.08833	0.01807	0.18925	0	0	0	0.04026	0	0	0.04357	0.02823	0	0	0.01737	0.01954	0.00125	0	0.10312	0	0.0394	0	0	0.12972	0	0	0	0.10003	0	0	0.00527	0	0	0.00952	0	0.0554	0.14414	0	0.00616	0.00619	0	0.0134	0	0	0	0	0.05766	0.04757	0.00808	0	0.11842	0.0112	0	0	0	0.04295	0	0.09243	0.10243	0.01098	0.00337	0.01713	0	0.02726	0.00436	0	0	0	0	0	0	0	0.01302	0.02475	0.00124
Clostridium_sp_AF20_17LB	0.09822	0	0	0.70815	0	1.73786	0	0	0.08611	0.15603	0	0	0.08241	0.10636	0.05446	0	0.09761	0	0	0.58687	0.01849	0.0114	0.17405	0.06832	0.14116	0.00833	0.06258	0.17815	2.48072	0.02153	0.02991	0	0.11116	0.31437	0	0	0	0.03703	0	0.02761	0.04033	0.09607	0	0.25579	0.01572	0	0	0	0	0	0.05013	0	0	0.01106	0	0.14633	0	0.15773	0.35858	0	0	0.20725	0.01078	0.29863	0.06027	0.13594	0	0.06105	0.12411	0.15872	0.07109	0	0.01302	0.29117	0.02113	0.11115	0.00166
Dysosmobacter_welbionis	0.09779	0	0	0	0	0	3.17284	1.31888	0.07533	0.1111	0	0	0.29845	0.56259	0.02142	0	0.25727	0.89444	0	0.15638	0.11404	0	0	0	0.01219	0.02206	0.23963	0.04293	0	0.05222	0.04663	0	0.11042	0	0.08329	0.10322	0.13938	0.149	0	0.02419	0.03533	0.07696	0	0.38617	0.03008	0	0	0	0.16534	0.17511	0	0	0.07448	0.04896	0	0.60332	0	0	0.05016	0.00936	0.07535	0.58086	0.03991	0	0	0.07023	0	0.00272	0	0.03527	0.01123	0.28413	0.06575	0.04433	0.10088	0.06229	0
Dorea_longicatena	0.08273	0.19026	0	0.93894	0.31498	0	0	0	0.05536	0.07777	0	0.15713	0.15339	0	1.03415	0	0.02685	0.006	0	0.37818	0.05743	0.03004	0.03397	0.67261	0.04769	0.12703	0.00214	0.06295	0.11867	0.05241	0.15963	0	0.13986	0.08005	0	0.12963	0.16284	0.11416	0	0.09297	0	0.01422	0	0.07174	0.14131	0	0.14204	0	0	0	0.00523	0	0	0.01166	0	0.03776	0	0.03657	0.03245	0.29831	0.096	0.08397	0.0525	0.03827	0.05097	0.02769	0.0818	0.35006	0.06162	0.04911	0.39287	0.2426	0.2205	0.04678	0.15105	0.02901	0
Klebsiella_pneumoniae	0.08263	0.19473	0.07052	0	0	0	0	0	0.34355	4.90888	0.00874	0	0.02386	0.14412	0	0	0	6.01025	0	0	6.06323	0.19807	0	0.01691	0	0	0	0	0	5.78769	0	0	0	0	0	0.00599	0.06829	0	0	0	0.09142	0.00409	0.9601	0.0127	0.02928	0	0	0.26573	0	0.02004	0	0.59799	0	0	1.30913	0	0	0.62201	0	10.86631	0.70353	0	1.51695	0.03492	2.28172	0.17874	1.00512	0.11673	0	0	7.66612	0	0	0	0	0.17532	0.13546
Allisonella_histaminiformans	0.07977	0.00144	0	0	0.07344	0	0	0.02798	0	0	0.18582	0	0.02782	0.02807	0	0	0.02231	0	0	0.00205	0	0.00682	0.06169	0	0	0	0	0.05134	0.44652	0	0	0	0.02945	0	0.03358	0	0.2928	0	0	0.02905	0	0.03794	0	0.06344	0.03712	0	0	0	0	0	0	0.05693	0	0.05275	0	0	0	0	0	0.2903	0.15572	0	0	0	0.02874	0.03152	0.05927	0	0	0	0.01807	0	0	0	0.12581	0	0.01164
Streptococcus_rubneri	0.07409	0	0	0	0	0	0	0	0	0	0.04763	0	0	0	0	0	0	0	0	0	0.01258	0	0	0	0	0	0	0	0	0	0.00452	0	0	0	0	0	0.02309	0.00257	0	0.00138	0	0	0	0	0	0	0	0	0	0	0	0.0095	0	0	0	0	0	0	0	0.00305	0.00695	0	0	0	0	0	0	0	0.01833	0	0	0	0	0	0	0	0
Barnesiella_intestinihominis	0.06815	0.19659	0	0	0	0	0	0	0.3996	2.5389	0	0	0.62767	0	0.11712	0.021	0	0.72417	0	0.61765	0.13386	0	0	0.02983	0.23992	0	0	0.15955	0.06548	0.13933	0.82132	0	0.23943	0	0	0.24929	0.67164	0.51807	0	0	0	0	0	0	0.40668	0	0	0	0	0	0	0	0	0.02703	0	0.12819	0	0	0	0.01876	0.09603	0.18538	0.35657	0	0	0	0	0.14637	0.03125	0.32813	0.01577	0.14799	0.28355	0.37208	0.33539	0.1678	0
Clostridium_symbiosum	0.06552	0.02161	0	0.20285	0.03094	0	0	0.05021	0	0	0	0	0.00479	0.01227	0	0	0	0	0.00325	0	0	0	0	0	0	0	0	0	0	0	0	0	0	0	0	0	0.04306	0	0.02905	0	0	0	0	0	0	0	0	0	0	0	0	0	0.00082	0	0	0	0	0	0	0	0	0	0	0.00608	0	0	0	0	0	0	0	0	0	0	0	0.00853	0
Longibaculum_muris	0.06015	0	0	0	0	0	0	0	0	0	0	0	0	0	0	0	0	0	0	0	0	0	0	0	0	0	0	0	0	0	0	0	0	0	0	0	0	0	0	0	0	0	0	0	0	0	0	0	0	0	0	0	0	0	0	0	0	0	0	0	0	0	0	0	0	0	0	0	0	0	0	0	0	0	0	0	0
Holdemania_sp_Marseille_P2844	0.05773	0	0	0	0	0	0	0	0	0	0	0	0	0	0	0	0	0	0	0	0	0	0	0	0	0	0	0	0	0	0	0	0	0	0	0	0	0.02908	0	0	0	0	0	0.06579	0	0	0	0	0	0	0	0	0	0	0	0	0	0	0	0	0	0	0	0	0	0	0	0	0	0	0	0	0	0	0	0	0
Clostridia_bacterium_UC5_1_1D1	0.05314	0.02248	0	0	0	0	0.07355	0	0	0	0	0	0	0.00386	0	0	0	0.03589	0	0.04227	0	0	0	0	0	0	0	0	0	0	0	0	0	0	0	0	0	0	0	0	0	0	0	0.01602	0	0	0	0	0	0	0	0	0	0	0	0	0	0	0	0	0	0.01082	0	0	0	0	0	0	0	0	0	0	0	0	0	0	0
Lachnospiraceae_bacterium	0.05044	0.11763	0	0.51131	0.26574	0	0	0.11008	8.02939	0.54345	0.37511	1.10439	0.47574	0	0.05712	0	0.05	0	0	1.40182	0.73276	0.57016	0.94735	3.88526	1.58329	0.41178	0.84356	0.19492	2.18982	0.76927	1.2274	0.22067	0.41064	0.83525	0	0.39454	0.64346	0.46513	0.21305	0.40513	0.21563	0.18701	0	0.9099	0.33252	0	0.10176	0	0.00898	0	0.05071	0	0.06517	0.51348	0	0.33483	0.81634	0.43557	1.13467	0.09038	0.23075	8.13721	0.29984	1.0741	0.89759	0.21731	0.12147	0.21566	0.2495	0.88295	1.85774	0.26507	1.12586	5.23109	1.95448	0.56456	0.13374
Anaerobutyricum_hallii	0.04767	0.01029	0	0	0.04202	0.02004	0.01454	0	0.0295	0.00221	0.09739	0.04357	0.01435	0	0	0	0	0	0	0.012	0.00362	0	0.00549	0.00212	0	0.01323	0	0	0	0.00636	0.01397	0	0.00262	0.00762	0	0.00514	0.05144	0.00489	0	0.00126	0.00326	0	0	0	0	0	0.02665	0	0.04266	0	0	0	0	0	0	0	0	0	0	0	0	0	0.004	0	0	0.0107	0	0	0	0.00148	0.01403	0	0.0137	0	0	0.03246	0
Coprococcus_comes	0.04266	0.15385	0	0.1501	0.30159	2.25941	0	0	0.10919	0.0245	1.37055	0	0.33843	0	0.49993	0	0	0	0	0.06596	0	0.09316	0.47373	1.24167	0.21954	0	0.11559	0.17034	0	0	0.02237	0	0.01004	0.0613	0	0.17232	0	0.1532	0	0.13129	0.04031	0.03891	0	0.34108	0.13361	0	0.07928	0	0.10502	0	0	0	0	0.10664	0	0.33318	0	0.4076	0.26152	0	0.53169	0	0.13832	0.24239	0.23252	0.06723	0.08335	0.17039	0.97178	0.23584	0.53512	0.07835	0.26719	0.37007	0.78775	0.13188	0
Veillonella_parvula	0.03668	0	0.20286	0	0	2.16573	0	0.01851	0.01747	0	0	0	0	0	0	0	0	0	0.02188	0	0.05281	0.00471	0.02095	0	0	0.37325	0.03535	0.00766	0	0.0418	0	0.46573	0	0.01865	0	0	0.50305	0	0	0.98488	0	0	0.08985	0	0	0.02608	0	1.87926	0	0	0	0	0	0	0.23523	0	0	0.01009	0.00443	0.18221	0.09056	0	0.00436	0.01488	0.08066	0	0	0	0	0	0.0069	0	0	0	0	0.65656	0.17011
Evtepia_gabavorous	0.02981	0.05989	0	0	0	0	0.07821	0	0	0.0309	0	0	0.04945	0.05604	0	0	0.10928	0.13694	0	0.03547	0	0	0.01865	0	0.03238	0	0.06727	0	0	0	0	0	0	0	0	0	0.12467	0	0	0	0	0	0	0	0	0	0	0	0	0.0359	0	0	0	0.03792	0	0.02786	0	0	0	0	0.08946	0.06808	0	0	0.02983	0.10231	0	0.04274	0	0	0	0.06084	0.16005	0	0.03778	0.00134	0
Alistipes_finegoldii	0.0296	0.12306	0	0	0	0	1.03018	0.33388	0.0119	0	0	0	0	0	0	0	0.02876	0.42651	0	0	0	0	0.06821	0.01058	0.09236	0	0.24088	0.05629	0.00575	0	0.2378	0	0.20371	0	0	0.04511	0.1746	0.26308	0	0	0.01474	0	0	0.02316	0	0	0	0	0	0	0	0	0	0.00766	0	0	0	0	0.64279	0	0	1.79354	0.14051	0	0	0.05373	0	0	0	0	0	0	0	0	0.02703	0	0
Blautia_faecis	0.02635	0	0	0	0	0	0.03937	0	0.04703	0.06833	0.05308	0	0.03135	0	0.08148	0	0.01976	0.00981	0	0.03639	0.06098	0.00878	0.01915	0.06192	0.23625	0.21698	0	0.04474	0.08376	0.06954	0.0154	0	0.03163	0.02795	0	0.03983	0.24034	0.00417	0	0.27307	0.08827	0.05896	0	0.17986	0.23682	0	0.01833	0	0	0.0053	0.02983	0	0	0.13298	0	0.08342	0	0.00914	0.22243	0.02176	0.08761	0.08336	0.08577	0.01612	0.03232	0.11426	0.00671	0.01548	0	0.06187	0.05764	0.09855	0.11564	0.08622	0.05091	0.06908	0
Blautia_wexlerae	0.02477	0.10288	0	0.48514	0.06805	0.03853	0.16125	0	0.36629	0.04257	0	0.05048	0.34262	0.0281	0.53967	0	0.01582	0	2.70197	0.1489	0.18383	0.15273	0.11006	0.06077	0.05589	0.51385	0.0116	0.12625	0.07127	0.1857	0.03106	0	0.11524	0.39349	0	0.29693	0.40676	0.24803	0.00263	0.16381	0.13199	0.03763	0	0.05827	0.13894	0	0.02108	0	0.03805	0.05308	0.05192	0	0.44204	0.02386	0	0.21152	0	0.00443	0.08899	0.3775	0.08584	0.08845	0.12857	0.08359	0.10822	0.21832	0.11858	0.0776	0	0.03515	0.38715	0.09675	0.2433	0.13166	0.33136	0.19251	0.4888
Bacteroides_cellulosilyticus	0.02124	0	0	0	0	0	0.06483	1.77755	0.26901	0	0	0	0.00349	0.04177	0	0	0	0.81948	0	0	0	0	0.30219	0.0168	0	0	0	0	0	0	0.11502	0	0	0	0.00397	0.2801	0.3782	0	0	0.01209	0	0	0	0.64761	0	0	0	3.82218	0	0	0	0	0	0	0	0.00916	0	0	0.06857	0	0	0	0	0	0	0	0	0	0	0.18799	0	0	0.2272	0.06548	0.20639	0.02271	0
GGB6612_SGB9346	0.01809	0	0	0	0	0	0	0	0	0	0	0	0	0	0	0	0	0	0	0	0	0	0	0	0	0	0	0	0	0	10.84492	0	0	0	0	0	0	0	0	0	0	0	0	0	0	0	0	0	0	0	0	0	0	0	0	0	0	0	0	0	0	0	0	0	0	0	0	0	0	0	0	0	0	0	0	0	0
Dorea_formicigenerans	0.01531	0.01513	0	0.3085	0	0	0	0	0.05091	0.04305	0	0.00437	0.03815	0.00092	0	0	0	0.12192	0	0.08562	0.03254	0.01729	0	0.22838	0.0559	0.06472	0	0.01844	0	0.0349	0.00458	0	0.01097	0.06965	0	0.08625	0.21485	0	0	0.01953	0	0	0	0.02615	0.10356	0	0.03563	0	0	0.02855	0.00528	0	0	0	0	0.10095	0	0.03255	0.01999	0.44115	0.02214	0.17958	0.09389	0.01714	0.01385	0.06847	0	0.00053	0.02331	0.06189	0.08718	0.0199	0.0599	0.01144	0	0.04538	0
Coprobacter_secundus	0.01325	0	0	0	0	0	0	0	0.02061	0	0	0	0	0	0	0	0	0.03548	0	0	0	0	0	0	0	0	0	0	0	0	0	0	0	0.05344	0	0	0	0	0	0	0	0	0	0	0.00077	0	0	0	0	0	0	0	0	0	0	0	0	0	0	0	0.00475	0	0	0	0	0.02685	0	0	0	0	0	0	0.02456	0.00602	0.00396	0.00611	0
Parabacteroides_massiliensis	0.01189	0	0	0	0	0	0	0	0	0	0	0	0	0	0	0	0	0	0	0	0	0	0	0	0	0	0	0	0	0	0	0	0	0	0	0	0	0	0	0	0	0	0	0	0	0	0.05831	0	0	0	0	0	0	0	0	0	0	0	0	0	0	0	0	0	0	0	0	0	0	0	0	0	0	0	0	0	0
Clostridiales_unclassified_SGB15145	0.01137	0	0	0	0	0	0.00841	0	0.02401	0.02693	0	0	0.01209	0	0.00103	0	0.07697	0	0	0.03954	0.16295	0.02004	0.04239	0.02847	0.03807	0	0.07811	0.04304	0	0.17038	0.11305	0	0.0403	0	0	0	0	0.01633	0	0.07859	0	0.02178	0	0.17672	0.05999	0	0.02336	0	0.68058	0	0	0	0	0.06031	0	0	0	0	0.01231	0	0.19532	0.09354	0.03776	0	0.01674	0.0698	0.00532	0.01967	0	0.02027	0.01781	0.03595	0.05177	0.05661	0.17739	0	0
Adlercreutzia_equolifaciens	0.0092	0	0	0	0	0	0	0	0.00229	0	0	0	0	0	0	0	0.00723	0	0	0	0	0	0.01372	0	0	0	0.10313	0.02417	0	0	0	0	0	0	0	0	0	0	0	0	0	0	0	0	0	0	0	0	0	0	0	0	0	0	0	0	0	0	0.01986	0	0	0.0076	0.01141	0.0386	0.00303	0	0	0	0	0.02263	0	0.00421	0.02409	0	0	0	0
Coprobacillus_sp_AF33_1AC	0.00576	0	0	0	0	0.00861	0	0	0	0	0	0	0	0	0	0	0	0	0	0	0	0	0	0	0	0	0	0	0	0	0	0	0	0	0	0	0	0	0	0	0	0	0	0	0	0	0	0	0	0	0	0	0	0	0	0	0	0	0	0	0	0	0	0	0	0.00531	0	0	0	0	0	0	0	0	0	0	0
Longicatena_caecimuris	0.00562	0	0.12225	0	0	0	0	0	0	0	0	0	0	0	0	0	0	0	0	0	0	0	0	0	0	0	0	0	0	0	0	0	0	0	0	0	0	0	0	0	0	0	0	0	0	0	0	0	0	0	0	0	0	0	0	0	0	0	0	0	0	0	0	0	0	0	0	0	0	0	0	0	0	0	0	0	0
Ottowia_beijingensis	0.00392	0	0	0	0	0	0	0	0	0	0	0	0	0	0	0	0	0	0	0	0	0	0	0	0	0	0	0	0	0	0	0	0	0	0	0	0	0	0	0	0	0	0	0	0	0	0	0	0	0	0	0	0	0	0	0	0	0	0	0	0	0	0	0	0	0	0	0	0	0	0	0	0	0	0	0	0
Erysipelotrichaceae_bacterium_3_1_53	0.00324	0	0.69003	0	0	0.01408	0	0	0	0	0	0	0	0	0	0	0.01329	0	0	0	0	0	0	0	0	0	0	0	0	0	0	0	0	0	0	0	0	0	0	0	0	0	0.01189	0	0	0	0	0.0009	0	0	0	0	0	0	0	0	0	0	0	0	0	0	0	0	0	0	0	0	0	0	0	0	0	0	0	0	0
Melaminivora_sp_SC2_9	0.00082	0	0	0	0	0	0	0	0	0	0	0	0	0	0	0	0	0	0	0	0	0	0	0	0	0	0	0	0	0	0	0	0	0	0	0	0	0	0	0	0	0	0	0	0	0	0	0	0	0	0	0	0	0	0	0	0	0	0	0	0	0	0	0	0	0	0	0	0	0	0	0	0	0	0	0	0
Eubacterium_ramulus	0.0008	0	0	0	0.22887	0	0.01446	0	0.01181	0.01925	0	0.0508	0.02263	0	0	0.01041	0	0	0	0.06997	0	0.01494	0.0088	0.14706	0.00177	0	0	0.09336	0	0	0.02253	0	0.00221	0.02473	0	0.04132	0.0792	0.01974	0	0.02231	0	0	0	0.05063	0.00095	0	0	0	0	0	0.06588	0	0	0	0	0	0	0	0.01519	0.02033	0.00479	0.11578	0.01509	0.03165	0.03095	0	0.09002	0	0.02244	0.03101	0.04697	0.02742	0.05226	0.03118	0	0.01134	0
Prevotella_copri_clade_A	0	50.12222	0	0	0	0.00907	0.00305	0.00099	0	0	0	0	0	0	71.55305	0	31.36886	43.35552	0	0	0.02258	49.48013	0	0.04295	0	0.01322	0	0	0	0	0	0	21.23243	71.11034	0.00931	0	0	0	0.02895	28.76139	71.83155	39.74222	0	0	0	0	26.2847	0	0	34.50492	76.96417	0.03391	0.00236	20.61009	0	0	0.01653	46.08058	0	0.00181	0	16.27593	0.01624	0	26.918	0	68.08983	43.80218	43.36514	0.00679	0	0	0	33.46004	0	0.03293	0
Clostridium_sp_AF34_10BH	0	5.8967	0	0	0	0	0	0	0.11206	0.18545	0	0	1.29699	0.0297	0.00235	0	0.09055	0	0	0.03665	0.92375	0.62917	0.29162	2.68273	0.00319	0.24551	1.7864	0.1096	0.02241	0.99947	0.02098	0	0.2312	0.00908	0	0.18174	8.32175	0.00518	0	0.2676	0.24947	0.06032	0	0.17913	0.49673	0	0.2486	0	0.01744	0	0	0	0	0.0174	0	0	0	0.00641	2.3332	0.01107	0.01174	0	0.1577	0.03046	0.72748	0.09052	0	0.66343	0.06284	2.36552	0.35018	0.28111	0.13431	0.11508	1.50616	0.92314	1.11778
Dialister_SGB5817	0	3.47053	0	0	0	0	0	0	0	0	0	0	0	0	0	0	0	0	0	0	0	0	0	0	0	0	0	0	0	0	0	0	0	0	0	0	0	0	0	0	0	0	0	0	0	0	0	0	0	0	0	0	0	0	0	0	0	4.26806	0	0	0	0	0	0	0	0	0	0	0	0	0	0	0	0	0	0	0
Prevotella_stercorea	0	3.23013	0	0	0	0	0	0	0	0	0	58.9609	0	0	0	0	0	0	0	0	0	0	0	0	0	0	0	0	0	0	0	0	0	0	0	0	0	0	0	0	0	0	0	0	0	0	0	0	0	0	0	0	0	10.22361	0	0	0	4.8772	0	0	0	0	0	0	0	0	0	0	0	0	0	0	0	0	0	0	0
Phocaeicola_coprophilus	0	3.08753	0	0	0	0	3.0636	0	3.04861	0	0	0	0	0	0	0	0.69026	0	0	0	0	0.14736	0	0	0	0	0	0	0	0	0	0	0.60624	0	0	0	0	0	0	0	0	0	0	0	0	0	0	0	0	2.75408	0	0	0	0	0	0.85871	0	0	0	0	0	0	0	0	0	0	0	0.20764	0	0	2.10973	0	0	0	0	0	0
Eubacterium_rectale	0	2.40848	0	0.23969	0	3.34493	0	0	0	0.31022	0	5.13313	1.34486	0.06141	0	0	0	0	0	1.55961	0.10228	3.03351	3.1218	12.00572	2.02452	2.39365	2.04337	7.1374	0.00928	0.09714	0.83707	0	0.10993	0.01955	0	7.80674	0.47673	0.26749	0	0.33015	0.68232	0	0	0	0.01937	0	1.20484	0	0.18473	1.16983	0	0	0.07782	0.14867	0	0.18281	0	0.02514	1.82084	0	4.11507	0.0636	2.48874	0	3.56158	0.00039	1.71104	0.83278	0.59137	4.25638	16.24094	0.57888	0.02845	0	1.45765	0.20646	0
Oscillibacter_sp_ER4	0	1.53739	0	0	0	0	0	0	0.67714	1.34358	0	0	1.13975	0	0.0262	0	0.90308	0	0	0	0	0.20928	0.22456	0	0.42236	0	0.11962	0.23535	0	0	0.55158	0	1.64816	0	0	0	1.83304	0	0	1.55204	0	0.02897	0	1.00594	1.36631	0	0.5754	0	0.97769	0	0	0	0	0.94424	0	0	0	0	1.1508	0.02733	1.1024	0	1.03879	0	0.71986	1.17932	0	0.35588	0.01249	1.19378	0.01864	0.59546	0.85623	0.52436	0.75406	0.15869	0
GGB9633_SGB15090	0	1.2842	0	0	0	0	0	0	0	0	0	0	0	0	0	0	0	0	0	0	0	0	0	0	0	0	0	0	0	0	0	0	0	0	0	0	0	0	0	0	0	0	0	0	0	0	0	0	0	0	0	0	0	0.47635	0	2.32472	0	0	0.59228	0	0	0	0	0	0.38048	0	0	0	0	0	0	0	0	0	0	0	0
Coprococcus_eutactus	0	1.13737	0	0	0	0	0	0	0.88096	1.27067	0	0	0	0	0	0	0	0	0	0	0.00159	0.0339	0.13669	0.00099	2.68937	0	1.18839	0	0	0	1.27133	0	0.42187	0	0	0	0	0	0	1.27639	0	0	0	0	2.15374	0	0	0	0	0	0	0	0	1.77606	0	0.06234	0	0	3.15291	0	0.29359	0.39094	0.32599	0	3.79694	11.38374	0	0.57634	0	3.27641	0.32837	0	1.28188	0.43857	0	1.04298	0
Clostridia_unclassified_SGB4367	0	1.04182	0	0	0	0	0	0	0.02133	0.75178	0	0	0.70858	0	0.01313	0	0.40653	0	0	0	0	0.05859	0	0	0.37137	0	0	0.05284	0	0	0	0	0	0	0	0	0	0	0	0.81485	0	0	0	0	3.02623	0	0.51154	0	0	0	0	0	0	0.53946	0	0.07766	0	0	0	0	0.8742	0	0	0	0.05828	0.00868	0	0.18628	0	0.76507	0	1.70553	0.47427	0	0.07313	0	0
GGB9631_SGB15087	0	0.95683	0	0	0	0	0	0	0	0	0	0	0	0	0	0	0.03093	0	0	0	0	0	0	0	0	0	0	0	0	0	0	0	0	0	0	0	0	0	0	0	0	0	0	0	0.54571	0	0	0	0	0	0	0	0	0.06766	0	0	0	0	0	0	0	0	0	0	0.02774	0.13931	0	0.17076	0	0.01408	0	0	0.07424	0	0	0.07262	0
GGB9342_SGB14306	0	0.8326	0	0	0	0	0	0	0.64499	0.26942	0	0	0	0	0.01733	0	0	0	0	0	0	0	0	0	0.09944	0	0	0	0	0	0	0	0.56912	0	0	0	0.01508	0	0	0.04326	0	0	0	0	1.51201	0	0	0	0	0	0	0	0	0.38621	0	0.38226	0	0	0.43773	0.01044	0	0	1.12311	0	0.01877	0.27666	0	0.14706	0	0.71679	0.00906	0.07186	0.42356	0	0	0.12144	0
GGB9618_SGB15065	0	0.77824	0	0	0	0	0	0	0	0	0	0	0	0	0	0	0	0	0	0	0	0	0	0	0	0	0	0	0	0	0	0	0	0	0	0	0	0	0	0.03377	0	0	0	0	0	0	0	0	0	0	0	0	0	0.06013	0	0	0	0	0	0	0	0	0	0	0	0	0	0.00968	0	0.024	0	0	0.13613	0	0	0	0
Ruminococcus_bicirculans	0	0.70884	0	0	0	0	0	0	0.01782	0.07567	0	0	1.97471	1.25029	0	0	0	0	0	0	0.01984	0.03562	0.04905	0	0.0658	0.0294	0	5.93611	0	0.02665	0	0	0.04484	0	0	0	0	0	0	0.00466	0	0	0	2.0861	5.27797	0	0	0	2.44694	0	0	0	0	0	0	0	0	0.00854	3.81165	0.00494	0.16279	0.42133	1.08754	0	0.20181	0.07812	0	0.87339	0	1.82266	0.04283	0	0.58356	0.08936	0.96293	0	0
Bacilli_bacterium	0	0.69669	0	0	0	0	0	0.01009	0	0	0	0	0	0	0	0	0	0	0	0	0	0	0	0	0.23017	0	0	0	0	0	0.01475	0	0	0	0	0	0	0	0	0.01325	0	0	0	0	0	0	0	0	0	0	0	0	0	0	0	0	0	0	0.04371	0	0	0.35025	0	0	0	0.74742	0	0	0	0	0	0	2.03875	0	0	0.0378	0
GGB3293_SGB4348	0	0.65486	0	0	0	0	7.10795	0	0	0	0	0	0	0	0	0	0.01046	1.87707	0	0	0.13573	0.54215	0.19526	0	0	0	0	5.91106	0	0.11161	2.65162	0	0	0	0	0	0	0	0	0	0.67418	0	0	0	0.06728	0	10.33981	0	0	0	0	0	0	0	0	0	0	0.30769	0	0	0	0	0	0	1.27605	4.78574	0	0	0	0.38941	0	0	7.00588	0	0	0.25827	0
Megamonas_funiformis	0	0.53326	0	0	0	0	0	0	0	0	0	0	0	0.19879	0	0	0	0	0	0	4.01626	0.17874	0	1.92992	0.80831	0	0	8.53325	0	4.00863	0	0	0	0	0	0	0	0	25.36305	3.48738	0	15.72132	0	0	0	0	0	0	0	0.34301	7.10081	0.7253	0	2.5733	0	0	0	0	0	0	1.468	0	3.53619	0	0.90597	0	10.44068	1.58388	2.17448	0	2.59115	5.2413	0	2.86545	4.91269	0	0
Alistipes_inops	0	0.52899	0	0	0	0	0	0	0	0	0	0	0	0	0	0	0	0	0	0	0	0	0	0	0	0	0	0	0	0	0	0	0	0	0	0	0	0	0	0	0	0	0	0	0	0	0	0	0	0	0	0	0	0.01497	0	0.08996	0	0	0	0.00708	0.08669	0	0	0	0	0.03355	0	0.00068	0	0	0	0	0	0	0	0	0
Sutterella_sp_AM11_39	0	0.48536	0	0	0	0	0	0	0	0	0	0	0	0	0	0	0	0	0	1.24924	0	0	0	0	0	0	0	0	4.60091	0	0	0	0	0	0	0	0	0	0	0	0	0	0	0	0	0	0	0	0	4.27153	0	0	0	0	0	0	0	0	0	0	0	0	0	0	0	0	0	0	0	0.51216	0	0	0	0	0	0	0
Firmicutes_bacterium_AF16_15	0	0.47267	0	0	0	0	0.03599	0	0.16128	0.16046	0	0	0	0	0.0012	0	0.04522	0	0	0.00321	0.0682	0.04138	0.09803	0.23863	0.10847	0.04634	0.09427	0	0	0.05884	0.59095	0	0.14913	0.14179	0	0	0.31479	0	0	0.77926	0.00761	0	0	0.17536	0.03032	0	0	0	0.0449	0	0	0	0	0	0	0	0	0	0.69242	0.01427	0.08889	0.68488	0.01761	0.06827	0.03405	0.02926	0	0.17854	0.05962	0.1161	0.02833	0.09063	0.1543	1.31346	0.05887	0	0.01678
GGB9631_SGB15086	0	0.45654	0	0	0	0	0	0	0	0	0	0	0	0	0	0	0	0	0	0	0	0	0	0	0	0	0	0	0	0	0	0	0	0	0	0	0	0	0	0	0	0	0	0	0	0	0	0	0	0	0	0	0	0	0	0	0	0	0	0	0	0	0	0	0	0	0	0	0	0	0	0	0	0	0	0	0
GGB1387_SGB1894	0	0.43546	0	0	0	0	0	0	0	0	0	0	0	0	0	0	0	0	0	0	0	0	0	0	0	0	0	0	0	0	0	0	0	0	0	0	0	0	0	0	0	0	0	0	0	0	0	0	0	0	0	0	0	0	0	0	0	0	0	0	0	0	0	0	0	0	0	0	0	0	0	0	0	0	0	0	0
Lacrimispora_amygdalina	0	0.4137	0	0.91999	0	0	0	0	0.10356	0.07363	1.39152	0.32134	0.23981	0.08684	0	0	0.11163	0.0111	0	0.38519	0.60123	0.16063	0.2325	0.34697	0.08727	1.21333	0.30651	0.3707	0	0.61565	0.05513	0	0.15153	0.05138	0	0.46219	0	0.44437	0	0.28427	0.1611	0.07354	0	0.49562	0.09372	0	0.3209	0	0.90791	0	0.33819	0	0	0.08725	0	0	0	0.20669	0.19162	0.62156	0.29393	0.1875	0.20913	0.30117	0.27943	0.09058	0.49874	0.0759	0.14105	0.0426	0.40298	0.09519	0.06038	0.1817	0.25222	0.36549	0.69187
Roseburia_hominis	0	0.40347	0	0	0	0	0	0	0.00527	0.17546	0	0	0	0	0	0	0.04312	0	0	0	0.0179	0.02427	0	0.36475	0.00693	0.06073	0.03861	0.0496	0	0.01507	0.16737	0	0.11325	0	0	0.55017	0	0.03258	0	0.00279	0.0823	0	0	0.15173	0.15496	0	0	0	0	0	0	0	0	0.12346	0	0	0	0	0.76017	0	0.01167	0.49787	0.15714	0.00676	0.06148	0	0	0.26998	0	0.49974	0.0132	0.01263	0.1907	0.51206	0	0.00177	0.01285
Mediterraneibacter_sp_gm002	0	0.28368	0	0	0	0	0	0	0	0	0	0	0	0	0	0	0	0	0	0	0.01802	0	0.13553	0	0	0	0	0	0	0.01911	0	0	0.05719	0	0	0	0	0	0	0	0	0	0	0	0	0	0	0	0	0	0	0	0	0	0	0	0	0	0	0	0	0	0	0	0.04617	0	0	0	0.12515	0	0	0	0	0.01745	0	0	0
GGB9615_SGB15053	0	0.27286	0	0	0	0	0	0	0.21299	0.5996	0	0	0.46411	0.05844	0	0	0.11971	0	0	0	0.08936	0.03822	0.09203	0	0.28662	0	0.23146	0.28025	0.01545	0.08009	0.3992	0	0.31338	0.09497	0	0	1.13447	0.04473	0	1.24157	0	0.00331	0	0	0.3718	0	0.05012	0	0	0	0	0	0	0.66209	0	0	0	0	0.95194	0	0.24034	0	0.97152	0.57215	0.19902	0.44551	0	0.10168	0.01373	0.25449	0.04168	0.06514	0.53819	0.48368	0.72287	0.03975	0
GGB3277_SGB4327	0	0.27104	0	0	0	0	0	0	0.45386	0	0	0	0	0	0.04376	0	0.32901	0.06535	0	0	0	0	0	0	0	0	0	0	0	0	0	0	0	0	0	0	0	0	0	0	0	0.00995	0	0.14856	0	0	0	0	0	0	0	0	0	0	0	0	0	0	0.98512	0	0	0	0	0	0	0	0	0	0	0	0	0	0	0	0	0.08147	0
Bilophila_wadsworthia	0	0.25968	0	0	0.05347	0	1.3822	0.5433	0.15867	0	0	0	0.32605	0	0.00512	0	0.20187	0.03287	0.03381	0.2559	0.01204	0	0.0564	0.00116	0.10991	0.03092	0	0.07448	0.02712	0.0146	0	0.08855	0.19527	0	0	0.12935	0.1906	0	0	0.14951	0.02106	0.06966	0.36748	0.2649	0.10569	0	0	0	0	0.41664	0	0	0.11841	0.3153	0	0	0	0	0.18822	0.0119	0.22906	0.20901	0.14192	0.16406	0.08146	0.1165	0.00158	0.04871	0.01673	0.08025	0.01987	0.19543	0.1229	0.20855	0.39644	0.03896	0.0676
Methanobrevibacter_smithii	0	0.24591	0	0	0	0	0	0	0	0	0	0	0	0	0	0	0	0	0	0	0	0.00404	0	0	0.02524	0	0	0	0	0	0.36447	0	0	0	0	0	0	0	0	0	0	0	0	0	0.565	0	0.01454	0	0	0	0	0	0	0	0	0	0	0	0	0	0	0	0	0	0	0	0	0	0	0	0	0.009	0.58574	0	0	0.01866	0
Fusicatenibacter_saccharivorans	0	0.22789	0	0	0	1.15876	0.03026	0	0.20283	0.45177	1.3832	0	0.21649	2.71273	0	0	0	0.03621	0	2.75438	1.54009	0.02441	0.13716	2.30014	0.17135	0.87381	0.22348	0.53904	0.20438	1.44866	0.87919	0	0.03545	0.64371	0	0.42098	0.93468	0.42653	0	0.13218	0.10649	0.03754	0	0.53845	0.09519	0	0.01359	0	0.06592	0.00822	0.04348	0	0	0.02424	0	0.80499	0	0.41686	1.25205	0.7075	0.07762	0.13492	0.08408	0.24309	0.2545	0.21953	0.03959	0.06024	0.03565	0.28445	1.1184	0.02331	1.19596	0.19397	0.44448	0.98823	0.00929
GGB9631_SGB15085	0	0.21435	0	0	0	0	0	0	0	0	0	0	0	0	0	0	0	0	0	0	0	0	0	0	0	0	0	0	0	0	0.01665	0	0	0	0	0	0	0	0	0	0	0	0	0	0.01552	0	0	0	0	0	0	0	0	0	0	0	0	0	0	0	0	0	0	0	0	0	0	0	0	0	0	0	0.24577	0	0	0	0
Prevotella_marseillensis	0	0.20837	0	0	0	0	0	0	0	0	0	0	0	0	0	0	0	0	0	0	0	0	0	0	0	0	0	0	0	0	0	0	0	0	0	0	0	0	0	0	0	0	0	0	0	0	0	0	0	0	0	0	0	0	0	0	0	0	0	0	0	0	0	0	0	0	0	0	0	0	0	0	0	0	0	0	0
Faecalicatena_fissicatena	0	0.19763	0	0	0	0	0	0	0.29979	0.10045	0	0.06518	0.49905	0	0	0	0.00776	0	0	0.05713	0.03181	0	0	0.23579	0.06824	0.32186	0.01804	0.0293	0	0.02891	0.10296	0	0.44824	0.06625	0	0.02234	0	0.07089	0	0.00162	0.03593	0	0	0	0.24334	0	0	0	0.13276	0	0	0	0	0	0	0	0	0	1.30881	0.01586	0.01516	0.2885	0.02274	0.63009	0.05733	0.31234	0	0.13808	0.02796	0.08186	0.15472	0.21291	0.26985	0	0.1802	0.14147	0
Collinsella_aerofaciens	0	0.18167	0	0.01898	0.03992	0	0.46038	0	0.04397	0.0131	0	0.28847	0.56656	0	0.17024	0	0	0.16078	0	0	0.25904	0.06451	0.08758	0.99387	0.05198	2.09508	0	0.04436	0.21703	0.30006	0.00671	0	0.01458	0.02326	0	0.22135	0	0	0	0.03336	0	0.06998	0	0	0.05834	0	0.07904	0	0.84095	0	0.01421	0	1.07959	0.01738	0	0.17384	0	0.8666	0	0.66817	0.4319	0.02952	0.36134	0	0.06204	0.08204	0	0.12237	0.04274	0.02841	0.09135	0.13717	0.03682	0.00734	0.05666	0	0
Bacteroides_clarus	0	0.17208	0	0	0.05028	0	0	0	0	0	0	0.21167	0	0	0	0	0	0.0149	0.09881	0.13383	0	0	0	0	0	0	0	0	0.10944	0	0	0	0	0	0	0	0	0	0	0	0	0.13589	0	0	0	0	0	0	0	0	0	0	0.01921	0.08749	0	0.31871	0	0	0	0	0	0	0	0	0.02663	0.13025	0	0	0	0	0	0.2645	0	0.00426	0	0.06906	0
GGB4750_SGB6579	0	0.16148	0	0	0	0	0	0	0	0	0	0	0	0	0	0	0	0	0	0	0	0	0	0	0	0	0	0	0	0	0	0	0	0	0	0	0	0	0	0	0	0	0	0	0	0	0	0	0	0	0	0	0	0	0	0.0173	0	0	0.06931	0	0	0	0	0	0	0	0	0	0	0	0	0	0.54139	0	0	0	0
Roseburia_inulinivorans	0	0.14296	0	0	0	0	0	0	0.32281	1.20578	0	1.06452	0	0	0	0	0	0	0	0	6.86718	0.379	0.50757	3.72661	0.76521	2.3162	0.08009	1.03602	0	6.98225	0.05556	0	1.59975	0.03724	0	3.53358	0	1.00136	0	1.77968	0.10048	0	0	2.04079	0.60438	0	0	0	0	0	0	0	0.48713	0	0	1.07345	0	0	0.84487	1.7402	2.49741	0.13419	0.16912	0	0.75308	0.77939	0	0.46204	0.31948	0.16494	1.17222	0.65446	0.28255	0.11538	0.05566	1.50615	0.06546
GGB28319_SGB40892	0	0.13966	0	0	0	0	0	0	0	0	0	0	0	0	0	0	0	0.25445	0	0	0	0	0	0	0	0	0	0	0	0	0	0	0	0	0	0	0	0	0	0	0	0	0	0	0.05449	0	0	0	0	0	0	0	0	0	0	0	0	0	0	0	0	0	0	0	0	0	0	0	0	0	0	0	0	0	0	0	0
Alistipes_senegalensis	0	0.13756	0	0	0	0	0	0	0	0	0	0	0	0	0	0	0	0.01536	0	0	0	0	0.10135	0	0.14707	0	0	0	0	0	0.04293	0	0	0	0	0	0.01047	0	0	0	0	0	0	0	0	0	0	0	0	0	0	0	0	0.02386	0	0	0	0	0	0	0	0.01217	0	0	0.08496	0.12588	0	0	0	0.01989	0	0	0	0	0	0	0.00944
Alistipes_shahii	0	0.13687	0	0.24895	0	0	0	2.70509	0.85382	0	0	0	1.22422	0	0.03092	0	0.28541	0.29144	0	0.8059	0.075	0	0.09944	0.08309	0.52928	0	1.26655	0.11352	0.02883	0.05678	0.75989	0	0.56679	0.15348	0	0	0.6221	0	0	0.45836	0.21181	0	0	0	0.60315	0	0.07538	0	0.01419	0.24217	0	0	0.04879	0.15043	0	0.06902	0	0	0	0.02239	0.01875	1.22234	0.80995	0	0.18162	0.66751	0.00083	0.02501	0.00086	0.25611	0.08767	0.53687	0.37738	0.44462	0.88055	0.09641	0
Clostridia_bacterium	0	0.1338	0	0.01655	0.18845	0	0.0192	0.94748	0.49588	0.4787	0	0	0.28396	0.04933	0.00283	0	0.15978	0.90422	0	0	0.31564	0.61898	0.17365	0	1.97132	0	1.0274	0.01951	0	0.28874	1.95192	0	0.14019	0.0132	0	0.11743	0.0244	0.19133	0	0.46629	0.0055	0.10472	0	0.25483	2.39603	0	0.11911	0	0.00328	0	0	0	0	0.4825	0	1.29302	0.0421	0	3.26253	0	0.20218	0.29155	0.21744	0	0.61481	0.86052	0	0.75226	0.02533	0.90696	0.52823	1.03452	8.40811	0.51162	0.32677	0.10396	0
Ruminococcaceae_unclassified_SGB4425	0	0.12467	0	0	0	0	0	0	0	0.39303	0	0	0.27125	0.27779	0	0	0	0	0	0	0	0.27144	0.20068	0	0	0	0.29604	0.5986	0	0	0.00148	0	0.01417	0	0	0	0	0	0	0	0.28128	0	0	0.69375	0	0	0	0	0	0	0	0	0	0	0	0.14387	0	0.02348	0.2428	0.00292	0	0	0.19214	0	0.25866	0.14213	0	0	0	0	0	0	0.06098	0.14271	0.50501	0	0
Clostridiaceae_bacterium	0	0.12198	0	0.1537	0	0	0.0826	0.026	0.56656	0.2464	0	0	0.43417	0.02107	0	0	0.20713	0	0	0.06275	0.14066	0.01408	0.06824	0.01174	0.67987	0.16478	0.30805	1.64873	0	0.10965	0.29956	0	0.10015	0.02677	0.05163	0.15541	0	0.11578	0	0.09063	0.0216	0.00372	0	0.47982	0.04597	0	0	0	0.14951	0	0	0	0.39389	0.18516	0	0.11252	0	0.0305	0.4678	0	0.01502	0.39928	0.24241	0.75805	0.08541	0.46977	0.022	0.02661	0	0.13516	0.03317	0.29848	0.28559	0.46902	0.14021	0.04086	0.01343
Intestinimonas_butyriciproducens	0	0.11497	0	0	0	0	0	0	0	0	0	0	0	0	0	0	0	0.05818	0	0	0	0	0	0	0	0	0.00532	0	0	0	0	0	0.00641	0	0	0	0	0.00162	0	0.01203	0	0	0	0	0	0	0	0	0	0	0	0	0	0.00192	0	0	0	0	0	0	0	0.0305	0.02631	0	0	0	0	0	0	0	0	0	0	0	0	0	0
Enterocloster_asparagiformis	0	0.09754	0	0	0.20199	0	0	0.23577	0	0	0	0	0.02527	0	0.01337	0	0	0.01487	0.08126	0	0	0	0	0	0	0	0	0	0	0	0	0	0	0	0	0	0.0025	0	0	0	0	0.10488	0	0.0031	0.03668	0	0	0	0	0	0	0.20166	0	0.04119	0	0	0	0	0	0	0	0.03198	0	0	0	0	0	0	0	0	0	0	0	0	0.01168	0	0
Clostridium_sp_AF27_2AA	0	0.09117	0	0.12798	0	0	0	0	0	0.04011	0	0	0	0.00125	0	0	0	0	0	0	1.22147	0.02865	0.14154	0.29317	0.03363	3.44301	0.3511	0	0	1.29023	0	0	0.04475	0	0	0	0	0.24997	0	0.05738	0.02985	0	0	0	0.00157	0	0.40828	0	0.231	0	0	0	0	0	0	0	0	0	0.05345	0.76656	0	0	0.00591	0.83714	0.08193	0	0.14436	0	0.05023	0.02959	1.2896	0	0.01782	0.02376	0.01152	0.29216	0
Rhodobacteraceae_unclassified_SGB53807	0	0.0863	0	0	0	0	0	0	0	0	0	0	0	0	0	0	0	0	0	0	0	0	0	0	0	0	0	0	0	0	0	0	0	0	0	0	0	0	0	0	0	0	0	0	0	0	0	0	0	0	0	0	0	0	0	0	0	0	0	0	0	0	0	0	0	0	0	0	0	0	0	0	0	0	0	0	0
Hungatella_hathewayi	0	0.08543	0.48255	0.01528	0.44104	0	0.05805	0.24329	0	0.0011	0	0	0.02637	0.04459	0	0	0.00497	0	0	0	0	0	0	0	0	0	0	0	0	0	0	0	0	0	0.1293	0.42332	0	0	0.076	0	0	0.01755	0.42776	0	0.03589	0	0	0	0	0	0	0	0	0	0	0.0114	0	0	0	0	0	0	0	0.0038	0	0.07862	0	0	0	0	0	0	0	0	0	0.21387	0
Ruthenibacterium_lactatiformans	0	0.08198	0	0	0	0	2.10167	0	0.01306	0.24905	0	0	0.12015	0	0	0	0.07515	0.19113	0	0.03982	0	0	0	0	0.00313	0	0.05738	0.00906	0	0	0.00445	0	0	0	0	0.01149	0.08729	0.06833	0	0.01411	0	0	0	0	1.58446	0.00738	0	0.06224	0	0.1218	0	0.01405	0.02012	0.04725	0	0.02981	0	0	0.08136	0	0.01524	0.0861	0	0.00776	0.02424	0.00797	0	0	0	0	0	0.12635	0.03853	0.00176	0.09592	0	0
Alistipes_ihumii	0	0.07927	0	0	0	0	0	0	0	0	0	0	0.11612	0	0	0	0	0.12545	0	0.01758	0	0	0.01007	0	0	0	0	0.01298	0	0	0	0	0	0	0	0	0.03335	0	0	0.00034	0	0	0	0	0.06836	0	0	0	0	0.03212	0	0	0	0.00837	0	0.12156	0	0	0	0	0.01239	0	0.03354	0	0.00946	0.04776	0	0.00234	0	0.01755	0	0.02192	0.00522	0.00258	0.11188	0.00357	0
GGB3637_SGB4930	0	0.07895	0	0	0	0	0	0	0	0	0	0	0	0	0	0	0	0	0	0	0	0	0	0	0	0	0	0	0	0	0	0	0	0	0	0	0	0	0	0	0	0	0	0	0	0	0	0	0	0	0	0	0	0	0	0	0	0	0	0	0	0	0	0	0	0	0	0	0	0	0.48654	0	0	0	0	0	0
Ruminococcaceae_unclassified_SGB15265	0	0.07815	0	0	0	0	0	0	0.03859	0.189	0	0	0	0	0	0	0	0	0	0	0	0.02497	0.15582	0	0.14167	0.03965	0.36971	0.09505	0	0	0.036	0	0.0198	0	0	0	0	0	0	0.2233	0.12716	0	0	0	0.57127	0	0	0	0	0	0	0	0	0	0	0	0	0.01002	0.31748	0	0.14646	0	0.17485	0	0.18259	0.10355	0	0.0455	0	0.35341	0.00524	0.07372	0.07567	0	0.52557	0	0
Blautia_glucerasea	0	0.0759	0	0	0.0052	0	0	0	0.00847	0	0	0	0.01591	0.13861	0	0	0	0	0	0	0	0	0	0	0.01124	0.01492	0	0	0	0	0.14987	0	0	0	0	0	0	0.01218	0	0.00929	0	0	0	0.02664	0.00961	0	0	0	0	0	0	0	0	0.00534	0	0.12904	0	0	0.13576	0	0	0	0	0	0.02497	0	0	0	0	0.19114	0	0.00879	0.03613	0	0	0.00612	0
Blautia_sp_MSK_20_85	0	0.07321	0	0	0	0	0	0	0	0	0	0	0	0.03913	0	0	0	0.0075	0	0	0	0	0.02078	0	0	0	0	0	0	0	0.04079	0	0	0	0	0	0	0	0	0	0.0145	0	0	0.02779	0	0	0	0	0	0	0	0	0	0.02916	0	0.16328	0	0.14309	0	0	0	0	0.00433	0	0	0	0	0	0	0	0	0	0	0.00524	0	0	0
Clostridiales_bacterium	0	0.06523	0	0.02183	0	0	1.41039	0	0	0.01869	0	0	0	0	0	0	0.03376	0.05468	0	0.03718	0	0	0	0	0.01574	0	0.09562	0.00542	0	0	0.00107	0	0.00128	0	0	0.01856	0	0.00409	0	0.00813	0	0	0	0	0	0	0	0	0	0	0	0.0022	0.07478	0	0	0.08407	0	0	0	0	0	0.08868	0.00337	0.10895	0	0	0	0	0	0	0	0.01853	0	0	0.01404	0	0
Holdemania_massiliensis	0	0.06495	0	0	0	0	0	0	0	0.00052	0	0	0	0	0	0	0	0	0	0	0	0	0	0	0.00305	0	0.01943	0.00797	0	0	0	0	0.00894	0	0	0	0.02104	0	0	0	0	0	0	0	0	0	0	0	0	0	0	0	0	0	0	0.02566	0	0	0	0	0.00202	0	0	0	0	0.01109	0	0	0	0	0	0	0.00743	0	0.00198	0	0
Butyricicoccus_sp_AM29_23AC	0	0.0643	0	0	0	0.55175	0	0	0.12607	0.09781	0	0	0.10818	0.00587	0	0.07489	0	0	0	0	0.0234	0.07699	0.33849	0	0	0	0.29474	0.65424	1.00578	0.00948	0.21927	0	0.05921	0	0	0	0	0	0	0.16037	0	0.01562	0	0	0	0	0.26922	0	0	0	0.03978	0	0	0.11071	0	0	0	0	0	0	0.15882	0.43859	0.18276	0.26123	0.09484	0.10122	0	0.05194	0	0	0.13229	0.21448	0.18427	0.04501	0	0.08618	0.16666
Eisenbergiella_massiliensis	0	0.06085	0	0	0	0	0	0	0	0	0	0	0	0	0	0	0	0.08045	0	0	0	0	0	0	0	0	0	0	0	0	0	0	0	0	0	0.03362	0	0	0	0	0	0	0	0	0	0	0	0	0	0	0	0	0	0	0	0	0	0	0	0	0	0	0	0	0	0	0	0	0	0	0	0	0	0	0	0	0
Roseburia_intestinalis	0	0.05312	0	0	0.20612	0	0.67175	0	0.03661	1.38957	0	0	1.35576	0	0	0	0	0	0	0	8.26991	0	0.1479	0	2.22143	13.16004	0.11384	0	2.96413	7.38069	0.05795	0	0.08807	0	0	0	0	0.14593	0	0	0.42088	0.04653	0	1.20148	0.11536	0	0	0	0	0	0	0	0	0	0	15.5256	2.43587	0	0	2.66023	0.08685	0	0.10102	3.43541	0.87981	0	0.58941	0	0	0.98899	0.21235	0.02277	0.00158	1.05233	0	10.94341	0
Roseburia_faecis	0	0.04616	0	0.25627	0	0	0	0	0.98369	0.46133	0	1.48454	0	0.23964	0	0	0	0.13006	12.31086	0	9.8422	0.76053	1.00384	0.21203	0.06917	1.67758	0.47298	0	0	10.41054	2.64884	0	2.03801	0	0	0	0	2.73242	0	4.07487	0.67278	0.00568	0	8.09401	0.85762	0	0.01298	0	0.38781	0	2.04181	0	0	0.02517	0	0	0	0.0923	2.15158	0.35763	1.1811	1.21292	2.5235	0.6364	0.77186	5.28297	0	0.12245	0.05025	0.0393	1.56364	0.52041	1.70989	0	0	1.50485	0.807
Enterocloster_aldensis	0	0.04291	0	0.01048	0.06568	0	0.00837	0.00135	0	0.00745	0	0	0.01269	0.00101	0	0	0.00783	0	0.01654	0	0	0	0	0	0	0	0	0.00206	0	0	0	0	0	0	0.0015	0.00807	0.02627	0	0	0	0	0	0	0	0	0	0	0	0	0	0	0.0194	0.04499	0	0	0	0.29791	0	0	0	0	0.00101	0	0.00209	0	0	0	0	0	0	0	0	0	0	0	0	0
Ruminococcaceae_unclassified_SGB15236	0	0.03984	0	0	0	0	0	0	0	0	0	0	0	0	0	0	0	0	0	0	0	0	0	0	0	0	0.11902	0	0	0	0.10536	0	0	0	0	0	0	0	0	0	0	0	0	0	0	0	0	0	0	0	0	0	0	0.17004	0	0	0	0	0.11512	0	0	0	0.01348	0	0.01247	0.046	0	0.03008	0	0.1174	0	0	0.32759	0	0	0	0
GGB3614_SGB4886	0	0.03936	0	0	0	0	0	0	0	0	0	0	0	0	0	0	0	0	0	0	0.05487	0	0	0	0	0	0	0	0	0.06336	0.07636	0	0	0	0	0	0	0	0	0	0	0	0	0	0	0	0	0	0	0	0	0	0	0.03756	0	0	0	0	0	0	0	0	0.1995	0	0	0	0	0	0	0	0	0	0.00519	0	0	0	0
Enterocloster_citroniae	0	0.03833	0.10324	0.02491	0.08568	0	0.00573	0.0892	0	0.01497	0	0	0.02257	0	0	0	0	0.03061	0	0	0	0	0	0	0	0	0.00187	0.00602	0	0	0	0	0.00105	0	0	0.05078	0	0	0	0	0	0.02534	0	0.00869	0	0	0	0	0	0	0	0	0.03221	0.01388	0	0.03821	0	0	0.00462	0	0	0.00291	0	0.01385	0	0	0	0	0	0	0	0.00387	0	0	0.00421	0	0
Blautia_obeum	0	0.03643	0	0.00079	0.10303	0.01332	0	0	0.08959	0.055	0	0.00068	0.06496	0	0	0	0	0	0	0.02631	0.03624	0.0043	0.00072	0.23068	0.00883	0.06079	0.0018	0.03405	0	0.02776	0.01931	0	0.07588	0	0	0.02004	0.00593	0.00162	0.00559	0.00799	0.00241	0.0165	0	0.03927	0.12382	0	0.05465	0	0.04181	0	0	0	0	0	0	0.02253	0	0	0.0578	0.1071	0	0.12257	0.09511	0.03324	0.02031	0.10238	0.0044	0.03442	0.00779	0.00743	0.03743	0.02761	0.0351	0	0.04124	0.17244	0
Prevotella_colorans	0	0.03298	0	0	0	0	0	0	0	0	0	0	0	0	0	0	0	0	0	0	0	0	0	0	0	0	0	0	0	0	0	0	0	0	0	0	0	0	0	0	0	0	0	0	0	0	0	0	0	0	0	0	0	0	0	0	0	0	0	0	0	0	0	0	0	0	0	0	0	0	0	0	0	0	0	0	0
Bifidobacterium_bifidum	0	0.03183	0	0	0	0	0	0	0	0	0	0	0	0	0	0	0	0	0	0	0.19576	0	0	0	0	0	0.17222	0.00427	0	0.23644	0	0	0	0	0	0	0	0	0	0	0	0	0	0	0.07365	0	0	1.37645	0.0486	0	0	0	0	0	0	0	0	0.97834	0	0	0	0	0.15158	0	0	0	0	0.32581	0	0.07379	0	0	0	0	0	0	0
Eisenbergiella_tayi	0	0.03072	0	0	0	0	0	0	0	0	0	0	0.00227	0	0	0	0.00327	0	0	0	0	0	0	0	0	0	0	0	0	0	0	0.02699	0	0	0	0	0	0	0	0	0	0	0.84564	0	0	0	0	0	0	0	0	0	0	0	0	0	0	0	0	0	0	0	0.02307	0	0	0	0	0	0	0	0	0	0	0	0	0	0
Lachnospiraceae_bacterium_WCA3_601_WT_6H	0	0.02726	0	0.0018	0	0	0	0	8.64062	0.02574	0	0	0.01578	0	0	0	0.04866	0	0	0.14454	0.6273	0.19663	0.52788	0.2247	0.25749	0	0.00687	0.07376	0	0.78053	0.0818	0	2.16487	0.03892	0	1.40034	0	0.05506	0	0.16316	0	0.00211	0	0	0.02513	0	0.0386	0	0	0	0	0	0	1.29014	0	0	0	0.0367	0.02017	0	0.41499	0	0.06102	0	0.25028	0.02344	0.01762	1.38132	0.02408	2.86285	0.08033	0.04023	0.09825	0.31634	0	0.16668	0
GGB9635_SGB15106	0	0.02299	0	0	0	0	0	0	0	0	0	0	0	0	0.01049	0	0	0.00217	0	0	0	0	0	0	0	0	0	0	0	0	0.1921	0	0	0	0	0	0	0	0	0	0	0	0	0	0	0	0.0319	0	0	0	0	0	0	0.99485	0	0.13273	0	0	0.14469	0	0	0	0	0	0.02038	0.74862	0	0.1771	0	0.18804	0.01624	0	0.77248	0	0	0	0
Campylobacter_hominis	0	0.01866	0	0	0	0	0	0	0	0	0	0	0	0	0	0	0	0	0	0.18701	0	0	0	0	0	0	0	0	0	0	0	0	0	0.053	0	0	0	0	0	0	0	0	0	0	0.00231	0	0	0	0	0	0	0	0	0	0	0.00282	0	0	0	0	0	0	0	0	0	0	0	0	0	0	0	0	0	0	0	0	0
Clostridiales_bacterium_1_7_47FAA	0	0.01835	0	0	0	0	0	0	0	0	0	0	0	0	0	0	0	0	0	0	0	0	0	0	0	0	0	0	0	0	0	0	0	0	0	0	0	0	0	0	0	0	0	0	0	0	0	0	0	0	0	0	0	0	0	0.00629	0	0	0	0	0	0	0	0	0	0	0	0	0	0	0	0	0	0	0	0	0
Phocea_massiliensis	0	0.01759	0	0	0.00128	0	0.26381	0.05978	0.00395	0.01462	0	0	0.01467	0	0	0	0.01988	0	0	0	0	0	0	0	0	0	0.04564	0	0	0	0	0	0	0	0	0.02434	0.0421	0.00735	0	0	0	0	0	0.00121	0	0	0	0	0.01984	0	0	0	0	0.01059	0	0.00807	0	0	0	0	0	0.02118	0	0	0	0.00463	0	0	0	0	0	0	0	0	0.01057	0	0.02253
Candidatus_Avimicrobium_caecorum	0	0.01655	0	0	0	0	0	0.22257	0.05211	0.05413	0	0	0	0	0	0	0.10323	0	0	0.01248	0	0.02615	0	0	0.04957	0	0.14698	0.00319	0	0	0	0	0	0	0	0.0665	0	0.00764	0	0.00662	0	0	0	0	0.02373	0	0	0	0	0	0	0	0	0.08038	0	0	0	0	0.02309	0	0.0459	0.08562	0.00871	0	0	0.0343	0	0	0	0.06913	0	0.01651	0	0.03151	0.03875	0.01215	0
Clostridium_sp_AT4	0	0.01562	0	0.60124	0.76194	0	0.09277	0	0	0	0	0	0.0358	0.11296	0	0	0.06764	0.08416	6.64101	0.09399	0.00953	0	0	0.17224	0	0.03082	0	0.06719	3.70725	0.00867	0	0	0	0	0	0.09134	0.05774	0.27908	0.34076	0	0	0	0	0	0	0	0	0	0.08288	0.34104	0	0.03157	0	0	0	0	0	0	0	0.46715	0	0	0	0	0	0	0.19115	0	0.20769	0	0	0	0	0	0.02651	0	0.92153
Lacrimispora_celerecrescens	0	0.01293	0	0	0.01577	0.41344	0.00077	0	0.01847	0	0	0	0.00071	0	0	0	0	0	0	0	0	0	0.01389	0	0.01571	0	0	0.01521	0	0	0.08488	0	0	0	0	0	0	0.03543	1.35802	0.00703	0	0.01349	0	0.00463	0.015	0	0	0	0	0	0	0	0	0.01342	0	0	0	0	0	0	0	0.01011	0	0	0	0	0	0	0.01045	0.023	0.01524	0	0.09056	0	0	0.03505	0.00194
Streptococcus_salivarius	0	0.01173	0.10184	0.07723	0.01614	0	0	0	0	0.02159	0.02706	0.0208	0	0	0.05202	0	0	0.00748	0.06916	0.06239	0.01256	0.09046	0	0	0	0.14923	0	0.04105	0.03417	0.00287	0	1.19846	0.00986	0.05618	0	0	0.20299	0.0049	0.1365	0.56156	0	0	0	0.00439	0.09528	0	0	0.04065	0	0	0.05131	0	0	0	0	0.07105	0.11133	0.1987	0.01075	0.41408	0.48799	0	0.05612	0	0.0014	0.12955	0	0.0274	0.20076	0.00975	1.63513	0.00621	0.00485	0	0.00677	0.43053	0.07804
Veillonella_tobetsuensis	0	0.01112	0	0	0	0	0	0	0	0	0.00737	0	0	0	0	0	0	0	0	0	0	0	0	0	0	0	0.00074	0	0	0	0	0	0	0	0	0	0.26712	0	0	0.04201	0	0	0	0	0	0	0	0	0	0	0	0	0	0	0.01982	0	0	0	0	0.00304	0.08297	0	0	0	0	0	0	0	0	0	0.01643	0	0	0	0	0.26752	0.00932
Alistipes_communis	0	0.01071	0	0	0	0	2.72802	0	0.23915	0.21708	0	0	0.25304	0	0	0	0.019	0	0	0	0.01945	0	0.01627	0	0.11846	0.0129	0	0.09912	0	0.01125	0.00516	0	0.02676	0	0	0	0.08435	0.10389	0	0.11435	0	0	0	0.24612	0.41787	0	0	0	0	0	0	0	0	0.00435	0	0.11891	0	0	0	0	0.06767	0.13793	0.18004	0.1851	0.09471	0.38847	0	0.03984	0	0.02717	0	0.04803	1.70368	0	0	0	0
GGB9557_SGB14966	0	0.01069	0	0	0	0	0.04136	0.01916	0	0	0	0	0	0.00189	0	0	0	0	0	0	0	0	0.01186	0	0	0	0.05584	0.00389	0	0	0.00217	0	0	0	0	0	0	0	0	0	0	0	0	0	0.00534	0	0	0	0	0	0	0	0	0	0	0.01226	0	0	0	0	0	0.00042	0	0	0	0.0113	0	0	0	0	0	0.008	0.00659	0.0066	0	0	0
Blautia_stercoris	0	0.00744	0	0	0.07265	0	0.00182	0	0.08729	0	0	0	0	0	0	0	0	0	0	0	0	0	0	0	0	0.01858	0	0.01124	0	0	0.01456	0	0	0.09442	0	0	0	0.01071	0	0	0	0	0	0	0	0	0.01022	0	0	0	0	0	0	0	0	0	0	0.0524	0.00331	0.1307	0	0.02225	0	0.01287	0	0	0	0	0	0	0.26983	0	0	0.00042	0	0	0
Lachnospira_eligens	0	0.00708	0	0	0	0	0.15595	0	1.19665	0.05943	0	0	0.09716	0.01245	0.04639	0	0.11969	0	0	0	0.27441	0.35811	0.00089	0	0	0.08466	0.0923	0	0	0.26195	0.45064	0	0.29756	0.20207	0	0.74218	0	0.23849	0	0	0.45543	0	0	0.09289	0.9108	0	0	0	0	0	0	0	0	1.17981	0	0	0	0.18207	4.59075	0.04425	0.41863	1.50008	0.18987	0	0.86802	0	0.02474	0.40585	0.11983	4.98568	3.69167	0.00049	0.27962	3.06429	0.76571	3.86663	0.58547
GGB58158_SGB79798	0	0.00656	0	0	0	0	0	0	0	0	0	0	0	0	0	0	0	0	0	0	0	0	0	0	0	0	0	0	0	0	0	0	0	0	0	0	0	0	0	0	0	0	0	0	0	0	0	0	0	0	0	0	0	0	0	0	0	0	0	0	0	0	0	0	0	0.00281	0	0	0	0	0	0	0.00372	0	0	0	0
Parabacteroides_bouchesdurhonensis	0	0.00621	0	0	0	0	0	0	0	0	0	0	0	0	0	0	0	0	0	0	0	0	0	0	0	0	0	0	0	0	0	0	0	0	0	0	0	0	0	0	0	0	0	0	0	0	0	0	0	0	0	0	0	0	0	0	0	0	0	0	0	0	0	0	0	0	0	0	0	0	0	0	0	0	0.00314	0	0
Leclercia_adecarboxylata	0	0.00489	0	0	0	0	0	0	0	0	0	0	0	0	0	0	0	0	0	0	0	0	0	0	0	0	0	0	0	0	0	0	0	0	0	0	0	0	0	0	0	0	0	0	0	0	0	0	0	0	0	0	0	0	0	0	0	0	1.27879	0	0	0	0	0	0	0	0	0	0	0	0	0	0	0	0	0	0
Tyzzerella_nexilis	0	0.00487	0	0	0	0	0.03917	0	0	0	0.59727	0	0.07208	0.05662	0	0	0	0	0	0	0	0	0	0	0.00452	0	0	0	0	0	0	0.35801	0	0	0	0.26237	0	0.17605	0	0	0	0.45953	0	0	0	0	0	0	0	0	0	0	0.46606	0	0	0	0	0	0	0.13356	0	0	0	0	0	0.00829	0	0	0	0	0	0	0	0	0	0	0.29826
Senegalimassilia_anaerobia	0	0.00452	0	0	0	0	0	0	0	0	0	0	0	0	0	0	0	0	0	0	0	0	0	0	0	0.08824	0	0	0	0	0	0	0	0	0	0	0	0	0	0	0	0	0	0	0	0	0	0	0	0	0	0	0	0	0	0	0	0.06538	0	0	0	0	0	0	0	0	0	0.00088	0	0	0	0	0	0	0	0	0
Porphyromonas_SGB1977	0	0.00392	0	0	0	0	0	0	0	0	0	0	0	0	0	0	0	0	0	0	0	0	0	0	0	0	0	0	0	0	0	0	0	0.04164	0	0	0	0	0	0	0	0	0	0	0	0	0	0	0	0	0	0	0	0	0	0	0	0	0	0	0	0	0	0	0	0	0	0	0	0	0	0	0	0	0	0	0
GGB9581_SGB14999	0	0.00387	0	0	0	0	0.09113	0.22552	0.02229	0.02878	0.15112	0	0.02176	0.00929	0	0	0.0596	0.02412	0	0.01115	0	0	0.01909	0	0.03674	0.03212	0.02326	0.00419	0	0	0	0	0.04795	0	0	0.01079	0.02053	0.01624	0	0.00607	0	0	0	0.03439	0	0	0	0	0	0	0	0	0	0.03794	0	0	0	0	0.0162	0	0	0.0086	0	0.07201	0	0.01198	0	0	0	0.00385	0	0.01646	0.01764	0.00673	0.02448	0.00497	0.00883
Harryflintia_acetispora	0	0.00287	0	0	0	0	0	0	0	0	0	0	0	0	0	0	0	0	0	0	0	0	0	0	0	0	0	0	0	0	0	0	0	0	0	0	0	0	0	0	0	0	0	0	0	0	0	0	0	0	0	0	0	0	0	0	0	0	0	0	0	0	0	0	0	0	0	0	0	0	0	0	0	0	0	0	0
GGB9632_SGB15089	0	0.00248	0	0	0	0	0.96713	0	0.01064	0.09961	0	0	0.18687	0.00697	0	0	0.44245	0.46329	0	0.20379	0.03908	0.03308	0.04444	0	0.32962	0.0988	0.38327	0.03267	0	0.04743	0	0	0.49978	0	0	0	0.19836	0.00256	0	0.58105	0.08237	0	0	0.60213	0.16057	0	0.0206	0	0.91134	0	0	0	0	0.03065	0	0	0	0	0.06284	0	0.04857	0.41793	0.12705	0	0.02172	0.38294	0	0.05085	0	0.04954	0.00468	0.26281	0.05713	0.12305	0.80892	0.02121	0.01849
Clostridiaceae_bacterium_NSJ_31	0	0.00228	0	0	0	0	0	0	0	0	0	0	0	0	0	0	0	0	0	0	0	0	0	0	0	0	0	0	0	0	0	0	0	0	0	0	0	0	0	0	0	0	0	0	0	0	0	0	0	0	0	0	0	0	0	0	0	0	0	0	0	0	0	0	0	0	0	0	0	0	0	0	0	0	0	0	0
Eubacteriaceae_bacterium	0	0.00212	0	0	0	0	0	0	1.47582	0	0	0.00068	0	0	0	0	0	0	0	0	0	0	0	0	0	0	0	0	0	0	0.04452	0	0	0	0	0	0	0	0	0	0	0	0	0	0	0	0	0	0	0	0	0	0	0.00605	0	0.00875	0	0	0	0	0.00877	0	0	0	0.00032	0.0449	0	0	0	0	0	0	0.04453	0	0.00361	0	0
Dorea_sp_AF36_15AT	0	0.00205	0	0	0.01106	0	0.01684	0	0.00714	0	0	0	0.00997	0	0.01593	0	0	0.02173	0	0	0	0	0.00305	0.11804	0	0	0	0	0.01278	0	0	0	0	0	0	0.01967	0	0	0	0	0	0	0	0.00589	0.00473	0	0	0	0	0.0113	0	0	0	0.0358	0	0	0	0	0	0	0	0.04895	0	0	0	0	0	0	0	0.01528	0.00119	0.01854	0.00728	0	0	0	0
Enterocloster_bolteae	0	0.0018	2.41673	0.19249	0.08832	0	0.1392	0.8105	0	0	0	0	0.01337	0.18396	0.03734	0	0.49568	0.04796	0.95224	0.00068	0	0	0	0	0	0.02783	0	0	0.18574	0	0	0	0	0	5.34463	0.01947	0.01859	0.01876	0.01564	0	0	0.24954	6.05524	0	0	0	0	3.64765	0.21057	0	0	2.27313	0.16335	0.14095	0.129	0.12124	2.65015	0	0	0	0	0.00544	0	0.04114	0	0	0	0	0	0	0	0.04582	0	0	0	0	0.04924
Blautia_schinkii	0	0.00133	0	0	0	0	0	0	0	0	0	0	0	0	0.00853	0	0	0	0	0	0	0	0.01506	0	0	0	0	0	0	0	0.01748	0	0	0	0	0	0	0	0	0	0	0	0	0	0	0	0	0	0	0	0	0	0	0	0	0	0	0	0	0	0	0	0	0	0	0	0	0	0	0	0.0294	0	0	0	0	0.03622	0
Faecalicatena_contorta	0	0.0013	0	0	0.01456	0	0.00399	0	0	0	0	0	0.0002	0.00039	0	0	0.00258	0	0	0	0	0	0	0	0	0	0.00305	0	0	0	0	0	0	0	0	0	0.00021	0	0	0	0	0	0.21197	0	0	0	0	0	0	0.27069	0	0	0	0	0	0	0	0	0	0	0	0	0	0.00188	0	0	0	0	0	0	0	0.00378	0	0	0	0	0
GGB58233_SGB79883	0	0.0011	0	0	0	0	0	0.00209	0	0	0	0	0	0	0	0	0	0	0	0	0	0	0	0	0	0	0	0	0	0	0	0	0	0	0	0	0	0	0	0	0	0	0	0	0	0	0	0	0	0	0	0	0	0	0	0.002	0	0	0	0	0	0	0	0	0	0	0	0	0	0	0	0	0	0	0	0	0
Ruminococcus_SGB4421	0	0.00084	0	0	0	0	0	0	0	0	0	0	0.02547	0	0	0	0.26005	0.42067	0	0	0.14404	0	0	0	0.2036	0	0	0	0	0.15225	0	0	0.14547	0	0	0	1.08948	0	0	0	0	0	0	0	0	0	0	0	0	0	0	0	0	0	0	0	0	0.03463	0	0	0.19824	0.10528	0	0	0	0	0	0.42917	0	0	0	0	0	0	0.14966	0	0
Blautia_SGB4815	0	0.00069	0	0	0	0	0	0	0	0	0	0	0.00795	0	0.00231	0	0	0	0	0	0	0.02327	0	0	0.00233	0.01037	0	0	0	0	0.05488	0	0	0	0	0	0.03101	0	0	0	0	0	0	0	0.01987	0	0	0	0	0	0	0	0	0	0	0.03398	0	0	0	0	0	0.02467	0.01869	0	0	0.00776	0	0	0	0.0126	0	0	0.03059	0	0.19593	0	0
GGB3571_SGB4778	0	0.00069	0	0	0	0	0	0	0.01516	0.01003	0	0	0.01685	0	0	0	0	0	0	0.01276	0	0.00103	0.08646	0.00372	0.00648	0	0.01328	0	0	0	0.02083	0	0.00172	0	0	0	0.01267	0.03285	0	0.02847	0	0	0	0	0.00774	0	0	0	0	0	0	0	0	0.00351	0	0	0	0	0.01148	0	0.02556	0.01049	0.00349	0	0.05094	0.02121	0	0.01413	0	0.04186	0.00193	0.02228	0.01771	0.01996	0.02389	0.00297	0
Phocaeicola_massiliensis	0	0	11.73063	0	0	0	0	0	0	0	0	0	0.82134	0	0	1.08112	0	0	0	0	0	0	2.91153	0.69266	0	0	0	0	0	0	1.71165	0	0	0	4.95032	0	7.34588	0	0	0	1.25731	4.20946	0	0	0	0	0	0	10.13617	0.00038	0	0	0	0.3287	0	0	0	0	0	1.52929	1.77541	0	0.48338	0	0.29947	0	1.91672	0	0	0	2.97614	2.93247	0	0.21565	0	0	13.67843
Ruminococcus_gnavus	0	0	4.27598	8.74232	0.32874	0	0.19253	4.83485	0	0.01556	0.30743	0.02788	0	0.16781	0	0	1.08565	0.03203	0.53911	0.72029	0	0	0	0.01206	0	0.38054	0	0.0822	2.32683	0	0	8.2865	0	0	1.63056	3.70358	0.78857	0.58518	1.31251	0	0	1.04888	0	0.07625	0	0	0.16741	13.06688	0.08704	2.60665	0	0.107	6.66137	0	17.39272	0	2.33229	0	0	0.16169	0	0	0	0.06866	0	0.03026	0.08989	0	0.22785	0	0.19173	0	0	0	0.06161	0.12789	1.88929
Dialister_hominis	0	0	2.42582	0	0	0	0	0	1.28371	0	0	0	0	1.2064	0	0	0	0	0	0	2.18138	3.06733	0	0	0	0.57712	0	0	0	2.35342	0	0	3.25191	0	0	0	0	0	0	0	3.3645	0.07618	0	0	0	0	0	0	0.05861	0	0	0	0	0	0	0	0	0	0	0	0	0	1.81992	0	2.69586	0	0	0	0	1.66989	1.06415	0.28811	0	0	1.914	0.58467	0
Bifidobacterium_dentium	0	0	0.73923	0	0	0	0	0	0	0	0	0	0	0	0	0	0	0	0	0	0	0	0	0	0	0	0	0	0	0	0	0.00066	0	0	0	0	0	0	0	0	0	0	0	0	0	0	0	0	0	0	0	0	0	0	0	0	0	0.04764	0	0	0.00742	0	0	0	0	0	0	0	0	0	0	0	0	0	0	0	0
Megasphaera_micronuciformis	0	0	0.72747	0	0	0	0	0	0	0	0	0	0	0	0	0	0	0	0	0	0	0	0	0	0	0	0	0	0	0	0	0	0	0	0	0	0.01359	0	0	0	0	0	0	0	0	0	0	0	0	0	0	0	0	0	0	0	0	0	0	0	0	0	0	0	0	0	0	0	0	0	0	0	0	0	0	0.03947	0
Blautia_hansenii	0	0	0.498	0	0	0	0	0	0	0	0	0	0	0	0	0	0	0	0.09609	0	0	0	0	0	0	0	0	0	0	0	0	0	0	0	0	0	0	0	0	0	0	0	0	0	0	0	0	0	0	0	0	0	0.32033	0	0	0	0	0	0	0	0	0	0	0	0	0	0	0	0	0	0	0	0	0	0	0	0.05614
Erysipelatoclostridium_ramosum	0	0	0.44971	0	0.05247	0.01472	0	0	0	0	0.02536	0	0	0	0	0.03156	0	0	0.11478	0	0	0	0	0	0	0	0	0	0	0	0	0.03957	0	0	0.00044	0	0	0.00824	1.03481	0	0	0	0.20655	0	0	4.97466	0.00994	1.49125	0.08809	0	0	0	0.03373	0	0	0.0027	0	0	0	0	0	0	0	0	0	0	0	0	0	0	0	0	0	0	0	0	0.01593
Enterocloster_clostridioformis	0	0	0.22498	0.00476	0.06818	0	0	0	0	0	0	0	0	0	0	0	0	0	0.24588	0	0	0	0	0	0	0	0	0	0	0	0	0	0	0	0	0	0.03086	0	0	0	0	0	0	0	0	0	0	0	0	0.01461	0	0	0	0	0	0	0	0	0	0	0	0	0	0	0	0	0	0	0	0	0	0	0	0	0	0	0
Streptococcus_parasanguinis	0	0	0.08453	0	0	0	0	0.0017	0.08655	0.00953	0	0.04152	0	0.05905	0	0	0	0	0.03525	0	0	0.02407	0	0	0	0.31338	0	0.01036	0.03983	0	0	0.07672	0	0.02576	0.02231	0	0.02152	0	0.00208	0.05209	0	0	0	0	0	0.25955	0.06006	0.00696	0.02617	0	0	0	0	0	0.0653	0.02846	0	0	0	0.00052	0.00848	0.00151	0.02121	0	0.01415	0	0	0	0.01087	0	0.19351	0	0	0	0	0.17061	0.00057
Proteus_mirabilis	0	0	0.024	0	0	0	0	0	0	0	0	0	0	0	0	0	0	0	0	0	0	0	0	0	0	0	0	0	0	0	0	0	0	0	0	0	0	0	0	0	0	0	0	0	0	0	0	0	0	0	0	0	0	0	0	0	0	0	0	0	0	0	0	0	0	0	0	0	0	0	0	0	0	0	0	0	0
Scardovia_wiggsiae	0	0	0.02374	0	0.00446	0	0	0.00792	0	0	0	0	0	0.00483	0	0	0	0	0	0	0	0	0	0	0	0	0	0	0	0	0	0	0	0	0	0	0.00036	0	0	0	0	0	0	0	0	0.10046	0	0.02622	0	0	0	0	0	0	0	0	0	0	0	0	0	0	0	0	0	0	0	0	0	0	0	0	0	0	0	0	0
Actinomyces_sp_S6_Spd3	0	0	0.01348	0	0	0	0	0	0	0	0	0	0	0	0	0	0	0	0	0	0	0	0	0	0	0.00165	0	0	0	0	0	0	0	0	0	0	0	0	0.00265	0	0	0	0	0	0	0	0	0	0	0	0	0	0	0	0	0	0	0	0	0	0.00584	0	0	0	0	0	0	0	0	0	0	0	0	0	0	0	0
Citrobacter_freundii	0	0	0.01287	0	0	0	0	0	0	0	0.01714	0	0	0	0	0	0	0	0	0	0	0	0	0	0	0	0	0	0	0	0	0	0	0	0	0.00842	0	0	0	0	0	0	0	0	0	0	0	0	0	0	0	0	0.03172	0	0	0	0	0.15712	0	0	0.20347	0	0	0.06237	0.07901	0.27483	0	0	0	0	0.01225	0	0	0	0	0	0.03621
Actinomyces_bouchesdurhonensis	0	0	0.00151	0	0	0	0	0	0.00839	0	0	0	0	0	0	0	0	0	0	0	0	0	0	0	0	0	0	0	0	0	0	0	0	0	0	0	0	0	0.02965	0	0	0	0	0	0	0	0	0	0	0	0	0	0	0	0	0	0	0	0	0	0	0	0	0	0	0	0	0	0	0	0	0	0	0	0	0	0
Bacteroides_stercoris	0	0	0	24.56725	1.49962	15.79542	0	0	3.81226	0	0	0	4.22813	18.19575	0.27252	44.53872	3.45683	0	25.49481	4.0459	3.1858	0	0.94513	0.22897	2.37479	0	0.53644	9.32482	15.62741	3.24412	0.01699	0.01252	0.53891	0.98015	6.19786	9.03972	1.03737	0	0	0	0.52317	0.03164	0	0	1.21233	0	0.03003	0	3.02273	3.85687	0.20809	63.06186	14.70498	0	0	0	0	0	0	3.26128	0.70397	0	0.55602	1.50703	0	2.56891	0.61844	0.03328	0.94775	0	5.11732	6.45165	0.16231	1.05385	0	0.6165	0.45167
Lachnospira_SGB5077	0	0	0	8.81978	0	0	0	0	0.00206	0	0	0	0	0	0	0	0	0	0	0	0	0.03743	0	0.99347	0	0.29915	0	0.09936	0	0	0	0	0.00496	0	0	0	0	0	0	0	0.05331	0	0	0	0	0	0	0	0	0	0	0	0	0	0	0	0	0.13737	0	0	0.01951	0	0	0	0	0	0	0	0.25456	0	0	0	0	1.8768	0	0	0
Bacteroides_fragilis	0	0	0	1.32717	2.08782	0	0	0	0	3.63137	7.15903	0.07025	0	0.14	0.13345	0	0	0	1.33778	0.60037	0.0317	0	0.04834	0	0.01311	3.97071	0	0.41908	0.62245	0.03653	0.01278	0	0	0.02617	0	0.52325	0	1.28527	0	0.4116	0.05482	0	0	2.68671	0.0383	0	0	0	0	0	0	0.89149	0.00988	0	0.00463	0.04832	0	0.15214	2.57157	0.11013	0	0.44215	0	0.39422	0	0.9611	0.07522	0	0.17996	0	0	0	0.20567	0	0.77946	1.51798	0
Streptococcus_gallolyticus	0	0	0	0.51055	0	0	0	0	0	0	0	0	0	0	0	0	0	0	0	0	0	0	0	0	0	0	0	0	0	0	0	0	0	0	0	0	0	0	0	0	0	0	0	0	0	0	0	0	0	0	0	0	0	0	0	0	0	0	0	0.09323	0	0	0	0	0	0	0	0	0	0	0	0	0	0	0	0.05592	0
Bacteroides_salyersiae	0	0	0	0.46624	0	0	0	2.95165	0	0	0	0	0	0	0	0.09521	2.24182	0.10682	0.26844	0.62004	0	0	0	0.05646	0	0.06838	0	0.15262	0.24192	0	0.17851	0.00904	0	0	0	0	0	0	0	0.69619	0	0.34813	0	0	0	0	0	0	0	0.75962	0	0	0	0	0	1.37691	1.54628	0	0	0	0	0	0	0	0	0.23801	0	0.00275	0	0.16361	0.00889	0.42073	0	0	0.05492	0.01913	0
Streptococcus_thermophilus	0	0	0	0.4252	0	0	0	0	0	0	0	0	0	0	0	0	0	0.01904	0	0	0	0	0	0	0	0	0	0.0152	0.36932	0	0	0.98083	0	0	0	0	0	0	0	0.05033	0	0	0	0	0	0	0	0	0	0	0	0	0	0	0	0	0	0	0	0.00868	0	0	0	0	0	0	0	0	0	0	0	0	0	0	0	0	0
Eggerthella_lenta	0	0	0	0.29132	0.01228	0	0.02411	0.1965	0	0	0.05444	0	0	0.04737	0.04251	0	0	0.02089	0.01161	0.00546	0	0	0	0.04399	0	0	0.12043	0	0	0	0	0.06193	0	0.03977	0	0.0013	0.02889	0.00406	0	0	0	0.01562	0.03615	0.1163	0	0	0	0.01123	0	0.03973	0	0	0	0	0	0	0	0	0.04454	0	0	0	0	0.02626	0	0	0	0	0	0	0	0	0	0	0	0	0
Blautia_sp_AF19_10LB	0	0	0	0.27141	0	0	0	0	0.02072	0	0	0.00408	0	0.02133	0	0	0.0358	0	0	0.35778	0.01761	0	0.03154	0.23081	0	0	0	0	0	0.0252	0.24019	0	0.00112	0.02025	0	0.09904	0	0.02403	0	0	0	0.00443	0	0.0846	0	0	0	0	0	0	0	0.01284	0	0	0	0	0	0	0.07996	0	0	0.05739	0	0.0586	0	0	0	0	0	0.01684	0.01744	0	0.04815	0	0	0	0
Anaerostipes_hadrus	0	0	0	0.24616	3.42344	0	0.03638	0	0.11777	0.00067	0.62186	0.01238	0.18547	0.01324	1.11354	0	0	0	0	0.09125	0.1259	0.00593	0	0.04402	0.0005	0.27154	0.01473	0.09729	0.33527	0.11077	0.05856	0	0.01156	0.37594	0	0.03889	0.0948	0.03363	0	0.00117	0.01235	0	0	0.05504	0	0	0.0088	0	0.11877	0	0.0353	0	0.20827	0	0	0.23009	0	0.00585	0.01479	0.08991	0	0.22952	0	0.00995	0.00333	0.31788	0	0	0.02062	0	0.09331	0	0.08754	0.01359	0.00432	0.09113	0.18361
Faecalibacterium_SGB15346	0	0	0	0.21491	0	0	0	0.61616	0.19064	0.08619	0.45966	0.0007	2.24291	0.32451	0.03378	0	1.02782	0	0	0.1287	0.49103	0.22227	0.64533	0.40873	0.20052	0.99545	0.9335	0.43428	0.01224	0.48506	0.66251	0.72992	0.37444	0.26543	0	0.90637	1.93545	0.32387	0	0	0.06907	1.29935	0	1.92482	0.45274	0	0.14808	0	2.59509	0	0.05489	0	0	0.36982	0	0.0814	0	0.03177	0.56737	0.12222	2.69736	0.86628	0.09962	0	0.47832	0.22769	0	0.10248	0.112	1.34649	0.37805	0.33408	0.87844	0.41225	0.13128	0.68052	0.03273
Anaerotignum_faecicola	0	0	0	0.17575	0	0	0	0	0.04462	0	0	0	0.27895	0	0	0	0.12802	0	0	0	0.03721	0.04221	0.15914	0.14893	0	0	0.00969	0.16613	0	0.03062	0.13103	0	0.37256	0.20689	0	0	0.03988	0.17795	0	0.44689	0.0261	0	0	0	0.01753	0	0	0	0.16554	0	0	0	0	0.16209	0	0.15256	0	0	0.03075	0.02671	0.27028	0.92339	0.01995	0.39112	0.22057	0.22358	0	0.02128	0.01457	0.05621	0.03747	0.01923	0.04201	0.15724	0.12346	0.04167	0.02833
GGB9614_SGB15049	0	0	0	0.16337	0	0	0	0	0.07165	0.07787	0	0	0.15426	0.05671	0.02043	0	0.40209	0.01799	0	0.14416	0.04588	0.04422	0.19655	0.0882	0.05111	0	0.19994	0.08719	0.00418	0.04711	0.03482	0	0.03046	0	0	0	0	0.19364	0	0.01677	0	0.01577	0	0.52926	0.00278	0	0	0	0	0	0	0	0	0.01673	0	0.03113	0	0	0.15993	0.0165	0.12368	0.16464	0.00334	0	0.06366	0.06598	0	0.0043	0	0.04709	0.02102	0.07193	0.0305	0.08723	0.03564	0.02762	0.05227
Mediterraneibacter_glycyrrhizinilyticus	0	0	0	0.15446	0.07604	0	0	0	0	0	0	0	0	0	0	0	0.01333	0.04836	0.05296	0	0	0	0	0	0	0.00356	0	0.01087	0.13861	0	0	0	0	0	0	0.00402	0.07601	0	0	0	0	0	0	0	0	0	0	0	0	0	0	0	0.09043	0	0	0	0	0	0	0	0	0	0	0.015	0	0	0	0	0	0	0	0	0	0	0	0	0
Coprococcus_catus	0	0	0	0.13554	0.03048	0	0	0	0.0814	0.02174	0	0	0	0	0.03347	0	0	0	0	0	0.05329	0	0.00114	0.29086	0	0	0	0	0	0.05362	0.03476	0	0.01249	0.07359	0	0.00562	0	0.01016	0	0	0.02541	0	0	0.11055	0.03192	0	0	0	0	0.00246	0	0	0	0	0	0.05955	0	0	0.04128	0.02028	0.02436	0.09744	0.02868	0.0406	0.0006	0.0091	0	0.0019	0	0.00674	0.05914	0	0	0.00707	0.01204	0.05458	0
Candidatus_Cibiobacter_qucibialis	0	0	0	0.09927	0.52107	0	0.14949	6.84494	2.57602	2.73737	0	0.07052	0	0	0.4774	0	0.28557	1.77443	0	0.60931	3.66901	1.03001	1.80716	0.60786	2.4856	2.69511	1.02464	0.55068	0	3.90443	0.80451	0	0.58151	0	0	0	0	1.95534	0	1.78961	0.30585	0.27594	0	13.45999	1.91311	0	0.80733	0	0	0	0.05023	0	0	0.45185	0	2.76924	0	0.22897	2.65555	0.00932	0	1.02851	1.07643	0.16703	0.23984	1.94232	0	0.3076	0.05472	1.8437	0.36597	8.05267	2.84218	1.30876	0	3.45262	0.08553
Odoribacter_splanchnicus	0	0	0	0.08788	0.01443	0	0.99704	0	0.58683	0	0	0	0.87776	0	0.01461	0	0.1511	0.04154	0	0.30866	0.01705	0.02	0.33549	0.05377	0.35521	0	0	0.20934	0.00322	0.02002	0.49968	0	1.45959	0	0	0.20969	0.28161	0.3142	0	0.79742	0	0.00804	0	0	0.21647	0	0	0	0	0.95503	0.01074	0	0	0.6311	0	0.35836	0	0.01749	0.13491	0.01434	0.31587	1.85486	0.39549	1.09635	0	0.48275	0	0.18257	0.02032	0.53827	0.04534	0.34017	0.53655	0.07293	0.17125	0.16562	0.08624
GGB55957_SGB77276	0	0	0	0.08045	0	0	0	0	0	0	0	0	0	0	0	0	0	0	0	0	0	0	0	0	0	0	0	0	0	0	0	0	0	0	0	0.0052	0	0	0	0	0	0	0	0	0	0	0	0	0	0	0	0	0.03312	0	0	0	0.04144	0	0	0	0	0	0	0	0	0	0	0	0	0	0	0	0	0	0	0	0.00782
Blautia_massiliensis	0	0	0	0.04552	0.09329	0	0.01522	0	0.05744	0.02017	0	0.15293	0.01117	0	0	0	0	0	0	0.02877	0.07925	0.02701	0.02354	0.10681	0.04572	0.19937	0	0.02261	0.01419	0.08338	0.03226	0	0.01937	0	0	0.02964	0.06221	0.03773	0	0.0125	0.00741	0	0	0	0.01842	0	0	0	0	0	0	0	0	0	0	0	0	0	0.01536	0	0	0	0	0.05728	0	0	0	0.00695	0	0	0.17556	0.03683	0.19393	0	0.03542	0.11179	0.13331
Neobittarella_massiliensis	0	0	0	0.04526	0	0	0.00091	0.02146	0	0	0	0	0.00108	0	0	0	0	0	0	0	0	0	0	0	0	0	0	0	0	0	0	0	0	0	0	0.00145	0.01054	0	0	0	0	0	0	0	0	0	0	0	0	0	0	0	0	0	0	0	0	0	0	0	0	0	0	0	0	0	0	0	0	0	0	0	0	0	0	0	0
Clostridium_scindens	0	0	0	0.0414	0	0	0.00578	0	0	0	0	0	0	0	0	0	0.03571	0.01831	0	0	0	0	0	0	0	0	0	0	0	0	0	0	0	0	0	0	0	0	0	0	0	0	0	0.00035	0	0	0.01147	0	0.1069	0	0	0	0	0	0	0.00405	0	0	0	0	0	0	0	0	0	0	0	0	0	0	0	0	0	0	0	0	0
Eubacterium_sp_NSJ_61	0	0	0	0.02796	0	0	0	0	0	0	0	0	0.01577	0	0	0	0	0.00781	0	0	0	0	0	0	0	0	0	0	0.20372	0	0	0	0	0	0	0	0.04953	0.00963	0	0	0	0	0	0	0	0	0.01176	0	0	0	0	0	0.00969	0	0	0	0	0	0	0	0	0	0	0.01404	0	0	0	0	0.01711	0	0	0	0	0	0.01958	0	0.03521
Clostridium_sp_AF32_12BH	0	0	0	0.02535	0	0	0	0	0.02693	0	0	0	0.02301	0	0.03229	0	0	0	0	0	0	0	0.01431	0.01658	0.00292	0	0	0	0	0	0.00755	0	0.00391	0.00284	0	0	0	0	0	0	0	0	0	0	0	0	0	0	0	0	0	0	0	0	0	0	0	0	0.02323	0	0	0	0.00207	0	0.01235	0.00655	0	0.00619	0	0.00365	0.00485	0	0	0.01389	0	0	0
GGB51441_SGB71759	0	0	0	0.02377	0	0	0	0	0	0	0	0	0.00981	0	0	0	0	0	0	0	0	0	0	0	0	0	0	0	0	0	0.00162	0	0	0.00373	0	0	0	0	0	0	0	0	0	0	0	0	0	0	0	0	0	0	0	0	0	0	0	0	0.01761	0	0.0011	0.00796	0	0	0	0	0	0	0	0	0.00717	0	0	0	0.00058	0	0
Parabacteroides_faecis	0	0	0	0.02022	0	0	0.53501	1.42615	0	0	0	0	0	0	0	0	0	0	0	0	0	0	0	0	0	0	0	0	0	0	0	0	0	0	0	0	0	0	0	0	0	0	0	0.08515	0	0	0	0	0	0.01287	0	0	0	0	0	0	0	0	0	0	0	0	0	0	0	0	0	0	0	0.00032	0	0	0	0	0	0	0
Gordonibacter_pamelaeae	0	0	0	0.01824	0	0	0	0	0	0	0	0	0	0	0	0	0	0.00288	0	0	0	0	0	0	0	0	0.02222	0	0	0	0	0	0	0	0	0	0	0	0	0	0	0.00203	0	0.00222	0	0	0	0	0	0	0	0	0	0	0	0	0	0	0.0073	0	0	0	0	0	0	0	0	0.00285	0	0	0	0.00769	0	0	0	0	0
Parasutterella_SGB9260	0	0	0	0.00797	0	0	0	1.44963	0	0	2.91778	0	1.42102	0.8586	0	0.01468	0	0	2.10136	0	0	0	0	0	0	0	0	0.64672	0	0	0	0	0	0	1.40275	0.14033	4.16695	3.18365	0	0	0	0	0	0	0	0	0.97823	0	0.09562	0	0.12084	0	0	0	0.96726	0	0	0	0.74491	2.74016	0.06138	0	0.08971	0	0.04407	0.00571	0	0	0	0	0	0	0	0	1.06586	0	0.51386
Candidatus_Saccharibacteria_unclassified_SGB19850	0	0	0	0.00436	0.00761	0	0	0	0.0165	0.00194	0.00096	0	0.01666	0	0	0	0	0	0	0.02327	0.09223	0	0.02375	0.03083	0	0.04879	0	0.00688	0.04609	0.05862	0.00138	0.01247	0	0.01241	0.00818	0	0.00826	0.06964	0.05678	0.00397	0.00685	0	0.00496	0.00338	0	0	0	0.03665	0	0	0.01566	0.09032	0	0	0.01657	0.00581	0	0	0.0092	0.02267	0.07776	0	0.03321	0.01776	0	0.00712	0.00359	0	0.02229	0	0.02771	0	0	0.00553	0.00841	0.5027	0.04326
Massilioclostridium_coli	0	0	0	0.00365	0	0	0.01273	0	0	0	0	0	0	0	0	0	0	0	0.00257	0	0	0	0	0	0	0	0	0	0	0	0	0	0	0	0.00163	0	0	0	0	0	0	0	0	0	0	0	0	0	0	0	0	0	0	0	0	0	0	0	0	0	0	0	0	0	0	0	0	0	0	0	0.007	0	0	0	0	0	0
Blautia_producta	0	0	0	0.00138	0	0	0	0	0	0	0	0	0	0	0	0	0	0	0.02491	0	0	0	0	0	0	0	0	0	0	0	0	0	0	0	0	0.04072	0	0	0	0	0	0	0	0	0	0	0	0	0	0	0	0	0	0	0	0	0	0	0	0	0	0	0	0	0	0	0	0	0	0	0	0	0	0	0	0	0
GGB1495_SGB2071	0	0	0	0	4.61063	0	0	0	0	0	0	0.61777	0	0	0	0	0	0	0	0	0	0.70785	1.03052	0	0	0	0	0	0	0	0.03948	0	0.75407	0	0	0	0	0	0	0	0	0	0	0	3.5177	0	1.46227	0	0	0	0	0	0	0	0	0.13286	0	0	0	0	0	0	0	0	1.26539	0	0	0	0	0	0	0	8.92319	0	0	0	0
GGB3256_SGB4303	0	0	0	0	1.69668	0	0	0	0	0.62637	0	0.00318	0	0.7011	0	0	0	0	0	0	0.00415	0.67439	0.09726	1.85294	0	0.09752	1.73609	0	0	0	0.03335	0	0.38074	0	0	0	2.85451	0.05816	0	0	0	0	0	1.12943	2.73229	0	0	0	0	0	0	0	0	0	0	0.97374	0	0.3471	0	0	0	0.60048	1.11922	0	1.08113	0	0	0.70207	0	0.27997	0.03684	0.14621	0.38732	1.15359	1.84497	0	0.03851
GGB6613_SGB9347	0	0	0	0	0.8919	0	0	0	0	0	0	0	0	0	0	0	0	0.02488	0	0	0	0	0	0	0.4359	0	0	0	0	0	0.0022	0	0	0	0	0	0	0.88506	0	0	0	0	0	0	0	0	0	0	0	0	0	0	0	0	0	0	0	0	0	0	0	0	0	0	0	0.24368	0	0	0	0	0	0	0	0	0	0	0
Desulfovibrio_piger	0	0	0	0	0.12935	0	0	0	0	0	0	0	0	0	0	0	0	0	0	0	0	0	0	0	0.08726	0	0	0	0	0	0	0	0	0	0	0	0	0	0	0	0	0	0	0	0.38562	0	0	0	0	0	0	0	0	0	0	0	0	0	0	0	0	0	0	0	0	0	0	0	0	0	0	0	0	0.1085	0	0.08814	0
Clostridium_phoceensis	0	0	0	0	0.08374	0	0.16751	0.70555	0	0.0102	0	0	0.00245	0	0	0	0.08758	0	0	0	0	0	0	0	0	0	0.01962	0.0695	0	0	0	0	0	0	0	0	0.01572	0.00057	0	0	0	0.07362	0	0	0	0	0.02028	0	0	0	0	0	0	0.04109	0	0.04458	0	0	0	0	0.00555	0.09094	0.01625	0	0	0.03212	0	0	0	0	0	0.00553	0	0	0.00665	0.00303	0
Ruminococcaceae_bacterium_AM07_15	0	0	0	0	0.05537	0	0	0.02537	0	0	0	0	0	0.0264	0	0	0.25636	0	0	0	0	0	0	0	0.01368	0	0	0	0	0	0.00671	0	0	0	0	0	0.00621	0	0	0	0	0	0	0	0.02591	0	0	0	0	0	0	0	0	0	0	0.00504	0	0	0.04168	0	0.02469	0	0.08835	0	0.09874	0.05919	0	0	0	0.03491	0	0	0.04156	0.0158	0	0	0
Ruminococcaceae_bacterium	0	0	0	0	0.05315	0	0	0.40677	0.27939	0.23968	0	0	0.00635	0.04635	0.00135	0	0.73167	0.02044	0	0	0.08859	0	0.01163	0.05205	0.23937	0	4.21435	0	0	0.06932	2.37269	0	0.00546	0	0	0	0.18964	0	0	0.34261	0.05786	0.02175	0	0.01395	0.00044	0	0.30677	0	0	0.1116	0	0	0.10086	1.15649	0	2.63849	0	0	1.10199	0	0.04873	0.35217	0.11097	0	0.04599	0.33002	0	0.15498	0	2.33023	0.04504	0.05919	1.45183	0.04569	0.46993	0.06438	0.01711
Blautia_caecimuris	0	0	0	0	0.05298	0	0	0	0	0	0	0	0	0	0	0	0	0.00052	0.05551	0	0	0	0	0	0	0	0	0	0.00087	0	0	0	0	0	0	0.00306	0	0	0	0	0	0	0.02726	0	0	0	0	0	0	0	0	0	0.23156	0	0	0	0	0	0	0	0	0	0	0	0	0	0	0	0	0	0	0	0	0	0	0	0
Alistipes_provencensis	0	0	0	0	0.04905	0	0	1.57647	0	0.10902	0	0	0	0	0	0	0	0	0	0	0	0	0	0	0	0.00352	0	0	0	0	0	0	0	0	0	0	0	0	0	0	0.01189	0	0	0	0	0	0	0	0	0	0	0	0	0	0	0	0	0	0	0	0	0	0	0	0	0	0	0	0	0	0	0	0.02743	0	0	0	0
Parabacteroides_johnsonii	0	0	0	0	0.02888	0	0	0	0	0	0	0.07279	0.02598	0	0	0	0	0	0	0	0.10114	0	0	0	0	0	0	0	0	0.10149	0	0	0	0	0	0	0	0	0	0.08035	0	0	0	0	0	0	0	0	0	0	0	0	0	0	0	0	5.46803	0.02245	0	0	0.04239	0	0	0	0	0	0	0	0	0.03593	0	0.0453	0	0	0	0	0
Anaerotruncus_colihominis	0	0	0	0	0.02285	0	0.27631	0	0	0.02485	0	0	0	0.00059	0	0	0	0.01241	0	0	0	0	0	0	0	0	0.01485	0	0	0	0	0.00714	0.05435	0	0	0	0	0	0	0	0	0	0	0	0.00171	0	0	0	0	0	0	0	0.00786	0	0	0	0	0	0	0	0	0.02035	0.0071	0	0	0	0	0	0	0	0	0	0	0	0	0	0
Dysosmobacter_sp_NSJ_60	0	0	0	0	0.00988	0	0.68625	0	0.03359	0.02417	0	0	0.02564	0.00338	0	0	0.03793	0.07441	0	0	0	0	0	0	0	0	0.12282	0	0	0	0	0	0.00659	0	0	0	0.00895	0	0	0	0	0	0	0	0.02242	0	0	0	0	0.01091	0	0	0	0.01112	0	0.03483	0	0	0.02135	0	0	0.05274	0.00544	0	0	0.01646	0	0	0	0.00067	0	0.0111	0.00456	0	0.01647	0	0
Actinomyces_graevenitzii	0	0	0	0	0.00831	0	0	0	0	0	0	0	0	0.00228	0	0	0	0	0	0	0	0	0	0	0	0	0	0	0	0	0	0	0	0	0	0	0	0	0.02861	0	0	0	0	0	0	0	0	0	0	0	0	0	0	0	0	0.00155	0	0	0	0	0	0	0	0	0	0	0	0	0	0	0.00683	0	0	0	0	0.00942	0
Anaerotignum_lactatifermentans	0	0	0	0	0.00562	0	0	0	0	0	0	0	0	0	0	0	0.05797	0.52074	0	0	0	0	0	0	0	0	0	0	0	0	0	0	0.00622	0	0	0.0122	0	0	0	0	0	0	0	0.01108	0	0	0	0	0	0	0	0	0	0	0	0	0	0	0	0	0	0	0	0	0	0	0	0	0	0	0	0	0	0	0	0	0
Sellimonas_intestinalis	0	0	0	0	0.00079	0	0.12564	0.07047	0	0	0	0	0	0	0.02908	0	0	0	0	0	0.02541	0	0	0	0	0	0	0	0	0.0258	0	0	0	0	0	0	0.0952	0	0	0	0	0	0.01199	0.00194	0	0	0	0	0	0	0	0	0	0	0	0	0	0	0	0	0	0	0	0	0	0	0	0	0	0	0	0	0	0	0	0	0
Mesosutterella_multiformis	0	0	0	0	0	3.07838	0	0	0	0	0	0	0.08678	0	0	0	0	0	0.47943	0	0	0	0	0	0	0	0	0.44378	0	0	0	0	0	0	0	0	0	0	0	0	0	0	0	0	0.43009	0	0	0	0	0	0	0	0	0	0	0	0	0.40374	0	0	0	0	0	0	0	0	0	0.07822	0	0.02766	0	0	0	0	0.67337	0	0
Clostridia_unclassified_SGB4447	0	0	0	0	0	0.92997	0	0	0	0.08956	0.48985	0.76746	0.41171	0	0	0	0	0	0	0.2099	0.10283	0	0.28891	1.20116	0	0.18368	0.00377	0.44057	1.96931	0.09831	0	0	0.00615	0	0	0	0	0	0	0.12862	0	0	0	0.42138	0.16646	0	0	0	0.17723	0	0	0	0	0	0	0.24944	0	0.1725	0	0.29211	0	0	0	0.25781	0.04479	0.08977	0.00695	0	0	0.08776	0.42203	0	0	0	0.49971	0	0.02543
Limosilactobacillus_oris	0	0	0	0	0	0.1345	0	0	0	0	0	0	0	0	0	0	0	0	0	0	0	0	0	0	0	0	0	0	0	0	0	0.00404	0	0	0	0	0	0	0	0	0	0	0	0	0	0	0	0	0	0	0	0	0	0	0	0	0	0	0	0	0	0	0	0	0	0	0	0	0	0	0	0	0	0	0	0	0
Clostridium_spiroforme	0	0	0	0	0	0.06604	0	0	0	0	0	0	0	0	0	0	0	0	0	0	0	0	0	0	0	0	0	0	0	0	0	0.03244	0	0	0	0	0	0	0	0	0	0	0	0	0	0.10771	0	0	0	0	0	0	0	0	0	0	0.21451	0	0	0	0	0	0	0	0	0	0	0	0	0	0	0	0	0	0	0	0
Clostridium_innocuum	0	0	0	0	0	0.05914	0.01735	0.05603	0	0	0.0346	0	0	0	0	0	0	0	0.06792	0	0	0	0	0	0	0	0	0	0.005	0	0	0.00265	0	0	0	0	0	0	2.59816	0	0	0	0.41799	0	0	0.30292	0	0.27961	0.00841	0.03144	0	0	0.0052	0	0	0	0.11416	0	0	0	0	0	0	0	0	0	0	0	0	0	0	0	0	0	0	0.02364	0
Anaerostipes_caccae	0	0	0	0	0	0.02861	0	0	0	0	0	0	0	0	0	0	0	0	0.06345	0	0	0	0	0	0	0	0	0	0	0	0	0	0	0	0	0	0	0	0	0	0	0	0	0	0	0	0	0	0	0	0	0	0	0	0	0	0.10983	0	0	0	0	0	0	0	0	0	0	0	0	0	0	0	0	0	0	0	0
Streptococcus_sobrinus	0	0	0	0	0	0.02856	0	0	0	0	0	0	0	0	0	0	0	0	0	0	0	0	0	0	0	0	0	0	0	0	0	0	0	0	0	0	0	0	0	0	0	0	0	0	0	0	0	0	0	0	0	0	0	0	0	0	0	0	0	0	0	0	0	0	0	0	0	0	0	0	0	0	0	0	0	0	0
Lactobacillus_gasseri	0	0	0	0	0	0.01835	0	0	0	0	0	0	0	0	0	0	0	0	0.01719	0	0	0	0	0	0	0	0	0	0	0	0	0.49997	0	0	0	0	0	0	0	0	0	0	0	0	0	0	0	0	0	0	0	0	0	0	0	0	0	0	0	0	0	0	0	0	0	0	0	0	0	0	0	0	0	0	0	0	0
Limosilactobacillus_fermentum	0	0	0	0	0	0.01787	0	0	0	0	0	0	0	0	0	0	0	0	0	0	0	0	0	0	0	0	0	0	0	0	0	0	0	0	0	0	0.02148	0	0.10602	0	0	0	0	0	0	0	0	0	0	0	0	0	0	0	0	0	0	0	0	0	0	0	0	0	0	0	0	0	0	0	0	0	0	0	0	0	0
Romboutsia_timonensis	0	0	0	0	0	0.01015	0	0	0	0	0	0	0	0	0	0	0	0	0	0	0.11463	0.01917	0	0.52978	0	0	0	0	0	0.05503	0.00424	0	0	0	0	0.04282	0.49913	1.09756	0	0	0.06284	0	0	0.00374	0	0	0	0	0	0	0	0	0.04532	0	0	0	0	0	0.0078	0.06576	0	0	0	0	0	0	0	0	1.02174	0.00907	0.55181	0	0	0.01369	0	0	0
Veillonella_atypica	0	0	0	0	0	0.00192	0	0	0.0354	0	0	0	0	0.00144	0	0	0	0	0.01144	0	0	0	0	0	0	0.02113	0	0	0.01101	0	0	0.0117	0	0.00966	0	0	0.33182	0	0	0	0	0	0.00118	0	0	1.76707	0	0.00808	0	0	0	0	0	0	0.00995	0	0	0	0	0	0.17894	0	0.00338	0	0.00314	0	0	0	0	0	0.56923	0	0	0	0	0.13455	0
Phocaeicola_dorei	0	0	0	0	0	0.00148	0	0	1.04407	0	34.43041	7.28816	0.58507	0	2.28656	0	0	0	23.45778	0.00567	3.67351	0	0	0.14366	1.1079	3.24288	0.65965	0	0	3.85471	0.57887	0.00988	0	2.6014	0	0	4.72152	38.75628	0.80258	0	0	0.70514	0	18.27427	0	0	0	43.48129	0	0	1.86122	0	0	0	0	0	0	0.02567	0	0.40731	0.06321	0	0	0	0	1.12999	0	0.0112	0	4.63181	0	0.09603	0	0.02789	0	1.82	0
Butyricimonas_virosa	0	0	0	0	0	0	2.3402	0	0.20333	0	0	0	0	0	0.0068	0	0.11141	0	0	0	0	0	0	0	0	0	0	0	0	0	0	0	0.21504	0	0	0	0.05265	0	0	0.10279	0	0	0.23761	0	0.07285	0	0	0	0	0	0	0	0	0.67266	0	0	0	0	0.19981	0	0.01064	0.90767	0.05042	0	0.06437	0.14037	0	0	0.00849	0.10851	0.0659	0.04033	0	0.02869	0.13219	0	0
Alistipes_sp_AF17_16	0	0	0	0	0	0	0.65651	0	0.05197	0	0	0	0.06896	0	0	0	0.02485	0	0	0	0	0	0	0	0.0639	0	0	0	0	0	0	0	0	0	0	0	0.00254	0	0	0.02371	0	0	0	0.02882	0.01969	0	0	0	0	0.01355	0	0	0.0061	0.03358	0	0	0	0	0	0	0.01321	0.11043	0.02649	0	0	0.07799	0	0.01268	0	0	0	0.03425	0	0	0.04917	0	0
Bacteroides_nordii	0	0	0	0	0	0	0.27692	0	0.02364	0.10368	0	0	0.01747	0	0.00094	0	0	0	0	0.00457	0	0	0	0	0.0051	0.00127	0	0.00685	0	0	0.07081	0	0.04378	0	0	0.6104	0.05013	0	0	0	0.01409	0	1.24899	0.10191	0	0	0	0	0	0	0	1.49933	0.00617	0.05683	0	0	0	0	0.09713	0	0	0.41256	0	0	0	0.0075	0	0	0	0	0	0	0.01123	0	0.00142	0	0.01767
Butyricimonas_paravirosa	0	0	0	0	0	0	0.22266	0	0.03034	0	0	0	0	0	0	0	0	0.00596	0	0	0	0	0	0	0	0	0	0	0	0	0	0	0	0	0	0	0	0	0	0.03549	0	0.02692	0	0.16007	0	0	0	0	0	0.00806	0	0	0	0.02079	0	0	0	0	0.03353	0	0	0	0	0	0	0	0	0	0	0	0	0	0	0	0	0	0
Alistipes_indistinctus	0	0	0	0	0	0	0.10737	0	0.00347	0.0454	0	0	0	0	0	0	0	0	0	0	0	0	0.00155	0	0.06708	0	0	0	0	0	0	0	0.10298	0	0	0	0	0	0	0	0	0	0	0.03926	0	0	0	0	0	0.03798	0	0	0	0	0	0	0	0	0.0298	0	0	0.00725	0.2656	0	0.01695	0.00121	0	0.13565	0	0	0	0	0.07664	0	0.04767	0	0
Enterocloster_lavalensis	0	0	0	0	0	0	0.09429	0	0	0.03732	0	0	0	0	0	0	0.00787	0	0	0	0	0	0	0	0	0	0	0	0	0	0	0	0	0	0	0	0.00494	0	0	0	0	0	0	0	0	0	0	0	0	0	0	0	0	0.04219	0	0	0	0	0	0	0	0	0	0	0	0	0	0	0	0	0	0	0	0	0	0	0
GGB51510_SGB71883	0	0	0	0	0	0	0.03948	0	0	0	0	0	0	0	0	0	0	0	0	0	0	0	0	0	0	0	0.01203	0	0	0	0	0.05884	0	0	0	0.01047	0	0	0	0	0	0	0	0	0	0	0	0	0	0	0	0	0	0	0	0	0	0	0	0	0	0	0	0	0	0	0	0	0	0	0	0	0	0	0	0	0.01678
GGB3523_SGB4703	0	0	0	0	0	0	0.03383	0	0	0	0	0	0.0454	0	0	0	0.42637	0	0	0	0.03968	0	0	0	0	0	0	0.0226	0	0.05232	0	0	0	0	0.27491	0.14576	0	0.07789	0	0	0	0.00922	0	0.02668	0	0	0	0	0	0	0	0	0	0	0	0	0	0	0	0.12375	0	0	0	0.06066	0	0	0	0	0.28416	0	0	0.00739	0	0	0	0	0.77786
Faecalimonas_umbilicata	0	0	0	0	0	0	0.02507	0	0	0	0.07464	0	0	0	0	0	0	0	0.0429	0	0	0	0	0	0	0	0	0	0.09527	0	0	0	0	0	0	0.03486	0.03668	0	0	0	0	0	0	0	0	0	0	0	0	0	0	0	1.2542	0	0	0	0	0	0	0	0	0	0	0	0	0	0	0	0	0	0	0	0	0	0	0	0.11226
Clostridium_sp_SN20	0	0	0	0	0	0	0.02363	0	0.00478	0	0.00861	0	0	0	0	0	0	0	0	0.02641	0	0	0	0	0	0.00413	0	0	0.01568	0	0	0.0033	0	0	0	0.00162	0	0.05792	0	0	0	0	0	0	0	0	0	0	0	0	0	0	0	0	0	0	0	0	0	0	0.00031	0.00523	0	0	0	0	0	0	0	0	0	0	0	0	0	0	0
Amedibacillus_dolichus	0	0	0	0	0	0	0.02211	0	0	0	0	0	0	0	0	0	0	0	0	0	0	0	0	0	0	0	0	0	0	0	0	0	0	0	0	0.10633	0	0	0	0	0	0	0	0	0	0	0	0	0	0	0	0	0.01588	0	0	0	0	0	0	0	0	0	0	0.00275	0	0	0	0	0.01875	0	0	0	0	0	0	0	0
Faecalicoccus_pleomorphus	0	0	0	0	0	0	0.02176	0	0	0	0	0	0	0	0	0	0	0	0	0	0	0	0	0	0	0	0	0	0	0	0	0	0	0	0	0	0	0	0	0	0	0	0	0	0	0	0	0	0	0	0	0	0	0	0	0.02069	0	0	0	0	0	0	0	0	0	0.0069	0	0	0	0	0	0	0	0	0	0	0
Christensenellaceae_bacterium	0	0	0	0	0	0	0.00545	0	0	0	0	0	0.00519	0.01222	0	0	0	0	0	0	0	0	0	0	0	0	0.00426	0	0	0	0.01419	0	0	0	0	0	0	0	0	0	0	0	0	0	0.02213	0	0	0	0	0	0	0	0	0	0	0.00587	0	0	0	0	0.03096	0.03007	0	0	0	0.05713	0	0	0	0	0	0	0.00982	0	0.00151	0	0
Christensenella_minuta	0	0	0	0	0	0	0.00544	0	0	0	0	0	0	0	0	0	0	0	0	0	0	0	0	0	0	0	0	0	0	0	0	0	0	0	0	0	0	0	0	0	0	0	0	0	0	0	0	0	0	0	0	0	0	0	0	0.00129	0	0	0	0	0.00059	0	0	0	0	0	0	0.00413	0	0	0	0	0.03618	0	0	0	0
GGB2982_SGB3964	0	0	0	0	0	0	0.00086	0	0.02198	0	0	0	0.00034	0	0	0	0	0	0	0	0	0	0	0	0	0	0	0	0	0	0	0	0	0	0	0	0	0	0	0	0	0	0	0	0	0	0	0	0	0	0	0	0	0	0	0	0	0	0.0261	0	0	0.01657	0.01419	0	0	0.016	0	0	0	0	0	0	0	0	0.00496	0	0
GGB9758_SGB15368	0	0	0	0	0	0	0	9.20993	1.53303	0.15618	0	0	0	0.06139	0.01324	0	0.16874	0	0	0	0	0.00037	0.18005	0	1.81909	0	0.31037	0.01068	0	0	2.47919	0	0.06673	0	0	0	0	0	0	0.00338	0	0.03147	0	0.08272	0.84534	0	0	0	0.03582	0	0	0	0	0.05686	0	0	0	0	4.45703	0	0.08932	0.28933	0.07076	0	0.0223	3.10388	0	0	0	0.78906	0.11671	0	0	0.35267	0.13851	0	0
Bacteroides_faecis	0	0	0	0	0	0	0	5.24558	0	0	0	0	0	0.07665	0	0	0	0	0	0.62959	0	0	0	0.28339	0	0	0	0	0.13805	0	0	0	0.47253	0	0	0	0	0	0	0	0	0	0	0	1.25825	0	0	0	1.19959	0.03161	0	0	0.25745	0	0	1.1863	0	0	0	0	0.07975	0	0	0	0	0	0	0	0	0	0	2.40038	0.19663	0	0	0	0
Acholeplasmatales_unclassified_SGB6584	0	0	0	0	0	0	0	4.36024	0	0	0	0	0	0	0	0	0	0	0	0	0	0	0	0	0	0	0	0	0	0	0	0	0	0	0	0	0	0	0	0	0	0	0	0	0	0	0	0	0	0	0	0	0	0	0	0	0	0	0	0	0	0	0	0	0	0	0	0	0	0	0	0	0	0	0	0	0
Bacteroides_intestinalis	0	0	0	0	0	0	0	1.99537	0.02168	2.62726	0	0	2.41247	0	0	0	0.00199	0.00553	0	0	0	0	0	0	0.01753	0.23022	0	0.01356	0	0	1.2549	0	0	0	0.86491	0	0	0	0	0.15132	0	0	0	0.08962	0.12386	0	0	0	0	0.00265	0	0	0	0.41359	0	0	0	0	0.27044	0	0	1.54274	0.03085	0	0.01086	0.13151	0	0	0	0.05614	0	0.00998	1.06921	0.01335	0.13425	0.04908	0
Lachnoclostridium_sp_An138	0	0	0	0	0	0	0	1.93068	0	0	0	0	0	0	0	0	0	0	0	0	0	0	0	0	0	0	0	0	0	0	0	0	0	0	0	0	0	0	0	0	0	0	0	0	0	0	0	0	0	0	0	0	0	0	0	0	0	0	0	0	0	0.00139	0	0	0	0	0	0	0	0	0	0	0	0	0	0	0
GGB9667_SGB15164	0	0	0	0	0	0	0	1.43613	0	0.04219	0	0	0	0	0	0	0	0.00535	0	0	0	0	0	0	0	0	0	0	0	0	0.01067	0	0	0	0	0	0	0	0	0	0	0	0	0.66478	0	0	0	0	0	0.01052	0	0	0	0	0	0.03056	0	0	0	0	0	0	0	0	0	0	0	0	0	0.00126	0	0	0.00405	0	0	0	0
GGB9494_SGB14891	0	0	0	0	0	0	0	0.8645	0	0	0	0	0	0	0	0	0	0	0	0	0	0	0	0	0	0	0	0	0	0	0	0	0	0	0	0	0	0	0	0	0	0	0	0	0	0	0	0	0	0	0	0	0	0	0	0	0	0	0	0	0	0	0	0	0	0	0	0	0	0	0	0	0	0	0	0	0
GGB9623_SGB15076	0	0	0	0	0	0	0	0.77901	0	0	0	0	0	0	0	0	0	0	0	0	0	0	0	0	0	0	0	0	0	0	0	0	0	0	0	0	0	0	0	0	0	0	0	0	0	0	0	0	0	0	0	0	0	0	0	0	0	0	0	0	0	0	0	0	0	0	0	0	0	0	0	0	0	0	0	0	0
GGB3537_SGB4727	0	0	0	0	0	0	0	0.69975	0	0	0	0	0	0	0	0	0	0	0	0	0	0	0	0	0	0	0	0	0	0	0	0	0	0	0	0	0	0	0	0	0	0	0	0	0	0	0	0	0	0	0	0	0	0	0	0	0	0	0	0	0	0	0	0	0	0	0	0	0	0	0	0	0	0	0	0	0
GGB9646_SGB15123	0	0	0	0	0	0	0	0.34295	0	0	0	0	0	0	0	0	0	0	0	0	0	0	0	0	0	0	0.00409	0	0	0	0	0	0	0	0	0	0	0	0	0	0	0	0	0	0	0	0	0	0	0	0	0	0	0	0	0	0	0	0	0	0	0	0	0	0	0	0	0	0	0	0	0	0.11765	0	0	0	0
Clostridium_celatum	0	0	0	0	0	0	0	0.29495	0	0	0	0	0	0	0	0	0	0	0	0	0	0	0	0	0	0	0	0	0	0	0	0	0	0	0	0	0	0	0	0	0	0	0	0	0	0	0	0	0	0	0	0	0	0	0	0	0	0	0	0	0	0	0	0	0	0	0	0	0	0	0	0	0	0	0	0	0
Intestinimonas_massiliensis	0	0	0	0	0	0	0	0.17582	0	0.00284	0	0	0	0	0	0	0	0	0	0	0	0	0	0	0	0	0	0	0	0	0	0	0	0	0	0	0	0	0	0	0	0	0	0	0	0	0	0	0	0	0	0	0	0.00573	0	0.05877	0	0	0	0	0	0	0	0	0	0.04102	0	0	0	0	0	0	0.00036	0	0	0	0
Pseudoflavonifractor_SGB15156	0	0	0	0	0	0	0	0.14983	0	0	0	0	0	0	0	0	0	0.90124	0	0	0	0	0	0	0	0	0	0	0	0	0	0	0	0	0	0	0	0	0	0	0	0	0	0	0	0	0	0	0	0	0	0	0	0	0	0	0	0	0	0	0	0	0	0	0	0	0	0	0	0	0	0	0	0	0	0	0
Clostridium_disporicum	0	0	0	0	0	0	0	0.14954	0	0	0	0	0	0	0	0	0	0	0	0	0	0	0	0	0	0	0	0	0	0	0.06677	0	0	0	0	0	0	0	0	0	0	0	0	0	0	0	0	0	0	0	0	0	0.01762	0	0	0	0	0	0	0	0	0	0	0	0	0	0	0	0	0	0	0	0	0	0	0	0
GGB9455_SGB14847	0	0	0	0	0	0	0	0.1471	0	0	0	0	0	0	0	0	0	0	0	0	0	0	0	0	0	0	0	0	0	0	0	0	0	0	0	0	0	0	0	0	0	0	0	0	0	0	0	0	0	0	0	0	0	0	0	0	0	0	0	0	0	0	0	0	0	0	0	0	0	0	0	0	0	0	0	0	0
GGB9104_SGB14037	0	0	0	0	0	0	0	0.12776	0	0	0	0	0	0	0	0	0	0	0	0	0	0	0	0	0	0	0	0	0	0	0	0	0	0	0	0	0	0	0	0	0	0	0	0	0	0	0	0	0	0	0	0	0	0	0	0.13397	0	0	0	0	0	0	0	0	0	0	0	0	0	0	0	0	0	0	0	0	0
Intestinibacter_bartlettii	0	0	0	0	0	0	0	0.1145	0	0	0	0	0	0.02078	0	0	0	0	0	0	0	0	0	0	0	0	0	0	0	0	0	0.08322	0	0	0	0	0	0	0.08912	0	0	0.00343	0.01074	0	0	0	0	0	0	0	0	0	0	0	0	0	0.06512	0	0	0	0	0	0	0	0	0	0	0	0	0	0	0	0	0	0	0	0
Erysipelotrichaceae_bacterium	0	0	0	0	0	0	0	0.09788	0	0	0	0	0	0	0	0	0	0	0	0	0	0	0	0	0	0	0	0	0	0	0	0	0	0	0	0	0	0	0	0	0	0	0	0	0	0	0	0	0	0	0	0	0	0	0	0	0	0	0	0	0	0	0	0	0	0	0	0	0	0	0	0	0	0	0	0	0
Candidatus_Borkfalkia_ceftriaxoniphila	0	0	0	0	0	0	0	0.08621	0	0	0	0	0	0	0	0	0	0	0	0	0	0	0	0	0	0	0	0	0	0	0	0	0	0	0	0	0	0	0	0	0	0	0	0	0	0	0	0	0	0	0	0	0	0	0	0.09386	0	0	0.02282	0	0	0	0	0	0	0.00778	0	0	0	0.01415	0	0	0.00891	0	0	0	0
Massilimicrobiota_sp_An134	0	0	0	0	0	0	0	0.06309	0	0	0	0	0	0	0.01181	0	0	0	0	0	0	0	0	0	0	0	0	0	0	0	0	0	0	0	0	0	0	0	0	0	0	0	0	0	0	0	0	0	0	0	0	0	0	0	0	0	0.28657	0	0	0	0	0	0	0	0	0	0	0	0	0	0	0	0	0	0	0	0
Massilimaliae_timonensis	0	0	0	0	0	0	0	0.0574	0	0	0	0	0	0	0	0	0	0.00752	0	0	0	0	0	0	0	0	0	0	0	0	0	0	0	0	0	0	0	0	0	0	0	0	0	0	0	0	0	0	0	0	0	0	0	0	0	0	0	0	0	0	0	0	0	0	0	0	0	0	0	0	0	0	0	0	0	0	0
Gordonibacter_massiliensis	0	0	0	0	0	0	0	0.04709	0	0	0	0	0	0	0	0	0	0	0	0	0	0	0	0	0	0	0	0	0	0	0	0	0	0	0	0	0	0	0	0	0	0	0	0	0	0	0	0	0	0	0	0	0	0	0	0	0	0	0	0	0	0	0	0	0	0	0	0	0	0	0	0	0	0	0	0	0
Anaeromassilibacillus_sp_An250	0	0	0	0	0	0	0	0.04092	0	0	0	0	0	0	0	0	0	0	0	0	0	0	0	0	0	0	0	0	0	0	0	0	0	0	0	0	0	0	0	0	0	0	0	0	0	0	0	0	0	0.00298	0	0	0	0	0	0	0	0	0	0	0	0	0.00192	0	0	0.00064	0	0	0	0	0	0	0.0068	0	0	0	0
Lachnospiraceae_bacterium_NSJ_29	0	0	0	0	0	0	0	0.04057	0	0	0	0	0	0	0	0	0	0	0	0	0	0	0	0	0	0	0	0	0	0	0	0	0	0	0	0	0.00323	0	0	0	0	0	0	0	0	0	0	0	0	0	0	0	0	0.00556	0	0	0	0	0	0	0	0	0	0	0	0	0	0	0	0	0	0	0	0	0	0	0
Victivallis_vadensis	0	0	0	0	0	0	0	0.03883	0	0	0	0	0	0	0	0	0	0	0	0	0	0	0	0	0.00594	0	0	0	0	0	0	0	0	0	0	0	0	0	0	0	0	0	0	0	0	0	0	0	0	0	0	0	0	0.0068	0	0.05285	0	0	0	0	0	0	0.01223	0	0	0	0	0	0	0.00034	0	0.04331	0.03033	0	0	0	0
Catabacter_hongkongensis	0	0	0	0	0	0	0	0.01969	0	0	0	0	0.00044	0	0	0	0	0	0	0	0	0	0	0	0	0	0	0	0	0	0	0	0	0	0	0	0	0	0	0	0	0	0	0	0	0	0	0	0	0	0	0	0	0	0	0	0	0	0	0	0	0	0	0	0	0	0	0	0	0	0	0	0	0	0	0	0
GGB6649_SGB9391	0	0	0	0	0	0	0	0.01812	0	0	0	0	0	0	0	0	0	0	0	0	0	0	0	0	0.01872	0	0	0	0	0	0.024	0	0	0	0	0	0	0	0	0	0	0	0	0	0	0	0	0	0	0	0	0	0	0	0	0	0	0	0	0	0	0	0	0	0	0	0	0	0	0.00654	0	0	0	0.00734	0.00304	0	0
Eubacterium_siraeum	0	0	0	0	0	0	0	0.01378	0	0	0	0	0	0	0.0207	0	0	0	0	0	0	0	0.14621	0	4.43421	0	0	0	0	0	1.44421	0	0	0	0	0	0	0	0	0	0	0	0	0	0.05179	0	0.00245	0	0	0	0	0	0	1.10804	0	0.39981	0	0	0	0	0.01003	0.04985	0	0	0	0.02513	0	0	0	0	0.1409	0.00849	0.90201	0.00594	0	0	0
Clostridium_sp_CL_2	0	0	0	0	0	0	0	0.0109	0	0	0	0	0	0	0	0	0	0	0	0	0	0	0	0	0	0	0	0	0	0	0	0	0	0	0	0	0	0	0	0	0	0	0	0	0	0	0	0	0	0	0	0	0	0	0	0	0	0	0	0	0	0	0	0	0	0	0	0	0	0	0	0	0	0	0	0	0
Candidatus_Pseudoruminococcus_merdavium	0	0	0	0	0	0	0	0.00767	0	0	0	0	0	0	0	0	0	0	0	0	0	0	0	0	0	0	0.00454	0	0	0	0	0	0	0	0	0	0	0	0	0	0	0	0	0	0	0	0	0	0	0	0	0	0	0	0	0	0	0	0	0	0	0	0	0	0	0	0	0	0	0	0	0	0	0	0	0	0
Candidatus_Metaruminococcus_caecorum	0	0	0	0	0	0	0	0.00694	0	0	0	0	0	0	0	0	0	0	0	0	0	0	0	0	0	0	0	0	0	0	0	0	0	0	0	0	0	0	0	0	0	0	0	0	0	0	0	0	0	0	0	0	0	0	0	0	0	0	0	0	0	0	0	0	0	0	0	0	0	0	0	0	0	0	0	0	0
Raoultibacter_timonensis	0	0	0	0	0	0	0	0.00575	0	0	0	0	0	0	0	0	0	0	0	0	0	0	0	0	0	0	0	0	0	0	0	0	0	0	0	0	0	0	0	0	0	0	0	0	0	0	0	0	0	0	0	0	0	0	0	0	0	0	0	0	0	0	0	0	0	0	0	0	0	0	0	0	0	0	0	0	0
GGB3583_SGB4799	0	0	0	0	0	0	0	0.0025	0	0	0	0	0	0	0	0	0	0	0	0	0	0	0	0	0	0	0	0	0	0	0	0	0	0	0	0	0	0	0	0	0	0	0	0	0	0	0	0	0	0	0	0	0	0	0	0	0	0	0	0	0	0	0	0	0	0	0	0	0	0	0	0	0	0	0	0	0
Hydrogeniiclostidium_mannosilyticum	0	0	0	0	0	0	0	0.00165	0	0	0	0	0	0	0	0	0.08515	0	0	0	0	0	0	0	0	0	0.01646	0	0	0	0	0	0	0	0	0	0.00089	0	0	0	0	0	0	0	0	0	0	0	0	0	0	0	0	0	0	0	0	0	0	0	0	0	0	0	0	0	0	0	0	0	0	0	0	0	0	0	0
Intestinibacter_SGB6139	0	0	0	0	0	0	0	0.00144	0	0	0	0	0	0	0	0	0	0	0	0	0	0.02983	0	0	0	0	0	0	0	0	0	0	0	0	0	0	0	0	0	0	0	0.0028	0	0	0	0	0	0	0	0	0	0	0	0	0	0	0	0	0	0	0	0	0	0	0	0	0	0	0	0	0	0	0	0	0	0	0
Clostridium_tertium	0	0	0	0	0	0	0	0.00081	0	0	0	0	0	0	0	0	0	0	0	0	0	0	0	0	0	0	0	0	0	0	0	0	0	0	0	0	0	0	0	0	0	0	0	0	0	0	0	0	0	0	0	0	0	0	0	0	0	0	0	0	0	0	0	0	0	0	0	0	0	0	0	0	0	0	0	0	0
Pseudoruminococcus_massiliensis	0	0	0	0	0	0	0	0	4.61344	0.09725	0	0	0	0	0	0	0	0	0	0	0	0	0	0	0	0	0	0	0	0	0.00072	0	0	0	0	0	1.41115	0	0	0	0	0	0	0	0	0	0	0	0	0	0	0	0	0	0	0	0	0	0	0	0	0	0	0	0	0	0	0	0	0	0	0	0	0	0	0	0
Lachnospira_sp_NSJ_43	0	0	0	0	0	0	0	0	3.60422	0.59347	0	0	0	0	0	0	0	0	0	0	0.41865	0	0.37336	0	0.50026	0	1.41218	0	0	0.4277	0.22266	0	0.08968	0.01709	0	0	0	0	0	0.71648	0.74232	0	0	0.27217	1.72581	0	0	0	0	0	0	0	0	0.06557	0	0	0	0.15191	2.96526	0.04788	0.16856	0	0.1653	0	0.58219	1.18294	0	0	0	0.16883	0.86465	0.07882	0.33494	0	0	0.14399	0
Ruminococcaceae_unclassified_SGB4191	0	0	0	0	0	0	0	0	3.3348	0.7922	0	0	0	0	0	0	0	0	0	0	0.27108	0	0.18567	0	0.93802	0	1.3973	0	0	0.25799	0.64305	0	0	0	0	0	0	0	0	0	0	0	0	0.03302	0	0	0	0	0	0	0	0	0	0	0	0	0	0	1.93918	0	0	0	0	0	0	3.1729	0	0	0	0	0	0	0	0	0	0	0
Ruminococcus_callidus	0	0	0	0	0	0	0	0	1.67906	0	0	0	0	0.41931	0	0	0	0	0	0	0	0.1408	0	0	0	0.01989	0	0	0	0	0.57397	0	0	0	0	0.22144	0.05484	0	0	0.5323	0	0.09137	0	0	0.55028	0	1.26055	0	0	0	0	0	0	0	0	0	0	0	0.33093	0.0197	0	0	0.03651	0	0.14318	0	0	0	0	0	0	0	0.08233	0	0	0	0
Lachnospiraceae_unclassified_SGB4882	0	0	0	0	0	0	0	0	1.42682	0	0	0	0	0	0	0	0	0	0	0	0	0	0.19612	0	0	0	0	0	0	0	2.15341	0	0	0	0	0	0	0	0	0	0	0	0	0	0	0	0	0	0	0	0	0	0	0	0	0	0	0	0	0	0	0	0	0	0	0	0	0	0	0	0	0	0	0	0	0	0
GGB6574_SGB9289	0	0	0	0	0	0	0	0	1.30349	0	0	0	0	0	0	0	0	0	0	0	0	0	0	0	0	0	0	0	0	0	0	0	0	0	0	0	0	0	0	0	0	0	0	0	0	0	0	0	0	0	0	0	0	0	0	0	0	0	0	0	0	0	0	0	0	0	0	0	0	0	0	0	0	0	0	0	0
GGB9633_SGB15091	0	0	0	0	0	0	0	0	0.69844	0.55743	0	0	0.9428	0.36888	0.00789	0	0.18633	0	0	0	0	0.05326	0	0	0.0945	0	0	0.10773	0	0	1.03825	0	0	0	0	0	0.0428	0	0	0	0	0	0	0	0.73783	0	1.54021	0	0	0	0	0	0.0264	0.07483	0	0	0	0	0	0.03685	0.35418	0	0.7762	0	0	0.34102	0	0.069	0	0.1209	0.03113	0.21536	0.50973	0	0	0	0
Haemophilus_pittmaniae	0	0	0	0	0	0	0	0	0.63172	0	0	0	0	0	0	0	0	0	0	0	0	0	0	0	0	0	0	0	0	0	0	0	0	0	0	0	0	0	0	0	0	0	0	0	0	0	0	0	0	0	0	0	0	0	0	0	0	0	0	0	0	0	0	0	0	0	0	0	0	0	0	0	0	0	0	0	0
Roseburia_sp_AM59_24XD	0	0	0	0	0	0	0	0	0.52338	0	0	0	0	0	0	0	0	0	0	0	0	0	0	0	0.14453	0	0	0	0	0	0	0	0.02221	0	0	0	0	0	0	0	0	0	0	0.28071	0.15619	0	0	0	0	0	0	0	0	0	0	0	0	0	0	0	0	0	0.17179	0	0	0.05698	0	0	0	0	0.22568	0	0	0	0.37515	0.3051	0
Clostridiales_bacterium_KLE1615	0	0	0	0	0	0	0	0	0.33868	0.0283	0	0.1669	0.10829	0.00156	0.01131	0	0	0	0	0.03933	0.0833	0.03938	0.03091	0.16779	0.51659	0.036	0.0451	0.11884	0	0.08281	0.04512	0	0.0047	0.04426	0	0	0	0.03491	0	0.02538	0.06459	0.00793	0	0.06355	0.3237	0	0.04192	0	0.28987	0	0	0	0	0.38366	0	0.55653	0	0.09311	0.45475	0.00955	0.0004	0.13282	0.02028	0.10473	0.08871	0.19849	0.12392	0	0	0.11599	0.29798	0	0.36776	0.02453	0.099	0.08079	0
GGB9730_SGB15291	0	0	0	0	0	0	0	0	0.27163	0	0	0	0.02129	0	0	1.35816	0	0	0	0	0.12254	0.09256	0.42113	0.05712	0.04699	0	0.06567	0.13956	0	0.1075	0.49233	0	0.00246	0	0	0	0	0	0	0.2061	0	0	0	0.665	0.11467	0	0.06982	0	0.06936	0	0.13157	0	0	0	0	0.75821	0	0.00316	0.1851	0	2.15068	0.2064	0.16377	0.20415	0.07446	0.04929	0	0.07313	0	0.53522	0.08483	0.21524	0	0.74388	0	0.13522	0
Clostridium_sp_AF36_4	0	0	0	0	0	0	0	0	0.26826	0.02023	0	0	0	0	0	0	0	0	0	0	0.00814	0	0.13803	0	0.00539	0	0.85963	0	0	0.00405	0.77354	0	0.00852	0	0	0	0	0	0	0	0	0	0	0	0.00841	0	0	0	0	0	0	0	0	0	0	0	0	0	0.57744	0	0.01178	0.03306	0.01104	0	0	0.02334	0	0	0	0	0.00695	0	0.28229	0	0.18484	0	0
Clostridium_sp_AF15_49	0	0	0	0	0	0	0	0	0.26136	0.32175	0	0	1.78036	0	0	0	0	0	0	0	0	0.67075	2.60842	0	0.3036	0	0.11935	0	0	0	0.13748	0	0.25235	0	0	0	0	0	0	0.43165	0	0	0	0	0	0	0	0	0	0	0	0	0	0	0	0	0	0.10957	2.07149	0	0.01553	4.87022	0.56957	0	0.92622	0	0	0	0	5.41026	0	0.00893	0.39542	2.50638	0	0	0
GGB4585_SGB6340	0	0	0	0	0	0	0	0	0.23523	0	0	0	0	0	0	0	0	0	0	0	0	0.76127	0	0	0.07786	0	0	0	0	0	0	0	0.71144	0	0	0	0	0	0	0.44873	0	0	0	0.71045	0	0	0	0	0	0	0	0	0	0	0	0	0	0	1.3103	0	0.24716	0	0	0	0.00273	3.23989	0	0	0	1.6208	0	0	0.01103	0.90356	0	0	0
GGB9593_SGB15015	0	0	0	0	0	0	0	0	0.20053	0	0	0	0	0	0	0	0	0	0	0	0	0	0	0	0	0	0	0	0	0	0.8083	0	0	0	0	0	0	0	0	0.30315	0	0	0	0	0	0	0	0	0	0	0	0	0	0	0	0	0	0	0.21978	0	0	0	0	0	0.0125	0	0	0	0	0.20339	0	0	0.20599	0	0	0	0
Faecalibacterium_SGB15345	0	0	0	0	0	0	0	0	0.18232	0	0	0	0	0	0	0	0	0	0	0	0	0	0	0	0	0	0.06734	0	0	0	0	0	0	0	0	0	0	0	0	0	0	0	0	0	0	0	0	0	0	0	0	0	0	0.07924	0	0	0	0	0	0	0	0	0	0	0	0	0	0.00099	0	0	0	0	0	0	0	0.07799	0
Enterobacter_hormaechei	0	0	0	0	0	0	0	0	0.16927	0	0	0	0	0	0	0	0	0	0	0.12573	0.79485	0	0	0	0	0	0	0	0	0.69491	0	0	0	0	0	0	0	0	0	0	0.00826	0	0	0	0	0	0	0	0	0	0	0	0	0	0	0	0	0.00581	0	0	0.07112	0	0	0.07423	0	0.00715	0	0	0	0	0.41044	0	0	0	0	0	0
GGB9524_SGB14924	0	0	0	0	0	0	0	0	0.16887	0.07818	0	0	0.03008	0	0	0	0	0	0	0	0	0	0	0	0	0	0	0	0	0	0.00946	0	0	0	0	0	0	0	0	0.2203	0	0	0	0	0	0	0	0	0	0	0	0	0	0	0	0	0	0	0	0	0	0	0	0	0	0.01605	0	0	0	0.08505	0	0	0.1348	0.16055	0	0	0
Bacteroides_sp_AF16_49	0	0	0	0	0	0	0	0	0.14505	0	0	0	0	0	0	0	0	0	0	0	0	0	0	0	0	0	0	0	0	0	0	0	0	0	0	0	0	0	0	0	0	0	0	0	0	0	0	0	0	0	0	0	0	0	0	0	0	0	0	0	0	0	0	0	0	0	0	0	0	0	0	0.18688	0	0	0	0	0
Haemophilus_parainfluenzae	0	0	0	0	0	0	0	0	0.13194	0	0	0	0	0	0	0	0	0	0	0.05237	0.08805	0.04555	0	0.115	0	0.09826	0.02767	0.02724	0.03084	0.09941	0	0	0.20495	0.16165	0	0	0.42293	0.0288	0	0.23093	0	0	0	0.0508	0	0	0	0	0	0	0	0	0	0	0.0222	0	0	0.31615	0.19772	0.19795	0.97568	0	0.19125	0.0459	0	0.00466	0.02453	0	0.06454	0.12829	0.26504	0.09253	0	0	0	2.76568	0
Peptococcaceae_bacterium	0	0	0	0	0	0	0	0	0.10805	0	0	0	0	0.01551	0	0	0	0	0	0	0	0	0.03409	0	0.01328	0	0.05408	0	0	0	0.08498	0	0	0	0	0	0	0	0	0.16848	0	0	0	0	0	0	0	0	0	0	0	0	0	0.04879	0	0	0	0	0	0	0.06943	0.15372	0.04728	0	0	0.06722	0	0	0	0.03398	0	0	0.01708	0	0	0	0
Veillonella_dispar	0	0	0	0	0	0	0	0	0.0926	0	0	0	0	0	0	0	0	0	0	0	0	0	0	0	0	0.00503	0	0	0	0	0	0.00072	0	0	0	0	0	0	0	0	0	0	0	0	0	1.02601	0	0	0	0	0	0	0	0	0.61349	0	0	0	0.00444	0	0.19421	0	0.00119	0	0	0	0	0	0	0	0.819	0	0	0	0	0.16103	0.05515
GGB9615_SGB15052	0	0	0	0	0	0	0	0	0.08328	0.01478	0	0	0	0.02985	0	0	0.09154	0	0	0	0	0.03045	0.10779	0.07198	0.02956	0	0.07822	0	0	0	0.02606	0	0.02196	0	0	0	0	0	0	0.00858	0	0.02058	0	0	0.07319	0	0.01869	0	0	0	0	0	0	0.03946	0	0	0	0.06102	0.04904	0	0.02305	0	0	0	0.04407	0.03698	0	0	0	0.03636	0	0	0	0.11216	0.04782	0	0
Clostridiaceae_unclassified_SGB4769	0	0	0	0	0	0	0	0	0.08138	0	0	0	0	0	0	0	0	0	0	0.07448	0.15054	0.01926	0	0.08856	0.01639	0	0	0.12728	0	0.17142	0.04358	0	0	0	0	0	0	0	0	0	0	0	0	0.00123	0.00991	0	0	0	0	0	0	0	0	0.00489	0	0	0	0.1409	0.01674	0	0.00051	0.18973	0.01373	0.00828	0.02503	0	0	0.0077	0	0.10596	0.15837	0	0	0.04565	0.00338	0.03888	0
GGB4554_SGB6285	0	0	0	0	0	0	0	0	0.07751	0	0	0	0	0	0	0	0	0	0	0	0	0	0	0	0	0	0	0	0	0	0	0	0	0	0	0	0	0	0	0.33149	0	0	0	0	0	0	0	0	0	0	0	0	0	0	0	0	0	0	0	0	0	0	0	0	0	0	0	0	0	0	0	0	0	0	0	0	0
Butyricimonas_sp_Marseille_P3923	0	0	0	0	0	0	0	0	0.07434	0	0	0	0	0	0	0	0	0	0	0	0	0	0	0	0	0	0	0	0	0	0.00976	0	0	0	0	0.01066	0	0	0	0.00607	0	0	0	0	0	0	0	0	0	0	0	0	0	0	0	0	0	0	0	0	0	0	0	0	0	0.02629	0	0	0	0	0	0	0	0	0	0	0
Clostridiaceae_bacterium_OM08_6BH	0	0	0	0	0	0	0	0	0.0663	0	0	0	0	0	0	0	0.00632	0	0	0.08014	0.09677	0.05679	0.08129	0.06534	0.02983	0	0.01247	0	0	0.09886	0.05034	0	0.05089	0.05644	0	0	0.00302	0.1243	0	0.03792	0	0.01659	0	0	0.02312	0	0	0	0	0	0	0	0	0.03167	0	0	0	0.13922	0.0506	0	0.05269	0	0.02651	0	0.06997	0	0	0.0163	0	0.09685	0.15478	0.0506	0.00331	0.07297	0	0.07201	0.05502
Lachnospiraceae_unclassified_SGB4894	0	0	0	0	0	0	0	0	0.06289	0	0	0	0	0	0	0	0	0	0	0	0	0	0	0	0.12912	0	0.00592	0	0	0	0.0831	0	0	0	0	0	0	0	0	0	0	0	0	0	0	0	0	0	0	0	0	0	0	0.00857	0	0	0	0	0.03995	0	0	0.80676	0	0	0.0064	0	0	0.02541	0	0.13469	0	0	0.0217	0.07186	0	0	0
GGB9699_SGB15216	0	0	0	0	0	0	0	0	0.03907	0.22712	0	0	0.39275	0.1088	0.00234	0	0.21538	0	0	0	0.03183	0	0	0	0.03842	0.00898	0.04504	0.025	0	0.02807	0.0418	0	0.43926	0	0	0	0.33845	0	0	0.04478	0.05861	0	0	0.2419	1.8982	0	0	0	0	0	0	0	0	0.09787	0	0.51998	0	0	0.07374	0	0.12298	0.8866	0.15052	0	0.02155	0.71957	0	0.05222	0	0	0.02306	0.02089	0.48793	0.04537	0.17004	0.07979	0
GGB9707_SGB15229	0	0	0	0	0	0	0	0	0.03183	0	0	0	0	0.00593	0	0	0.33718	0	0	0	0	0.0461	0.06671	0	0.0556	0	0.28862	0.0466	0	0	0.11678	0	0	0	0	0	0	0	0	0.06154	0	0	0	0	0.09114	0	0	0	0	0	0	0	0	0.05522	0	0.00087	0	0	0.09075	0	0.00631	0	0.06051	0	0.10924	0.10492	0	0	0	0.09723	0	0.03512	0.11655	0	0.03087	0	0
Clostridium_sp_OM07_10AC	0	0	0	0	0	0	0	0	0.02707	0	0	0	0	0	0	0	0	0	0	0	0	0	0	0	0	0	0.1211	0	0	0	0.41132	0	0	0	0	0	0	0	0	0	0	0	0	0	0	0	0	0	0	0	0	0	0	0.15763	0	0	0	0	1.50415	0	0	0	0	0	0.0565	0	0	0	0	1.86902	0	0	0.29462	0.30838	0	0	0
Bacteroides_bouchesdurhonensis	0	0	0	0	0	0	0	0	0.02185	0	0	0	0	0	0	0	0	0	0	0	0	0	0.00865	0	0	0	0	0	0	0	0.00333	0	0	0	0	0	0	0	0	0	0	0	0	0	0	0	0	0	0	0	0	0	0	0	0	0	0.04247	0	0	0	0	0.04001	0	0	0.00093	0.07515	0	0	0	0	0	0	0	0.0454	0	0	0
GGB4596_SGB6358	0	0	0	0	0	0	0	0	0.02168	0.05159	0	0	0	0	0	0	0	0	0	0	0	0	0	0	0	0	0	0	0	0	0	0	0	0	0	0	0	0	0	0	0	0	0	0	0	0	0	0	0	0	0	0	0	0	0	0	0	0	0	0	0	0	0	0	0	0.5218	0	0	0	0	0	0	0.11597	0.16653	0	0.02611	0
Eggerthellaceae_unclassified_SGB14341	0	0	0	0	0	0	0	0	0.01961	0	0	0	0	0	0	0	0	0	0	0	0	0.01243	0	0	0	0	0	0	0	0	0	0	0	0	0	0	0	0	0	0	0	0	0	0	0	0	0	0	0	0	0	0	0	0	0	0	0	0	0.07858	0	0	0	0	0	0	0	0	0	0	0.03577	0	0	0.01289	0	0	0	0
GGB9512_SGB14909	0	0	0	0	0	0	0	0	0.01884	0	0	0	0.04752	0	0	0	0	0	0	0	0	0	0	0	0.01382	0	0	0	0	0	0.02068	0	0	0	0	0	0	0	0	0.01919	0	0	0	0	0.12294	0	0	0	0	0	0	0	0	0.04464	0	0	0	0	0.01424	0.00427	0	0	0	0	0	0	0	0	0	0	0	0	0	0.03043	0.11218	0	0
GGB3570_SGB4777	0	0	0	0	0	0	0	0	0.01762	0	0	0	0	0	0	0	0	0	0	0	0	0.00304	0	0	0	0	0.00958	0	0	0	0.00404	0	0	0	0	0	0	0	0	0	0	0	0	0	0.00163	0	0	0	0	0	0	0	0	0.06752	0	0	0	0	0.00822	0	0.01039	0	0	0	0.00734	0	0	0.01067	0	0.04703	0.03595	0	0.0163	0.01878	0	0	0
GGB9644_SGB15121	0	0	0	0	0	0	0	0	0.01581	0	0	0	0	0	0	0	0	0	0	0	0	0	0	0	0	0	0	0	0	0	0	0	0	0	0	0	0	0	0	0.01922	0	0	0	0.08424	0	0	0	0	0	0	0	0	0	0	0	0	0	0	0.05381	0	0	0	0	0	0	0	0	0	0	0	0	0	0	0	0	0	0
Turicibacter_sanguinis	0	0	0	0	0	0	0	0	0.00929	0	0	0	0	0	0	0	0	0.00996	0	0.00373	0	0.04688	0	0.02211	0.07426	0.09548	0	0	0	0	0.07371	0	0	0	0	0	0	0	0	0	0	0	0	0	0	0	0	0	0	0	0	0	0	0	0	0	0	0	0	0	0	0	0.60243	0	0	0	0	0	0	0.00501	0	0	0	0	0	0	0
Lachnospiraceae_bacterium_NSJ_46	0	0	0	0	0	0	0	0	0.00916	0	0	0	0	0	0	0	0	0	0	0	0	0	0	0	0	0	0	0	0	0	0.04654	0	0	0	0	0	0	0	0	0	0	0	0	0	0	0	0	0	0	0	0	0	0	0	0	0	0	0	0.00524	0	0	0	0	0	0	0.01209	0	0	0	0	0	0	0.01006	0	0	0	0
GGB9619_SGB15067	0	0	0	0	0	0	0	0	0.00652	0	0	0	0	0	0	0	0.06248	0.01923	0	0	0	0	0	0	0	0	0.00639	0	0	0	0	0	0	0	0	0	0.05455	0	0	0	0	0	0	0.15798	0	0	0	0	0.18187	0.03132	0	0	0	0	0	0	0	0	0	0	0	0.00365	0	0	0	0	0	0	0	0	0	0.00138	0.0354	0	0	0	0
Veillonella_rogosae	0	0	0	0	0	0	0	0	0.00611	0	0	0	0	0	0	0	0	0	0	0	0	0	0	0	0	0	0	0	0	0	0	0	0	0	0	0	0.32841	0	0	0.02784	0	0	0.2652	0.00644	0	0.00209	0	0.01081	0	0	0	0	0	0	0.17451	0	0	0.00505	0.00445	0.12652	0.91427	0	0.01088	0	0	0	0	0	0	0	0.14026	0	0	0	0	0.45358	0.20424
Clostridium_sp_AM42_4	0	0	0	0	0	0	0	0	0.00555	0	0	0	0	0	0	0	0.01183	0	0	0.00298	0	0	0.01015	0.07204	0	0	0	0	0	0	0.03101	0	0	0	0	0	0	0	0	0.00864	0	0.01996	0	0	0	0	0	0	0	0	0	0	0	0	0	0	0	0.00229	0.05002	0	0	0.15443	0	0	0	0.0403	0	0	0.02001	0.00078	0.06577	0	0	0.03015	0.02279	0.01676	0.06298
Holdemania_filiformis	0	0	0	0	0	0	0	0	0.00484	0.02488	0	0	0.02561	0	0	0	0	0.05426	0	0.05241	0	0	0	0	0	0	0	0	0	0	0.00429	0	0	0	0	0.01164	0	0	0	0	0	0	0	0	0.00946	0	0.02429	0	0	0	0	0	0	0	0	0	0	0.01406	0.01441	0	0	0.05134	0	0.04683	0	0	0	0	0	0	0	0	0	0	0	0	0.03051
GGB9501_SGB14898	0	0	0	0	0	0	0	0	0.00473	0	0	0	0	0	0	0	0	0	0	0	0	0	0	0	0	0	0	0	0	0	0	0	0	0	0	0	0	0	0	0	0	0	0	0	0.00254	0	0	0	0	0	0	0	0	0	0	0	0	0	0	0	0	0	0	0	0	0.06078	0	0	0	0	0	0	0	0	0.0267	0	0
Dorea_sp_AF24_7LB	0	0	0	0	0	0	0	0	0.00387	0	0	0	0	0	0	0	0	0	0	0	0	0	0	0	0	0	0	0	0	0	0	0	0	0	0	0	0.00074	0	0	0	0	0	0	0	0	0	0	0	0	0	0	0	0	0	0	0.00267	0	0	0	0	0	0	0.00613	0	0	0	0	0	0	0	0	0	0	0	0	0	0.00038
Roseburia_SGB4939	0	0	0	0	0	0	0	0	0.00353	0	0	0	0	0	0	0	0	0	0	0	0	0	0	0	0	0	0	0	0	0	0	0	0	0	0	0	0	0	0	0	0	0	0	0	0	0	0	0	0	0	0	0	0	0	0	0	0	0	0	0	0	0	0	0	0	0	0	0	0	0	0	0	0	0	0	0	0
Roseburia_sp_AF02_12	0	0	0	0	0	0	0	0	0.00332	0	0	0	0	0	0	0	0	0	0	0	0	1.10237	0	0	0.11196	0	0	0	0	0	0.57771	0	1.20427	0	0	0.04501	0.3005	0	0	0	0	0	0	1.22803	0	0	0	0	0	0	0	0	0	0.06941	0	0	0	0	0.00324	0.00643	1.1755	0	0	0.00944	0.01076	0.04136	0	0	0	0.04	0	0	0	0	0	0	0
Aeromonas_sp_RU39B	0	0	0	0	0	0	0	0	0.00019	0	0	0	0	0	0	0	0	0	0	0	0	0	0	0	0	0	0	0	0	0	0	0	0	0	0	0	0	0	0	0	0	0	0	0	0	0	0	0	0	0	0	0	0	0	0	0	0	0	0	0	0	0	0	0	0	0	0	0	0	0	0	0	0	0	0	0	0
Clostridium_sp_AM49_4BH	0	0	0	0	0	0	0	0	0	0.3692	0	0	0	0	0	0	0	0	0	0	0	0	0.02745	0	0	0	0.18676	0	0	0	0	0	0	0	0	0	0	0	0	0.15799	0	0	0	0	0.14661	0	0	0	0	0	0	0	0	0	0	0	0	0	0	0	0.01499	0.15535	0	0	0.02995	0	0	0.05893	0	0.00603	0.05874	0	0.04087	0	0	0	0
Bacilli_unclassified_SGB6478	0	0	0	0	0	0	0	0	0	0.27762	0	0	0	0	0	0	0	0	0	0	0	0	0	0	0	0	0	0	0	0	0	0	0	0	0	0	0	0	0	0.01831	0	0	0	0	2.6244	0	0	0	0	0	0	0	0	0	0	0	0	0	0	0	0	0	0.70637	0	0	0	0	0	0	0.43025	0	0	0.1529	0	0	0	0
GGB9602_SGB15031	0	0	0	0	0	0	0	0	0	0.27429	0	0	0	0	0	0	0	0	0	0	0	0	0	0	0	0	0.05089	0	0	0	0.1906	0	0.07398	0	0	0	0	0	0	0.00664	0	0	0	0	0.04588	0	0	0	0	0	0	0	0	0.16405	0	0.14548	0	0	0.26346	0	0	0	0	0	0.03504	0.20438	0	0	0	0.21639	0	0.38912	1.25385	0.15354	0	0	0
GGB3746_SGB5089	0	0	0	0	0	0	0	0	0	0.24818	0	0	0.21826	0.00593	0	0	0	0	0	2.23248	0.47372	0	0	0.01315	0.0984	0.84708	0.97998	0	0	0.4816	0.12536	0	0	0	0	0	2.32848	0.18769	0	0	0	0	0	0	0.1277	0	0	0	0.04506	0	0	0	0	0	0	0.04011	0	0.10099	0	0.40804	0.0184	0.08434	0.00165	0.2877	0.13401	0.69512	0	0	0	1.24353	3.3644	0	0	0.08728	0.25497	1.2391	0
GGB9627_SGB15081	0	0	0	0	0	0	0	0	0	0.11233	0	0	0	0	0	0	0.23486	0.04432	0	0	0	0.02328	0	0	0.01762	0	0	0.02961	0	0	0	0	0	0	0	0	0	0	0	0	0	0	0	0	0.08306	0	0	0	0	0	0	0	0	0.03192	0	0	0	0.01828	0.0023	0	0.1188	0.39985	0	0	0.17038	0.06367	0	0.01966	0	0.01537	0	0.01489	0.17326	0.03079	0.10158	0	0
Clostridia_unclassified_SGB6276	0	0	0	0	0	0	0	0	0	0.10785	0	0	0	0	0	0	0	0	0	0	0.14861	0.34189	0.5361	0	0.01824	0	0	0	0	0.15759	0	0	0	0	0	0	0	0	0	0	0	0	0	0	0.47171	0	0	0	0	0	0	0	0	0	0	0	0	0	0.06153	0	0	0	0.06355	0	0	0.58404	0	0.27477	0	0	0.02812	0	0.0213	0.10901	0	0	0
GGB9705_SGB15225	0	0	0	0	0	0	0	0	0	0.06217	0	0	0	0	0	0	0.01866	0	0	0	0	0	0	0	0.00961	0	0.13983	0	0	0	0.06113	0	0	0	0	0	0	0	0	0.05112	0	0	0	0	0	0	0	0	0	0	0	0	0	0.05663	0	0	0	0	0.05219	0	0	0.29151	0.08485	0	0.03843	0.07252	0	0	0	0.0283	0	0.0176	0.07986	0.02451	0.08733	0	0
Clostridium_leptum	0	0	0	0	0	0	0	0	0	0.05252	0	0	0.00235	0	0.0005	0	0.10554	0.05565	0	0.00495	0	0	0	0	0	0	0	0	0	0	0.00076	0	0.00429	0	0	0	0	0.01404	0	0.76134	0	0	0	0.00042	0	0	0	0	0	0	0	0	0	0.01449	0	0.03403	0	0	0	0.00084	0	0	0.05509	0	0	0.06577	0	0.00355	0	0.06708	0	1.42204	0.66006	0	0	0.12244	0
Clostridium_sp_AF34_13	0	0	0	0	0	0	0	0	0	0.0519	0	0	0	0	0	0	0	0	0	0	0	0	0.12979	0	0	0.51806	0.14246	0	0	0	0	0	0	0	0	0.27788	0	0	0	0	0	0	0	0.35815	0	0	0	0	0.08882	0	0	0	0	0	0	0	0	0	0.84081	0	0.05668	0	0	0.12409	0.02783	0.14109	0	0	0	0.16355	0	0	0.02506	0.00771	0	0	0.88941
GGB9705_SGB15224	0	0	0	0	0	0	0	0	0	0.04542	0	0	0	0	0	0	0	0	0	0	0	0	0	0	0	0	0.13849	0	0	0	0.01377	0	0	0	0	0	0	0	0	0	0	0	0	0	0	0	0	0	0	0	0	0	0	0	0	0	0	0	0	0	0	0	0	0	0	0	0	0	0	0.02394	0	0	0.12007	0	0.03398	0	0
Pyramidobacter_piscolens	0	0	0	0	0	0	0	0	0	0.04373	0	0	0	0	0	0	0	0	0	0	0	0	0	0	0	0	0	0	0	0	0	0	0	0	0	0	0.01888	0	0	0	0	0	0	0	0	0	0	0	0	0	0	0	0	0	0	0	0	0	0	0	0	0	0	0	0	0	0	0	0	0	0	0	0	0	0	0	0
Lachnospiraceae_bacterium_BX3	0	0	0	0	0	0	0	0	0	0.032	0	0	0	0	0	0	0	0	0	0	0	0	0	0	0	0	0.02024	0	0	0	0.04259	0	0	0	0	0	0.39204	0	0	0	0	0	0	0	0.03749	0	0	0	0	0	0	0	0	0	0	0.00679	0	0	0.10617	0	0	0	0	0	0	0.09827	0	0	0	0.08406	0.00832	0	0	0.01709	0	0	0
GGB35068_SGB47850	0	0	0	0	0	0	0	0	0	0.02707	0	0	0	0	0	0	0	0	0	0	0	0.02772	0.0043	0	0	0	0	0	0	0	0.04433	0	0	0	0	0	0	0	0	0	0	0	0	0	0	0	0	0	0	0	0	0	0	0	0	0	0	0	0.0007	0	0.00284	0	0	0	0.00294	0	0	0	0	0.00884	0	0.00045	0	0.00392	0	0	0
GGB29535_SGB42321	0	0	0	0	0	0	0	0	0	0.02529	0	0	0	0	0	0	0.01903	0	0	0	0	0	0	0	0	0	0	0	0	0	0	0	0	0	0	0	0	0	0	0	0	0	0	0	0	0	0	0	0	0	0	0	0	0	0	0	0	0	0	0	0	0	0	0	0	0	0	0	0	0	0	0	0	0	0	0	0
Ruminococcaceae_unclassified_SGB15234	0	0	0	0	0	0	0	0	0	0.02433	0	0	0.29212	0	0	0	0.02701	0	0	0	0	0	0	0	0.19382	0	0.24089	0	0	0	0.72992	0	0.35468	0	0	0	0	0	0	0	0	0	0	0	0.75944	0	0	0	0	0	0	0	0	0.36932	0	0.19317	0	0	0.37859	0	0.00891	0	0.19398	0	0.01143	0.32866	0	0.00127	0	0.03462	0.01838	0	0.07274	0	0	0.16085	0
Eubacterium_sp_AF34_35BH	0	0	0	0	0	0	0	0	0	0.01977	0	0	0.30858	0	0	0	0	0	0	0.00399	0	0	0	0.00145	0	0	0.0073	0	0	0	0	0	0.08792	0	0	0	0	0	0	0	0.00358	0	0	0.0543	0	0	0	0	0	0	0	0	0	0	0	0	0	0	0.02308	0	0	0	0	0	0	0.02947	0	0	0	0	0	0	0.01611	0	0.00329	0.00579	0
GGB9559_SGB14969	0	0	0	0	0	0	0	0	0	0.0164	0	0	0	0	0	0	0	0	0	0	0	0.06451	0	0	0	0	0	0	0	0	0.0088	0	0	0	0	0	0	0	0	0	0	0	0	0	0	0	0.01372	0	0	0	0	0	0	0	0	0	0	0	0.04739	0	0	0	0	0	0	0	0	0	0	0	0	0	0	0	0	0	0
Lawsonibacter_sp_NSJ_51	0	0	0	0	0	0	0	0	0	0.01215	0	0	0	0	0	0	0	0	0	0	0	0	0	0	0	0	0	0	0	0	0	0	0	0	0	0	0	0	0	0	0	0	0	0	0	0	0	0	0	0	0	0	0	0	0	0	0	0	0	0	0	0	0	0	0	0	0	0	0	0	0	0	0	0	0	0	0
Anaerotruncus_rubiinfantis	0	0	0	0	0	0	0	0	0	0.01074	0	0	0	0	0	0	0	0	0	0	0	0	0	0	0	0	0.01346	0	0	0	0.00405	0	0	0	0	0	0	0	0	0	0	0	0	0	0	0	0	0	0	0	0	0	0	0	0	0.00326	0	0	0.00496	0	0	0.00891	0	0	0	0	0	0	0	0	0	0	0.00515	0	0	0	0
Mediterraneibacter_butyricigenes	0	0	0	0	0	0	0	0	0	0.01048	0	0	0	0	0	0	0	0	0	0.01065	0	0	0.00602	0.01281	0	0	0	0	0	0	0.00647	0	0	0.00903	0	0	0.00149	0.02631	0	0.00741	0	0	0	0.00481	0.00318	0	0	0	0	0	0	0	0	0.00437	0	0	0	0	0.01396	0	0.00602	0	0.0013	0	0	0.00058	0	0	0	0.00687	0	0.03247	0.00983	0.03397	0	0	0.00191
GGB9677_SGB15180	0	0	0	0	0	0	0	0	0	0.00481	0	0	0	0	0	0	0	0	0	0	0	0	0	0	0	0	0	0	0	0	0.1027	0	0	0	0	0	0	0	0	0	0	0	0	0	0	0	0	0	0	0	0	0	0	0.01243	0	0.86609	0	0	0	0	0	0	0	0	0	0.01804	0	0	0	0.01763	0	0	0.12846	0	0	0	0
GGB9615_SGB15051	0	0	0	0	0	0	0	0	0	0.00451	0	0	0	0.08167	0	0	0	0	0	0	0	0.05294	0	0	0.14111	0.00888	0.24954	0	0	0	0.12997	0	0	0	0	0	0	0	0	0	0	0	0	0	0	0	0.06027	0	0	0	0	0	0	0.05107	0	0	0	0	0.03817	0	0	0	0.05205	0	0.06137	0	0	0.08582	0	0.04964	0.02797	0.00945	0	0	0	0	0
GGB3490_SGB4664	0	0	0	0	0	0	0	0	0	0.00356	0	0	0	0	0	0	0	0	0	0	0	0	0	2.13737	0.00171	0	0	0	0	0	0.07423	0	0	0	0	0	0	0	0	0	0	0	0	0.00618	0	0	0	0	0	0	0	0	0	0	0	0	0	0	0	0	0	0	0	0	0	0	0	0	0	0.13882	0.9421	0	0	0	0	0	0
Intestinimonas_gabonensis	0	0	0	0	0	0	0	0	0	0.00311	0	0	0	0	0	0	0	0.00482	0	0	0	0	0	0	0	0	0.02388	0	0	0	0.00223	0	0	0	0	0	0	0	0	0	0	0	0	0	0	0	0	0	0	0	0	0	0	0	0	0	0	0	0	0	0	0.00608	0	0	0	0.00021	0	0	0	0	0	0	0	0	0	0	0
Clostridium_methylpentosum	0	0	0	0	0	0	0	0	0	0.00236	0	0	0	0	0	0	0	0	0	0	0	0	0	0	0	0	0	0	0	0	0	0	0	0	0	0	0	0	0	0	0	0	0.01911	0	0	0	0	0	0	0	0	0	0	0	0	0	0	0	0	0	0	0	0	0	0	0	0	0	0	0	0	0	0	0	0	0	0
Actinomyces_SGB17168	0	0	0	0	0	0	0	0	0	0	0.00999	0	0	0	0	0	0	0	0	0	0	0	0	0	0	0	0	0	0	0	0	0	0	0	0	0	0	0	0	0	0	0	0	0	0	0	0	0	0	0	0	0	0	0	0.00772	0	0	0	0	0	0	0	0	0	0	0	0	0	0	0	0	0	0	0	0	0	0
Sutterella_SGB9281	0	0	0	0	0	0	0	0	0	0	0	4.03116	0	0	0	0	0	0	0	0	0	0	0	0	0	0	0	0	0	0	0	0	0	0	0	0	0	0	0	0.6822	0.00766	0	0	0	0	0	0	0	0	0	0	0	0	0.65612	0	0	0	0	0	0	0	0	0	0	0.0087	0	0	0	0	0	0	0	0	0	0	0	0
Blautia_faecicola	0	0	0	0	0	0	0	0	0	0	0	0.04346	0	0	0	0	0	0	0	0.08114	0	0.00967	0	0.13117	0	0.04395	0	0	0	0	0	0	0	0.00138	0	0	0	0	0	0.02129	0	0	0	0	0	0	0.02561	0	0	0	0.02802	0	0	0.06294	0	0.04201	0	0	0.01326	0	0.00635	0.00758	0	0.03077	0.01463	0	0.00373	0.00507	0	0	0.06549	0	0	0.02897	0	0	0
Streptococcus_sanguinis	0	0	0	0	0	0	0	0	0	0	0	0.01144	0	0	0	0	0	0	0	0	0.0441	0	0	0	0	0	0	0	0	0.00662	0	0	0	0	0	0	0	0	0	0	0	0	0	0	0	0	0	0	0	0	0	0	0	0	0	0	0	0	0	0	0	0	0	0	0	0	0	0	0	0	0	0	0	0	0	0.03044	0
GGB3278_SGB4328	0	0	0	0	0	0	0	0	0	0	0	0	0.77379	0	0	0	0	0	0	0	0	0.11988	0.06897	0	0.29028	0	0	0	0	0	0	0	0	0	0	0	0	0	0	0	0	0	0	0	0	0	0	0	0	0	0	0	0	1.17707	0	0	0	0	0	0	0	0	0	0	0	0.83284	0	0	0	0.983	0	0	0	0	0	0	0
Ruminococcaceae_unclassified_SGB15260	0	0	0	0	0	0	0	0	0	0	0	0	0.45299	0	0	0	0.29079	0	0	0	0	0.03749	0	0	0.07117	0	0.15809	0.38977	0	0	0.20034	0	0	0	0	0	1.55128	0.02389	0	0.02902	0	0	0	0	0.56998	0	0	0	0	0	0	0	0	0.02737	0	0	0	0	1.25423	0	0.01686	0	0.30382	0	0.02352	0.04323	0	0.00551	0	0.07408	0.01705	0.08082	0.19692	0.2045	0	0	0
Acidaminococcaceae_bacterium	0	0	0	0	0	0	0	0	0	0	0	0	0.15126	0	0	0	0	0	0	0	0	0	0	0	0	0	0	0	0	0	0	0	0	0	0	0	0	0	0	0	0	0	0	0	0	0	0	0	0	0	0	0	0	0	0	0	0	0	0	0	0	0	0	0	0	0	0	0	0	0	0	0.05886	0	0	0	0	0
Lachnospiraceae_bacterium_OM04_12BH	0	0	0	0	0	0	0	0	0	0	0	0	0.09344	0	0	0	0	0	0	0	0	0	0	0	0	0	0	0	0	0	0.01097	0	0	0	0	0	0	0	0	0.00289	0	0	0	0	0	0	0	0	0	0	0	0	0	0.06042	0	0	0	0	0.02482	0	0	0.37119	0	0	0	0	0	0.03986	0	0.01363	0	0	0	0.02583	0	0	0
Oxalobacter_formigenes	0	0	0	0	0	0	0	0	0	0	0	0	0.02732	0	0	0	0	0	0	0	0	0	0	0	0	0	0	0	0	0	0	0	0	0	0	0	0	0	0	0	0	0	0	0	0.03374	0	0	0	0	0	0	0	0	0	0	0	0	0	0	0	0	0	0.00201	0	0	0	0	0	0	0	0	0	0	0	0	0	0
Frisingicoccus_caecimuris	0	0	0	0	0	0	0	0	0	0	0	0	0.02673	0	0	0	0	0	0	0	0	0	0	0	0	0	0	0	0	0	0	0	0	0	0	0	0.04289	0	0	0	0	0	0	0	0	0	0	0	0	0	0	0	0	0	0	0	0	0	0	0	0	0	0	0	0	0	0	0	0	0	0	0	0	0	0	0	0
Coprobacillus_cateniformis	0	0	0	0	0	0	0	0	0	0	0	0	0.01294	0	0	0	0.00134	0	0	0	0	0	0	0	0	0	0	0	0	0	0	0.44739	0	0	0	0	0	0	0.00535	0	0	0	0	0	0.02168	0	0	0	0	0	0	0	0	0	0	0	0	0	0	0	0	0	0	0	0	0	0	0	0	0	0	0	0.00681	0	0	0	0
Acidaminococcus_intestini	0	0	0	0	0	0	0	0	0	0	0	0	0.00941	0	0	0	0	0	0	0	0	0	0	0	0	0	0	0	0	0	0	0	0	0	0	0	0	0	0	0	0	0	0	0	0	0	0	0	0	0	0	0	0	0	0	0	0	0	0	0	0	0	0	0	0	0	0	0	0	0	0	0	0	0	0.2893	0	0
Candidatus_Pseudobutyricicoccus_lothianensis	0	0	0	0	0	0	0	0	0	0	0	0	0.00377	0	0	0	0	0	0	0	0	0	0	0	0	0	0	0	0	0	0	0	0	0	0	0	0	0	0	0	0	0	0	0	0	0	0	0	0	0	0	0	0	0	0	0	0	0	0	0	0	0	0	0	0	0	0	0	0	0	0	0	0	0	0	0	0
Neglecta_timonensis	0	0	0	0	0	0	0	0	0	0	0	0	0.00273	0	0	0	0	0	0	0	0	0	0	0	0	0	0	0	0	0	0	0	0	0	0	0	0	0	0	0	0	0	0	0	0	0	0	0	0	0	0	0	0	0	0	0	0	0	0	0	0	0	0	0	0	0	0	0	0	0	0	0	0.14173	0	0	0	0
Blautia_SGB4831	0	0	0	0	0	0	0	0	0	0	0	0	0.00228	0	0	0	0	0	0	0	0	0	0	0.00935	0	0.00581	0	0	0	0	0.00364	0	0	0	0	0	0	0	0	0.0025	0	0	0	0	0.00034	0	0	0	0	0	0	0	0	0	0	0.02427	0	0.00068	0.00303	0	0	0	0	0	0	0	0	0	0	0	0	0	0	0	0	0	0
Lactococcus_petauri	0	0	0	0	0	0	0	0	0	0	0	0	0.00222	0	0	0	0	0	0	0	0	0	0	0	0	0	0	0	0	0	0	0	0	0	0	0	0	0	0	0	0	0	0	0	0	0	0	0	0	0	0	0	0	0	0	0	0	0	0.00222	0	0.06057	0	0	0	0	0.01553	0	0	0	0	0	0	0	0	0	0	0
Eggerthellaceae_bacterium	0	0	0	0	0	0	0	0	0	0	0	0	0.00139	0	0.06205	0	0	0	0	0	0	0	0	0	0	0	0	0	0	0	0	0	0	0	0	0	0	0	0	0	0	0	0	0	0	0	0	0	0.04035	0	0	0	0	0	0	0	0	0	0	0	0	0	0.1271	0	0.00708	0	0	0	0	0.05844	0	0	0	0	0	0	0
Massilimaliae_massiliensis	0	0	0	0	0	0	0	0	0	0	0	0	0.0012	0	0	0	0	0.06157	0	0	0	0	0	0	0	0	0	0	0	0	0	0	0	0	0	0	0	0	0	0	0	0	0	0	0	0	0	0	0	0	0	0	0	0	0	0	0	0	0	0	0	0	0	0	0	0	0	0	0	0	0	0.05067	0	0	0	0	0
Megasphaera_sp_BL7	0	0	0	0	0	0	0	0	0	0	0	0	0	2.43689	0	0	0	0	0	0	0	0	0	0	0	0	0	0	0	0	0	0	0	0	0	0	0	0	0	0	0	0	0	0	0.26069	0	0	0	1.86773	0	0	0	0.35753	0	0	0	0	0.13225	0	0	0	0	0	0	0	0	0	0	0	0.08233	0	1.34794	0	0	0.60235	0	0
Enterococcus_faecium	0	0	0	0	0	0	0	0	0	0	0	0	0	0.17205	0.01361	0	0.00683	0	0	0	0	0	0	0	0	0	0	0	0	0	0	0.09972	0	0	0.30192	0	0	0	0.97269	0	0	0	0	0	0	0.00776	0	0	0	0	0	0.09708	0	0.06336	0.02397	0	0	0	0	0	0	0	0	0	0.0102	0	0	0	0	0	0	0	0	0	0	0	0
Ruminococcus_lactaris	0	0	0	0	0	0	0	0	0	0	0	0	0	0.04204	0	0	0	0.2322	0	0	0	0.07888	0.1815	0	0	0	0	0	0	0	0.2412	0	0	0.05389	0	0	0	0	0	0.34793	0	0	0	0.12022	0	0	0	0	0	0	0	0	0	0	0	0.17059	0	0	0	0	1.03028	0	0	0	0.04186	0.04236	0	0	0	0	0.31446	0	0.0247	0.6523	0.26715	0.48463	0
Akkermansia_muciniphila	0	0	0	0	0	0	0	0	0	0	0	0	0	0.01901	0	0	0	3.81658	0	0	0	0	0.09855	0	0	0	0.76875	0.00288	0	0	0	0	0	0	0	0	0	0	0	0	0	0.03566	0	0.46943	0	0	0	0	0	0	0	0	0	0.03857	0	0	0	0	0	0	0	0	0	0	0	0.11628	0	0	0	0.43535	0	0.04139	0.00435	0	0	0.03306	0
Bifidobacterium_breve	0	0	0	0	0	0	0	0	0	0	0	0	0	0.01051	0	0	0	0	0	0	0	0	0	0	0	0	0	0	0	0	0	29.37344	0	0	0	0	0	0	0	0	0	0	0	0	0	0	0	0	0.05438	0	0	0	0	0	0	0	0	0	0	0	0	0	0	0	0	0	0	0	0	0	0	0	0	0	0	0	0
Rothia_mucilaginosa	0	0	0	0	0	0	0	0	0	0	0	0	0	0.00727	0	0	0	0	0	0	0.01274	0	0	0	0	0.02881	0	0	0.0107	0	0	0	0	0	0	0	0	0	0.00292	0	0	0	0	0	0	0.00248	0	0.0049	0	0	0.00344	0	0	0	0	0	0	0	0	0	0.03417	0	0	0	0	0	0	0	0	0	0.02533	0	0	0	0	0.08645	0
Ruminococcus_sp_JE7A12	0	0	0	0	0	0	0	0	0	0	0	0	0	0.00528	0	0	0	0	0	0	0	0	0.11474	0	0	0	0.09311	0	0	0	0.0196	0	0	0	0	0	0	0	0	0	0	0	0	0	0	0	0	0	0	0	0	0	0	0	0	0	0	0	0	0	0	0	0	0	0.04996	0	0	0	0	0	0	0	1.35079	0	0	0	0
Butyricicoccus_SGB14990	0	0	0	0	0	0	0	0	0	0	0	0	0	0.00292	0	0	0	0	0	0	0.23086	0	0	0.49349	0	0	0	0	0	0.23098	0	0	0.18468	0.04856	0	0	0	0	0	0	0	0	0	0	0	0	0	0	0.31237	0	0	0	0	0	0	0	0	0	0	0	0	0.00307	0	0	0.0255	0	0	0	0	0.16934	0	0	0	0	0	0	0
Clostridium_sp_WCA_389_WT_23D1	0	0	0	0	0	0	0	0	0	0	0	0	0	0.00115	0	0	0	0	0	0	0	0	0	0	0	0	0	0	0	0	0	0	0	0	0	0	0	0	0	0	0	0	0	0	0	0	0	0	0	0	0	0	0	0	0	0	0	0	0	0	0	0	0	0	0	0	0	0	0	0	0	0	0	0	0	0	0
Gardnerella_vaginalis	0	0	0	0	0	0	0	0	0	0	0	0	0	0.00112	0	0	0	0	0	0	0	0	0	0	0	0	0	0	0	0	0	0	0	0	0	0.01927	0	0	0	0	0	0	0	0	0	0	0.00165	0	0	0	0	0	0	0	0	0	0	0	0	0	0	0	0	0	0	0	0	0	0	0	0	0	0	0	0	0	0
GGB4964_SGB6927	0	0	0	0	0	0	0	0	0	0	0	0	0	0.00094	0	0	0	0	0.01899	0	0	0	0	0	0	0	0	0	0	0	0	0	0	0	0	0	0	0	0	0	0	0	0	0	0	0	0	0	0	0	0	0	0	0	0	0	0	0	0	0	0	0	0	0	0	0	0	0	0	0	0	0	0	0	0	0	0
Monoglobus_pectinilyticus	0	0	0	0	0	0	0	0	0	0	0	0	0	0.00065	0	0	0	0	0	0	0	0	0	0	0	0	0	0	0	0	0.01591	0	0	0	0	0	0	0	0	0	0	0	0	0	0	0	0	0	0	0	0	0	0	0	0	0	0	0	0	0	0	0	0	0	0	0	0	0	0	0	0	0	0	0	0	0	0
Sutterella_wadsworthensis	0	0	0	0	0	0	0	0	0	0	0	0	0	0	1.66794	0.70865	0.80403	0	0	0	2.02616	0.9398	1.03475	2.80946	0.32763	3.47043	0	0	0	2.20852	0	0	2.41565	1.32564	0	0.66629	0	0	0	0	0	0.42789	0	0	0	0	0	0	0	0	0	0	4.11129	0	0	1.90801	0	0.45456	0	0	0	0	0.82232	0	0.34264	0.96039	0	0	1.11169	0.57835	2.81481	0.28365	0	0	0	1.38322	0
GGB1339_SGB1796	0	0	0	0	0	0	0	0	0	0	0	0	0	0	1.2115	0	0	0	0	0	0	0	0	0	0	0	0	0	0	0	0	0	0	0	0	0	0	0	0	0	0	0	0	0	0	0	0	0	0	0	0	0	0	0	0	0	0	0	0	0	0	0	0	0	0	0	0	0	0	0	0	0	0	0	0	0	0
GGB1681_SGB2313	0	0	0	0	0	0	0	0	0	0	0	0	0	0	0.99811	0	0	0	0	0	0	0	0	0	0	0	0	0	0	0	0	0	0	0	0	0	0	0	0	0	0	0	0	0	0	0	0	0	0	0	0	0	0	0	0	0	0	0	0	0	0	0	0	0	0	0	0	0	0	0	0	0	0	0	0	0	0
Comamonas_kerstersii	0	0	0	0	0	0	0	0	0	0	0	0	0	0	0.00837	0	0	0	0	0	0.00384	0	0	0	0	0	0	0	0	0	0	0	0	0	0	0	0	0	0	0	0	0	0	0	0	0	0	0	0	0	0	0	0	0	0	0	0	0.00467	0	0	0	0	0	0	0	0	0	0	0	0	0	0	0	0	0	0.26728	0
GGB9574_SGB14987	0	0	0	0	0	0	0	0	0	0	0	0	0	0	0.00749	0	0	0	0	0	0	0	0	0	0	0	0	0	0	0	0	0	0	0	0	0	0	0	0	0	0	0	0	0	0	0	0	0	0	0	0	0	0	0	0	0	0	0	0	0	0	0	0	0	0	0	0	0	0	0	0	0	0	0	0	0	0
GGB41458_SGB58520	0	0	0	0	0	0	0	0	0	0	0	0	0	0	0.00276	0	0	0	0	0.00829	0	0	0	0.06228	0.00484	0	0	0	0.01048	0	0.00363	0	0	0	0	0.01214	0.01136	0	0	0	0	0	0	0	0	0	0	0	0	0	0	0	0	0	0	0	0	0	0	0	0	0	0	0	0	0	0	0	0	0.007	0	0	0	0.01213	0	0	0
Massilia_eurypsychrophila	0	0	0	0	0	0	0	0	0	0	0	0	0	0	0.00143	0.00214	0	0	0	0	0	0	0	0	0	0	0	0	0	0	0	0	0	0	0	0	0	0	0	0	0	0	0	0	0	0	0	0	0	0	0	0	0	0	0	0	0	0	0	0	0	0	0	0	0	0	0	0	0	0	0	0	0	0	0	0	0
Streptococcus_lutetiensis	0	0	0	0	0	0	0	0	0	0	0	0	0	0	0	0.02946	0	0	0	0	0	0	0	0	0	0	0	0	0	0	0	0	0	0	0	0	0	0	0	0	0	0	0	0	0	0	0	0	0	0	0	0	0	0	0	0	0	0	0	0	0	0	0	0	0	0	0	0	0	0	0	0	0	0	0	0	0
Fructilactobacillus_sanfranciscensis	0	0	0	0	0	0	0	0	0	0	0	0	0	0	0	0.00242	0	0	0	0	0	0	0	0	0	0	0	0	0	0	0	0	0	0	0	0	0	0	0.08178	0	0.08616	0	0	0.00919	0.00027	0	0	0.01529	0.00489	0	0	0.07351	0	0	0	0.07596	0	0	0	0.00539	0	0	0	0	0	0	0	0	0	0	0	0	0	0	0	0	0
Gemmiger_sp_An50	0	0	0	0	0	0	0	0	0	0	0	0	0	0	0	0	1.10503	0	0	0	0	0	0	0	0	0	0	0	0	0	0	0	0	0	0	0	0	0	0	0	0	0	0	0	0	0.07847	0	0	0.03906	0	0	0	0	0	0	0	0	0	0	0	0	0	0	0	0	0	0	0	0	0	0	0	0	0	0	0	0
Rikenellaceae_bacterium	0	0	0	0	0	0	0	0	0	0	0	0	0	0	0	0	0.56834	0	0	0	0	0	0	0	0	0	0	0	0	0	0	0	0	0	0	0	0	0	0	0	0	0	0	0	0.78013	0	0	0	0	0	0	0	0	0.26996	0	0	0	0	0	0	0	0	0	0	0	0	0	0	0	0	0	0	0.87529	0	0	0	0
Negativibacillus_massiliensis	0	0	0	0	0	0	0	0	0	0	0	0	0	0	0	0	0.49336	0	0	0	0	0	0	0	0	0	0.03942	0	0	0	0	0	0	0	0	0	0	0	0	0	0	0	0	0.00185	0	0	0	0	0	0	0	0	0	0	0	0	0	0	0	0	0.08144	0.05777	0	0	0	0	0	0	0.00462	0	0	0	0	0	0.02617	0	0
Lachnospiraceae_bacterium_2_1_46FAA	0	0	0	0	0	0	0	0	0	0	0	0	0	0	0	0	0.34798	0	0	0	0	0	0	0	0	0	0	0	0.01286	0	0	0	0	0	0	0	0	0	0	0	0	0	0	0	0	0	0	0	0	0	0	0	0.50843	0	0	0	0	0	0	0	0	0	0	0	0	0	0	0	0	0	0	0	0	0	0	0	0
Alistipes_dispar	0	0	0	0	0	0	0	0	0	0	0	0	0	0	0	0	0.28583	0	0	0	0	0	0	0	0	0	0	0	0	0	0	0	0	0	0	0	0	0	0	0	0	0.00964	0	0	0	0	0	0	0	0.02822	0	0	0	0	0	0	0	0	0	0	0	0	0	0	0	0.0582	0	0	0	0	0	0	0	0	0	0	0
GGB9561_SGB14972	0	0	0	0	0	0	0	0	0	0	0	0	0	0	0	0	0.18216	0	0	0	0	0.03016	0	0	0	0	0.07314	0.04992	0	0	0.03371	0	0	0	0	0	0	0	0	0	0.01206	0	0	0	0.00858	0	0	0	0	0	0	0	0	0.00282	0	0	0	0	0.00164	0	0	0	0	0	0.0232	0	0	0.00597	0	0.0552	0.03501	0	0.02362	0.02918	0	0	0
GGB32463_SGB47515	0	0	0	0	0	0	0	0	0	0	0	0	0	0	0	0	0.087	0	0	0	0	0	0	0	0	0	0	0	0	0	0	0	0	0	0	0	0	0	0	0	0	0	0	0	0	0	0	0	0	0	0	0	0	0	0	0	0	0	0	0	0	0	0	0	0	0	0	0	0	0	0	0	0	0	0	0	0
Clostridiales_unclassified_SGB15148	0	0	0	0	0	0	0	0	0	0	0	0	0	0	0	0	0.07931	0	0	0	0	0	0	0	0	0	0	0	0	0	0	0	0	0	0	0	0	0	0	0	0	0	0	0	0	0	0	0	0	0	0	0	0	0	0	0	0	0	0	0	0	0	0	0	0	0	0	0	0	0	0	0	0	0	0	0	0
Intestinibacillus_sp_Marseille_P6563	0	0	0	0	0	0	0	0	0	0	0	0	0	0	0	0	0.05339	0	0	0	0	0	0	0	0	0	0	0	0	0	0	0	0	0	0	0	0	0	0	0	0	0	0	0	0	0	0	0	0	0	0	0	0	0	0	0	0	0	0	0	0	0	0	0	0	0	0	0	0	0	0	0	0	0	0	0	0
GGB2983_SGB3965	0	0	0	0	0	0	0	0	0	0	0	0	0	0	0	0	0.01529	0	0	0	0	0	0	0	0.0069	0	0	0	0	0	0.00924	0	0	0	0	0	0	0	0	0	0	0	0	0	0.00715	0	0	0	0	0	0	0	0	0	0	0	0	0	0	0	0.0189	0	0	0	0.03518	0	0	0.00602	0	0.0126	0	0.00588	0.00634	0	0	0	0
GGB9237_SGB14179	0	0	0	0	0	0	0	0	0	0	0	0	0	0	0	0	0.01463	0	0	0	0	0	0	0	0.03812	0	0	0.00203	0	0	0.01449	0	0	0	0	0	0.03871	0	0	0	0	0	0	0.0267	0.01452	0	0	0	0	0	0	0	0	0.02003	0	0.02109	0	0	0	0	0	0.19645	0	0	0	0.02603	0	0	0	0	0	0	0.20776	0	0.00291	0	0
Mediterraneibacter_massiliensis	0	0	0	0	0	0	0	0	0	0	0	0	0	0	0	0	0.01174	0	0	0	0	0	0	0	0	0	0	0	0	0	0	0	0	0	0	0	0	0	0	0	0	0	0	0	0	0	0	0	0	0	0	0	0	0	0	0	0	0	0	0	0	0	0	0	0	0	0	0	0	0	0	0	0	0	0	0	0
Ruminococcus_sp_NSJ_71	0	0	0	0	0	0	0	0	0	0	0	0	0	0	0	0	0.00842	0	0	0	0	0.28594	0.04022	0	0.01729	0	0.81068	0	0	0	0	0	1.03994	0	0	17.52203	0	0	0	0.11791	0	0	0	8.20934	4.71328	0	0	0	0	0	0	0	0	0	0	0	0	0.00129	0	0.00555	0	0	0	0	5.12091	8.23305	0	0	0.21856	0.88253	0.55502	0	0	0	0	0	0
Anaerosacchariphilus_sp_NSJ_68	0	0	0	0	0	0	0	0	0	0	0	0	0	0	0	0	0.00818	0	0	0	0	0	0.00931	0	0	0	0.01137	0	0	0	0.00714	0	0	0	0	0	0	0	0	0	0	0	0	0.02039	0	0	0	0	0	0	0	0	0	0.01818	0	0	0	0	0.00811	0	0	0.05968	0	0	0.01792	0.01212	0	0	0	0.01533	0.00436	0	0.01011	0.01668	0	0	0
GGB1689_SGB2321	0	0	0	0	0	0	0	0	0	0	0	0	0	0	0	0	0.00505	0	0	0	0	0	0	0	0	0	0	0	0	0	0.14511	0	0	0	0	0	0	0	0	0	0	0	0	0	0.29164	0	0	0	0	0	0	0	0	0	0	0	0	0	0	0	0	0	0	0	0	0	0	0	0	0	0	0	0	0	0	0	0
Butyricimonas_faecalis	0	0	0	0	0	0	0	0	0	0	0	0	0	0	0	0	0.0013	0	0	0	0	0	0	0	0.16909	0	0	0	0	0	0	0	0	0.0076	0	0	0	0	0	0	0	0	0	0	0	0	0.07545	0	0	0	0	0	0	0	0	0.00624	0	0	0	0	0.05797	0	0	0	0	0	0	0	0	0	0	0	0.26852	0	0	0	0
Parabacteroides_goldsteinii	0	0	0	0	0	0	0	0	0	0	0	0	0	0	0	0	0.00068	0	0	0.00563	0	0	0	0	0.00273	0	0	0.00035	0	0	0	16.56668	0	0	0	0	0	0.09915	0	0.13478	0	0	5.37631	0	0	0	0	0	0	0	0	0	0.00946	0.03515	0	0.14522	9.67189	0	0.04015	0	0	0.40698	0	0	0	0	0	0	0	0	0	0.01755	0.15615	0.02558	0.011	0	0.01458
Prevotella_hominis	0	0	0	0	0	0	0	0	0	0	0	0	0	0	0	0	0	1.42615	0	0	0	0	0	0	0	0	0	0	0	0	0	0	0	0	0	0	0	0	0	0	0	0	0	0	0	0	0	0	0	0	0	0	0	0	0	0	0	0	0	0	0	0	0	0	0	0	0	0	0	0	0	0	0	0	0	0	0
Lentisphaeria_bacterium	0	0	0	0	0	0	0	0	0	0	0	0	0	0	0	0	0	0.17188	0	0	0	0	0	0	0	0	0	0	0	0	0	0	0	0	0	0	0	0	0	0.00874	0	0	0	0	0.0076	0	0	0	0	0	0	0	0	0.0047	0	0.07353	0	0	0	0	0	0	0.03134	0	0	0.07175	0	0.0072	0	0.02948	0	0.14694	0.12594	0	0	0	0
GGB6606_SGB9340	0	0	0	0	0	0	0	0	0	0	0	0	0	0	0	0	0	0.03857	0	0.01809	0	0	0	0	0	0	0	0	0	0	0	0	0	0	0	0	0	0	0	0.5092	0	0	0	0	0	0	0	0	0	0	0	0	0	0.0003	0	17.20675	0	0	0	0	0	0	0	0	0	0	0	0	0	0	0.0403	0.58455	0.07448	2.392	0.38167	1.02778	0
Flavobacteriales_bacterium	0	0	0	0	0	0	0	0	0	0	0	0	0	0	0	0	0	0.03751	0	0	0	0	0	0	0.03579	0	0	0	0	0	0	0	0	0	0	0	0	0	0	0	0	0	0	0	0	0	0	0	0	0.02564	0	0	0	0	0	0	0	0	0	0	0	0	0	0	0	0.04033	0	0	0	0	0	0	0	0	0	0	0
Flavonifractor_sp_An100	0	0	0	0	0	0	0	0	0	0	0	0	0	0	0	0	0	0.01088	0	0	0	0	0	0	0	0	0	0	0	0	0	0	0	0	0	0	0	0	0	0	0	0	0	0	0	0	0	0	0	0	0	0	0	0	0	0	0	0	0	0	0	0	0	0	0	0	0	0	0	0	0	0	0	0	0	0	0
Agathobaculum_sp_Marseille_P7918	0	0	0	0	0	0	0	0	0	0	0	0	0	0	0	0	0	0.00175	0	0	0	0	0	0	0	0	0	0	0	0	0	0	0	0	0	0	0	0	0	0	0	0	0	0	0	0	0	0	0	0	0	0	0	0	0	0	0	0	0	0	0	0	0	0	0	0	0	0	0	0	0	0	0	0	0	0	0
Clostridium_saccharogumia	0	0	0	0	0	0	0	0	0	0	0	0	0	0	0	0	0	0.00117	0	0	0	0	0	0	0	0	0	0	0	0	0	0	0	0	0	0	0	0	0	0	0	0	0	0	0	0	0	0	0	0	0	0	0	0	0	0	0	0	0	0	0	0	0	0	0	0	0	0	0	0	0	0	0	0	0	0	0
Acidaminococcus_provencensis	0	0	0	0	0	0	0	0	0	0	0	0	0	0	0	0	0	0	0.56929	0	0	0	0	0	0	0	0	0	0	0	0	0	0	0	0	0	0	0	0	0	0	0	0	0	0	0	0	0	0	0	0	0	0	0	0	0	0	0	0	0	0	0	0	0	0	0	0	0	0	0	0	0	0	0	0	0	0
Lacrimispora_saccharolytica	0	0	0	0	0	0	0	0	0	0	0	0	0	0	0	0	0	0	0.24976	0	0	0	0	0	0	0	0	0	0	0	0	0	0	0	0	0	0	0	0	0	0	0	0	0	0	0	0	0	0	0	0	0	0	0	0	0.01755	0	0	0	0	0	0	0	0	0	0	0	0	0	0	0	0	0	0	0	0	0
Clostridium_sp_C5_48	0	0	0	0	0	0	0	0	0	0	0	0	0	0	0	0	0	0	0.04437	0	0	0	0	0	0	0	0	0	0	0	0	0	0	0	0	0	0	0	0	0	0	0	0	0	0	0	0	0	0	0	0	0	0	0	0	0	0	0	0	0	0	0	0	0	0	0	0	0	0	0	0	0	0	0	0	0	0
Actinomyces_SGB17154	0	0	0	0	0	0	0	0	0	0	0	0	0	0	0	0	0	0	0.00396	0	0	0	0	0	0	0	0	0	0	0	0	0	0	0	0	0	0	0	0	0	0	0	0	0	0	0	0	0	0	0	0	0	0	0	0	0	0	0	0	0	0	0	0	0	0	0	0	0	0	0	0	0	0	0	0	0	0
Prevotella_corporis	0	0	0	0	0	0	0	0	0	0	0	0	0	0	0	0	0	0	0	3.62088	0	0	0	0	0	0	0.0039	0	0	0	0.0044	0	0	0	0	0	0	0	0	0	0	0	0	0	0	0	0	0	0	0	0	0	0	0	0	0	0	0	0	0	0	0	0	0	0	0	0	0	0	0	0	0	0	0	0	0	0
Prevotella_bivia	0	0	0	0	0	0	0	0	0	0	0	0	0	0	0	0	0	0	0	1.66612	0	0	0	0	0	0	0	0	0	0	0	0.03993	0	0	0	0	0	0	0	0	0	0	0	0	0	0	0	0	0	0	0	0	0	0	0	0	0	0	0	0	0	0.00469	0	0	0	0	0	0	0	0	0	0	0	0	0	0	0
Levyella_massiliensis	0	0	0	0	0	0	0	0	0	0	0	0	0	0	0	0	0	0	0	0.71836	0	0	0	0	0	0	0	0	0	0	0	0	0	0	0	0	0	0	0	0	0	0	0	0	0	0	0	0	0	0	0	0	0	0	0	0	0	0	0	0	0	0	0	0	0	0	0	0	0	0	0	0	0	0	0	0	0
Prevotella_disiens	0	0	0	0	0	0	0	0	0	0	0	0	0	0	0	0	0	0	0	0.66299	0	0	0	0	0	0	0	0	0	0	0	0.05779	0	0	0	0.00743	0	0	0	0	0	0	0	0	0	0	0	0	0	0	0	0	0	0	0	0	0	0	0	0	0	0	0	0	0	0	0	0	0	0	0	0	0	0	0	0	0
GGB4277_SGB5832	0	0	0	0	0	0	0	0	0	0	0	0	0	0	0	0	0	0	0	0.48966	0	0	0	0	0	0	0	0	0	0	0	0.00674	0	0	0	0	0	0	0	0	0	0	0	0	0	0	0	0	0	0	0	0	0	0	0	0	0	0	0	0	0	0	0	0	0	0	0	0	0	0	0	0	0	0	0	0	0
GGB1456_SGB2019	0	0	0	0	0	0	0	0	0	0	0	0	0	0	0	0	0	0	0	0.35256	0	0	0	0	0	0	0	0	0	0	0	0	0	0.03278	0	0	0	0	0	0	0	0	0	0	0	0	0	0	0	0	0	0	0	0	0	0	0	0	0	0	0	0	0	0	0	0	0	0	0	0	0	0	0	0	0	0	0
Lawsonella_SGB3665	0	0	0	0	0	0	0	0	0	0	0	0	0	0	0	0	0	0	0	0.21472	0	0	0	0	0	0	0	0	0	0	0	0	0	0	0	0	0	0	0	0	0	0	0	0	0	0	0	0	0	0	0	0	0	0	0	0	0	0	0	0	0	0	0	0	0	0	0	0	0	0	0	0	0	0	0	0	0
GGB1455_SGB2018	0	0	0	0	0	0	0	0	0	0	0	0	0	0	0	0	0	0	0	0.1119	0	0	0	0	0	0	0	0	0	0	0	0	0	0	0	0	0	0	0	0	0	0	0	0	0	0	0	0	0	0	0	0	0	0	0	0	0	0	0	0	0	0	0	0	0	0	0	0	0	0	0	0	0	0	0	0	0
Dialister_pneumosintes	0	0	0	0	0	0	0	0	0	0	0	0	0	0	0	0	0	0	0	0.0952	0	0	0	0	0	0	0	0	0	0	0	0	0	0	0	0	0	0	0	0	0	0	0	0	0	0	0	0	0	0	0.01174	0	0	0	0	0	0	0	0	0	0	0	0	0.00888	0	0	0	0	0	0	0	0	0	0	0	0	0
Peptoniphilus_sp_BV3C26	0	0	0	0	0	0	0	0	0	0	0	0	0	0	0	0	0	0	0	0.09183	0	0	0	0	0	0	0	0	0	0	0	0	0	0	0	0	0	0	0	0	0	0	0	0	0	0	0	0	0	0	0	0	0	0	0	0	0	0	0	0	0	0	0	0	0	0	0	0	0	0	0	0	0	0	0	0	0
Ezakiella_coagulans	0	0	0	0	0	0	0	0	0	0	0	0	0	0	0	0	0	0	0	0.08067	0	0	0	0	0	0	0	0	0	0	0	0	0	0	0	0	0	0	0	0	0	0	0	0	0	0	0	0	0	0	0	0	0	0	0	0	0	0	0	0	0	0	0	0	0	0	0	0	0	0	0	0	0	0	0	0	0
GGB6561_SGB9269	0	0	0	0	0	0	0	0	0	0	0	0	0	0	0	0	0	0	0	0.06412	0	0	0	0	0	0	0	0	0	0	0	0	0	0	0	0	0	0	0	0	0	0	0	0	0	0	0	0	0	0	0	0	0	0	0	0	0	0	0	0	0	0	0	0	0	0	0	0	0	0	0	0	0	0	0	0	0
Porphyromonas_SGB1980	0	0	0	0	0	0	0	0	0	0	0	0	0	0	0	0	0	0	0	0.06043	0	0	0	0	0	0	0	0	0	0	0	0	0	0	0	0	0	0	0	0	0	0	0	0	0	0	0	0	0	0	0	0	0	0	0	0	0	0	0	0	0	0	0	0	0	0	0	0	0	0	0	0	0	0	0	0	0
Prevotella_timonensis	0	0	0	0	0	0	0	0	0	0	0	0	0	0	0	0	0	0	0	0.05899	0	0	0	0	0	0	0	0	0	0	0	0	0	0	0	0	0	0	0.00344	0	0	0	0	0	0	0	0	0	0	0	0	0	0	0	0	0	0	0	0	0	0	0	0	0	0	0	0	0	0	0	0	0	0	0	0	0	0
Prevotella_buccalis	0	0	0	0	0	0	0	0	0	0	0	0	0	0	0	0	0	0	0	0.04669	0	0	0	0	0	0	0	0	0	0	0.01111	0	0	0.12595	0	0	0	0	0	0	0	0	0	0	0	0	0	0	0	0	0	0	0	0	0	0	0	0	0	0	0	0	0	0	0	0	0	0	0	0	0	0	0	0	0	0	0
Peptoniphilus_lacrimalis	0	0	0	0	0	0	0	0	0	0	0	0	0	0	0	0	0	0	0	0.04469	0	0	0	0	0	0	0	0	0	0	0	0	0	0.00465	0	0	0	0	0	0	0	0	0	0	0	0	0	0	0	0	0	0	0	0	0	0	0	0	0	0	0	0	0	0	0	0	0	0	0	0	0	0	0	0	0	0	0
Porphyromonas_sp_HMSC065F10	0	0	0	0	0	0	0	0	0	0	0	0	0	0	0	0	0	0	0	0.04265	0	0	0	0	0	0	0	0	0	0	0	0	0	0	0	0	0	0	0	0	0	0	0	0	0	0	0	0	0	0	0	0	0	0	0	0	0	0	0	0	0	0	0	0	0	0	0	0	0	0	0	0	0	0	0	0	0
Clostridiales_Family_XIII_Incertae_Sedis_unclassified_SGB3978	0	0	0	0	0	0	0	0	0	0	0	0	0	0	0	0	0	0	0	0.03113	0	0	0	0	0	0	0	0	0	0	0	0	0	0	0	0	0	0	0	0	0	0	0	0	0	0	0	0	0	0	0	0	0	0	0	0	0	0	0	0	0	0	0	0	0	0	0	0	0	0	0	0	0	0	0	0	0
Negativicoccus_succinicivorans	0	0	0	0	0	0	0	0	0	0	0	0	0	0	0	0	0	0	0	0.02079	0	0	0	0	0	0	0	0	0	0	0	0	0	0	0	0	0	0	0	0	0	0	0	0	0	0	0	0	0	0	0	0	0	0	0	0	0	0	0	0	0	0	0	0	0	0	0	0	0	0	0	0	0	0	0	0	0
Atopobium_deltae	0	0	0	0	0	0	0	0	0	0	0	0	0	0	0	0	0	0	0	0.01634	0	0	0	0	0	0	0	0	0	0	0	0	0	0	0	0	0	0	0	0	0	0	0	0	0	0	0	0	0	0	0	0	0	0	0	0	0	0	0	0	0	0	0	0	0	0	0	0	0	0	0	0	0	0	0	0	0
Clostridium_sp_NSJ_42	0	0	0	0	0	0	0	0	0	0	0	0	0	0	0	0	0	0	0	0.01356	0	0.00587	0	0.17189	0	0	0	0	0	0	0	0	0	0	0	0	0	0.04281	0	0	0	0	0	0	0	0	0	0	0	0	0	0	0	0	0	0	0	0	0.1026	0	0	0	0	0	0	0	0	0.00087	0	0.00213	0	0	0	0	0	0	0
Finegoldia_magna	0	0	0	0	0	0	0	0	0	0	0	0	0	0	0	0	0	0	0	0.0113	0	0	0	0	0	0	0	0	0	0	0	0	0	0	0	0	0	0	0	0	0	0	0	0	0	0	0	0	0	0	0	0	0	0	0	0	0	0	0	0	0	0	0	0	0	0	0	0	0	0	0	0	0	0	0	0	0
GGB39918_SGB47522	0	0	0	0	0	0	0	0	0	0	0	0	0	0	0	0	0	0	0	0.01008	0	0	0	0	0	0	0	0	0	0	0	0	0	0	0	0	0	0	0	0	0	0	0	0	0	0	0	0	0	0	0	0	0	0	0	0	0	0	0	0	0	0	0	0	0	0	0	0	0	0	0	0	0	0	0	0	0
Plesiomonas_shigelloides	0	0	0	0	0	0	0	0	0	0	0	0	0	0	0	0	0	0	0	0.0099	0	0	0	0	0	0	0	0	0	0	0	0	0	0	0	0	0	0	0	0	0	0	0	0	0	0	0	0	0	0	0	0	0	0	0	0	0	0	0	0	0	0	0	0	0	0	0	0	0	0	0	0	0	0	0	0	0
Saccharomyces_cerevisiae	0	0	0	0	0	0	0	0	0	0	0	0	0	0	0	0	0	0	0	0.00911	0.0075	0	0	0	0	0	0	0	0	0	0	0	0	0	0	0	0	0	0	0	0	0	0	0	0	0	0	0	0	0	0	0	0	0	0	0	0	0	0	0	0	0	0	0	0	0	0	0	0	0	0	0	0	0	0	0.00301	0
Peptoniphilus_SGB6699	0	0	0	0	0	0	0	0	0	0	0	0	0	0	0	0	0	0	0	0.00512	0	0	0	0	0	0	0	0	0	0	0	0	0	0	0	0	0	0	0	0	0	0	0	0	0	0	0	0	0	0	0	0	0	0	0	0	0	0	0	0	0	0	0	0	0	0	0	0	0	0	0	0	0	0	0	0	0
Streptococcus_mitis	0	0	0	0	0	0	0	0	0	0	0	0	0	0	0	0	0	0	0	0.00371	0.07385	0	0	0.00988	0	0.00385	0	0	0.00915	0.00317	0	0	0	0	0	0	0.02324	0.01977	0.00687	0.01711	0	0	0	0.01551	0	0.19605	0	0	0	0	0.01582	0	0	0	0	0	0	0	0	0.01123	0	0	0.00354	0	0	0	0	0	0.01362	0	0.01484	0	0	0	0	0.03834	0
Streptococcus_equinus	0	0	0	0	0	0	0	0	0	0	0	0	0	0	0	0	0	0	0	0	0.58384	0	0	0	0	0	0	0	0	0.16956	0	0	0	0	0	0	0	0	0	0	0	0	0	0	0	0	0	0	0	0	0	0	0	0	0	0	0	0	0	0	0	0	0	0	0	0	0	0	0	0	0	0	0	0	0	0	0
Weissella_confusa	0	0	0	0	0	0	0	0	0	0	0	0	0	0	0	0	0	0	0	0	0.57525	0	0	0	0	0.07569	0	0	0	0.23485	0	0	0	0	0	0.00593	0	0	0.00344	0	0	0	0	0	0	0	0	0.01967	0	0	0	0	0	0	0	0	0	0	0	0	0.01669	0	0	0.00071	0	0.01501	0	0.00956	0	0	0.34616	0	0	0	0	0	0
Mitsuokella_multacida	0	0	0	0	0	0	0	0	0	0	0	0	0	0	0	0	0	0	0	0	0.25269	0	0	0	0	0	0	0	0	0.28832	0	0	0	0	0	0	0	0	0	0	0	0	0	0	0	0	0	0	0	0	0	0	0	0	0	0	0	0	0	0	0	0	0	0	0	0	0	0	0	0	0	0	0	0	0	0	0
Prevotella_pectinovora	0	0	0	0	0	0	0	0	0	0	0	0	0	0	0	0	0	0	0	0	0.10898	0	0	0	0	0	12.88587	0	0	0.01667	0	0	0	0	0	0	0	0	0	0	0	0	0	0	0	0	0	0	0	0	0	0	0	0	0	0	0	0	0	0	0	0	0	0	0	0	0	0	0	0	0	0	0	0	0	0	0
GGB3226_SGB4260	0	0	0	0	0	0	0	0	0	0	0	0	0	0	0	0	0	0	0	0	0.07619	0	0	0	0	0	9.81287	0	0	0.01591	1.26001	0	0	0	0	0	0	0	0	0	0	0	0	0	0	0	0	0	0	0	0	0	0	0	0	0	0	0	0	0	0	0	0	0	0	0	0	0	0	0	0	0	0	0	0	0	0
GGB3486_SGB4658	0	0	0	0	0	0	0	0	0	0	0	0	0	0	0	0	0	0	0	0	0.04492	0	0	0	0	0	0	0	0	0.04717	0.00776	0	0	0	0	0	0	0	0	0	0	0	0	0	0.01341	0	0	0	0	0	0	0	0	0	0	0	0	0	0	0	0	0	0.02036	0	0	0	0	0	0	0	0	0	0	0	0.0168	0.27348	0
Actinomyces_sp_ICM47	0	0	0	0	0	0	0	0	0	0	0	0	0	0	0	0	0	0	0	0	0.0335	0	0	0	0	0	0	0	0.01268	0	0	0	0	0	0	0	0	0	0	0	0	0	0	0	0	0	0	0	0	0	0	0	0	0	0	0	0	0	0	0	0	0	0	0	0	0	0	0	0	0	0.00646	0	0	0	0	0.02692	0
GGB1243_SGB1663	0	0	0	0	0	0	0	0	0	0	0	0	0	0	0	0	0	0	0	0	0.02142	0	0	0	0	0	4.58758	0	0	0.0007	0	0	0	0	0	0	0	0	0	0	0	0	0	0	0	0	0	0	0	0	0	0	0	0	0	0	0	0	0	0	0	0	0	0	0	0	0	0	0	0	0	0	0	0	0	0	0
Gemmiger_SGB15299	0	0	0	0	0	0	0	0	0	0	0	0	0	0	0	0	0	0	0	0	0.0213	0	0.66222	0	0.09072	0	0.08099	0	0	0.01496	0	0	0	0	0	0	0	0	0	0.14655	0	0	0	0	0	0	0.02822	0	0	0	0	0	0	0	0	0.18439	0	0	0	0	0	0	0	0	0.00979	0.00308	0	0	0	0.1266	0	0	0.01698	0.00351	0	0	0
Leuconostoc_lactis	0	0	0	0	0	0	0	0	0	0	0	0	0	0	0	0	0	0	0	0	0.01805	0	0	0	0	0	0	0	0.00648	0	0	0	0	0	0	0	0	0	0	0	0	0	0	0	0	0	0	0	0	0	0	0	0	0	0	0	0	0	0	0	0	0	0	0	0	0	0	0	0	0	0	0	0	0	0	0	0
Prevotella_sp_P4_51	0	0	0	0	0	0	0	0	0	0	0	0	0	0	0	0	0	0	0	0	0.01738	0	0	0	0	0	2.738	0	0	0	0	0	0	0.23261	0	0	0	0	0	0	0	0	0	0	0	0	0	0	0	0	0	0	0	0	0	0	0	0	0	0	0	0	0	0	0	0	0	0	0	0	0	0	0	0	0	0	0
GGB1123_SGB1437	0	0	0	0	0	0	0	0	0	0	0	0	0	0	0	0	0	0	0	0	0.01693	0	0	0	0	0	2.85169	0	0	0	0	0	0	0	0	0	0	0	0	0	0	0	0	0	0	0	0	0	0	0	0	0	0	0	0	0	0	0	0	0	0	0	0	0	0	0	0	0	0	0	0	0	0	0	0	0	0
Bacteroidales_bacterium	0	0	0	0	0	0	0	0	0	0	0	0	0	0	0	0	0	0	0	0	0.01123	0	0	0	0	0	3.06302	0	0	0	0	0	0	0	0	0	0	0	0	0	0	0	0	0	0	0	0	0	0	0	0	0	0	0	0	0	0	0	0	0	0	0	0	0	0	0	0	0	0	0	0	0	1.48699	0	0	0	0
Serratia_marcescens	0	0	0	0	0	0	0	0	0	0	0	0	0	0	0	0	0	0	0	0	0.00809	0	0	0	0	0	0	0	0	0	0	0	0	0	0	0	0.03298	0	0	0	0	0	0	0	0	0	0	0	0	0	0	0	0	0	0	0	0	0	0	0	0	0	0	0	0	0	0	0	0	0	0	0	0	0	0	0	0
Streptococcus_oralis	0	0	0	0	0	0	0	0	0	0	0	0	0	0	0	0	0	0	0	0	0.00728	0	0	0	0	0.01087	0	0	0	0	0	0	0	0	0	0	0.00326	0	0	0	0	0	0	0	0	0	0	0	0	0	0	0	0	0	0	0	0	0	0	0	0	0	0	0	0	0	0	0	0	0	0.00739	0	0	0	0	0.00996	0
GGB9634_SGB15093	0	0	0	0	0	0	0	0	0	0	0	0	0	0	0	0	0	0	0	0	0.0045	0	0	0	0	0	1.52872	0	0	0	0.01384	0	0	0	0	0	0	0	0	0	0	0	0	0	0	0	0	0	0	0	0	0	0	0	0	0.05202	0	0	0.49195	0	0.02631	0	0	0	0.07802	0.11054	0	0	0	0.35501	0	0	0.07296	0.03232	0	0	0
TM7_phylum_sp_oral_taxon_348	0	0	0	0	0	0	0	0	0	0	0	0	0	0	0	0	0	0	0	0	0.00362	0	0	0	0	0.00298	0	0	0	0	0	0	0	0	0	0	0	0	0	0	0	0	0	0	0	0	0	0	0	0	0	0	0	0	0	0	0	0	0	0	0	0	0	0	0	0	0	0	0	0	0	0	0	0	0	0	0
Granulicatella_elegans	0	0	0	0	0	0	0	0	0	0	0	0	0	0	0	0	0	0	0	0	0.00252	0	0	0	0	0	0	0	0	0	0	0	0	0	0	0	0	0	0	0	0	0	0	0	0	0	0	0	0	0	0	0	0	0	0	0	0	0	0	0	0	0	0	0	0	0	0	0	0	0	0	0	0	0	0	0	0
Weissella_cibaria	0	0	0	0	0	0	0	0	0	0	0	0	0	0	0	0	0	0	0	0	0.00214	0	0	0	0	0.08995	0	0	0	0	0	0	0	0.00097	0	0	0	0	0	0	0	0	0	0.00794	0	0	0	0	0	0	0	0	0	0	0	0	0	0	0	0	0	0	0	0	0	0	0	0	0	0	0.02515	0	0	0	0	0	0
Streptococcus_infantis	0	0	0	0	0	0	0	0	0	0	0	0	0	0	0	0	0	0	0	0	0.0018	0	0	0	0	0	0	0	0	0	0	0	0	0	0.00186	0	0	0	0	0	0	0	0	0	0	0	0	0	0	0	0	0	0	0	0	0	0	0	0	0	0	0	0	0	0	0	0	0	0	0	0.00564	0	0	0	0	0	0
Rothia_aeria	0	0	0	0	0	0	0	0	0	0	0	0	0	0	0	0	0	0	0	0	0.00165	0	0	0	0	0	0	0	0	0	0	0	0	0	0	0	0	0	0	0	0	0	0	0	0	0	0	0	0	0	0	0	0	0	0	0	0	0	0	0	0	0	0	0	0	0	0	0	0	0	0	0	0	0	0	0.02277	0
Streptococcus_sp_263_SSPC	0	0	0	0	0	0	0	0	0	0	0	0	0	0	0	0	0	0	0	0	0.00152	0	0	0	0	0.01435	0	0	0.00348	0	0	0	0	0	0.00932	0	0	0	0.00225	0	0	0	0	0	0	0.05991	0	0.00256	0	0	0.00479	0	0	0	0	0	0	0	0	0	0	0	0	0	0	0	0	0	0	0	0.00068	0	0	0	0	0.03727	0
Prevotella_SGB1680	0	0	0	0	0	0	0	0	0	0	0	0	0	0	0	0	0	0	0	0	0	11.13522	43.64316	0	0	0	0	0	0	0	0	0	0	0	0	0	0	0	0	0	0	0	0	0	0	0	1.69126	0	0	0	0	0	0	0	0	0	0	0	0	0	0	0	0	0	18.92963	0	0	0	0	0	0	0	0	0	0	0.00772	0
Prevotella_copri_clade_B	0	0	0	0	0	0	0	0	0	0	0	0	0	0	0	0	0	0	0	0	0	7.34899	0	0	31.95823	0	0	0	0	0	0	0	0	0	0	0	0	0	0	0	0	0	0	0	0	0	5.87592	0	0	0	0	0	0	0	0	0	0	0	0	0	0	0	0	0	0	0	0	16.34637	0	1.87146	0	0	0	0	0	0	0
Bacteroidaceae_bacterium	0	0	0	0	0	0	0	0	0	0	0	0	0	0	0	0	0	0	0	0	0	5.48571	0	0	0	0	0	0	0	0	0	0	0	0	0	0	0	0	0	0.08509	0	0	0	0	0	0	3.50557	0	0	0	0	0	0.04943	10.38009	0	0	0	0	0	0	0	0	0	0	0	0	0	0	0	0.05131	0.01735	0	0	0	0	0	0
Clostridia_unclassified_SGB6371	0	0	0	0	0	0	0	0	0	0	0	0	0	0	0	0	0	0	0	0	0	0.74928	0	0	0	0	0	0	0	0	0	0	0	0	0	0	0	0	0	0	0	0	0	0	0	0	0	0	0	0	0	0	0	0	0	0	0	0	0	0	0.2146	0.05658	0.06403	0	0	0.02134	0	0	0	0	0	0	0	0	0	0	0
Eubacterium_sp_AM28_29	0	0	0	0	0	0	0	0	0	0	0	0	0	0	0	0	0	0	0	0	0	0.43963	0	0	0	0	0	0	0	0	0	0	0.16271	0	0	0	0	0	0	0.30489	0	0	0	0	0.21579	0	0	0	0	0	0	0	0.58602	0	0	0	0	0	0	0	0.60146	0	0	0	0	0	0	0	0	0	0	0	0	0	0	0	0
Rikenellaceae_unclassified_SGB2230	0	0	0	0	0	0	0	0	0	0	0	0	0	0	0	0	0	0	0	0	0	0.2371	0	0	0	0	0	0	0	0	0	0	0	0	0	0	0	0	0	0	0	0	0	0	0	0	0	0	0	0	0	0	0	0	0	0	0	0	0	0	0	0	0	0	0	0	0	0	0	1.57276	0	0	0	0	0	0	0
Ligilactobacillus_salivarius	0	0	0	0	0	0	0	0	0	0	0	0	0	0	0	0	0	0	0	0	0	0.16267	0	0	0	0	0	0	0	0	0	0.30662	0	0	0	0	0	0	0	0	0	0	0	0	0	0	0	0	0	0	0	0	0	0	0	0	0	0.06964	0	0	0	0	0	0	0	0	0	0	0	0	0	0	0	0	0	0	0
GGB3737_SGB5071	0	0	0	0	0	0	0	0	0	0	0	0	0	0	0	0	0	0	0	0	0	0.13713	0	0	0	0	0	0	0	0	0	0	0	0	0	0	0	0	0	0	0	0	0	0.01276	0	0	0	0	0	0	0	0	0	0	0	0	0	0	0	0	0	0	0	0	0	0	0	0.04659	0	0	0.68905	0	0	0	0	0	0
GGB9697_SGB15213	0	0	0	0	0	0	0	0	0	0	0	0	0	0	0	0	0	0	0	0	0	0.12898	0	0	0	0	0	0	0	0	0	0	0	0	0	0	0	0	0	0	0	0	0	0	0	0	0	0	0	0	0	0	0	0	0	0	0	0	0	0	0	0	0	0	0	0.04245	0	0	0	0	0	0	0.01296	0	0	0	0
Catenibacterium_sp_AM22_15	0	0	0	0	0	0	0	0	0	0	0	0	0	0	0	0	0	0	0	0	0	0.11136	0	0	0	0	0	0	0	0	0.06376	0	0	0	0	0	0.59878	0	0	0	0	0	0	0	0.0887	0	0.03702	0	0	0	0	0	0	0	0	0	0	0	0	0	0	0	0	0	0	0	0	0	0	0.03332	0	0	0	0	0	0	0
GGB9642_SGB15119	0	0	0	0	0	0	0	0	0	0	0	0	0	0	0	0	0	0	0	0	0	0.02762	0	0	0	0	0	0	0	0	0.0372	0	0.02637	0	0	0	0	0	0	0	0	0	0	0	0.07914	0	0	0	0	0	0	0	0	0	0	0	0	0	0	0	0	0	0.05953	0	0	0	0	0	0	0.06275	0	0	0	0.02702	0	0	0
Clostridia_unclassified_SGB6369	0	0	0	0	0	0	0	0	0	0	0	0	0	0	0	0	0	0	0	0	0	0.02424	0.02498	0	0	0.03248	0	0	0	0	0	0	0	0	0	0	0	0	0	0	0	0	0	0	0	0	0	0	0	0	0	0	0	0	0	0	0	0	0	0	0	0	0	0	0	0	0	0	0	0	0	0	0	0.03331	0	0	0
Paraprevotella_xylaniphila	0	0	0	0	0	0	0	0	0	0	0	0	0	0	0	0	0	0	0	0	0	0.02181	1.00463	0	0	0	0	0	0	0	0.25802	0	0	0	0	0	0	0	0	0	0	0	0	0	0	0	0	0	0	0	0	0	0	0	0	0	0	0	0	0	0	0	0.16828	0	0	0	0	0	0	0	0	0	0	0	0	0	0.96257
GGB3528_SGB4713	0	0	0	0	0	0	0	0	0	0	0	0	0	0	0	0	0	0	0	0	0	0.02059	0	0	0	0	0	0	0	0	0	0	0	0	0	0	0	0	0	0	0	0	0	0	0	0	0	0	0	0	0	0	0	0	0	0	0	0	0	0	0	0	0	0	0.1112	0	0	0	0	0	0	0	0.12795	0	0	0	0
Blautia_sp_OF03_15BH	0	0	0	0	0	0	0	0	0	0	0	0	0	0	0	0	0	0	0	0	0	0.02016	0	0	0	0	0	0	0	0	0	0	0	0	0	0.00714	0	0	0	0.0243	0	0	0	0	0.00096	0	0	0	0	0	0	0	0	0	0	0	0	0.02332	0.00527	0	0	0	0	0.00464	0	0	0	0	0	0	0	0	0.00444	0	0	0	0
Olsenella_sp_GAM18	0	0	0	0	0	0	0	0	0	0	0	0	0	0	0	0	0	0	0	0	0	0.01753	0	0	0	0	0	0	0	0	0	0	0	0	0	0	0	0	0	0	0	0	0	0	0	0	0	0	0	0	0	0	0	0	0	0	0	0	0	0	0	0	0	0	0	0	0	0	0	0	0	0	0	0	0	0	0
Desulfovibrionaceae_bacterium	0	0	0	0	0	0	0	0	0	0	0	0	0	0	0	0	0	0	0	0	0	0.00872	0	0	0	0.04189	0.61464	0	0	0	0	0	0.36621	0	0	0	0	0	0	0	0	0.00167	0	0	0	0	0	0	0	0	0	0	0	0	0	0	0	0.06861	0.50141	0	0	0	0	0	0	0.27833	0	0	0	0.23777	0	0.18566	0	0	0.54832	0	0
GGB9597_SGB15022	0	0	0	0	0	0	0	0	0	0	0	0	0	0	0	0	0	0	0	0	0	0.00809	0	0	0.01295	0	0.07977	0	0	0	0.13772	0	0	0	0	0	0	0	0	0.01842	0	0	0	0	0	0	0	0	0	0	0	0	0	0	0	0	0	0	0	0	0	0	0	0	0.02417	0	0	0	0	0.22823	0	0	0.01886	0.19432	0	0	0
GGB4588_SGB6347	0	0	0	0	0	0	0	0	0	0	0	0	0	0	0	0	0	0	0	0	0	0.00723	0	0	0	0	0	0	0	0	0	0	0	0	0	0	0	0	0	0	0	0	0	0	0	0	0	0	0	0	0	0	0	0	0	0	0	0	0	0	0	0.0503	0	0	0	0	0	0	0	0	0	0	0.00553	0	0	0	0
Clostridium_SGB4751	0	0	0	0	0	0	0	0	0	0	0	0	0	0	0	0	0	0	0	0	0	0.00583	0	0.03692	0.01536	0	0.00335	0	0	0	0.0738	0	0.01103	0.08862	0	0	0	0	0	0	0	0.0184	0	0.10115	0	0	0	0	0	0	0	0	0	0.03074	0	0	0	0.00535	0.04632	0	0.06445	0.06364	0.01663	0	0.04305	0.02281	0	0	0	0	0.30321	0	0.03097	0.03065	0	0.02437	0
GGB9635_SGB15103	0	0	0	0	0	0	0	0	0	0	0	0	0	0	0	0	0	0	0	0	0	0.00116	0	0	0	0	0	0	0	0	0	0	0	0	0	0	0	0	0	0	0	0	0	0	0	0	0	0	0	0	0	0	0	0	0	0	0	0	0	0	0	0	0	0	0.13524	0.03736	0	0	0	0	0	0	0.23051	0	0	0	0
Dialister_invisus	0	0	0	0	0	0	0	0	0	0	0	0	0	0	0	0	0	0	0	0	0	0	2.25873	0	0.0303	0	0.84946	0	0	0	0	0	0	0	0	0	0.02293	0.99175	0	0	0	0	0	0	0	0	0	0	0	0	0	0	0	4.70174	0	0	0	0	1.83741	0	0	0	0	0	0	0.01182	0	0	0	0	0	0	0	0	0	0	0
GGB3118_SGB4130	0	0	0	0	0	0	0	0	0	0	0	0	0	0	0	0	0	0	0	0	0	0	0.15028	0	0	0	0	0	0	0	0.05618	0	0	0	0	0	0	0	0	0	0	0	0	0	0	0	0	0	0	0	0	0	0	0	0	0	0	0	0	0	0	0	0	0	0	0	0	0	0	0	0	0	0	0	0	0	0
Bacilli_unclassified_SGB6428	0	0	0	0	0	0	0	0	0	0	0	0	0	0	0	0	0	0	0	0	0	0	0.02453	0	0	0	0	0	0	0	0.02898	0	0	0	0	0	0	0	0	0	0	0	0	0	0	0	0	0	0	0	0	0	0	0	0	0	0	0	0	0	0	0.47988	0	0	0.08407	0	0	0	0	0	0	0	0.07698	0	0	0	0
Butyricimonas_SGB1783	0	0	0	0	0	0	0	0	0	0	0	0	0	0	0	0	0	0	0	0	0	0	0.00823	0	0	0	0	0	0	0	0	0	0	0	0	0	0	0	0	0	0	0	0	0	0	0	0	0	0	0	0	0	0	0	0	0	0	0	0	0	0	0	0	0	0	0	0	0	0	0	0	0	0	0	0	0	0
GGB58485_SGB80143	0	0	0	0	0	0	0	0	0	0	0	0	0	0	0	0	0	0	0	0	0	0	0.00143	0	0.01657	0	0	0	0	0	0.00503	0	0	0	0	0	0	0	0	0	0	0.00104	0	0	0	0	0	0	0	0	0	0	0	0.04012	0	0	0	0	0	0	0	0.09585	0.00817	0	0	0	0	0.00177	0	0.00302	0	0	0	0	0	0	0
GGB4603_SGB6367	0	0	0	0	0	0	0	0	0	0	0	0	0	0	0	0	0	0	0	0	0	0	0.00097	0	0	0	0	0	0	0	0	0	0	0	0	0.04645	0	0	0	0	0	0	0	0	0	0	0	0	0	0	0	0	0	0	0	0	0	0	0	0	0.00707	0	0	0	0	0.6501	0	0	0	0.30679	0.3715	0	0	0	0	0	0
Faecalibacillus_faecis	0	0	0	0	0	0	0	0	0	0	0	0	0	0	0	0	0	0	0	0	0	0	0	0.22206	0	0	0.01254	0	0	0	0	0	0	0.14494	0	0	0	0	0	0	0	0	0	0	0	0	0	0	0	0	0	0	0	0	0	0	0	0	0	0	0	0	0.0105	0	0	0	0	0	0	0.00535	0	0	0	0	0	0	0
Roseburia_sp_AM23_20	0	0	0	0	0	0	0	0	0	0	0	0	0	0	0	0	0	0	0	0	0	0	0	0.20222	0	0	0	0	0	0	0	0	0	0	0	0	8.85664	0	0	0	0	0	0	0	0	0	0	0	0	0	0	0	0	0.13394	0	0	0	0.02601	0	0	0	0.44919	0	0	0	0	0	0	0	0	0	0	0	0	0.21501	0	0
Haemophilus_paraphrohaemolyticus	0	0	0	0	0	0	0	0	0	0	0	0	0	0	0	0	0	0	0	0	0	0	0	0.05736	0	0	0	0	0	0	0	0	0	0	0	0	0	0	0	0	0	0	0	0	0	0	0	0	0	0	0	0	0	0	0	0	0	0	0	0	0	0	0	0	0	0	0	0	0	0	0	0	0	0	0	0	0
Bacteroides_congonensis	0	0	0	0	0	0	0	0	0	0	0	0	0	0	0	0	0	0	0	0	0	0	0	0.03462	0	0	0	0	0	0	0	0	0	0	0	0	0	0	0	0	0	0	0	0	0	0	0	0	0	0	0	0	0	0	0	0	0	0	0	0	0	0	0	0	0	0	0	0	0	0	0	0	0	0	0	0	0
Prevotella_copri_clade_C	0	0	0	0	0	0	0	0	0	0	0	0	0	0	0	0	0	0	0	0	0	0	0	0.01148	0	0	0	0	0	0	0	0	10.31123	0	0	0	0	0	0.00229	0	0	0	0	0	16.35388	0	20.37666	0	0	0	0	0	0	0	0	0	0	0	0	0	0	0	45.57388	0	0	0	0	0	21.00547	0	0	0	0	0	0	0	0
Oscillospiraceae_bacterium_N12	0	0	0	0	0	0	0	0	0	0	0	0	0	0	0	0	0	0	0	0	0	0	0	0.00907	0	0	0	0	0	0	0	0	0	0	0	0	0	0	0	0	0	0	0	0	0	0	0	0	0	0	0	0	0	0	0	0	0	0	0.05932	0	0	0	0	0	0	0	0	0	0	0.00038	0	0	0	0.01427	0	0	0
Clostridia_unclassified_SGB4317	0	0	0	0	0	0	0	0	0	0	0	0	0	0	0	0	0	0	0	0	0	0	0	0	4.19371	0	0	0	0	0	0	0	0	0	0	0	0	0	0	0	0	0	0	0	0	0	0	0	0	0	0	0	0	0.87995	0	0	0	0	0	0	0	0	0	0	0	0	0	0	0	0	0	0	0	0	0	0	0
GGB3189_SGB4212	0	0	0	0	0	0	0	0	0	0	0	0	0	0	0	0	0	0	0	0	0	0	0	0	0.491	0	0	0	0	0	0	0	0	0	0	0	0	0	0	0	0	0	0	0	0	0	0	0	0	0	0	0	0	0	0	0	0	0	0	0	0	0	0	0	0	0	0	0	0	0	0	0	0	0	0	0	0
Bacilli_unclassified_SGB6473	0	0	0	0	0	0	0	0	0	0	0	0	0	0	0	0	0	0	0	0	0	0	0	0	0.3324	0	0	0	0	0	0	0	0	0	0	0	0	0	0	0	0	0	0	0	0.85819	0	0	0	0	0	0	0	0	0	0	0	0	0	0.66735	0	0	0	0.37848	0	0	0	0	0	0	0.03243	0	0	0.20129	0.01806	0	0	0
GGB13580_SGB20916	0	0	0	0	0	0	0	0	0	0	0	0	0	0	0	0	0	0	0	0	0	0	0	0	0.2387	0	0	0	0	0	0	0	0	0	0	0	0	0	0	0	0	0	0	0	0	0	0	0	0	0	0	0	0	0	0	0	0	0	0	0	0	0	0	0	0	0	0	0	0	0	0	0	0	0	0	0	0
GGB4687_SGB6484	0	0	0	0	0	0	0	0	0	0	0	0	0	0	0	0	0	0	0	0	0	0	0	0	0.19498	0	0	0	0	0	0	0	0	0	0	0	0	0	0	0	0	0	0	0	0	0	0	0	0	0	0	0	0	0	0	0	0	0	0	0	0	0	0	0	0	0	0	0	0	0	0	0	0	0	0	0	0
Lachnospira_SGB5076	0	0	0	0	0	0	0	0	0	0	0	0	0	0	0	0	0	0	0	0	0	0	0	0	0.16193	0	0.09695	0	0	0	0.12988	0	0	0	0	0	0	0	0	0	0	0	0	0.08627	0	0	0	0	0	0	0	0	0	0	0	0	0	0	0	0	0	0	0	1.17971	0	0	0	0	0	0	5.06557	0	0	0	0	0	0
Candidatus_Gastranaerophilales_bacterium	0	0	0	0	0	0	0	0	0	0	0	0	0	0	0	0	0	0	0	0	0	0	0	0	0.1618	0	0	0	0	0	1.4419	0	0	0	0	0	0	0	0	0	0	0	0	0	0	0	0	0	0	0	0	0	0	0	0	0	0	0	0	0	0	0	0	0	0	0	0	0	0	0	0	0	0	2.53156	0	0	0
GGB4713_SGB6526	0	0	0	0	0	0	0	0	0	0	0	0	0	0	0	0	0	0	0	0	0	0	0	0	0.09992	0	0	0	0	0	0	0	0	0	0	0	0	0	0	0	0	0	0	0	0	0	0	0	0	0	0	0	0	0	0	0	0	0	0	0	0	0	0	0	0	0	0	0	0	0	0	0	0	0	0	0	0
GGB6128_SGB8774	0	0	0	0	0	0	0	0	0	0	0	0	0	0	0	0	0	0	0	0	0	0	0	0	0.04301	0	0	0	0	0	0	0	0	0	0	0	0	0	0	0	0	0	0	0	0	0	0	0	0	0	0	0	0	0	0	0	0	0	0	0	0	0	0	0	0	0	0	0	0	0	0	0	0	0	0	0	0
GGB3343_SGB4423	0	0	0	0	0	0	0	0	0	0	0	0	0	0	0	0	0	0	0	0	0	0	0	0	0.02202	0	0	0	0	0	0	0	0	0	0	0	0	0	0	0	0	0	0	0	0	0	0	0	0	0	0	0	0	0	0	0	0	0	0	0	0	0	0	0	0	0	0	0	0	0	0.23517	0	0.01946	0	0	0	0
GGB34228_SGB72916	0	0	0	0	0	0	0	0	0	0	0	0	0	0	0	0	0	0	0	0	0	0	0	0	0.02179	0	0	0	0	0	0.00583	0	0	0	0	0	0.377	0	0	0	0	0	0	0	0.02032	0	0.00546	0	0	0	0	0	0	0	0	0	0	0	0.01673	0	0	0	0	0	0.00972	0	0	0	0	0.01842	0	0	0.00881	0	0	0	0
Gemmiger_SGB15295	0	0	0	0	0	0	0	0	0	0	0	0	0	0	0	0	0	0	0	0	0	0	0	0	0.01769	0	0	0	0	0	0.17763	0	0	0	0	0	0	0	0	0	0	0	0	0.24091	0.03802	0	0	0	0	0	0	0	0	0	0	0	0	0	0	0	0	0	0.02477	0	0.22623	0	0	0	0	0	0	0	0	0	0.05932	0.04608	0
Bacteroides_faecalis	0	0	0	0	0	0	0	0	0	0	0	0	0	0	0	0	0	0	0	0	0	0	0	0	0.00787	0	0	0	0	0	0	0	0	0	0	0	0	0	0	0	0	0	0	0	0	0	0	0	0	0	0	0	0	0	0	0	0	0	0	0	0	0	0	0	0	0	0	0	0	0	0	0	0	0	0	0	0
GGB9522_SGB14921	0	0	0	0	0	0	0	0	0	0	0	0	0	0	0	0	0	0	0	0	0	0	0	0	0.00633	0	0	0	0	0	0.01012	0	0	0	0	0	0	0	0	0	0	0	0	0	0	0	0	0	0	0	0	0	0	0	0	0	0	0	0.00415	0	0	0	0	0	0.0018	0	0	0	0	0.01193	0	0	0.00688	0	0	0	0
GGB9347_SGB14313	0	0	0	0	0	0	0	0	0	0	0	0	0	0	0	0	0	0	0	0	0	0	0	0	0.00331	0	0	0	0	0	0.09616	0	0	0	0	0	0	0	0	0	0	0	0	0	0	0	0	0	0	0	0	0	0	0	0	0	0	0	0	0	0	0	0	0	0	0.04695	0	0.00182	0	0.143	0	0	0.68506	0	0	0	0
Candidatus_Avimonas_narfia	0	0	0	0	0	0	0	0	0	0	0	0	0	0	0	0	0	0	0	0	0	0	0	0	0.00289	0	0.00889	0	0	0	0	0	0	0	0	0	0	0	0	0	0	0	0	0	0.00711	0	0	0	0	0	0	0	0	0	0	0	0	0	0	0	0	0	0	0	0	0	0	0	0	0	0	0	0.00951	0	0	0	0
Collinsella_sp_AF08_23	0	0	0	0	0	0	0	0	0	0	0	0	0	0	0	0	0	0	0	0	0	0	0	0	0	0.35909	0	0	0	0	0	0	0	0	0	0	0	0	0	0	0	0	0	0	0	0	0	0	0	0	0	0	0	0	0	0	0	0	0	0	0	0	0	0	0	0	0	0	0	0	0	0	0	0	0	0	0
Streptococcus_gordonii	0	0	0	0	0	0	0	0	0	0	0	0	0	0	0	0	0	0	0	0	0	0	0	0	0	0.08087	0	0	0	0	0	0	0	0	0	0	0	0	0	0.01365	0	0	0	0	0	0	0	0	0	0	0	0	0	0	0	0	0	0	0	0	0	0	0	0	0	0	0	0	0	0	0	0	0	0	0	0	0
Candidatus_Nanosynsacchari_sp_TM7_ANC_38_39_G1_1	0	0	0	0	0	0	0	0	0	0	0	0	0	0	0	0	0	0	0	0	0	0	0	0	0	0.06866	0	0	0	0	0	0	0	0	0	0	0	0.02044	0	0	0	0	0	0	0	0	0	0	0	0	0	0	0	0	0	0	0	0	0	0.00118	0	0	0	0	0	0	0	0	0	0	0	0	0	0	0	0	0
Streptococcus_sp_A12	0	0	0	0	0	0	0	0	0	0	0	0	0	0	0	0	0	0	0	0	0	0	0	0	0	0.0341	0	0	0	0	0	0	0	0	0	0	0	0	0	0.00862	0	0	0	0	0	0	0	0	0	0	0.00533	0	0	0	0.009	0.00622	0	0	0	0.00206	0.01985	0	0	0	0	0	0	0	0.00093	0	0	0.00797	0	0	0	0.01263	0
bacterium_OL_1	0	0	0	0	0	0	0	0	0	0	0	0	0	0	0	0	0	0	0	0	0	0	0	0	0	0.01901	0	0	0	0	0	0	0	0	0	0	0	0	0	0	0	0	0	0	0.04381	0	0	0	0	0	0	0	0	0	0	0	0	0	0	0	0	0	0	0	0	0	0	0	0	0	0	0	0	0	0	0	0
Trueperella_pyogenes	0	0	0	0	0	0	0	0	0	0	0	0	0	0	0	0	0	0	0	0	0	0	0	0	0	0.00915	0	0	0	0	0	0.00144	0	0	0	0	0	0	0.00406	0	0	0	0	0	0	0.01089	0	0.0045	0	0	0	0	0	0	0	0	0	0	0	0	0	0	0	0	0	0	0	0	0	0	0	0	0	0	0	0.00175	0
GGB12785_SGB19827	0	0	0	0	0	0	0	0	0	0	0	0	0	0	0	0	0	0	0	0	0	0	0	0	0	0.00793	0	0	0	0	0	0	0	0	0	0	0	0	0	0	0	0	0	0	0	0	0	0.01176	0	0	0	0	0	0	0	0	0	0	0	0	0	0	0	0	0	0	0	0	0	0	0	0	0	0	0	0	0
Streptococcus_cristatus	0	0	0	0	0	0	0	0	0	0	0	0	0	0	0	0	0	0	0	0	0	0	0	0	0	0.00653	0	0	0	0	0	0	0	0	0	0	0	0	0	0	0	0	0	0	0	0	0	0	0	0	0	0	0	0	0.00498	0	0	0	0	0	0	0	0	0	0	0	0	0	0	0	0	0	0	0	0	0	0
GGB12788_SGB19831	0	0	0	0	0	0	0	0	0	0	0	0	0	0	0	0	0	0	0	0	0	0	0	0	0	0.00588	0	0	0	0	0	0.00147	0	0	0	0	0	0	0.01858	0	0	0	0	0	0	0	0	0	0	0	0	0	0	0	0	0	0	0	0	0	0	0	0	0	0	0	0	0	0	0	0	0	0	0	0	0	0
Lactiplantibacillus_plantarum	0	0	0	0	0	0	0	0	0	0	0	0	0	0	0	0	0	0	0	0	0	0	0	0	0	0.00578	0	0	0	0	0	0	0	0	0	0	0	0	0.0076	0	0	0	0	0	0	0	0	0	0	0	0	0.0128	0	0	0	0.00383	0	0	0	0	0	0	0	0	0	0	0	0	0	0	0	0	0	0	0	0	0
Candidatus_Nanosynbacter_lyticus	0	0	0	0	0	0	0	0	0	0	0	0	0	0	0	0	0	0	0	0	0	0	0	0	0	0.00533	0	0	0	0	0	0	0	0	0	0	0	0	0	0	0	0	0	0	0	0	0	0	0	0	0	0	0	0	0	0	0	0	0	0	0	0	0	0	0	0	0	0	0	0	0	0	0	0	0	0	0
Granulicatella_adiacens	0	0	0	0	0	0	0	0	0	0	0	0	0	0	0	0	0	0	0	0	0	0	0	0	0	0.00392	0	0	0	0	0	0	0	0	0	0	0	0	0	0	0	0	0	0	0	0	0	0	0	0	0	0	0	0	0	0	0	0	0	0	0	0	0	0	0	0	0	0	0	0	0	0	0	0	0	0.02236	0
Odoribacter_sp_AF15_53	0	0	0	0	0	0	0	0	0	0	0	0	0	0	0	0	0	0	0	0	0	0	0	0	0	0.00231	0	0	0	0	0	0	0	0	0	0	0	0	0	0	0	0	0	0	0	0	0	0	0	0	0	0	0	0	0	0	0	0	0	0	0	0	0	0	0	0	0	0	0	0	0	0	0	0	0	0	0
Clostridiales_bacterium_Choco116	0	0	0	0	0	0	0	0	0	0	0	0	0	0	0	0	0	0	0	0	0	0	0	0	0	0.00221	0	0	0	0	0	0	0	0	0	0	0	0	0	0	0	0	0	0	0	0	0	0	0	0	0	0	0	0	0	0	0	0	0	0	0	0	0	0	0	0	0	0	0	0	0	0	0	0	0	0	0.04717
Solobacterium_SGB6833	0	0	0	0	0	0	0	0	0	0	0	0	0	0	0	0	0	0	0	0	0	0	0	0	0	0.00067	0	0	0.00566	0	0	0	0	0	0	0	0.01242	0	0.01259	0	0	0	0	0	0	0.01711	0	0.00258	0	0	0.0054	0.00282	0	0	0	0	0	0	0	0	0.01574	0	0.00868	0	0	0	0	0	0	0	0	0	0	0	0	0.04087	0
GGB9595_SGB15019	0	0	0	0	0	0	0	0	0	0	0	0	0	0	0	0	0	0	0	0	0	0	0	0	0	0	0.41893	0	0	0	0.23682	0	0	0	0	0	0	0	0	0.10351	0	0	0	0	0	0	0	0	0	0	0	0	0	0	0	0	0	0.08563	0	0	0	0	0.0371	0	0.06043	0	0	0.04514	0	0.36734	0.01163	0	0.01386	0	0	0	0
GGB3738_SGB5072	0	0	0	0	0	0	0	0	0	0	0	0	0	0	0	0	0	0	0	0	0	0	0	0	0	0	0.08526	0	0	0	0	0	0	0	0	0	0	0	0	0	0	0	0	0	0	0	0	0	0	0	0	0	0	0	0	0	0	0	0	0	0	0	0	0	0	0	0	0	0	0.3853	0	0	0	0	0	0	0
Ruminococcaceae_unclassified_SGB15309	0	0	0	0	0	0	0	0	0	0	0	0	0	0	0	0	0	0	0	0	0	0	0	0	0	0	0.08087	0	0	0	0.31477	0	0	0	0	0	0	0	0	0	0	0	0	0	0.14288	0	0	0	0	0	0	0	0	0	0	0	0	0	0	0	0.23159	0	0	0	0.01092	0.06034	0	0.01543	0	0.04809	0.00388	0	0	0	0	0	0
GGB9709_SGB15238	0	0	0	0	0	0	0	0	0	0	0	0	0	0	0	0	0	0	0	0	0	0	0	0	0	0	0.01615	0	0	0	0.00138	0	0	0	0	0	0	0	0	0	0	0	0	0	0	0	0	0	0	0	0	0	0	0.11085	0	0	0	0.04177	0	0	0	0	0	0	0	0	0	0	0	0.03697	0	0	0.04322	0	0	0	0
Clostridia_unclassified_SGB14196	0	0	0	0	0	0	0	0	0	0	0	0	0	0	0	0	0	0	0	0	0	0	0	0	0	0	0.00924	0	0	0	0	0	0	0	0	0	0	0	0	0	0	0	0	0	0	0	0	0	0	0	0	0	0	0.0156	0	0	0	0	0.00334	0	0	0	0	0	0	0	0	0	0	0	0	0	0	0	0	0	0
Clostridiales_bacterium_NSJ_40	0	0	0	0	0	0	0	0	0	0	0	0	0	0	0	0	0	0	0	0	0	0	0	0	0	0	0.00905	0	0	0	0.00373	0	0	0	0	0	0	0	0	0	0	0	0	0	0	0	0	0	0	0	0	0	0	0	0	0	0	0	0	0	0	0	0	0	0	0.00595	0	0	0	0	0	0	0.00615	0	0	0	0
GGB3523_SGB4702	0	0	0	0	0	0	0	0	0	0	0	0	0	0	0	0	0	0	0	0	0	0	0	0	0	0	0.00755	0	0	0	0	0	0	0	0	0	0	0	0	0	0	0	0	0	0	0	0	0	0	0	0	0	0	0	0	0	0	0	0	0	0	0	0	0	0	0	0	0	0	0	0	0	0	0	0	0	0
GGB3005_SGB3996	0	0	0	0	0	0	0	0	0	0	0	0	0	0	0	0	0	0	0	0	0	0	0	0	0	0	0.00718	0	0	0	0	0	0	0	0	0	0	0	0	0	0	0	0	0	0	0	0	0	0	0	0	0	0	0	0	0	0	0	0	0	0	0.20673	0	0	0	0	0	0	0	0	0	0	0	0	0	0	0
Ruminococcaceae_unclassified_SGB15233	0	0	0	0	0	0	0	0	0	0	0	0	0	0	0	0	0	0	0	0	0	0	0	0	0	0	0	0.01805	0	0	0	0	0	0	0	0	0	0	0	0.00256	0	0	0	0	0	0	0	0	0	0	0	0	0	0	0	0	0	0	0.70769	0	0	0	0	0	0	0	0	0	0	0	0	0	0.11402	0	0	0	0
GGB9739_SGB15313	0	0	0	0	0	0	0	0	0	0	0	0	0	0	0	0	0	0	0	0	0	0	0	0	0	0	0	0	4.94628	0	0	0	0	0	0	0	0	0	0	0	0	0	0	0	0	0	0	0	0	0	0	0	0	0	0	0	0	0	0	0	0	0	0	0	0	0	0	0	0	0	0	0	0	0	0	0	0
Amedibacterium_intestinale	0	0	0	0	0	0	0	0	0	0	0	0	0	0	0	0	0	0	0	0	0	0	0	0	0	0	0	0	0.1366	0	0	0	0	0	0	0.01708	0	0	0	0	0	0	0	0	0	0	0	0	0	0	0	0	0.00311	0	0	0	0	0	0	0	0	0	0	0.00144	0	0	0	0	0.18827	0	0	0	0	0	0	0	0.01331
Streptococcus_pneumoniae	0	0	0	0	0	0	0	0	0	0	0	0	0	0	0	0	0	0	0	0	0	0	0	0	0	0	0	0	0.00551	0	0	0	0	0	0	0	0	0	0	0	0	0	0	0	0	0	0	0	0	0	0	0	0	0	0	0	0	0	0	0	0	0	0	0	0	0	0	0	0	0	0	0	0	0	0	0	0
Abiotrophia_sp_HMSC24B09	0	0	0	0	0	0	0	0	0	0	0	0	0	0	0	0	0	0	0	0	0	0	0	0	0	0	0	0	0	0.00437	0	0	0	0	0	0	0	0	0	0	0	0	0	0	0	0	0	0	0	0	0	0	0	0	0	0	0	0	0	0	0	0	0	0	0	0	0	0	0	0	0	0	0	0	0	0.02299	0
Butyrivibrio_crossotus	0	0	0	0	0	0	0	0	0	0	0	0	0	0	0	0	0	0	0	0	0	0	0	0	0	0	0	0	0	0	9.84151	0	0	0	0	0	0	0	0	0	0	0	0	0	0	0	0	0	0	0	0	0	0	0	0	0	0	0	0	0	0	0	0	0	0	0	0	0	0	0	0	0	0	0	0	0	0
Bacteroidales_unclassified_SGB2135	0	0	0	0	0	0	0	0	0	0	0	0	0	0	0	0	0	0	0	0	0	0	0	0	0	0	0	0	0	0	5.4982	0	0	0	0	0	0	0	0	0	0	0	0	0	0	0	0	0	0	0	0	0	0	0	0	0	0	0	0	0	0	3.32434	0	0	0	0	0	0	0	0	0	0	0	0	0	0	0
Dialister_SGB5820	0	0	0	0	0	0	0	0	0	0	0	0	0	0	0	0	0	0	0	0	0	0	0	0	0	0	0	0	0	0	0.84662	0	0	0	0	0	0	0	0	0	0	0	0	0	0	0	0	0	0	0	0	0	0	0	0	0	0	0	0	0	0	0	0	0	0	0	0	0	0	0	0	0	0	0	0	0	0
GGB9636_SGB15107	0	0	0	0	0	0	0	0	0	0	0	0	0	0	0	0	0	0	0	0	0	0	0	0	0	0	0	0	0	0	0.83675	0	0	0	0	0	0	0	0	0	0	0	0	0	0	0	0	0	0	0	0	0	0	0	0	0	0	0	0	0	0	0	0	0	0	0	0	0	0	0	0	0	0.22295	0	0	0	0
Bacteroides_sp_AM10_21B	0	0	0	0	0	0	0	0	0	0	0	0	0	0	0	0	0	0	0	0	0	0	0	0	0	0	0	0	0	0	0.65703	0	0	0	0	0	0	0	0	0	0	0	0	0	0	0	0	0	0	0	0	0	0	0	0	0	0	0	0	0	0	0	0	0	0	0	0	0	0	0	0	0	0	0	0	0	0
Roseburia_SGB4949	0	0	0	0	0	0	0	0	0	0	0	0	0	0	0	0	0	0	0	0	0	0	0	0	0	0	0	0	0	0	0.4343	0	0	0	0	0	0	0	0	0	0	0	0	0	0	0	0	0	0	0	0	0	0	0	0	0	0	0	0	0	0	0	0	0	0	0	0	0	0	0	0	0	0	0	0	0	0
GGB1547_SGB2131	0	0	0	0	0	0	0	0	0	0	0	0	0	0	0	0	0	0	0	0	0	0	0	0	0	0	0	0	0	0	0.32068	0	0	0	0	0	0	0	0	0	0	0	0	0	0	0	0	0	0	0	0	0	0	0	0	0	0	0	0	0	0	0	0	0	0	0	0	0	0	0	0	0	0	0	0	0	0
GGB4769_SGB6602	0	0	0	0	0	0	0	0	0	0	0	0	0	0	0	0	0	0	0	0	0	0	0	0	0	0	0	0	0	0	0.29782	0	0	0	0	0	0	0	0	0	0	0	0	0	0	0	0	0	0	0	0	0	0	0	0	0	0	0	0	0	0	0	0	0	0	0	0	0	0	0.24226	0	0	0	0	0	0	0
GGB9691_SGB15198	0	0	0	0	0	0	0	0	0	0	0	0	0	0	0	0	0	0	0	0	0	0	0	0	0	0	0	0	0	0	0.26855	0	0	0	0	0	0	0	0	0	0	0	0	0	0	0	0	0	0	0	0	0	0	0.02755	0	0	0	0	0.31592	0	0	0	0	0	0	0.06836	0	0	0	0.1474	0	0	0.06335	0	0	0	0
GGB9712_SGB15244	0	0	0	0	0	0	0	0	0	0	0	0	0	0	0	0	0	0	0	0	0	0	0	0	0	0	0	0	0	0	0.18735	0	0	0	0	0	0	0	0	0	0	0	0	0	0	0	0	0	0	0	0	0	0	0.15803	0	0	0	0	0	0	0	0.35843	0	0	0	0.14338	0	0	0	0.15873	0	0	0.22385	0	0.07112	0.0585	0
GGB9634_SGB15099	0	0	0	0	0	0	0	0	0	0	0	0	0	0	0	0	0	0	0	0	0	0	0	0	0	0	0	0	0	0	0.10977	0	0	0	0	0	0	0	0	0	0	0	0	0	0	0	0	0	0	0	0	0	0	0	0	0	0	0	0	0	0	0	0	0	0	0	0	0	0	0	0	0	0	0	0	0	0
GGB9774_SGB15394	0	0	0	0	0	0	0	0	0	0	0	0	0	0	0	0	0	0	0	0	0	0	0	0	0	0	0	0	0	0	0.08622	0	0	0	0	0	0	0	0	0	0	0	0	0	0	0	0	0	0	0	0	0	0	0.14943	0	0	0	0	0	0	0	0	0	0	0	0	0	0	0	0	0	0	0	0	0	0	0
GGB3643_SGB4948	0	0	0	0	0	0	0	0	0	0	0	0	0	0	0	0	0	0	0	0	0	0	0	0	0	0	0	0	0	0	0.0739	0	0	0	0	0	0	0	0	0	0	0	0	0	0	0	0	0	0	0	0	0	0	0	0	0	0	0	0	0	0	0	0	0	0	0	0	0	0	0	0	0	0	0	0	0	0
GGB1662_SGB2276	0	0	0	0	0	0	0	0	0	0	0	0	0	0	0	0	0	0	0	0	0	0	0	0	0	0	0	0	0	0	0.06407	0	0	0	0	0	0	0	0	0	0	0	0	0	0	0	0	0	0	0	0	0	0	0	0	0.00099	0	0	0	0	0	0	0	0	0	0	0	0.01694	0	0	0	0	0	0	0	0	0
Blautia_sp_MSK_21_1	0	0	0	0	0	0	0	0	0	0	0	0	0	0	0	0	0	0	0	0	0	0	0	0	0	0	0	0	0	0	0.06266	0	0	0	0	0	0	0	0	0	0	0	0	0	0	0	0	0	0	0	0.00306	0	0	0	0	0	0	0	0	0	0	0	0	0	0	0	0	0	0	0	0	0	0	0	0	0	0
GGB9608_SGB15042	0	0	0	0	0	0	0	0	0	0	0	0	0	0	0	0	0	0	0	0	0	0	0	0	0	0	0	0	0	0	0.05647	0	0	0	0	0	0	0	0	0	0	0	0	0	0	0	0	0	0	0	0	0	0	0	0	0.03478	0	0	0	0	0	0	0	0	0	0	0	0	0	0	0	0	0	0	0	0	0
GGB9818_SGB15459	0	0	0	0	0	0	0	0	0	0	0	0	0	0	0	0	0	0	0	0	0	0	0	0	0	0	0	0	0	0	0.0494	0	0	0	0	0	0	0	0	0	0	0	0	0	0	0	0	0	0	0	0	0	0	0	0	0.02762	0	0	0	0	0.00126	0	0	0	0	0	0	0	0	0	0	0	0	0	0	0	0
GGB9635_SGB15101	0	0	0	0	0	0	0	0	0	0	0	0	0	0	0	0	0	0	0	0	0	0	0	0	0	0	0	0	0	0	0.04343	0	0	0	0	0	0.14022	0	0	0	0	0	0	0	0	0	0	0	0	0	0	0	0	0	0	0	0	0	0	0	0	0	0	0	0	0	0	0	0	0	0	0	0	0	0	0	0
Clostridia_unclassified_SGB13993	0	0	0	0	0	0	0	0	0	0	0	0	0	0	0	0	0	0	0	0	0	0	0	0	0	0	0	0	0	0	0.03444	0	0	0	0	0	0	0	0	0	0	0	0	0	0	0	0	0	0	0	0	0	0	0	0	0	0	0	0	0	0	0	0	0	0	0	0	0	0	0	0	0	0	0	0	0	0
GGB9603_SGB15035	0	0	0	0	0	0	0	0	0	0	0	0	0	0	0	0	0	0	0	0	0	0	0	0	0	0	0	0	0	0	0.03333	0	0	0	0	0	0	0	0	0.08706	0	0	0	0	0	0	0	0	0	0	0	0	0	0.00605	0	0	0	0	0	0	0	0	0	0	0.00204	0	0	0	0	0	0	0	0	0	0	0	0
GGB9589_SGB15011	0	0	0	0	0	0	0	0	0	0	0	0	0	0	0	0	0	0	0	0	0	0	0	0	0	0	0	0	0	0	0.02871	0	0	0	0	0	0	0	0	0	0	0	0	0	0	0	0	0	0	0	0	0	0	0	0	0	0	0	0	0	0	0	0	0	0	0	0	0.05569	0	0.00064	0	0	0	0	0	0	0
GGB1215_SGB1581	0	0	0	0	0	0	0	0	0	0	0	0	0	0	0	0	0	0	0	0	0	0	0	0	0	0	0	0	0	0	0.02715	0	0	0.03991	0	0	0	0	0	0	0	0	0	0	0	0	0	0	0	0	0	0	0	0	0	0	0	0	0	0	0	0	0	0	0	0	0	0	0	0	0	0	0	0	0	0	0
GGB9621_SGB15073	0	0	0	0	0	0	0	0	0	0	0	0	0	0	0	0	0	0	0	0	0	0	0	0	0	0	0	0	0	0	0.02202	0	0	0	0	0	0	0	0	0	0.01581	0	0	0	0	0	0	0	0	0	0	0	0	0	0	0	0	0	0	0	0	0	0	0	0	0	0	0.02002	0	0	0	0	0	0	0	0.01247	0
Coriobacteriia_unclassified_SGB14764	0	0	0	0	0	0	0	0	0	0	0	0	0	0	0	0	0	0	0	0	0	0	0	0	0	0	0	0	0	0	0.02129	0	0	0	0	0	0	0	0	0	0	0	0	0	0	0	0	0	0	0	0	0	0	0	0	0	0	0	0	0	0	0	0	0	0	0	0	0	0	0	0	0	0	0	0	0	0
GGB9637_SGB15111	0	0	0	0	0	0	0	0	0	0	0	0	0	0	0	0	0	0	0	0	0	0	0	0	0	0	0	0	0	0	0.01751	0	0	0	0	0	0	0	0	0	0	0	0	0	0	0	0	0	0	0	0	0	0	0	0	0	0	0	0	0	0	0	0	0	0	0	0	0	0	0	0	0	0	0	0	0	0
Ruminococcaceae_bacterium_D5	0	0	0	0	0	0	0	0	0	0	0	0	0	0	0	0	0	0	0	0	0	0	0	0	0	0	0	0	0	0	0.01036	0	0	0	0	0	0	0	0	0	0	0	0	0	0	0	0	0	0	0	0	0	0	0	0	0.00039	0	0	0.00102	0	0	0	0	0	0	0	0	0	0	0	0	0	0.00095	0	0	0	0
GGB3491_SGB4665	0	0	0	0	0	0	0	0	0	0	0	0	0	0	0	0	0	0	0	0	0	0	0	0	0	0	0	0	0	0	0.0098	0	0	0	0	0	0	0	0	0	0	0	0	0	0	0	0	0	0	0	0	0	0	0	0	0	0	0	0	0	0	0	0	0	0.00851	0	0	0	0	0.06702	0	0	0	0	0	0	0
Oscillibacter_sp_NSJ_62	0	0	0	0	0	0	0	0	0	0	0	0	0	0	0	0	0	0	0	0	0	0	0	0	0	0	0	0	0	0	0.00876	0	0	0	0	0	0	0	0	0	0	0	0	0	0	0	0	0	0	0	0	0	0	0.00807	0	0	0	0	0.01055	0	0	0	0	0	0	0	0	0	0	0	0	0	0.00256	0	0	0	0
Oscillospiraceae_bacterium_NSJ_64	0	0	0	0	0	0	0	0	0	0	0	0	0	0	0	0	0	0	0	0	0	0	0	0	0	0	0	0	0	0	0.00673	0	0	0	0	0	0	0	0	0	0	0	0	0	0	0	0	0	0	0	0	0	0	0	0	0	0	0	0	0	0	0	0	0	0	0	0	0	0	0	0	0	0	0	0.00446	0	0
Rikenellaceae_bacterium_DSM_108975	0	0	0	0	0	0	0	0	0	0	0	0	0	0	0	0	0	0	0	0	0	0	0	0	0	0	0	0	0	0	0.00626	0	0	0	0	0	0	0	0	0	0	0	0	0	0	0	0	0	0	0	0	0	0	0	0	0	0	0	0	0	0	0	0	0	0	0	0	0	0	0	0	0	0.04525	0	0	0	0
Lactobacillus_mucosae	0	0	0	0	0	0	0	0	0	0	0	0	0	0	0	0	0	0	0	0	0	0	0	0	0	0	0	0	0	0	0	15.45125	0	0	0	0	0	0	0	0	0	0	0	0	0	0	0	0	0	0	0	0	0	0	0	0	0	0.06599	0	0	0	0	0	0	0	0	0	0	0	0	0	0	0	0	0	0	0
Lacticaseibacillus_rhamnosus	0	0	0	0	0	0	0	0	0	0	0	0	0	0	0	0	0	0	0	0	0	0	0	0	0	0	0	0	0	0	0	0.77458	0	0	0	0	0	0	0	0	0	0	0	0	0	0	0	0	0	0	0	0	0	0	0	0	0	0	0	0	0	0	0	0	0	0	0	0	0	0	0	0	0	0	0	0	0
Lacticaseibacillus_paracasei	0	0	0	0	0	0	0	0	0	0	0	0	0	0	0	0	0	0	0	0	0	0	0	0	0	0	0	0	0	0	0	0.77213	0	0	0	0	0	0	0	0	0	0	0	0	0	0	0	0	0.03411	0	0	0	0	0	0	0	0	0	0	0	0	0	0	0	0	0	0	0	0	0	0	0	0	0	0	0	0
Companilactobacillus_farciminis	0	0	0	0	0	0	0	0	0	0	0	0	0	0	0	0	0	0	0	0	0	0	0	0	0	0	0	0	0	0	0	0.19563	0	0	0	0	0	0	0	0	0	0	0	0	0	0	0	0	0	0	0	0	0	0	0	0	0	0	0	0	0	0	0	0	0	0	0	0	0	0	0	0	0	0	0	0	0
Ligilactobacillus_ruminis	0	0	0	0	0	0	0	0	0	0	0	0	0	0	0	0	0	0	0	0	0	0	0	0	0	0	0	0	0	0	0	0.15679	0	0	0	0	0	0	0	0	0	0	0	0	0	0	0	0	0	0	0	0	0	0	0	0	0	0.48855	0	0	0	0	0	0	0	0	0	0	0	0	0	0	0	0	0	0	0
Sneathia_amnii	0	0	0	0	0	0	0	0	0	0	0	0	0	0	0	0	0	0	0	0	0	0	0	0	0	0	0	0	0	0	0	0.14886	0	0	0	0.00652	0	0	0	0	0	0	0	0	0	0	0	0	0	0	0	0	0	0	0	0	0	0	0	0	0	0	0	0	0	0	0	0	0	0	0	0	0	0	0	0	0
Enterococcus_gallinarum	0	0	0	0	0	0	0	0	0	0	0	0	0	0	0	0	0	0	0	0	0	0	0	0	0	0	0	0	0	0	0	0.13993	0	0	0	0	0	0	0	0	0	0	0	0	0	0	0	0	0	0	0	0	0	0	0	0	0	0	0	0	0	0	0	0	0	0	0	0	0	0	0	0	0	0	0	0	0
Streptococcus_anginosus	0	0	0	0	0	0	0	0	0	0	0	0	0	0	0	0	0	0	0	0	0	0	0	0	0	0	0	0	0	0	0	0.05715	0	0	0	0	0	0	0	0	0	0	0	0	0	0	0	0	0	0	0	0	0	0	0	0	0	0	0	0	0	0	0	0	0	0	0	0	0	0	0	0	0	0	0	0	0
Alloscardovia_omnicolens	0	0	0	0	0	0	0	0	0	0	0	0	0	0	0	0	0	0	0	0	0	0	0	0	0	0	0	0	0	0	0	0.04809	0	0	0	0	0	0	0	0	0	0	0	0	0	0	0	0	0	0	0	0	0	0	0	0	0	0	0	0	0	0	0	0	0	0	0	0	0	0	0	0	0	0	0	0	0
Lactobacillus_crispatus	0	0	0	0	0	0	0	0	0	0	0	0	0	0	0	0	0	0	0	0	0	0	0	0	0	0	0	0	0	0	0	0.02434	0	0	0	0	0	0	0	0	0	0	0	0	0	0	0	0	0	0	0	0	0	0	0	0	0	0	0	0	0	0	0	0	0	0	0	0	0	0	0	0	0	0	0	0	0
Lactobacillaceae_bacterium	0	0	0	0	0	0	0	0	0	0	0	0	0	0	0	0	0	0	0	0	0	0	0	0	0	0	0	0	0	0	0	0.02321	0	0	0	0	0	0	0	0	0	0	0	0	0	0	0	0	0	0	0	0	0	0	0	0	0	0	0	0	0	0	0	0	0	0	0	0	0	0	0	0	0	0	0	0	0
Corynebacterium_argentoratense	0	0	0	0	0	0	0	0	0	0	0	0	0	0	0	0	0	0	0	0	0	0	0	0	0	0	0	0	0	0	0	0.01944	0	0	0	0	0	0	0	0	0	0	0	0	0	0	0	0	0	0	0	0	0	0	0	0	0	0	0	0	0	0	0	0	0	0	0	0	0	0	0	0	0	0	0	0	0
Fannyhessea_vaginae	0	0	0	0	0	0	0	0	0	0	0	0	0	0	0	0	0	0	0	0	0	0	0	0	0	0	0	0	0	0	0	0.01523	0	0	0	0	0	0	0	0	0	0	0	0	0	0	0	0	0	0	0	0	0	0	0	0	0	0	0	0	0	0	0	0	0	0	0	0	0	0	0	0	0	0	0	0	0
Lentilactobacillus_buchneri	0	0	0	0	0	0	0	0	0	0	0	0	0	0	0	0	0	0	0	0	0	0	0	0	0	0	0	0	0	0	0	0.014	0	0	0	0	0	0	0	0	0	0	0	0	0	0	0	0	0	0	0	0	0	0	0	0	0	0	0	0	0	0	0	0	0	0	0	0	0	0	0	0	0	0	0	0	0
Veillonellaceae_bacterium_DNF00626	0	0	0	0	0	0	0	0	0	0	0	0	0	0	0	0	0	0	0	0	0	0	0	0	0	0	0	0	0	0	0	0.01215	0	0	0	0	0	0	0	0	0	0	0	0	0	0	0	0	0	0	0	0	0	0	0	0	0	0	0	0	0	0	0	0	0	0	0	0	0	0	0	0	0	0	0	0	0
Clostridioides_difficile	0	0	0	0	0	0	0	0	0	0	0	0	0	0	0	0	0	0	0	0	0	0	0	0	0	0	0	0	0	0	0	0.01185	0	0	0	0	0	0	0	0	0	0	0	0	0	0.12457	0	0	0	0	0	0	0	0	0	0	0	0	0	0	0	0	0	0	0	0	0	0	0	0	0	0	0	0	0	0	0
Enterococcus_avium	0	0	0	0	0	0	0	0	0	0	0	0	0	0	0	0	0	0	0	0	0	0	0	0	0	0	0	0	0	0	0	0.00928	0	0	0	0	0	0	0	0	0	0	0	0	0	0	0	0	0	0	0	0	0	0	0	0	0	0	0	0	0	0	0	0	0	0	0	0	0	0	0	0	0	0	0	0	0
Bacteroidales_bacterium_KA00251	0	0	0	0	0	0	0	0	0	0	0	0	0	0	0	0	0	0	0	0	0	0	0	0	0	0	0	0	0	0	0	0.00878	0	0	0	0	0	0	0	0	0	0	0	0	0	0	0	0	0	0	0	0	0	0	0	0	0	0	0	0	0	0	0	0	0	0	0	0	0	0	0	0	0	0	0	0	0
GGB1460_SGB2023	0	0	0	0	0	0	0	0	0	0	0	0	0	0	0	0	0	0	0	0	0	0	0	0	0	0	0	0	0	0	0	0.00759	0	0	0	0	0	0	0	0	0	0	0	0	0	0	0	0	0	0	0	0	0	0	0	0	0	0	0	0	0	0	0	0	0	0	0	0	0	0	0	0	0	0	0	0	0
Lancefieldella_parvula	0	0	0	0	0	0	0	0	0	0	0	0	0	0	0	0	0	0	0	0	0	0	0	0	0	0	0	0	0	0	0	0.00748	0	0	0.00947	0	0	0	0.03549	0	0	0	0	0	0	0	0	0	0	0	0	0	0	0	0	0.00734	0	0	0	0	0.00351	0	0	0	0	0	0	0	0	0	0	0	0	0	0	0.01289	0
Propionibacterium_acidifaciens	0	0	0	0	0	0	0	0	0	0	0	0	0	0	0	0	0	0	0	0	0	0	0	0	0	0	0	0	0	0	0	0.00617	0	0	0	0	0	0	0	0	0	0	0	0	0	0	0	0	0	0	0	0	0	0	0	0	0	0	0	0	0	0	0	0	0	0	0	0	0	0	0	0	0	0	0	0	0
Porphyromonas_asaccharolytica	0	0	0	0	0	0	0	0	0	0	0	0	0	0	0	0	0	0	0	0	0	0	0	0	0	0	0	0	0	0	0	0.00437	0	0	0	0	0	0	0	0	0	0	0	0	0	0	0	0	0	0	0	0	0	0	0	0	0	0	0	0	0	0	0	0	0	0	0	0	0	0	0	0	0	0	0	0	0
Scardovia_inopinata	0	0	0	0	0	0	0	0	0	0	0	0	0	0	0	0	0	0	0	0	0	0	0	0	0	0	0	0	0	0	0	0.00287	0	0	0	0	0	0	0	0	0	0	0	0	0	0	0	0	0	0	0	0	0	0	0	0	0	0	0	0	0	0	0	0	0	0	0	0	0	0	0	0	0	0	0	0	0
Mageeibacillus_indolicus	0	0	0	0	0	0	0	0	0	0	0	0	0	0	0	0	0	0	0	0	0	0	0	0	0	0	0	0	0	0	0	0.00186	0	0	0	0	0	0	0	0	0	0	0	0	0	0	0	0	0	0	0	0	0	0	0	0	0	0	0	0	0	0	0	0	0	0	0	0	0	0	0	0	0	0	0	0	0
Bifidobacterium_animalis	0	0	0	0	0	0	0	0	0	0	0	0	0	0	0	0	0	0	0	0	0	0	0	0	0	0	0	0	0	0	0	0.00113	0	0	0	0	0	0	0	0	0	0	0	0	0	0	0	0	0	0	0	0	0	0	0	0	0	0	0	0	0	0	0	0	0	0	0	0	0	0	0	0	0	0	0	0	0
Coriobacteriales_bacterium_DNF00809	0	0	0	0	0	0	0	0	0	0	0	0	0	0	0	0	0	0	0	0	0	0	0	0	0	0	0	0	0	0	0	0.00085	0	0	0	0	0	0	0	0	0	0	0	0	0	0	0	0	0	0	0	0	0	0	0	0	0	0	0	0	0	0	0	0	0	0	0	0	0	0	0	0	0	0	0	0	0
Criibacterium_bergeronii	0	0	0	0	0	0	0	0	0	0	0	0	0	0	0	0	0	0	0	0	0	0	0	0	0	0	0	0	0	0	0	0.00037	0	0	0	0	0	0	0	0	0	0	0	0	0	0	0	0	0	0	0	0	0	0	0	0	0	0	0	0	0	0	0	0	0	0	0	0	0	0	0	0	0	0	0	0	0
GGB4599_SGB6362	0	0	0	0	0	0	0	0	0	0	0	0	0	0	0	0	0	0	0	0	0	0	0	0	0	0	0	0	0	0	0	0	0.20031	0	0	0	0	0	0	0	0	0	0	0	0	0	0	0	0	0	0	0	0	0	0	0	0	0	0	0	0	0.66976	0	0	0	0	0	0	0	0	0	0	0.00792	0	0	0	0
Megasphaera_sp_AM44_1BH	0	0	0	0	0	0	0	0	0	0	0	0	0	0	0	0	0	0	0	0	0	0	0	0	0	0	0	0	0	0	0	0	0.08369	0	0	0	0	0	0	0	0	0	0	0	0	0	0	0	0	0	0	0	0	0	0	0	0	0	0	0	0	0	0	0	0	0	0	0	0	0	0	0	0	0	0	0	0
Lachnospiraceae_unclassified_SGB71704	0	0	0	0	0	0	0	0	0	0	0	0	0	0	0	0	0	0	0	0	0	0	0	0	0	0	0	0	0	0	0	0	0.01029	0	0	0	0	0.03966	0	0	0	0	0	0	0	0	0	0	0	0	0	0	0	0.05127	0	0	0	0	0	0	0	0	0	0	0	0	0	0	0	0	0	0	0	0	0	0	0
Phascolarctobacterium_succinatutens	0	0	0	0	0	0	0	0	0	0	0	0	0	0	0	0	0	0	0	0	0	0	0	0	0	0	0	0	0	0	0	0	0	2.68833	0	0	0	0	0	0	0	0	0	0	1.43761	0	2.34128	0	0	0	0	0	0	0	0	1.02761	0	0	0	0	0	1.09917	0	0	0	0	0	0	0	0	0	0	0	0	0	0	0
Fenollaria_timonensis	0	0	0	0	0	0	0	0	0	0	0	0	0	0	0	0	0	0	0	0	0	0	0	0	0	0	0	0	0	0	0	0	0	0.04395	0	0	0	0	0	0	0	0	0	0	0	0	0	0	0	0	0	0	0	0	0	0	0	0	0	0	0	0	0	0	0	0	0	0	0	0	0	0	0	0	0	0	0
Peptoniphilus_grossensis	0	0	0	0	0	0	0	0	0	0	0	0	0	0	0	0	0	0	0	0	0	0	0	0	0	0	0	0	0	0	0	0	0	0.02652	0	0	0	0	0	0	0	0	0	0	0	0	0	0	0	0	0	0	0	0	0	0	0	0	0	0	0	0	0	0	0	0	0	0	0	0	0	0	0	0	0	0	0
Ezakiella_SGB6726	0	0	0	0	0	0	0	0	0	0	0	0	0	0	0	0	0	0	0	0	0	0	0	0	0	0	0	0	0	0	0	0	0	0.02406	0	0	0	0	0	0	0	0	0	0	0	0	0	0	0	0	0	0	0	0	0	0	0	0	0	0	0	0	0	0	0	0	0	0	0	0	0	0	0	0	0	0	0
Porphyromonas_bennonis	0	0	0	0	0	0	0	0	0	0	0	0	0	0	0	0	0	0	0	0	0	0	0	0	0	0	0	0	0	0	0	0	0	0.01356	0	0	0	0	0	0	0	0	0	0	0	0	0	0	0	0	0	0	0	0	0	0	0	0	0	0	0	0	0	0	0	0	0	0	0	0	0	0	0	0	0	0	0
Enterococcus_faecalis	0	0	0	0	0	0	0	0	0	0	0	0	0	0	0	0	0	0	0	0	0	0	0	0	0	0	0	0	0	0	0	0	0	0	0.00895	0	0	0	0	0	0	0	0	0	0	0	0	0	0	0	0	0	0	0	0.03044	0	0.01881	0	0	0	0	0	0	0	0	0	0	0	0	0	0	0	0	0	0	0	0
Aggregatibacter_aphrophilus	0	0	0	0	0	0	0	0	0	0	0	0	0	0	0	0	0	0	0	0	0	0	0	0	0	0	0	0	0	0	0	0	0	0	0	0.00104	0	0	0	0	0	0	0	0	0	0	0	0	0	0	0	0	0	0	0	0	0	0	0	0	0	0	0	0	0	0	0	0	0	0	0	0	0	0	0	0.00549	0
Collinsella_SGB14754	0	0	0	0	0	0	0	0	0	0	0	0	0	0	0	0	0	0	0	0	0	0	0	0	0	0	0	0	0	0	0	0	0	0	0	0	0.03727	0	0	0	0	0	0	0	0	0	0	0	0	0	0	0	0	0	0	0	0	0	0	0	0	0	0	0	0	0	0	0	0	0	0	0	0	0	0	0	0
Actinomyces_sp_ICM58	0	0	0	0	0	0	0	0	0	0	0	0	0	0	0	0	0	0	0	0	0	0	0	0	0	0	0	0	0	0	0	0	0	0	0	0	0.01299	0	0	0	0	0	0	0	0	0.05212	0	0	0	0	0	0	0	0	0	0	0	0	0	0	0	0	0	0	0	0	0	0	0	0	0.00946	0	0	0	0	0	0
Angelakisella_massiliensis	0	0	0	0	0	0	0	0	0	0	0	0	0	0	0	0	0	0	0	0	0	0	0	0	0	0	0	0	0	0	0	0	0	0	0	0	0.01283	0	0	0	0	0	0	0	0	0	0	0	0	0	0	0	0	0	0	0	0	0	0	0	0	0	0	0	0	0	0	0	0	0	0	0	0	0	0	0	0
Clostridium_perfringens	0	0	0	0	0	0	0	0	0	0	0	0	0	0	0	0	0	0	0	0	0	0	0	0	0	0	0	0	0	0	0	0	0	0	0	0	0.00254	0	0	0	0	0	0	0	0	0	0	0	0	0	0	0	0	0	0	0	0	0	0	0	0	0	0	0	0	0	0	0	0	0	0	0	0	0	0	0	0
Olsenella_timonensis	0	0	0	0	0	0	0	0	0	0	0	0	0	0	0	0	0	0	0	0	0	0	0	0	0	0	0	0	0	0	0	0	0	0	0	0	0.00208	0	0	0	0	0	0	0	0	0	0	0	0	0	0	0	0	0	0	0	0	0	0	0	0	0	0	0	0	0	0	0	0	0	0	0	0	0	0	0	0
Companilactobacillus_mindensis	0	0	0	0	0	0	0	0	0	0	0	0	0	0	0	0	0	0	0	0	0	0	0	0	0	0	0	0	0	0	0	0	0	0	0	0	0	0	0.03955	0	0	0	0	0	0	0	0	0	0	0	0	0.10774	0	0	0	0	0	0	0	0	0	0	0	0	0	0	0	0	0	0	0	0	0	0	0	0	0
GGB12796_SGB19893	0	0	0	0	0	0	0	0	0	0	0	0	0	0	0	0	0	0	0	0	0	0	0	0	0	0	0	0	0	0	0	0	0	0	0	0	0	0	0.0146	0	0	0	0	0	0	0	0	0	0	0	0.00111	0	0	0	0	0	0	0	0	0	0	0	0	0	0	0	0	0	0	0	0	0	0	0	0	0	0
Lactobacillus_pontis	0	0	0	0	0	0	0	0	0	0	0	0	0	0	0	0	0	0	0	0	0	0	0	0	0	0	0	0	0	0	0	0	0	0	0	0	0	0	0.0088	0	0	0	0	0	0	0	0	0.05036	0	0	0	0	0	0	0	0	0	0	0.05615	0	0	0	0	0	0	0	0	0	0	0.01339	0	0	0	0	0	0	0
Clostridium_neonatale	0	0	0	0	0	0	0	0	0	0	0	0	0	0	0	0	0	0	0	0	0	0	0	0	0	0	0	0	0	0	0	0	0	0	0	0	0	0	0.00377	0	0	0	0	0	0	0	0	0	0	0	0	0	0	0	0	0	0	0	0	0	0	0	0	0	0	0	0	0	0	0	0	0	0	0	0	0	0
Isoptericola_variabilis	0	0	0	0	0	0	0	0	0	0	0	0	0	0	0	0	0	0	0	0	0	0	0	0	0	0	0	0	0	0	0	0	0	0	0	0	0	0	0.00097	0	0	0	0	0	0	0	0	0	0	0	0	0	0	0	0	0	0	0	0	0	0	0	0	0	0	0	0	0	0	0	0	0	0	0	0	0.00368	0
GGB4669_SGB6458	0	0	0	0	0	0	0	0	0	0	0	0	0	0	0	0	0	0	0	0	0	0	0	0	0	0	0	0	0	0	0	0	0	0	0	0	0	0	0	1.04599	0	0	0	0	0	0	0	0	0	0	0	0	0	0	0	0	0	0	0	0	0	0	0	0	0	0	0	0	0	0	0	0	0	0	0	0	0
GGB9730_SGB15290	0	0	0	0	0	0	0	0	0	0	0	0	0	0	0	0	0	0	0	0	0	0	0	0	0	0	0	0	0	0	0	0	0	0	0	0	0	0	0	0.57022	0	0	0	0	0	0	0	0	0	0	0	0	0	0	0	0	0	0	0	0	0	0.02607	0	0	0.00509	0	0	0	0	0	0	0	0	0	0	0	0
GGB4569_SGB6312	0	0	0	0	0	0	0	0	0	0	0	0	0	0	0	0	0	0	0	0	0	0	0	0	0	0	0	0	0	0	0	0	0	0	0	0	0	0	0	0.25822	0	0	0	0	0	0	0	0	0	0	0	0	0	0	0	0	0	0	0	0	0	0	0	0	0	0	0	0	0	0.34329	0	0	0	0	0	0	0
Sutterella_SGB9293	0	0	0	0	0	0	0	0	0	0	0	0	0	0	0	0	0	0	0	0	0	0	0	0	0	0	0	0	0	0	0	0	0	0	0	0	0	0	0	0.24131	0	0	0	0	0	0	0	0	0	0	0	0	0	0	0	0	0	0	0	0	0	0	0	0	0	0	0	0	0	0	0	0	0	0	0	0	0
Sutterella_parvirubra	0	0	0	0	0	0	0	0	0	0	0	0	0	0	0	0	0	0	0	0	0	0	0	0	0	0	0	0	0	0	0	0	0	0	0	0	0	0	0	0.15743	0	0	0	0	0	0	0	0	0	0	0	0	0	0	0	0	0	0	0	0	0	0	0	0	0	0	0	0	0.11155	0	0	0	0	0	0	0	0
Clostridia_unclassified_SGB4373	0	0	0	0	0	0	0	0	0	0	0	0	0	0	0	0	0	0	0	0	0	0	0	0	0	0	0	0	0	0	0	0	0	0	0	0	0	0	0	0.14395	0	0	0	0	0	0	0	0	0	0	0	0	0	0.19112	0	0	0	0	0	0	0	0	0	0	0	0	0	0	0	0	0	0	0	0	0	0	0
GGB1567_SGB2154	0	0	0	0	0	0	0	0	0	0	0	0	0	0	0	0	0	0	0	0	0	0	0	0	0	0	0	0	0	0	0	0	0	0	0	0	0	0	0	0.07304	0	0	0	0	0	0	0	0	0	0	0	0	0	0	0	0	0	0	0	0	0	0	0	0	0	0	0	0	0	0	0	0	0	0	0	0	0
Fusobacterium_mortiferum	0	0	0	0	0	0	0	0	0	0	0	0	0	0	0	0	0	0	0	0	0	0	0	0	0	0	0	0	0	0	0	0	0	0	0	0	0	0	0	0.0551	0	0.22192	0	0	0.00415	0	0	0	0	0	0	0	14.25289	0	0	0	0	0	0	0	0	0	0	0	0	0	0	0	4.30475	0	0	0	0	0	0	0	0
Enterobacter_mori	0	0	0	0	0	0	0	0	0	0	0	0	0	0	0	0	0	0	0	0	0	0	0	0	0	0	0	0	0	0	0	0	0	0	0	0	0	0	0	0.02088	0	0	0	0	0	0	0	0	0	0	0	0	0	0	0	0	0	0.03842	0.03904	0	0	0	0	0	0	0	0	0	0	0	0	0	0	0	0	0	0
Roseburia_SGB4958	0	0	0	0	0	0	0	0	0	0	0	0	0	0	0	0	0	0	0	0	0	0	0	0	0	0	0	0	0	0	0	0	0	0	0	0	0	0	0	0.02065	0	0	0	0	0	0	0	0	0	0	0	0	0	0	0	0	0	0	0	0	0	0	0	0	0	0	0	0	0	0	0	0	0	0	0	0	0
Collinsella_tanakaei	0	0	0	0	0	0	0	0	0	0	0	0	0	0	0	0	0	0	0	0	0	0	0	0	0	0	0	0	0	0	0	0	0	0	0	0	0	0	0	0.01813	0	0	0	0	0	0	0	0	0	0	0	0	0	0	0	0	0	0	0	0	0	0	0	0	0	0	0	0	0	0	0	0	0	0	0	0	0.14461
GGB9284_SGB14237	0	0	0	0	0	0	0	0	0	0	0	0	0	0	0	0	0	0	0	0	0	0	0	0	0	0	0	0	0	0	0	0	0	0	0	0	0	0	0	0.01658	0	0	0	0	0	0	0	0	0	0	0	0	0	0	0	0.0443	0	0	0	0	0	0	0	0	0	0	0	0	0	0	0	0	0	0	0	0	0
Enterobacter_cloacae	0	0	0	0	0	0	0	0	0	0	0	0	0	0	0	0	0	0	0	0	0	0	0	0	0	0	0	0	0	0	0	0	0	0	0	0	0	0	0	0.01571	0	0	0	0	0	0	0	0	0	0	0	0	0	0	0	0	0	0	0.04611	0	0	0	0	0	0	0	0	0	0	0	0	0	0	0	0	0	0
Aggregatibacter_segnis	0	0	0	0	0	0	0	0	0	0	0	0	0	0	0	0	0	0	0	0	0	0	0	0	0	0	0	0	0	0	0	0	0	0	0	0	0	0	0	0.00815	0	0	0	0	0	0	0	0	0	0	0	0	0	0	0	0	0	0	0	0	0	0	0	0	0	0	0	0	0	0	0	0	0	0	0	0	0
GGB4549_SGB6271	0	0	0	0	0	0	0	0	0	0	0	0	0	0	0	0	0	0	0	0	0	0	0	0	0	0	0	0	0	0	0	0	0	0	0	0	0	0	0	0.00369	0	0	0	0	0	0	0	0	0	0	0	0	0	0	0	0	0	0	0.74334	0	0	0	0	0	0	1.62129	0	0.18062	0	0	0	0	0	0	0	0	0
GGB9694_SGB15204	0	0	0	0	0	0	0	0	0	0	0	0	0	0	0	0	0	0	0	0	0	0	0	0	0	0	0	0	0	0	0	0	0	0	0	0	0	0	0	0.00079	0	0	0	0	0	0	0	0	0	0	0	0	0	0	0	0	0	0	0	0	0	0	0	0	0	0	0	0	0	0	0	0	0	0	0	0	0
GGB4312_SGB5903	0	0	0	0	0	0	0	0	0	0	0	0	0	0	0	0	0	0	0	0	0	0	0	0	0	0	0	0	0	0	0	0	0	0	0	0	0	0	0	0	1.81189	0	0	0	0	0	0	0	0	0	0	0	0	0	0	0	0	0	0	0	0	0	0	0	0	0	0	0	0	0	0	0	0	0	0	0	0
Sutterella_seckii	0	0	0	0	0	0	0	0	0	0	0	0	0	0	0	0	0	0	0	0	0	0	0	0	0	0	0	0	0	0	0	0	0	0	0	0	0	0	0	0	0.23045	0	0	0	0	0	0	0	0	0	0	0	0	0	0	0	0	0	0	0	0	0	0	0	0	0	0	0	0	0	0	0	0	0	0	0	0
Clostridium_SGB6179	0	0	0	0	0	0	0	0	0	0	0	0	0	0	0	0	0	0	0	0	0	0	0	0	0	0	0	0	0	0	0	0	0	0	0	0	0	0	0	0	0.00987	0	0	0	0	0	0	0	0	0	0	0	0	0	0	0	0	0	0	0	0	0	0	0	0	0	0	0	0.01377	0	0	0	0	0	0	0	0
Megasphaera_hominis	0	0	0	0	0	0	0	0	0	0	0	0	0	0	0	0	0	0	0	0	0	0	0	0	0	0	0	0	0	0	0	0	0	0	0	0	0	0	0	0	0	0.09493	0	0	0	0	0	0	0	0	0	0	0	0	0	0	0	0	0	0	0	0	0	0	0	0.09131	0	0	0	0	0	0	0	0	0.02219	0	0
Kluyvera_sichuanensis	0	0	0	0	0	0	0	0	0	0	0	0	0	0	0	0	0	0	0	0	0	0	0	0	0	0	0	0	0	0	0	0	0	0	0	0	0	0	0	0	0	0.00148	0	0	0	0	0	0	0	0	0	0	0	0	0	0	0	0.00861	0	0	0.00358	0	0	0	0	0.01743	0	0	0	0	0	0	0	0	0	0	0
Klebsiella_aerogenes	0	0	0	0	0	0	0	0	0	0	0	0	0	0	0	0	0	0	0	0	0	0	0	0	0	0	0	0	0	0	0	0	0	0	0	0	0	0	0	0	0	0	3.34769	0	0	0	0	0	0	0	0	0	0	0	0	0	0	0.33353	0	0	0	0	0	0	0	0	0	0	0	0	0.06261	0	0	0	0	0	0
Alistipes_timonensis	0	0	0	0	0	0	0	0	0	0	0	0	0	0	0	0	0	0	0	0	0	0	0	0	0	0	0	0	0	0	0	0	0	0	0	0	0	0	0	0	0	0	0	0.20713	0	0	0	0	0	0	0	0	0	0	0	0	0	0	0	0	0	0	0	0	0	0	0	0	0	0	0	0.00561	0	0	0	0	0
Clostridia_unclassified_SGB6376	0	0	0	0	0	0	0	0	0	0	0	0	0	0	0	0	0	0	0	0	0	0	0	0	0	0	0	0	0	0	0	0	0	0	0	0	0	0	0	0	0	0	0	0.07225	0	0	0	0	0	0	0	0	0	0	0	0	0	0	0	0	0	0	0	0	0.00745	0	0	0	0	0.1013	0	0	0	0.20992	0	0	0
GGB3510_SGB4687	0	0	0	0	0	0	0	0	0	0	0	0	0	0	0	0	0	0	0	0	0	0	0	0	0	0	0	0	0	0	0	0	0	0	0	0	0	0	0	0	0	0	0	0.02146	0	0	0	0	0	0	0	0	0	0	0	0	0	0	0	0	0	0	0	0	0	0	0	0	0	0	0	0	0	0	0	0	0
GGB6547_SGB9247	0	0	0	0	0	0	0	0	0	0	0	0	0	0	0	0	0	0	0	0	0	0	0	0	0	0	0	0	0	0	0	0	0	0	0	0	0	0	0	0	0	0	0	0	0.79931	0	0	0	0	0	0	0	0	0	0	0	0	0	0	0	0	0	0	0	0	0	0	0	0	0	0	0	0	0	0	0	0
GGB49418_SGB69331	0	0	0	0	0	0	0	0	0	0	0	0	0	0	0	0	0	0	0	0	0	0	0	0	0	0	0	0	0	0	0	0	0	0	0	0	0	0	0	0	0	0	0	0	0.01419	0	0	0	0	0	0	0	0	0	0	0	0	0	0	0	0	0	0	0	0	0	0	0	0	0	0	0	0	0	0	0	0
GGB9530_SGB14930	0	0	0	0	0	0	0	0	0	0	0	0	0	0	0	0	0	0	0	0	0	0	0	0	0	0	0	0	0	0	0	0	0	0	0	0	0	0	0	0	0	0	0	0	0.00569	0	0	0	0	0	0	0	0	0	0	0	0	0	0	0	0	0	0	0	0	0	0	0	0	0	0	0	0	0	0	0	0
Collinsella_SGB14747	0	0	0	0	0	0	0	0	0	0	0	0	0	0	0	0	0	0	0	0	0	0	0	0	0	0	0	0	0	0	0	0	0	0	0	0	0	0	0	0	0	0	0	0	0.00398	0	0	0	0	0	0	0	0	0	0	0	0	0	0	0	0	0	0	0	0	0	0	0	0	0	0	0	0	0	0	0	0
Fusobacterium_varium	0	0	0	0	0	0	0	0	0	0	0	0	0	0	0	0	0	0	0	0	0	0	0	0	0	0	0	0	0	0	0	0	0	0	0	0	0	0	0	0	0	0	0	0	0	11.57493	0	0	0	0	0	0	0	0	0	0	0	0	0	0	0	0	0	0	0	0	0	0	0	0	0	0	0	0	0	0	0.11149
GGB33432_SGB47280	0	0	0	0	0	0	0	0	0	0	0	0	0	0	0	0	0	0	0	0	0	0	0	0	0	0	0	0	0	0	0	0	0	0	0	0	0	0	0	0	0	0	0	0	0	0.17361	0	0	0	0	0	0	0	0	0	0	0	0	0	0	0	0	0	0	0	0	0	0	0	0	0	0	0	0	0	0	0
Prevotella_SGB1653	0	0	0	0	0	0	0	0	0	0	0	0	0	0	0	0	0	0	0	0	0	0	0	0	0	0	0	0	0	0	0	0	0	0	0	0	0	0	0	0	0	0	0	0	0	0	9.03956	0	0	0	0	0	0	0	0	0	0	0	0	0	0	0	0	0	0	0	0	12.32244	0	0	0	0	0	0	0	0	0
Prevotella_sp_885	0	0	0	0	0	0	0	0	0	0	0	0	0	0	0	0	0	0	0	0	0	0	0	0	0	0	0	0	0	0	0	0	0	0	0	0	0	0	0	0	0	0	0	0	0	0	1.53106	0	0	0	0	0	0	0	0	0	0	0	0	0	0	0	0	0	0	0	0	0	0	0	0	0	0	0	0	0	0
GGB1266_SGB1699	0	0	0	0	0	0	0	0	0	0	0	0	0	0	0	0	0	0	0	0	0	0	0	0	0	0	0	0	0	0	0	0	0	0	0	0	0	0	0	0	0	0	0	0	0	0	0.42131	0	0	0	0	0	0	0	0	0	0	0	0	0	0	0	0	0	0	0	0	0	0	0	0	0	0	0	6.82294	0	0
Prevotella_copri_clade_D	0	0	0	0	0	0	0	0	0	0	0	0	0	0	0	0	0	0	0	0	0	0	0	0	0	0	0	0	0	0	0	0	0	0	0	0	0	0	0	0	0	0	0	0	0	0	0.18855	0	0	0	0	0	0	0	0	0	0	0	0	0	0	0	0	0	0	0	0	0	0	5.18473	0	0	0	0	0	0	0
Desulfovibrio_sp_PG_178_WT_4	0	0	0	0	0	0	0	0	0	0	0	0	0	0	0	0	0	0	0	0	0	0	0	0	0	0	0	0	0	0	0	0	0	0	0	0	0	0	0	0	0	0	0	0	0	0	0.16705	0	0	0	0	0	0	0	0	0	0	0	0	0	0	0	0	0	0	0	0	0	0	0	0	0	0	0	0	0	0
Lachnoclostridium_phocaeense	0	0	0	0	0	0	0	0	0	0	0	0	0	0	0	0	0	0	0	0	0	0	0	0	0	0	0	0	0	0	0	0	0	0	0	0	0	0	0	0	0	0	0	0	0	0	0.07501	0	0	0	0	0	0	0	0	0	0	0	0	0	0	0	0	0	0	0	0	0	0	0	0	0	0	0	0	0	0
Candidatus_Pararuminococcus_gallinarum	0	0	0	0	0	0	0	0	0	0	0	0	0	0	0	0	0	0	0	0	0	0	0	0	0	0	0	0	0	0	0	0	0	0	0	0	0	0	0	0	0	0	0	0	0	0	0.0054	0	0	0	0	0	0	0	0	0	0	0	0	0	0	0	0	0	0	0	0	0	0	0	0	0	0	0	0	0	0
Candidatus_Aristotella_avistercoris	0	0	0	0	0	0	0	0	0	0	0	0	0	0	0	0	0	0	0	0	0	0	0	0	0	0	0	0	0	0	0	0	0	0	0	0	0	0	0	0	0	0	0	0	0	0	0.00501	0	0	0	0	0	0	0	0	0	0	0	0	0	0	0	0	0	0	0	0	0	0	0	0	0	0	0	0	0	0
Candidatus_Schneewindia_gallinarum	0	0	0	0	0	0	0	0	0	0	0	0	0	0	0	0	0	0	0	0	0	0	0	0	0	0	0	0	0	0	0	0	0	0	0	0	0	0	0	0	0	0	0	0	0	0	0.00287	0	0	0	0	0	0	0	0	0.00704	0	0	0	0	0	0	0	0	0	0	0	0	0	0	0	0	0	0	0	0	0
Fusobacterium_ulcerans	0	0	0	0	0	0	0	0	0	0	0	0	0	0	0	0	0	0	0	0	0	0	0	0	0	0	0	0	0	0	0	0	0	0	0	0	0	0	0	0	0	0	0	0	0	0	0	0.18182	0	0	0	0	0	0	0	0	0	0	0	0	0	0	0	0	0	0	0	0	0	0	0	0	0	0	0	0	0
Oribacterium_parvum	0	0	0	0	0	0	0	0	0	0	0	0	0	0	0	0	0	0	0	0	0	0	0	0	0	0	0	0	0	0	0	0	0	0	0	0	0	0	0	0	0	0	0	0	0	0	0	0.00086	0	0	0	0	0	0	0	0	0	0	0	0	0.00554	0	0	0	0	0	0	0	0	0	0	0	0	0	0	0.00836	0
Bittarella_massiliensis	0	0	0	0	0	0	0	0	0	0	0	0	0	0	0	0	0	0	0	0	0	0	0	0	0	0	0	0	0	0	0	0	0	0	0	0	0	0	0	0	0	0	0	0	0	0	0	0	0.00115	0	0	0	0	0	0	0	0	0	0	0	0	0	0	0	0	0	0	0	0	0	0	0	0	0	0	0	0
Bacteroides_sp_OF04_15BH	0	0	0	0	0	0	0	0	0	0	0	0	0	0	0	0	0	0	0	0	0	0	0	0	0	0	0	0	0	0	0	0	0	0	0	0	0	0	0	0	0	0	0	0	0	0	0	0	0	3.99576	0	0	0	0	0	0	0	0	0	0	0	0	0	0	0	0	0	0	0	0	0	0	0	0	0	0	0
Merdimonas_faecis	0	0	0	0	0	0	0	0	0	0	0	0	0	0	0	0	0	0	0	0	0	0	0	0	0	0	0	0	0	0	0	0	0	0	0	0	0	0	0	0	0	0	0	0	0	0	0	0	0	1.75149	0	0	0	0	0	0	0	0	0	0	0	0	0	0	0	0	0	0	0	0	0	0	0	0	0	0	0
Massilimicrobiota_timonensis	0	0	0	0	0	0	0	0	0	0	0	0	0	0	0	0	0	0	0	0	0	0	0	0	0	0	0	0	0	0	0	0	0	0	0	0	0	0	0	0	0	0	0	0	0	0	0	0	0	0.02411	0	0	0	0	0	0	0	0	0	0	0	0	0	0	0	0	0	0	0	0	0	0	0	0	0	0	0
GGB9580_SGB14996	0	0	0	0	0	0	0	0	0	0	0	0	0	0	0	0	0	0	0	0	0	0	0	0	0	0	0	0	0	0	0	0	0	0	0	0	0	0	0	0	0	0	0	0	0	0	0	0	0	0.01377	0	0	0	0	0	0	0	0	0	0	0	0	0	0	0	0	0	0	0	0	0	0	0	0	0	0	0
Eubacterium_sulci	0	0	0	0	0	0	0	0	0	0	0	0	0	0	0	0	0	0	0	0	0	0	0	0	0	0	0	0	0	0	0	0	0	0	0	0	0	0	0	0	0	0	0	0	0	0	0	0	0	0	0.01831	0.00904	0	0	0	0	0	0	0	0	0.01452	0	0	0	0	0	0	0	0	0	0	0	0	0	0	0.04092	0
Gemella_morbillorum	0	0	0	0	0	0	0	0	0	0	0	0	0	0	0	0	0	0	0	0	0	0	0	0	0	0	0	0	0	0	0	0	0	0	0	0	0	0	0	0	0	0	0	0	0	0	0	0	0	0	0.00217	0	0	0	0	0	0	0	0	0	0	0	0	0	0	0	0	0	0	0	0	0	0	0	0	0	0
Psychrobacter_faecalis	0	0	0	0	0	0	0	0	0	0	0	0	0	0	0	0	0	0	0	0	0	0	0	0	0	0	0	0	0	0	0	0	0	0	0	0	0	0	0	0	0	0	0	0	0	0	0	0	0	0	0	0	0.07936	0	0	0	0	0	0	0	0	0	0	0	0	0	0	0	0	0	0	0	0	0	0	0	0
Paracoccus_haematequi	0	0	0	0	0	0	0	0	0	0	0	0	0	0	0	0	0	0	0	0	0	0	0	0	0	0	0	0	0	0	0	0	0	0	0	0	0	0	0	0	0	0	0	0	0	0	0	0	0	0	0	0	0.06873	0	0	0	0	0	0	0	0	0	0	0	0	0	0	0	0	0	0	0	0	0	0	0	0
Brachybacterium_muris	0	0	0	0	0	0	0	0	0	0	0	0	0	0	0	0	0	0	0	0	0	0	0	0	0	0	0	0	0	0	0	0	0	0	0	0	0	0	0	0	0	0	0	0	0	0	0	0	0	0	0	0	0.04277	0	0	0	0	0	0	0	0	0	0	0	0	0	0	0	0	0	0	0	0	0	0	0	0
Luteimonas_padinae	0	0	0	0	0	0	0	0	0	0	0	0	0	0	0	0	0	0	0	0	0	0	0	0	0	0	0	0	0	0	0	0	0	0	0	0	0	0	0	0	0	0	0	0	0	0	0	0	0	0	0	0	0.03278	0	0	0	0	0	0	0	0	0	0	0	0	0	0	0	0	0	0	0	0	0	0	0	0
Butyricimonas_synergistica	0	0	0	0	0	0	0	0	0	0	0	0	0	0	0	0	0	0	0	0	0	0	0	0	0	0	0	0	0	0	0	0	0	0	0	0	0	0	0	0	0	0	0	0	0	0	0	0	0	0	0	0	0.03129	0.2707	0	0	0	0	0.01505	0	0	0	0	0	0	0	0	0	0	0	0	0	0.00077	0	0	0	0
GGB6529_SGB9222	0	0	0	0	0	0	0	0	0	0	0	0	0	0	0	0	0	0	0	0	0	0	0	0	0	0	0	0	0	0	0	0	0	0	0	0	0	0	0	0	0	0	0	0	0	0	0	0	0	0	0	0	0.00597	0	0	0	0	0	0	0	0	0	0	0	0	0	0	0	0	0	0	0	0	0	0	0	0
Chryseobacterium_lacus	0	0	0	0	0	0	0	0	0	0	0	0	0	0	0	0	0	0	0	0	0	0	0	0	0	0	0	0	0	0	0	0	0	0	0	0	0	0	0	0	0	0	0	0	0	0	0	0	0	0	0	0	0.00547	0	0	0	0	0	0	0	0	0	0	0	0	0	0	0	0	0	0	0	0	0	0	0	0
Aquamicrobium_lusatiense	0	0	0	0	0	0	0	0	0	0	0	0	0	0	0	0	0	0	0	0	0	0	0	0	0	0	0	0	0	0	0	0	0	0	0	0	0	0	0	0	0	0	0	0	0	0	0	0	0	0	0	0	0.00158	0	0	0	0	0	0	0	0	0	0	0	0	0	0	0	0	0	0	0	0	0	0	0	0
Devosia_sp_M6_77	0	0	0	0	0	0	0	0	0	0	0	0	0	0	0	0	0	0	0	0	0	0	0	0	0	0	0	0	0	0	0	0	0	0	0	0	0	0	0	0	0	0	0	0	0	0	0	0	0	0	0	0	0.00039	0	0	0	0	0	0	0	0	0	0	0	0	0	0	0	0	0	0	0	0	0	0	0	0
GGB9059_SGB13976	0	0	0	0	0	0	0	0	0	0	0	0	0	0	0	0	0	0	0	0	0	0	0	0	0	0	0	0	0	0	0	0	0	0	0	0	0	0	0	0	0	0	0	0	0	0	0	0	0	0	0	0	0	0.80378	0	0	0	0	0	0	0	0	0	0	0	0	0	0	0	0	0	0	0.42861	0	0	0	0
Lachnospiraceae_unclassified_SGB5063	0	0	0	0	0	0	0	0	0	0	0	0	0	0	0	0	0	0	0	0	0	0	0	0	0	0	0	0	0	0	0	0	0	0	0	0	0	0	0	0	0	0	0	0	0	0	0	0	0	0	0	0	0	0.74506	0	0	0	0	0	0	0	0	0	0	0.04651	0	0	0	0	0	0	0	0	0	0	0	0
Gemmiger_sp_An194	0	0	0	0	0	0	0	0	0	0	0	0	0	0	0	0	0	0	0	0	0	0	0	0	0	0	0	0	0	0	0	0	0	0	0	0	0	0	0	0	0	0	0	0	0	0	0	0	0	0	0	0	0	0.33073	0	0	0	0	0	0	0	0	0	0	0	0	0	0	0	0	0	0	0	0	0	0	0
Fournierella_massiliensis	0	0	0	0	0	0	0	0	0	0	0	0	0	0	0	0	0	0	0	0	0	0	0	0	0	0	0	0	0	0	0	0	0	0	0	0	0	0	0	0	0	0	0	0	0	0	0	0	0	0	0	0	0	0.15438	0	0	0	0	0	0	0	0	0	0	0	0	0	0	0	0	0	0	0	0	0	0	0
Desulfovibrio_desulfuricans	0	0	0	0	0	0	0	0	0	0	0	0	0	0	0	0	0	0	0	0	0	0	0	0	0	0	0	0	0	0	0	0	0	0	0	0	0	0	0	0	0	0	0	0	0	0	0	0	0	0	0	0	0	0.02072	0	0	0	0	0	0	0	0	0	0	0	0	0	0	0	0	0	0	0	0	0	0	0
GGB4768_SGB6601	0	0	0	0	0	0	0	0	0	0	0	0	0	0	0	0	0	0	0	0	0	0	0	0	0	0	0	0	0	0	0	0	0	0	0	0	0	0	0	0	0	0	0	0	0	0	0	0	0	0	0	0	0	0.01539	0	0	0	0	0	0	0	0	0	0	0	0	0	0	0	0	0	0	0	0	0	0	0
Turicimonas_muris	0	0	0	0	0	0	0	0	0	0	0	0	0	0	0	0	0	0	0	0	0	0	0	0	0	0	0	0	0	0	0	0	0	0	0	0	0	0	0	0	0	0	0	0	0	0	0	0	0	0	0	0	0	0.01159	0	0	0	0	0	0	0	0	0	0.00376	0	0	0	0	0	0	0	0	0	0	0	0	0
GGB9590_SGB15012	0	0	0	0	0	0	0	0	0	0	0	0	0	0	0	0	0	0	0	0	0	0	0	0	0	0	0	0	0	0	0	0	0	0	0	0	0	0	0	0	0	0	0	0	0	0	0	0	0	0	0	0	0	0.01074	0	0	0	0	0	0	0	0.03926	0.01249	0	0.05155	0.07891	0	0	0	0.03457	0	0	0.11935	0.05131	0	0	0
GGB9288_SGB14243	0	0	0	0	0	0	0	0	0	0	0	0	0	0	0	0	0	0	0	0	0	0	0	0	0	0	0	0	0	0	0	0	0	0	0	0	0	0	0	0	0	0	0	0	0	0	0	0	0	0	0	0	0	0.00747	0	0	0	0	0	0	0	0	0	0	0	0	0	0	0	0	0	0	0	0	0	0	0
Flavonifractor_sp_An135	0	0	0	0	0	0	0	0	0	0	0	0	0	0	0	0	0	0	0	0	0	0	0	0	0	0	0	0	0	0	0	0	0	0	0	0	0	0	0	0	0	0	0	0	0	0	0	0	0	0	0	0	0	0.00608	0	0	0	0	0	0	0	0	0	0	0	0	0	0	0	0	0	0	0	0	0	0	0
GGB9537_SGB14940	0	0	0	0	0	0	0	0	0	0	0	0	0	0	0	0	0	0	0	0	0	0	0	0	0	0	0	0	0	0	0	0	0	0	0	0	0	0	0	0	0	0	0	0	0	0	0	0	0	0	0	0	0	0.00455	0	0	0	0	0	0	0	0.03526	0	0	0	0	0	0	0	0	0	0	0	0	0	0	0
Acidovorax_temperans	0	0	0	0	0	0	0	0	0	0	0	0	0	0	0	0	0	0	0	0	0	0	0	0	0	0	0	0	0	0	0	0	0	0	0	0	0	0	0	0	0	0	0	0	0	0	0	0	0	0	0	0	0	0.00305	0	0	0	0	0	0	0	0	0	0	0	0	0	0	0	0	0	0	0	0	0	0	0
GGB9787_SGB15410	0	0	0	0	0	0	0	0	0	0	0	0	0	0	0	0	0	0	0	0	0	0	0	0	0	0	0	0	0	0	0	0	0	0	0	0	0	0	0	0	0	0	0	0	0	0	0	0	0	0	0	0	0	0.00266	0	0	0	0	0	0	0	0	0	0	0	0.00995	0	0	0	0.01691	0	0	0.24955	0	0	0	0
GGB44464_SGB61891	0	0	0	0	0	0	0	0	0	0	0	0	0	0	0	0	0	0	0	0	0	0	0	0	0	0	0	0	0	0	0	0	0	0	0	0	0	0	0	0	0	0	0	0	0	0	0	0	0	0	0	0	0	0.00085	0	0	0	0	0	0	0	0	0	0	0	0	0	0	0	0	0	0	0	0	0	0	0
Clostridium_paraputrificum	0	0	0	0	0	0	0	0	0	0	0	0	0	0	0	0	0	0	0	0	0	0	0	0	0	0	0	0	0	0	0	0	0	0	0	0	0	0	0	0	0	0	0	0	0	0	0	0	0	0	0	0	0	0	0.06333	0	0.07911	0	0	0	0	0	0	0	0	0	0	0	0	0	0	0	0	0	0	0	0
GGB3341_SGB4420	0	0	0	0	0	0	0	0	0	0	0	0	0	0	0	0	0	0	0	0	0	0	0	0	0	0	0	0	0	0	0	0	0	0	0	0	0	0	0	0	0	0	0	0	0	0	0	0	0	0	0	0	0	0	0	0.29882	0	0	0	0	0	0	0	0	0	0	0	0	0	0	0	0	0.03907	0	0	0.58697	0
GGB9636_SGB15109	0	0	0	0	0	0	0	0	0	0	0	0	0	0	0	0	0	0	0	0	0	0	0	0	0	0	0	0	0	0	0	0	0	0	0	0	0	0	0	0	0	0	0	0	0	0	0	0	0	0	0	0	0	0	0	0.01172	0	0	0	0	0	0	0	0	0	0	0	0	0	0	0	0	0	0	0	0	0
Anaerotruncus_massiliensis	0	0	0	0	0	0	0	0	0	0	0	0	0	0	0	0	0	0	0	0	0	0	0	0	0	0	0	0	0	0	0	0	0	0	0	0	0	0	0	0	0	0	0	0	0	0	0	0	0	0	0	0	0	0	0	0.00467	0	0	0	0	0	0	0	0	0	0	0	0	0	0	0	0	0	0	0	0	0
GGB9710_SGB15239	0	0	0	0	0	0	0	0	0	0	0	0	0	0	0	0	0	0	0	0	0	0	0	0	0	0	0	0	0	0	0	0	0	0	0	0	0	0	0	0	0	0	0	0	0	0	0	0	0	0	0	0	0	0	0	0.0036	0	0	0	0	0	0	0	0	0	0	0	0	0	0	0	0	0	0	0	0	0
Faecalitalea_cylindroides	0	0	0	0	0	0	0	0	0	0	0	0	0	0	0	0	0	0	0	0	0	0	0	0	0	0	0	0	0	0	0	0	0	0	0	0	0	0	0	0	0	0	0	0	0	0	0	0	0	0	0	0	0	0	0	0.00141	0	0	0	0	0	0	0	0	0	0	0	0	0	0	0	0	0	0	0	0	0
Parabacteroides_gordonii	0	0	0	0	0	0	0	0	0	0	0	0	0	0	0	0	0	0	0	0	0	0	0	0	0	0	0	0	0	0	0	0	0	0	0	0	0	0	0	0	0	0	0	0	0	0	0	0	0	0	0	0	0	0	0	0	2.69412	0	0.00189	0	0	0	0	0	0	0	0	0	0	0	0	0	0	0	0	0	0
GGB33657_SGB66068	0	0	0	0	0	0	0	0	0	0	0	0	0	0	0	0	0	0	0	0	0	0	0	0	0	0	0	0	0	0	0	0	0	0	0	0	0	0	0	0	0	0	0	0	0	0	0	0	0	0	0	0	0	0	0	0	1.127	0	0	0	0	0	0	0	0	0	0	0	0	0	0	0	0	0	0	0	0
Campylobacter_gracilis	0	0	0	0	0	0	0	0	0	0	0	0	0	0	0	0	0	0	0	0	0	0	0	0	0	0	0	0	0	0	0	0	0	0	0	0	0	0	0	0	0	0	0	0	0	0	0	0	0	0	0	0	0	0	0	0	0.02402	0	0	0	0	0	0	0	0	0	0	0	0	0	0	0	0	0	0	0	0
Megasphaera_elsdenii	0	0	0	0	0	0	0	0	0	0	0	0	0	0	0	0	0	0	0	0	0	0	0	0	0	0	0	0	0	0	0	0	0	0	0	0	0	0	0	0	0	0	0	0	0	0	0	0	0	0	0	0	0	0	0	0	0	11.99715	0	0	0	0	0	0	0	0	0	0	0	0	0.30375	0	0	0	0	0	0.18753
GGB9369_SGB14350	0	0	0	0	0	0	0	0	0	0	0	0	0	0	0	0	0	0	0	0	0	0	0	0	0	0	0	0	0	0	0	0	0	0	0	0	0	0	0	0	0	0	0	0	0	0	0	0	0	0	0	0	0	0	0	0	0	4.99025	0	0	0	0	0	0	0	0	0	0	0	0	0	0	0	0	0	0	0
Olsenella_umbonata	0	0	0	0	0	0	0	0	0	0	0	0	0	0	0	0	0	0	0	0	0	0	0	0	0	0	0	0	0	0	0	0	0	0	0	0	0	0	0	0	0	0	0	0	0	0	0	0	0	0	0	0	0	0	0	0	0	0.85406	0	0	0	0	0	0	0	0	0	0	0	0	0	0	0	0	0	0	0
Klebsiella_michiganensis	0	0	0	0	0	0	0	0	0	0	0	0	0	0	0	0	0	0	0	0	0	0	0	0	0	0	0	0	0	0	0	0	0	0	0	0	0	0	0	0	0	0	0	0	0	0	0	0	0	0	0	0	0	0	0	0	0	0.06717	0	0	0	0	0	0	0.0108	0	0	0	0	0	0	0.23257	0	0	0	0	0
Neisseria_subflava	0	0	0	0	0	0	0	0	0	0	0	0	0	0	0	0	0	0	0	0	0	0	0	0	0	0	0	0	0	0	0	0	0	0	0	0	0	0	0	0	0	0	0	0	0	0	0	0	0	0	0	0	0	0	0	0	0	0.05265	0	0	0	0	0	0	0	0	0	0	0	0	0	0	0	0	0	0.10412	0
Olsenella_sp_DSM_105246	0	0	0	0	0	0	0	0	0	0	0	0	0	0	0	0	0	0	0	0	0	0	0	0	0	0	0	0	0	0	0	0	0	0	0	0	0	0	0	0	0	0	0	0	0	0	0	0	0	0	0	0	0	0	0	0	0	0.04819	0	0	0	0	0	0	0	0	0	0	0	0	0	0	0	0	0	0	0
Ruminococcus_sp_AF41_9	0	0	0	0	0	0	0	0	0	0	0	0	0	0	0	0	0	0	0	0	0	0	0	0	0	0	0	0	0	0	0	0	0	0	0	0	0	0	0	0	0	0	0	0	0	0	0	0	0	0	0	0	0	0	0	0	0	0.04556	0	0	0	0	0	0	0	0	0	0	0	0	0	0	0	0.00466	0	0.0137	0
Klebsiella_grimontii	0	0	0	0	0	0	0	0	0	0	0	0	0	0	0	0	0	0	0	0	0	0	0	0	0	0	0	0	0	0	0	0	0	0	0	0	0	0	0	0	0	0	0	0	0	0	0	0	0	0	0	0	0	0	0	0	0	0.01741	0	0	0	0	0	0	0	0	0	0	0	0	0	0	0	0	0	0	0
Slackia_isoflavoniconvertens	0	0	0	0	0	0	0	0	0	0	0	0	0	0	0	0	0	0	0	0	0	0	0	0	0	0	0	0	0	0	0	0	0	0	0	0	0	0	0	0	0	0	0	0	0	0	0	0	0	0	0	0	0	0	0	0	0	0.00509	0	0	0	0	0	0	0	0	0	0	0	0	0	0	0	0	0	0	0
Raoultella_ornithinolytica	0	0	0	0	0	0	0	0	0	0	0	0	0	0	0	0	0	0	0	0	0	0	0	0	0	0	0	0	0	0	0	0	0	0	0	0	0	0	0	0	0	0	0	0	0	0	0	0	0	0	0	0	0	0	0	0	0	0.00476	0	0.04349	0.04601	0	0	0.00106	0.06981	0.10351	0	0	0	0	0	0	0	0	0	0	0
Phocaeicola_sartorii	0	0	0	0	0	0	0	0	0	0	0	0	0	0	0	0	0	0	0	0	0	0	0	0	0	0	0	0	0	0	0	0	0	0	0	0	0	0	0	0	0	0	0	0	0	0	0	0	0	0	0	0	0	0	0	0	0	0	2.66714	0	0	0	0	0	0	0	0	0	0	0	0	0	0	0	0	0	0
GGB1536_SGB2119	0	0	0	0	0	0	0	0	0	0	0	0	0	0	0	0	0	0	0	0	0	0	0	0	0	0	0	0	0	0	0	0	0	0	0	0	0	0	0	0	0	0	0	0	0	0	0	0	0	0	0	0	0	0	0	0	0	0	0.38724	0	0	0	0	0	0	0	0	0	0	0	0	0	0	0	0	0	0
Candidatus_Gallimonas_faecium	0	0	0	0	0	0	0	0	0	0	0	0	0	0	0	0	0	0	0	0	0	0	0	0	0	0	0	0	0	0	0	0	0	0	0	0	0	0	0	0	0	0	0	0	0	0	0	0	0	0	0	0	0	0	0	0	0	0	0.12317	0	0	0	0	0	0	0	0	0	0	0	0	0	0	0	0	0	0
Atlantibacter_hermannii	0	0	0	0	0	0	0	0	0	0	0	0	0	0	0	0	0	0	0	0	0	0	0	0	0	0	0	0	0	0	0	0	0	0	0	0	0	0	0	0	0	0	0	0	0	0	0	0	0	0	0	0	0	0	0	0	0	0	0.11258	0	0	0	0	0	0	0	0	0	0	0	0	0	0	0	0	0	0
Bacilli_unclassified_SGB6422	0	0	0	0	0	0	0	0	0	0	0	0	0	0	0	0	0	0	0	0	0	0	0	0	0	0	0	0	0	0	0	0	0	0	0	0	0	0	0	0	0	0	0	0	0	0	0	0	0	0	0	0	0	0	0	0	0	0	0.08842	0	0.02423	0	0	0	0	0	0	0	0	0.04705	0	0	0.09894	0	0	0	0
Klebsiella_oxytoca	0	0	0	0	0	0	0	0	0	0	0	0	0	0	0	0	0	0	0	0	0	0	0	0	0	0	0	0	0	0	0	0	0	0	0	0	0	0	0	0	0	0	0	0	0	0	0	0	0	0	0	0	0	0	0	0	0	0	0.07341	0	0	0	0	0	0	0	0	0	0	0	0	0	0	0	0	0	0
Bacteroides_timonensis	0	0	0	0	0	0	0	0	0	0	0	0	0	0	0	0	0	0	0	0	0	0	0	0	0	0	0	0	0	0	0	0	0	0	0	0	0	0	0	0	0	0	0	0	0	0	0	0	0	0	0	0	0	0	0	0	0	0	0.06817	0	0	0	0	0	0	0	0	0	0	0	0	0	0	0	0	0	0
Enterobacter_sp_DE0047	0	0	0	0	0	0	0	0	0	0	0	0	0	0	0	0	0	0	0	0	0	0	0	0	0	0	0	0	0	0	0	0	0	0	0	0	0	0	0	0	0	0	0	0	0	0	0	0	0	0	0	0	0	0	0	0	0	0	0.02453	0	0	0	0	0	0	0	0	0	0	0	0	0	0	0	0	0	0
GGB9608_SGB15041	0	0	0	0	0	0	0	0	0	0	0	0	0	0	0	0	0	0	0	0	0	0	0	0	0	0	0	0	0	0	0	0	0	0	0	0	0	0	0	0	0	0	0	0	0	0	0	0	0	0	0	0	0	0	0	0	0	0	0.01978	0	0	0	0.01947	0	0.01055	0	0	0	0	0.00747	0	0	0.0954	0	0	0	0
Parvimonas_sp_KA00067	0	0	0	0	0	0	0	0	0	0	0	0	0	0	0	0	0	0	0	0	0	0	0	0	0	0	0	0	0	0	0	0	0	0	0	0	0	0	0	0	0	0	0	0	0	0	0	0	0	0	0	0	0	0	0	0	0	0	0.00214	0	0	0	0	0	0	0	0	0	0	0	0	0	0	0	0	0	0
GGB12785_SGB19823	0	0	0	0	0	0	0	0	0	0	0	0	0	0	0	0	0	0	0	0	0	0	0	0	0	0	0	0	0	0	0	0	0	0	0	0	0	0	0	0	0	0	0	0	0	0	0	0	0	0	0	0	0	0	0	0	0	0	0	0.01218	0	0	0	0	0	0	0	0	0	0	0.00118	0	0	0	0	0	0
Pluralibacter_gergoviae	0	0	0	0	0	0	0	0	0	0	0	0	0	0	0	0	0	0	0	0	0	0	0	0	0	0	0	0	0	0	0	0	0	0	0	0	0	0	0	0	0	0	0	0	0	0	0	0	0	0	0	0	0	0	0	0	0	0	0	0.0116	0	0	0	0	0	0	0	0	0	0	0	0	0	0	0	0	0
Desulfovibrio_legallii	0	0	0	0	0	0	0	0	0	0	0	0	0	0	0	0	0	0	0	0	0	0	0	0	0	0	0	0	0	0	0	0	0	0	0	0	0	0	0	0	0	0	0	0	0	0	0	0	0	0	0	0	0	0	0	0	0	0	0	0	0.09387	0	0	0	0	0	0	0	0	0	0	0	0	0	0	0	0
Cronobacter_sakazakii	0	0	0	0	0	0	0	0	0	0	0	0	0	0	0	0	0	0	0	0	0	0	0	0	0	0	0	0	0	0	0	0	0	0	0	0	0	0	0	0	0	0	0	0	0	0	0	0	0	0	0	0	0	0	0	0	0	0	0	0	0.05945	0	0	0	0	0	0	0	0	0	0	0	0	0	0	0	0
GGB4651_SGB6438	0	0	0	0	0	0	0	0	0	0	0	0	0	0	0	0	0	0	0	0	0	0	0	0	0	0	0	0	0	0	0	0	0	0	0	0	0	0	0	0	0	0	0	0	0	0	0	0	0	0	0	0	0	0	0	0	0	0	0	0	0.04848	0	0	0	0	0	0	0	0	0	0.00537	0	0	0	0	0	0
GGB3385_SGB4471	0	0	0	0	0	0	0	0	0	0	0	0	0	0	0	0	0	0	0	0	0	0	0	0	0	0	0	0	0	0	0	0	0	0	0	0	0	0	0	0	0	0	0	0	0	0	0	0	0	0	0	0	0	0	0	0	0	0	0	0	0.02862	0	0	0	0	0	0	0	0	0	0	0	0	0	0	0	0
Oribacterium_sinus	0	0	0	0	0	0	0	0	0	0	0	0	0	0	0	0	0	0	0	0	0	0	0	0	0	0	0	0	0	0	0	0	0	0	0	0	0	0	0	0	0	0	0	0	0	0	0	0	0	0	0	0	0	0	0	0	0	0	0	0	0.0217	0	0	0	0	0	0	0	0	0	0	0	0	0	0	0.01017	0
Stomatobaculum_SGB5266	0	0	0	0	0	0	0	0	0	0	0	0	0	0	0	0	0	0	0	0	0	0	0	0	0	0	0	0	0	0	0	0	0	0	0	0	0	0	0	0	0	0	0	0	0	0	0	0	0	0	0	0	0	0	0	0	0	0	0	0	0.01533	0	0	0	0	0	0	0	0	0	0	0	0	0	0	0.02337	0
GGB12985_SGB20152	0	0	0	0	0	0	0	0	0	0	0	0	0	0	0	0	0	0	0	0	0	0	0	0	0	0	0	0	0	0	0	0	0	0	0	0	0	0	0	0	0	0	0	0	0	0	0	0	0	0	0	0	0	0	0	0	0	0	0	0	0	0.17645	0	0	0	0	0	0	0	0	0	0	0	0	0	0	0
Bacteroides_stercorirosoris	0	0	0	0	0	0	0	0	0	0	0	0	0	0	0	0	0	0	0	0	0	0	0	0	0	0	0	0	0	0	0	0	0	0	0	0	0	0	0	0	0	0	0	0	0	0	0	0	0	0	0	0	0	0	0	0	0	0	0	0	0	0.12771	0	0	0	0	0	0	0	0	0	0	0	0	0	0	0
Clostridiales_unclassified_SGB15150	0	0	0	0	0	0	0	0	0	0	0	0	0	0	0	0	0	0	0	0	0	0	0	0	0	0	0	0	0	0	0	0	0	0	0	0	0	0	0	0	0	0	0	0	0	0	0	0	0	0	0	0	0	0	0	0	0	0	0	0	0	0.08017	0	0	0	0	0	0	0	0	0	0	0	0	0	0	0
GGB4584_SGB6338	0	0	0	0	0	0	0	0	0	0	0	0	0	0	0	0	0	0	0	0	0	0	0	0	0	0	0	0	0	0	0	0	0	0	0	0	0	0	0	0	0	0	0	0	0	0	0	0	0	0	0	0	0	0	0	0	0	0	0	0	0	0.03938	0	0	0	0	0	0	0	0	0	0	0	0	0	0	0
GGB9568_SGB14980	0	0	0	0	0	0	0	0	0	0	0	0	0	0	0	0	0	0	0	0	0	0	0	0	0	0	0	0	0	0	0	0	0	0	0	0	0	0	0	0	0	0	0	0	0	0	0	0	0	0	0	0	0	0	0	0	0	0	0	0	0	0.01604	0	0	0.00501	0	0	0	0	0.04888	0	0	0	0	0	0	0
GGB9239_SGB14181	0	0	0	0	0	0	0	0	0	0	0	0	0	0	0	0	0	0	0	0	0	0	0	0	0	0	0	0	0	0	0	0	0	0	0	0	0	0	0	0	0	0	0	0	0	0	0	0	0	0	0	0	0	0	0	0	0	0	0	0	0	0.00438	0	0	0	0	0	0	0	0	0	0	0	0	0	0	0
Clostridia_bacterium_UC5_1_1E11	0	0	0	0	0	0	0	0	0	0	0	0	0	0	0	0	0	0	0	0	0	0	0	0	0	0	0	0	0	0	0	0	0	0	0	0	0	0	0	0	0	0	0	0	0	0	0	0	0	0	0	0	0	0	0	0	0	0	0	0	0	0.00241	0	0	0	0	0	0	0	0	0	0	0	0	0	0	0
Eubacterium_sp_AF15_50	0	0	0	0	0	0	0	0	0	0	0	0	0	0	0	0	0	0	0	0	0	0	0	0	0	0	0	0	0	0	0	0	0	0	0	0	0	0	0	0	0	0	0	0	0	0	0	0	0	0	0	0	0	0	0	0	0	0	0	0	0	0	0.01565	0	0	0.00525	0	0	0	0	0	0	0.18587	0	0	0	0
Coriobacteriia_bacterium	0	0	0	0	0	0	0	0	0	0	0	0	0	0	0	0	0	0	0	0	0	0	0	0	0	0	0	0	0	0	0	0	0	0	0	0	0	0	0	0	0	0	0	0	0	0	0	0	0	0	0	0	0	0	0	0	0	0	0	0	0	0	0.01183	0	0	0	0	0	0	0	0	0	0	0	0	0	0
GGB51959_SGB72479	0	0	0	0	0	0	0	0	0	0	0	0	0	0	0	0	0	0	0	0	0	0	0	0	0	0	0	0	0	0	0	0	0	0	0	0	0	0	0	0	0	0	0	0	0	0	0	0	0	0	0	0	0	0	0	0	0	0	0	0	0	0	0.0034	0	0.00045	0	0	0	0	0	0	0	0	0	0	0	0
Kluyvera_cryocrescens	0	0	0	0	0	0	0	0	0	0	0	0	0	0	0	0	0	0	0	0	0	0	0	0	0	0	0	0	0	0	0	0	0	0	0	0	0	0	0	0	0	0	0	0	0	0	0	0	0	0	0	0	0	0	0	0	0	0	0	0	0	0	0	0	0.04018	0	0	0	0	0	0	0	0	0	0	0	0
Acinetobacter_soli	0	0	0	0	0	0	0	0	0	0	0	0	0	0	0	0	0	0	0	0	0	0	0	0	0	0	0	0	0	0	0	0	0	0	0	0	0	0	0	0	0	0	0	0	0	0	0	0	0	0	0	0	0	0	0	0	0	0	0	0	0	0	0	0	0.01291	0	0	0	0	0	0	0	0	0	0	0	0
Klebsiella_sp_WP3_S18_ESBL_05	0	0	0	0	0	0	0	0	0	0	0	0	0	0	0	0	0	0	0	0	0	0	0	0	0	0	0	0	0	0	0	0	0	0	0	0	0	0	0	0	0	0	0	0	0	0	0	0	0	0	0	0	0	0	0	0	0	0	0	0	0	0	0	0	0.00788	0	0	0	0	0	0	0	0	0	0	0	0
Opitutales_bacterium	0	0	0	0	0	0	0	0	0	0	0	0	0	0	0	0	0	0	0	0	0	0	0	0	0	0	0	0	0	0	0	0	0	0	0	0	0	0	0	0	0	0	0	0	0	0	0	0	0	0	0	0	0	0	0	0	0	0	0	0	0	0	0	0	0	0.16211	0	0	0	0	0	0	0.30844	0	0	0	0
GGB9618_SGB15064	0	0	0	0	0	0	0	0	0	0	0	0	0	0	0	0	0	0	0	0	0	0	0	0	0	0	0	0	0	0	0	0	0	0	0	0	0	0	0	0	0	0	0	0	0	0	0	0	0	0	0	0	0	0	0	0	0	0	0	0	0	0	0	0	0	0.04434	0	0	0	0	0	0	0	0	0	0	0
Lactococcus_lactis	0	0	0	0	0	0	0	0	0	0	0	0	0	0	0	0	0	0	0	0	0	0	0	0	0	0	0	0	0	0	0	0	0	0	0	0	0	0	0	0	0	0	0	0	0	0	0	0	0	0	0	0	0	0	0	0	0	0	0	0	0	0	0	0	0	0.0014	0	0	0	0	0.14417	0	0	0	0	0	0
Collinsella_intestinalis	0	0	0	0	0	0	0	0	0	0	0	0	0	0	0	0	0	0	0	0	0	0	0	0	0	0	0	0	0	0	0	0	0	0	0	0	0	0	0	0	0	0	0	0	0	0	0	0	0	0	0	0	0	0	0	0	0	0	0	0	0	0	0	0	0	0	0.11235	0	0.17222	0	0	0	0	0	0.133	0	0
Dialister_succinatiphilus	0	0	0	0	0	0	0	0	0	0	0	0	0	0	0	0	0	0	0	0	0	0	0	0	0	0	0	0	0	0	0	0	0	0	0	0	0	0	0	0	0	0	0	0	0	0	0	0	0	0	0	0	0	0	0	0	0	0	0	0	0	0	0	0	0	0	0	1.85047	0	0	0	0	0	0	0	0	0
GGB3139_SGB4152	0	0	0	0	0	0	0	0	0	0	0	0	0	0	0	0	0	0	0	0	0	0	0	0	0	0	0	0	0	0	0	0	0	0	0	0	0	0	0	0	0	0	0	0	0	0	0	0	0	0	0	0	0	0	0	0	0	0	0	0	0	0	0	0	0	0	0	0.092	0	0	0	0	0	0	0	0	0
GGB6021_SGB8655	0	0	0	0	0	0	0	0	0	0	0	0	0	0	0	0	0	0	0	0	0	0	0	0	0	0	0	0	0	0	0	0	0	0	0	0	0	0	0	0	0	0	0	0	0	0	0	0	0	0	0	0	0	0	0	0	0	0	0	0	0	0	0	0	0	0	0	0	0	5.76665	0	0	0	0	0	0	0
GGB3733_SGB5066	0	0	0	0	0	0	0	0	0	0	0	0	0	0	0	0	0	0	0	0	0	0	0	0	0	0	0	0	0	0	0	0	0	0	0	0	0	0	0	0	0	0	0	0	0	0	0	0	0	0	0	0	0	0	0	0	0	0	0	0	0	0	0	0	0	0	0	0	0	1.91519	0	0	0	0	0	0	0
Coprococcus_sp_OM04_5BH	0	0	0	0	0	0	0	0	0	0	0	0	0	0	0	0	0	0	0	0	0	0	0	0	0	0	0	0	0	0	0	0	0	0	0	0	0	0	0	0	0	0	0	0	0	0	0	0	0	0	0	0	0	0	0	0	0	0	0	0	0	0	0	0	0	0	0	0	0	0.16042	0	0	0	0	0	0	0
GGB9640_SGB15115	0	0	0	0	0	0	0	0	0	0	0	0	0	0	0	0	0	0	0	0	0	0	0	0	0	0	0	0	0	0	0	0	0	0	0	0	0	0	0	0	0	0	0	0	0	0	0	0	0	0	0	0	0	0	0	0	0	0	0	0	0	0	0	0	0	0	0	0	0	0.02339	0	0	0	0	0	0	0
Methanobacteriaceae_archaeon	0	0	0	0	0	0	0	0	0	0	0	0	0	0	0	0	0	0	0	0	0	0	0	0	0	0	0	0	0	0	0	0	0	0	0	0	0	0	0	0	0	0	0	0	0	0	0	0	0	0	0	0	0	0	0	0	0	0	0	0	0	0	0	0	0	0	0	0	0	0.00651	0	0	0	0	0	0	0
Lachnospiraceae_bacterium_OF09_6	0	0	0	0	0	0	0	0	0	0	0	0	0	0	0	0	0	0	0	0	0	0	0	0	0	0	0	0	0	0	0	0	0	0	0	0	0	0	0	0	0	0	0	0	0	0	0	0	0	0	0	0	0	0	0	0	0	0	0	0	0	0	0	0	0	0	0	0	0	0.00216	0	0	0	0	0	0	0
Bacteroidales_bacterium_Oil_RF_744_WCA_WT_10	0	0	0	0	0	0	0	0	0	0	0	0	0	0	0	0	0	0	0	0	0	0	0	0	0	0	0	0	0	0	0	0	0	0	0	0	0	0	0	0	0	0	0	0	0	0	0	0	0	0	0	0	0	0	0	0	0	0	0	0	0	0	0	0	0	0	0	0	0	0	0.0476	0	0	0	0	0	0
GGB1420_SGB1957	0	0	0	0	0	0	0	0	0	0	0	0	0	0	0	0	0	0	0	0	0	0	0	0	0	0	0	0	0	0	0	0	0	0	0	0	0	0	0	0	0	0	0	0	0	0	0	0	0	0	0	0	0	0	0	0	0	0	0	0	0	0	0	0	0	0	0	0	0	0	0	0.02698	0	0	0	0	0
Desulfovibrio_fairfieldensis	0	0	0	0	0	0	0	0	0	0	0	0	0	0	0	0	0	0	0	0	0	0	0	0	0	0	0	0	0	0	0	0	0	0	0	0	0	0	0	0	0	0	0	0	0	0	0	0	0	0	0	0	0	0	0	0	0	0	0	0	0	0	0	0	0	0	0	0	0	0	0	0.0267	0.02244	0	0	0	0
Christensenellaceae_bacterium_NSJ_44	0	0	0	0	0	0	0	0	0	0	0	0	0	0	0	0	0	0	0	0	0	0	0	0	0	0	0	0	0	0	0	0	0	0	0	0	0	0	0	0	0	0	0	0	0	0	0	0	0	0	0	0	0	0	0	0	0	0	0	0	0	0	0	0	0	0	0	0	0	0	0	0.01224	0	0	0	0	0
Clostridia_unclassified_SGB14951	0	0	0	0	0	0	0	0	0	0	0	0	0	0	0	0	0	0	0	0	0	0	0	0	0	0	0	0	0	0	0	0	0	0	0	0	0	0	0	0	0	0	0	0	0	0	0	0	0	0	0	0	0	0	0	0	0	0	0	0	0	0	0	0	0	0	0	0	0	0	0	0.0041	0	0	0	0	0
GGB9045_SGB13947	0	0	0	0	0	0	0	0	0	0	0	0	0	0	0	0	0	0	0	0	0	0	0	0	0	0	0	0	0	0	0	0	0	0	0	0	0	0	0	0	0	0	0	0	0	0	0	0	0	0	0	0	0	0	0	0	0	0	0	0	0	0	0	0	0	0	0	0	0	0	0	0	1.1947	0	0	0	0
Duodenibacillus_massiliensis	0	0	0	0	0	0	0	0	0	0	0	0	0	0	0	0	0	0	0	0	0	0	0	0	0	0	0	0	0	0	0	0	0	0	0	0	0	0	0	0	0	0	0	0	0	0	0	0	0	0	0	0	0	0	0	0	0	0	0	0	0	0	0	0	0	0	0	0	0	0	0	0	0.92202	0	0	0	0
Bacilli_unclassified_SGB6487	0	0	0	0	0	0	0	0	0	0	0	0	0	0	0	0	0	0	0	0	0	0	0	0	0	0	0	0	0	0	0	0	0	0	0	0	0	0	0	0	0	0	0	0	0	0	0	0	0	0	0	0	0	0	0	0	0	0	0	0	0	0	0	0	0	0	0	0	0	0	0	0	0.66118	0	0	0	0
GGB3185_SGB4208	0	0	0	0	0	0	0	0	0	0	0	0	0	0	0	0	0	0	0	0	0	0	0	0	0	0	0	0	0	0	0	0	0	0	0	0	0	0	0	0	0	0	0	0	0	0	0	0	0	0	0	0	0	0	0	0	0	0	0	0	0	0	0	0	0	0	0	0	0	0	0	0	0.44909	0	0	0	0
GGB6601_SGB9333	0	0	0	0	0	0	0	0	0	0	0	0	0	0	0	0	0	0	0	0	0	0	0	0	0	0	0	0	0	0	0	0	0	0	0	0	0	0	0	0	0	0	0	0	0	0	0	0	0	0	0	0	0	0	0	0	0	0	0	0	0	0	0	0	0	0	0	0	0	0	0	0	0.20037	0	0	0	0
GGB1691_SGB2323	0	0	0	0	0	0	0	0	0	0	0	0	0	0	0	0	0	0	0	0	0	0	0	0	0	0	0	0	0	0	0	0	0	0	0	0	0	0	0	0	0	0	0	0	0	0	0	0	0	0	0	0	0	0	0	0	0	0	0	0	0	0	0	0	0	0	0	0	0	0	0	0	0.18704	0	0	0	0
GGB9176_SGB14114	0	0	0	0	0	0	0	0	0	0	0	0	0	0	0	0	0	0	0	0	0	0	0	0	0	0	0	0	0	0	0	0	0	0	0	0	0	0	0	0	0	0	0	0	0	0	0	0	0	0	0	0	0	0	0	0	0	0	0	0	0	0	0	0	0	0	0	0	0	0	0	0	0.18531	0	0	0	0
Clostridia_unclassified_SGB3983	0	0	0	0	0	0	0	0	0	0	0	0	0	0	0	0	0	0	0	0	0	0	0	0	0	0	0	0	0	0	0	0	0	0	0	0	0	0	0	0	0	0	0	0	0	0	0	0	0	0	0	0	0	0	0	0	0	0	0	0	0	0	0	0	0	0	0	0	0	0	0	0	0.07542	0	0	0	0
GGB4700_SGB6506	0	0	0	0	0	0	0	0	0	0	0	0	0	0	0	0	0	0	0	0	0	0	0	0	0	0	0	0	0	0	0	0	0	0	0	0	0	0	0	0	0	0	0	0	0	0	0	0	0	0	0	0	0	0	0	0	0	0	0	0	0	0	0	0	0	0	0	0	0	0	0	0	0.03698	0	0	0	0
Firmicutes_bacterium	0	0	0	0	0	0	0	0	0	0	0	0	0	0	0	0	0	0	0	0	0	0	0	0	0	0	0	0	0	0	0	0	0	0	0	0	0	0	0	0	0	0	0	0	0	0	0	0	0	0	0	0	0	0	0	0	0	0	0	0	0	0	0	0	0	0	0	0	0	0	0	0	0.02418	0	0	0	0
GGB9186_SGB14125	0	0	0	0	0	0	0	0	0	0	0	0	0	0	0	0	0	0	0	0	0	0	0	0	0	0	0	0	0	0	0	0	0	0	0	0	0	0	0	0	0	0	0	0	0	0	0	0	0	0	0	0	0	0	0	0	0	0	0	0	0	0	0	0	0	0	0	0	0	0	0	0	0.01844	0	0	0	0
GGB9634_SGB15097	0	0	0	0	0	0	0	0	0	0	0	0	0	0	0	0	0	0	0	0	0	0	0	0	0	0	0	0	0	0	0	0	0	0	0	0	0	0	0	0	0	0	0	0	0	0	0	0	0	0	0	0	0	0	0	0	0	0	0	0	0	0	0	0	0	0	0	0	0	0	0	0	0.01516	0	0	0	0
Parvimonas_micra	0	0	0	0	0	0	0	0	0	0	0	0	0	0	0	0	0	0	0	0	0	0	0	0	0	0	0	0	0	0	0	0	0	0	0	0	0	0	0	0	0	0	0	0	0	0	0	0	0	0	0	0	0	0	0	0	0	0	0	0	0	0	0	0	0	0	0	0	0	0	0	0	0.01142	0	0	0	0
GGB9101_SGB14033	0	0	0	0	0	0	0	0	0	0	0	0	0	0	0	0	0	0	0	0	0	0	0	0	0	0	0	0	0	0	0	0	0	0	0	0	0	0	0	0	0	0	0	0	0	0	0	0	0	0	0	0	0	0	0	0	0	0	0	0	0	0	0	0	0	0	0	0	0	0	0	0	0.00652	0	0	0	0
Cloacibacillus_porcorum	0	0	0	0	0	0	0	0	0	0	0	0	0	0	0	0	0	0	0	0	0	0	0	0	0	0	0	0	0	0	0	0	0	0	0	0	0	0	0	0	0	0	0	0	0	0	0	0	0	0	0	0	0	0	0	0	0	0	0	0	0	0	0	0	0	0	0	0	0	0	0	0	0.0011	0	0	0	0
GGB3003_SGB3994	0	0	0	0	0	0	0	0	0	0	0	0	0	0	0	0	0	0	0	0	0	0	0	0	0	0	0	0	0	0	0	0	0	0	0	0	0	0	0	0	0	0	0	0	0	0	0	0	0	0	0	0	0	0	0	0	0	0	0	0	0	0	0	0	0	0	0	0	0	0	0	0	0.0011	0	0	0	0
GGB6574_SGB9290	0	0	0	0	0	0	0	0	0	0	0	0	0	0	0	0	0	0	0	0	0	0	0	0	0	0	0	0	0	0	0	0	0	0	0	0	0	0	0	0	0	0	0	0	0	0	0	0	0	0	0	0	0	0	0	0	0	0	0	0	0	0	0	0	0	0	0	0	0	0	0	0	0	0.50638	0	0	0
Acidaminococcaceae_unclassified_SGB5785	0	0	0	0	0	0	0	0	0	0	0	0	0	0	0	0	0	0	0	0	0	0	0	0	0	0	0	0	0	0	0	0	0	0	0	0	0	0	0	0	0	0	0	0	0	0	0	0	0	0	0	0	0	0	0	0	0	0	0	0	0	0	0	0	0	0	0	0	0	0	0	0	0	0.16352	0	0	0
Bacilli_unclassified_SGB6540	0	0	0	0	0	0	0	0	0	0	0	0	0	0	0	0	0	0	0	0	0	0	0	0	0	0	0	0	0	0	0	0	0	0	0	0	0	0	0	0	0	0	0	0	0	0	0	0	0	0	0	0	0	0	0	0	0	0	0	0	0	0	0	0	0	0	0	0	0	0	0	0	0	0.1481	0	0	0
GGB9635_SGB15104	0	0	0	0	0	0	0	0	0	0	0	0	0	0	0	0	0	0	0	0	0	0	0	0	0	0	0	0	0	0	0	0	0	0	0	0	0	0	0	0	0	0	0	0	0	0	0	0	0	0	0	0	0	0	0	0	0	0	0	0	0	0	0	0	0	0	0	0	0	0	0	0	0	0.02306	0	0	0
Prevotellaceae_unclassified_SGB1688	0	0	0	0	0	0	0	0	0	0	0	0	0	0	0	0	0	0	0	0	0	0	0	0	0	0	0	0	0	0	0	0	0	0	0	0	0	0	0	0	0	0	0	0	0	0	0	0	0	0	0	0	0	0	0	0	0	0	0	0	0	0	0	0	0	0	0	0	0	0	0	0	0	0	20.86494	0	0
Candidatus_Allochristensenella_caecavium	0	0	0	0	0	0	0	0	0	0	0	0	0	0	0	0	0	0	0	0	0	0	0	0	0	0	0	0	0	0	0	0	0	0	0	0	0	0	0	0	0	0	0	0	0	0	0	0	0	0	0	0	0	0	0	0	0	0	0	0	0	0	0	0	0	0	0	0	0	0	0	0	0	0	0.0037	0	0
Haemophilus_sputorum	0	0	0	0	0	0	0	0	0	0	0	0	0	0	0	0	0	0	0	0	0	0	0	0	0	0	0	0	0	0	0	0	0	0	0	0	0	0	0	0	0	0	0	0	0	0	0	0	0	0	0	0	0	0	0	0	0	0	0	0	0	0	0	0	0	0	0	0	0	0	0	0	0	0	0	0.09655	0
Clostridiales_bacterium_Marseille_P5551	0	0	0	0	0	0	0	0	0	0	0	0	0	0	0	0	0	0	0	0	0	0	0	0	0	0	0	0	0	0	0	0	0	0	0	0	0	0	0	0	0	0	0	0	0	0	0	0	0	0	0	0	0	0	0	0	0	0	0	0	0	0	0	0	0	0	0	0	0	0	0	0	0	0	0	0.06909	0
Stomatobaculum_longum	0	0	0	0	0	0	0	0	0	0	0	0	0	0	0	0	0	0	0	0	0	0	0	0	0	0	0	0	0	0	0	0	0	0	0	0	0	0	0	0	0	0	0	0	0	0	0	0	0	0	0	0	0	0	0	0	0	0	0	0	0	0	0	0	0	0	0	0	0	0	0	0	0	0	0	0.04443	0
Campylobacter_concisus	0	0	0	0	0	0	0	0	0	0	0	0	0	0	0	0	0	0	0	0	0	0	0	0	0	0	0	0	0	0	0	0	0	0	0	0	0	0	0	0	0	0	0	0	0	0	0	0	0	0	0	0	0	0	0	0	0	0	0	0	0	0	0	0	0	0	0	0	0	0	0	0	0	0	0	0.04352	0
Morganella_morganii	0	0	0	0	0	0	0	0	0	0	0	0	0	0	0	0	0	0	0	0	0	0	0	0	0	0	0	0	0	0	0	0	0	0	0	0	0	0	0	0	0	0	0	0	0	0	0	0	0	0	0	0	0	0	0	0	0	0	0	0	0	0	0	0	0	0	0	0	0	0	0	0	0	0	0	0.03674	0
Lautropia_mirabilis	0	0	0	0	0	0	0	0	0	0	0	0	0	0	0	0	0	0	0	0	0	0	0	0	0	0	0	0	0	0	0	0	0	0	0	0	0	0	0	0	0	0	0	0	0	0	0	0	0	0	0	0	0	0	0	0	0	0	0	0	0	0	0	0	0	0	0	0	0	0	0	0	0	0	0	0.03607	0
Aggregatibacter_sp_oral_taxon_458	0	0	0	0	0	0	0	0	0	0	0	0	0	0	0	0	0	0	0	0	0	0	0	0	0	0	0	0	0	0	0	0	0	0	0	0	0	0	0	0	0	0	0	0	0	0	0	0	0	0	0	0	0	0	0	0	0	0	0	0	0	0	0	0	0	0	0	0	0	0	0	0	0	0	0	0.03339	0
Haemophilus_haemolyticus	0	0	0	0	0	0	0	0	0	0	0	0	0	0	0	0	0	0	0	0	0	0	0	0	0	0	0	0	0	0	0	0	0	0	0	0	0	0	0	0	0	0	0	0	0	0	0	0	0	0	0	0	0	0	0	0	0	0	0	0	0	0	0	0	0	0	0	0	0	0	0	0	0	0	0	0.02176	0
Fusobacterium_pseudoperiodonticum	0	0	0	0	0	0	0	0	0	0	0	0	0	0	0	0	0	0	0	0	0	0	0	0	0	0	0	0	0	0	0	0	0	0	0	0	0	0	0	0	0	0	0	0	0	0	0	0	0	0	0	0	0	0	0	0	0	0	0	0	0	0	0	0	0	0	0	0	0	0	0	0	0	0	0	0.02131	0
GGB4395_SGB6050	0	0	0	0	0	0	0	0	0	0	0	0	0	0	0	0	0	0	0	0	0	0	0	0	0	0	0	0	0	0	0	0	0	0	0	0	0	0	0	0	0	0	0	0	0	0	0	0	0	0	0	0	0	0	0	0	0	0	0	0	0	0	0	0	0	0	0	0	0	0	0	0	0	0	0	0.01825	0
GGB12785_SGB19825	0	0	0	0	0	0	0	0	0	0	0	0	0	0	0	0	0	0	0	0	0	0	0	0	0	0	0	0	0	0	0	0	0	0	0	0	0	0	0	0	0	0	0	0	0	0	0	0	0	0	0	0	0	0	0	0	0	0	0	0	0	0	0	0	0	0	0	0	0	0	0	0	0	0	0	0.01763	0
Lachnospiraceae_bacterium_oral_taxon_096	0	0	0	0	0	0	0	0	0	0	0	0	0	0	0	0	0	0	0	0	0	0	0	0	0	0	0	0	0	0	0	0	0	0	0	0	0	0	0	0	0	0	0	0	0	0	0	0	0	0	0	0	0	0	0	0	0	0	0	0	0	0	0	0	0	0	0	0	0	0	0	0	0	0	0	0.01511	0
Actinobaculum_sp_oral_taxon_183	0	0	0	0	0	0	0	0	0	0	0	0	0	0	0	0	0	0	0	0	0	0	0	0	0	0	0	0	0	0	0	0	0	0	0	0	0	0	0	0	0	0	0	0	0	0	0	0	0	0	0	0	0	0	0	0	0	0	0	0	0	0	0	0	0	0	0	0	0	0	0	0	0	0	0	0.00966	0
Lachnoanaerobaculum_orale	0	0	0	0	0	0	0	0	0	0	0	0	0	0	0	0	0	0	0	0	0	0	0	0	0	0	0	0	0	0	0	0	0	0	0	0	0	0	0	0	0	0	0	0	0	0	0	0	0	0	0	0	0	0	0	0	0	0	0	0	0	0	0	0	0	0	0	0	0	0	0	0	0	0	0	0.00831	0
Peptostreptococcus_SGB749	0	0	0	0	0	0	0	0	0	0	0	0	0	0	0	0	0	0	0	0	0	0	0	0	0	0	0	0	0	0	0	0	0	0	0	0	0	0	0	0	0	0	0	0	0	0	0	0	0	0	0	0	0	0	0	0	0	0	0	0	0	0	0	0	0	0	0	0	0	0	0	0	0	0	0	0.0081	0
Neisseria_sicca	0	0	0	0	0	0	0	0	0	0	0	0	0	0	0	0	0	0	0	0	0	0	0	0	0	0	0	0	0	0	0	0	0	0	0	0	0	0	0	0	0	0	0	0	0	0	0	0	0	0	0	0	0	0	0	0	0	0	0	0	0	0	0	0	0	0	0	0	0	0	0	0	0	0	0	0.00515	0
Lachnoanaerobaculum_sp_ICM7	0	0	0	0	0	0	0	0	0	0	0	0	0	0	0	0	0	0	0	0	0	0	0	0	0	0	0	0	0	0	0	0	0	0	0	0	0	0	0	0	0	0	0	0	0	0	0	0	0	0	0	0	0	0	0	0	0	0	0	0	0	0	0	0	0	0	0	0	0	0	0	0	0	0	0	0.00475	0
Urmitella_timonensis	0	0	0	0	0	0	0	0	0	0	0	0	0	0	0	0	0	0	0	0	0	0	0	0	0	0	0	0	0	0	0	0	0	0	0	0	0	0	0	0	0	0	0	0	0	0	0	0	0	0	0	0	0	0	0	0	0	0	0	0	0	0	0	0	0	0	0	0	0	0	0	0	0	0	0	0.00303	0
Gemella_sanguinis	0	0	0	0	0	0	0	0	0	0	0	0	0	0	0	0	0	0	0	0	0	0	0	0	0	0	0	0	0	0	0	0	0	0	0	0	0	0	0	0	0	0	0	0	0	0	0	0	0	0	0	0	0	0	0	0	0	0	0	0	0	0	0	0	0	0	0	0	0	0	0	0	0	0	0	0.00094	0
Mitsuokella_jalaludinii	0	0	0	0	0	0	0	0	0	0	0	0	0	0	0	0	0	0	0	0	0	0	0	0	0	0	0	0	0	0	0	0	0	0	0	0	0	0	0	0	0	0	0	0	0	0	0	0	0	0	0	0	0	0	0	0	0	0	0	0	0	0	0	0	0	0	0	0	0	0	0	0	0	0	0	0	0.84011
GGB4482_SGB6177	0	0	0	0	0	0	0	0	0	0	0	0	0	0	0	0	0	0	0	0	0	0	0	0	0	0	0	0	0	0	0	0	0	0	0	0	0	0	0	0	0	0	0	0	0	0	0	0	0	0	0	0	0	0	0	0	0	0	0	0	0	0	0	0	0	0	0	0	0	0	0	0	0	0	0	0	0.01178
