name	A1	A10	A11	A14	A20	A22	A23	A24	A25	A26	A27	A29	A30	A31	A34	A35	A36	A38	A4	A41	A47	A51	A54	A55	A58	A60	A61	A62	A66	A68	A69	A71	A76	A78	A80	DP1	DP13	DP18	DP2	DP24	DP26	DP27	DP28	DP3	DP33	DP34	DP35	DP36	DP40	DP41	DP43	DP44	DP45	DP46	DP47	DP49	DP52	DP55	DP57	DP60	DP64	DP65	DP67	DP69	DP72	DP73	DP75	DP77	DP8	DP9
Phocaeicola_vulgatus	19.979842	0.030887	4.216773	0.55918	3.761319	0	6.91845	0.420913	12.747841	0.947629	2.585823	1.96937	20.990433	20.894339	1.10296	11.973424	14.92502	5.534426	0.308017	0.388929	1.469617	1.204209	0.042526	6.701838	0.982534	0.225869	18.641325	42.463403	9.594508	5.167701	6.463461	0	21.158322	0.00866	0	0	0	14.412474	0	0.358079	0.009197	0	0	58.543445	1.259019	14.371698	0	0.509477	0	0	56.965697	0	1.229437	70.065523	37.104873	0	9.740862	0	7.845534	0.02022	45.376273	7.362997	0	0	0	0	0.194603	16.932381	2.573958	0
Lachnospira_pectinoschiza	9.490325	1.879319	0.012313	0	0.008123	0	1.259791	0.108329	0	0.005531	0	0.781265	0	3.016441	2.108753	4.26936	1.822844	0.487563	0	0.48343	1.680249	0	0	0.034445	0.017293	0.433901	0	0	0	0	0.294486	0	0	0	0	0	0	0	0	0	0	0	0	0	0	0	0	0	0	0	0	0	0	0	0	0	0	0	0	0	0	0	0	0	0	0	0	0	0	0
Lachnospiraceae_bacterium_OF27_8pH9A	8.550763	0	0.29592	0	0	0	0	0	0	0.384302	0	0.134496	0.088948	0	1.002275	0	0	0	0	0	0	0	0.41596	0	0	0	0	0	0	0	0	5.43311	15.706648	0	0	0	0	0	0	0	0	0	0	0	0	0	0	0	0	0	0	0	0.471538	0	0	0	0	0	0	0	0	0	0	0	0	0	0	1.063497	0	0
Phocaeicola_dorei	7.586122	0	0.272767	0	0	3.707144	0	0	0	0	0	0	0	0.206463	6.094117	0	0	0	0	0.242623	0	0	1.170658	14.171158	0	0	0	0	0	0	0	17.279251	0	0	0	0	0	0	0	0	0	0	0	0	2.025631	0	0	17.15981	0	0	0	0	0	0	0	0	0	0	0	0	0	0	7.586114	0.008212	18.715558	0.122744	0	0	0.497364	0
Lachnospira_eligens	6.449982	1.739008	0	0.076546	0.102944	0.344505	3.275577	0	9.766461	4.631982	0.694554	0.019802	0	0	0.020643	0	1.088526	0	2.958571	0.161138	0.061466	1.23789	0.130706	4.584978	0.560455	0.656101	0.160737	0	0.275127	0.127382	0.427799	1.150734	11.076362	0.021817	0	0	0	1.650243	0	0	0	0	0	0	0.056345	0	0	0	0	0	0	0	0	0	0	0	0	0	1.328976	0	0	0	0	0	0	0	0	0	0	0
Faecalibacterium_prausnitzii	4.013852	0	14.181354	1.139701	1.291737	23.066638	4.477159	15.043924	4.181266	1.627024	0.724592	0.499794	0	4.936382	1.96961	1.494325	2.428076	2.40687	14.474613	16.373991	1.882515	0.310122	5.00386	0	1.018269	3.08736	7.662531	5.043273	5.68865	14.338784	3.074454	1.329116	6.863081	1.253566	1.127537	0	0	1.522418	0	0	0.007699	0	0	0	2.705188	1.800109	0	0.160146	0	0	3.294853	0	2.007109	0.244271	1.497048	0	0.14651	0	0	0	0	4.287553	0	0	0	0	0.100693	3.264914	16.545463	0
Sutterella_sp_AM11_39	3.471072	0	0	0	0	0	0	0	0	0	0	0	0	0	0	0	0	0	0	0	0	0	0	0	0	0	0	0	0	0	0	0	0	0	0	0	0.139536	0	0	0	0	0	0	0	0	0	0	0	0	0	0	0	1.170283	0	0.011023	0	0	0	0.535607	0	0	0.340043	0	0	0	0	0	0	0	0
Bacteroides_fragilis	3.364504	16.664232	0	0	0.050314	1.707736	0	0.000579	4.045444	0	0.263675	0	3.055803	3.094868	0	0.425482	1.773424	0.000972	0	0	0.512277	0.151994	0.45344	1.544929	0.080787	0.044115	0	5.562168	1.794209	0.004602	2.242736	0	2.321616	0	2.885462	0	0	0.890695	0	0	0	0	0	0	0.964628	0	0	10.403445	0	0	0	0	0.083841	0	1.93787	0	2.620018	0	0.035017	0	0	0	0.194121	0.039881	0	0	0.076445	2.230119	0	0
Agathobaculum_butyriciproducens	2.589699	0	0.507672	0.114582	0.412253	0.142967	0.244489	1.130371	0.136334	0.111439	0.056271	0.15287	0.089599	0.05096	0.989017	0.193005	0.252068	0.07772	0.908382	1.141157	0.161733	1.05554	2.103917	0.323846	0.446036	0.042554	0.036416	0	0	1.636701	0.219613	0.02666	0.169617	0.921124	1.299401	0	0	0.273477	0	0	0	0	0	0	0.013645	1.692712	0	0	0	0	0	0	0.083485	0.26383	0	0	0.038375	0	0.009033	0	0	0.035913	0.020665	0.075319	0	0	0	0	1.170074	0
Anaerostipes_hadrus	2.075523	0.282734	0.28912	0.204496	0.439481	0	0.29677	0.651954	0.49608	0.163939	0.642232	0.016103	0	0.697062	0.08819	1.807645	0	0.085391	0.881419	0.058428	0.432036	0.337608	2.796086	1.650259	0.010595	0.898014	0.005804	1.947863	1.314401	0.381132	1.418502	0.260278	1.941912	0.12533	0.670955	0	0	0	0	0	0	0	0	0	0.749176	0	0	0	0	0	0	0	0.122245	0	0	0	0	0	0	0.00143	0	0	0	0	0	0	0	0.192577	3.455105	0
Clostridium_SGB6179	1.851805	0	0	0	0	0.034826	0	0.030485	0	0	0	0	0	0	0	0	0.136578	0	0.058838	0	0	0	0.528933	0	0	0	0	0	0	0	0.263306	0	0	0	0	0	0	0	0	0	0	0	0	0	0	0	0	0	0	0	0	0	0	0	0	0	0	0	0	0	0	0	0	0	0	0	0	0	0	0
Bacteroides_uniformis	1.621977	0	0.527362	8.86725	1.254288	1.596368	0.078061	0.978892	0.331041	2.313391	0.214875	0.103614	8.060143	0	7.561402	4.731285	6.97391	0.212381	0.322667	0.298916	0.125725	6.837362	0.391105	2.784859	0.725705	2.489888	3.572848	2.513783	1.74699	1.512452	4.063287	9.068019	0.854149	0	0.37097	0	0	1.920477	0	0.013783	0	0	0	0	4.117205	0	0	0.813229	0	0	0.091687	0	8.835211	0	0	0	5.203058	0	0.874624	0	14.758569	4.834831	4.347603	0	0	0	0.079415	2.174411	4.135779	0
Mediterraneibacter_gnavus	1.61537	0.410737	0	0	0.013948	0	0	0.143912	0	0	0	0	0.167508	0.077758	0	2.303843	0.24885	0.061701	0	0	0.193408	0.778916	1.291595	4.18082	0	0	0	1.881927	0.467069	1.077602	0.001075	0.175912	0.012272	0.921235	0.096262	0	0	0	0	0	0	0	0	0	0	0	0	0	0	0	0	0	0	0	0	0	0.063591	0	1.516774	0	0	0	1.868826	0	0.203118	0.001894	5.804002	0.525542	0	0
Eubacterium_ramulus	1.593275	0	0.077513	0.099686	0.041353	0.133588	0	1.362646	0.035806	0.061237	0.149647	0.019738	0	0.02602	0.014713	0.564219	0	0.017134	0.246182	0.289867	0.087764	0.375522	1.18613	0	0.135164	0.048082	0.046405	0	0.227482	0	0.186393	0.040088	0.221544	1.413929	0	0	0	0.046735	0	0	0	0	0	0	0.357019	0	0	0	0	0	0	0	0.091926	0	0.153271	0	0.020544	0	0	0	0	0	0	0	0	0	0	0	0.289663	0
Romboutsia_timonensis	1.392435	0	0	0.09529	0	0.045981	0	0.014856	0.003329	0.006406	0.00176	0.010893	0	0	0	0.047335	0.444228	0.004062	0.12917	0	0.041636	0	1.067876	0.674763	0.006141	0.007273	0	0.194174	0	0.012536	0.086341	0.010658	0	0.004239	0.065137	0	0	0	0	0	0	0	0	0	0.036414	0	0	0	0	0	0.388577	0	0	0	0	0	0	0	0	0	0	0	0	0.015867	0	0	0	0.007592	0	0
Ruminococcus_lactaris	1.103941	0	0	0	0	0	0.239229	0	0	0.700071	0	0	0	0	0.084139	0	0	0	0.374088	0.083782	0.290389	0	0	1.831252	0	0.805649	0	0	0	0	0.191353	0	0	0	0	0	0	0	0	0	0	0	0	0	1.616976	0	0	0	0	0	0	0	0	0	0	0	0.055379	0	0.707107	0	0	0	0	0	0	0	0	0	0	0
Bacteroides_thetaiotaomicron	1.038957	0	0.017552	0.267367	0.773835	0.621498	0.219349	0.039346	0.452388	0.042444	0.399118	0.034273	2.321751	1.210341	0.547535	0.605154	0.517374	15.060417	0.085086	0.098184	0.12915	0.862799	0.207545	0	0.101644	0.008106	2.413304	1.599949	0.644891	0.151033	0.670595	3.299149	0.179152	0	0.069163	0	0	0.26959	0	0	0	0	0	0	0.124694	0	0	11.772711	0	0	0.110888	0	0.423798	0	0	0	1.107925	0	0.011611	0	0	2.025119	0	0	0	0	0.011239	4.580274	0.264037	0
Pilosibacter_fragilis	1.027678	2.901189	0.173902	0	0.176796	0	0.216473	0.034072	0	0.185985	0.018156	0.007853	0	0.073422	0.082296	0.015582	0	0.46478	0.077959	0.088197	0.105887	0.023842	0.065048	1.683565	0.106447	0.076104	0.021396	0	0.405597	0.057021	0.034154	0.134774	0.056353	0.577195	0.385233	0	0	0.023676	0	0	0	0	0	0	0.138143	0	0	0	0	0	0	0	0.007042	0	0	0	0	0	0	0	0	0	0	0	0	0	0	0	0.180278	0
Dorea_longicatena	1.006398	0	0.105157	0.392763	0.40556	0.375053	0	0.671209	0.11176	0.077865	0.090385	0.046212	0	0.130688	0.018078	0	0	0.037626	0.182531	0.509157	0.122532	0.836097	1.036322	0.194773	0.240726	0.505908	0.004815	0	0.557747	0.421927	0.276783	0.051339	0.209033	0.217755	0.256673	0	0	0.571813	0	0	0	0	0	0	0.301054	0.761607	0	0	0	0	0	0	0.02509	0	0	0	0	0	0	0.00827	0	0	0	0	0	0	0	0	0.538774	0
Clostridium_sp_AM22_11AC	0.98653	0	0.589442	0	0.105503	0	2.411543	0.355275	0	0	0.166446	0.093235	6.85878	0.761874	0.376648	0	0	0.823216	0.170185	2.910476	1.279373	0.218219	0.324493	4.920885	0.018964	0.086532	0.036632	0	0.834181	0.184086	0.199037	0.265735	0.441593	13.804133	0.226119	0	0	0	0	0	0	0	0	0	1.582731	1.919267	0	0	0	0	0	0	0.151431	0	0	0	0	0	0	0	0	0	0	0	0	0	0.025698	0	1.764338	0
Bacteroides_ovatus	0.922219	0	0.592942	0.074566	0.62343	1.628254	0.055037	0.045541	6.048735	0.089595	0.310692	0.169424	0	2.75106	1.827593	4.18389	0.833451	0	0.183552	0.149012	0.059926	0.168587	0.070094	2.522722	0.003685	0.086703	0.233074	9.370206	1.097894	0.177859	0.664503	1.09743	0.879504	0	0.421965	0	70.619749	0.458861	0	0	0	0	0	0	0.047901	0.523817	0	1.191733	0	0	0	0	0.20251	0	0	0	0	0	0	0	0	0.258475	6.911531	11.601966	0	0	0	3.263023	0.668432	0
Thomasclavelia_ramosa	0.904338	0.091958	0	0	0.011952	0.144159	0	0	0	0	0	0	0.003052	0	0	0.362501	0.038465	0	0	0	0	0	0	0.002319	0	0	0	0.374861	0.316972	0	0	0.012866	0	0	0.030952	0	1.447471	0.370328	0	0.30624	0	0	0	0.914432	0	0.095663	0	0.016249	0	0	0.083736	0	0.003807	0	0.533583	0	0	0	2.249174	0	0.403517	0.037594	0.054223	0	0.456271	0.000194	9.036259	0.148465	0.487531	0
Fusicatenibacter_saccharivorans	0.82591	0.602007	0.263063	0.271595	0.916239	1.134395	0.73998	2.563007	0.670445	0.337732	0.642218	0.229081	0	0.586122	0.09894	1.620914	0.50105	0.077717	0.169497	0.138698	0.060604	0.325976	3.501482	0.367516	0.10395	1.164765	0.11075	0	3.012775	1.266239	1.000721	0.295924	0.324739	0.776435	0.308436	0	0	0	0	0	0	0	0	0	0.80929	0	0	0	0	0	0	0	0.025241	0	0	0	0.024452	0	0	0	0	0	0	0	0	0	0.142716	0	0.224328	0
Clostridium_sp_AM33_3	0.824732	0	0	0	0.021304	0.280991	0.981512	0.138542	0	0	0.104322	0.053438	0	0	0.056318	0	0	0.080756	0.33339	0.301544	0.154507	0.019304	0.047542	0.962991	0.001437	0.016826	0.002649	0	0.033609	0.048119	0.023969	0	0.044359	1.114172	0	0	0	0	0	0	0	0	0	0	0.53717	0	0	0	0	0	0	0	0.091343	0	0	0	0	0	0	0	0	0	0	0	0	0	0	0	0.130992	0
Ruminococcus_bromii	0.806739	0	1.120725	1.937145	0	4.444701	0	4.497102	0.562861	0	0.837884	0	0	0	0	0	0	0	0	0.034793	0	0	2.962394	0.837811	0	3.218756	0.279063	0	0	0.170304	2.724423	1.103337	0	0	0	0	0	0.25763	0	0	0	0	0	0	0.330594	0	0	0	0	0	1.485869	0	7.608102	0	0	0	0.526854	0	1.053583	0.25321	0	0.664548	0	0	0	0	0.22832	0	0.277096	0
Alistipes_onderdonkii	0.797868	0	0	0.925111	2.653299	0.674708	0	0.036388	0.505985	0.132662	0	0.15231	0	0	0	0.575026	0	0	0.347742	0.083588	0.001776	0.599556	0	0	0	0.957037	5.098015	0	0.00913	0.109902	1.055405	0	0	0	0.418974	0	0	1.656387	0	0	0	0	0	0	0	0	0	0	0	0	0	0	2.264684	0.026474	0	0	0.57161	0	0.579381	0	0	0.516311	0	0	0	0	0.211289	0.022983	0	0
Blautia_wexlerae	0.789347	0.383757	0.130189	0.289792	0.87135	0.721125	0.273781	1.11663	0.248338	0.117385	0.240875	0.130694	0	0.45273	0.113583	2.569872	5.877146	0.040794	0.307702	0.845572	0.164035	1.121983	1.059219	0.618854	0.146891	1.007035	0.021217	0.894101	1.120612	1.032737	0.866792	0.174949	0.423453	0.224206	0.813094	0	0	0.221185	0	0	0	0	0	0	0.826029	0.255969	0	0	0	0	0	0	0.032336	0.42907	0	0	0.035859	0	0.003069	0.21411	0	0	0.228646	0.116161	0	0	1.669835	0.085593	1.223781	0
Clostridium_sp_AT4	0.789117	0	0	0	0.00458	0	0.367372	0	0	0	0	0	0	0.060709	0.029118	2.005655	0.291055	0	0	0.025138	0.244834	2.67068	0	1.153679	0	0	0	1.483935	0.122802	0	0	0.193124	0.047155	2.734427	0.754618	0	0	0	0	2.676638	0	0	0	0	0	0	0	0	0	0	0	0	0.013541	0	0	0	0	0	0	0	0	0	0	0	17.23487	0.045798	0.037529	0.181852	0	0
Parabacteroides_distasonis	0.783071	0	0.837819	0.174165	0.124855	0.075132	0.060581	0.02105	0.534574	0.187894	0.171674	0.45486	0.712141	0.925666	0.16378	2.603693	0.252041	0.371612	0.024879	0.034242	0.197054	0.20843	0.031396	0.156569	0.104744	0.090129	0.081348	0.933804	0.193932	0.029008	0.294959	1.313799	0.120174	0	4.724194	0	0	2.909904	0	0.023664	0	0	0	0	0	0.008088	0	12.206796	0	0	0.007308	0	0	7.812681	0	0	1.147438	0	0.661051	0.00823	4.982188	1.794414	0.305287	0	3.820845	0.015618	0.977666	0.668252	1.000673	0
Dorea_formicigenerans	0.682156	0	0.109657	0.156015	0	0.067905	0	0.313664	0.023543	0.043613	0.072378	0.018101	0	0.038148	0	0.174551	0	0.012458	0.191926	0.113432	0.04324	0.079773	0.413597	0.070533	0.246006	0.092275	0	0	0.190314	0.18154	0.207197	0	0.015298	0.045826	0.060646	0	0	0.046099	0	0	0	0	0	0	0.092798	0.066667	0	0	0	0	0	0	0.004482	0	0	0	0	0	0	0	0	0	0	0	0	0	0.01021	0	0.153426	0
Candidatus_Cibionibacter_quicibialis	0.551106	0	3.92634	0.794624	1.009315	0	0	9.750797	2.588765	2.106088	0.816553	0.048824	0	0	0	1.169522	0	0.035454	0.519076	0.2384	0	0.270715	0.736862	0	0.044023	2.267646	0.108945	0	0	3.992624	0.604282	0.055906	0	0.076214	0	0	0	0	0	0	0	0	0	0	0.56137	6.456211	0	0	0	0	0	0	0.060892	0.247799	0.239744	0	1.931099	0	0	0	0	1.859761	0	0	0	0	0	0	0.729524	0
Clostridiaceae_bacterium_Marseille_Q3526	0.530483	0	0	0	0	0	0	0	0	0	0	0	0	0	0	0	0.584746	0	0	0	0.058154	0	0	0.445932	0	0	0	0.108501	0.221199	0	0.058439	0.043493	0.00747	0.537788	0.016008	0	0	0	0	0	0	0	0	0	0	0	0	0	0	0	0	0	0	0	0	0	0	0	0	0	0	0	0	0	0	0	0	0	0	0
Lachnospiraceae_bacterium_AF58_1A	0.417164	0	0.121653	0.004677	0.100445	0	0	0.712031	0	0.150004	0.144752	0.077533	0	0	0.105188	0	0	0	0.034815	0.072018	0.04382	0	0.10318	0	0.012644	0.071167	0.08654	0	0	0.013353	0.068568	0.171294	0	0.125734	0	0	0	0	0	0	0	0	0	0	0.64579	0	0	0	0	0	0	0	0.298877	0	0	0	0	0	0	0	0	0	0	0	0	0	0	0	0.130569	0
Anaerotignum_faecicola	0.408926	0	0.324151	0	0.733209	0	0.238831	0	0	0.130661	0.041702	0.031346	0	0.196777	0	0.211401	0	0.164672	0.247071	0	0.540569	1.925325	0	0	0.242525	0.036616	0.000844	0	0.152112	0.140113	0.182577	0.202986	0.062108	0.228852	0	0	0	0	0	0	0	0	0	0	0.091032	0	0	0	0	0	0	0	0	0	0	0	0.014638	0	0	0	0	0	0	0	0	0	0	0	0.419237	0
Eubacterium_ventriosum	0.377448	3.013855	0	0.674318	0	0	0	0	0.02361	1.027547	0.188499	0	0	0	0	0	0.46955	0.509357	0	0.01474	0.126849	0.111528	1.415701	0.080238	0	0.131361	0.176984	0	0.172117	0.074682	3.520076	0.331518	0.216519	0.008489	0	0	0	0	0	0	0	0	0	0	0.173959	0.734045	0	0	0	0	0	0	0.013628	0	0	0	0.007692	0	0.019118	0	0	0	0	0	0	0	0	0	4.046747	0
Clostridium_SGB4750	0.377181	0	0.176866	0	0.034811	0	0.334307	0.136241	0.770543	0.182953	0	0	0	0.037503	0	0	0	0.018583	0.03766	0.180516	0.099675	0	1.181027	0	0.016386	0.022091	0	0	0.062483	0.010538	0.047116	0.049736	0.063231	0.045283	0.486819	0	0	0.074797	0	0	0	0	0	0	0.006073	0.052575	0	0	0	0	0	0	0.071741	0	0	0	0	0	0.021286	0	0	0	0	0	0	0	0	0	0.172104	0
Coprococcus_comes	0.376849	0	0.315614	0.146908	0.064042	0	0.216396	0.312471	0	0.167816	0	0.012915	0	0.08683	0.071901	0	0	0.094971	0.227142	0.350045	0.053567	0.113449	1.266773	0.098911	0.029982	0.066677	0.032379	0.527037	0.478591	0.450687	0.318084	0.11145	0.122621	0.243708	0.10483	0	0	0.049047	0	0	0	0	0	0	0.102829	0.01708	0	0	0	0	0	0	0.190306	0	0	0	0.033185	0	0	0	0	0	0	0	0	0	0.004756	0	0.82179	0
Simiaoa_sunii	0.362484	0	0.052278	0.04966	0	1.284195	0.018801	0.005187	0	0.406703	3.814147	0.656042	0	0	0	0	0	0	1.168852	0.316263	1.084461	0.040299	0	0	0.409731	0.00804	0	0	0.257408	0.052399	6.605702	0.020713	0	0.003846	0	0	0	0	0	0	0	0	0	0	0.004561	0.022495	0	0	0	0	0	0	0	0	0	0	0	0	0.279131	0	0	0	0	0	0	0	0	0	0	0
Hominilimicola_fabiformis	0.300759	1.35469	0.010923	0.087663	0.123057	0.177155	0.039619	0.196396	0.160505	0	0.076258	0.029319	0.019011	0.082461	0.035344	0.832157	0.189209	0.524212	0.706178	0.154477	0.014975	0.04668	0.393282	0.164344	0	0.02544	0.063591	0	0.305103	0.403861	0.207617	0.190709	0.665841	0	0.01978	0	0	0.070595	0	0	0	0	0	0	0.089708	0.03024	0	0	0	0	0.017411	0	0	0	0	0	0	0	0	0.05147	0	0	0	0	0	0	0	0.000753	0.156051	0
Blautia_massiliensis_ex_Durand_et_al_2017	0.269087	0	0.026611	0.125225	0.382152	0	0.4036	1.211872	0	0.061415	0.06687	0.002487	0	0.105448	0.035726	0.265203	0	0.115913	0.140874	0.523028	0.155794	0.101218	1.189025	0	0.08951	0.892026	0.332387	0	1.579801	0.530663	0.055013	0	0.11719	0.061457	0.200094	0	0	1.077518	0	0.068066	0	0	0	0	0.372415	0.042105	0	0	0	0	0	0	0.123255	0	0	0	0.001708	0	0	0.0677	0	0.033857	0	0.171713	0	0	0.083717	0	0	0
Faecalicatena_fissicatena	0.198912	0	0.124842	0.057527	0.317344	0	0	2.207504	0	0.12818	0.081233	0.078029	0	0.024449	0	0.41569	0	0.069451	0.278056	0.046047	0.086872	0.084035	0.862245	0.057166	0.02133	0.105943	0.068611	0	0.619879	0	0.387993	0.246431	0.211511	0.628671	0.267161	0	0	0.032698	0	0	0	0	0	0	0.063878	0.00975	0	0	0	0	0	0	0.273122	0	0	0	0	0	0	0	0	0	0	0	0	0	0	0	0	0
Dialister_invisus	0.158774	1.839301	0	0	0	5.732489	0	0.660701	0	0	0	0	0	0	1.707261	0	1.099602	0	2.588451	0	0	0	0.014708	0.001258	0.005015	2.174686	0	0	0	0	0	0	0	0	0	0	0	0	0.023274	0	0	0	0	0	0	0	0	0	0	0	0	0	0.009894	0	0	0	0	0	0	0	0	0	0	0	0	0	0	0	0	0
Neopoerus_faecalis	0.135478	0	0.005905	0	0.02814	0	0	0	0.097757	0.115972	0.000528	0.015833	0	0.29852	0.252864	0	0	0.007655	0.06119	0.002838	0.024457	0.017969	0.05005	0	0	0.015775	0	0	0	0.002068	0	0	0.069238	0.017922	0.296073	0	0	0	0	0	0	0	0	0	0	0	0	0	0	0	0	0	0	0	0	0	0	0	0	0	0	0	0	0	0	0	0	0	0.00335	0
Odoribacter_splanchnicus	0.120605	0	0.002984	0.070465	0.150434	0.09735	0	0.016922	0.292248	0.137253	0.073322	0.042997	0	0	0.129469	0	0	0	0.035947	0.016805	0.049419	0.016942	0	0	0.082319	0	0	0	0.289707	0.013373	0	0.271598	0	0	0	0	0	0	0	0	0	0	0	0	0.09024	0	0	0.597824	0	0	0	0	0	0	0	0	0.521148	0	0.513106	0	0	0.187085	0	0	0	0	0.017975	0.880818	0.181559	0
Coprococcus_catus	0.115663	0	0.070243	0.096336	0.080843	0	0.011686	0.331673	0	0.065205	0.104521	0.01743	0	0	0	0	0	0	0.252511	0.206458	0.041035	0	0.461209	0	0.085153	0.122086	0.021516	0	0	0.149373	0.232651	0	0	0.214151	0.142426	0	0	0.173799	0	0	0	0	0	0	0.118932	0.022293	0	0	0	0	0	0	0	0	0	0	0.046728	0	0	0	0	0	0	0	0	0	0	0	0.200308	0
GGB3109_SGB4121	0.105256	0.34763	0	0	0	0	0	0	0	0	0	0	0.01743	0	0	0	0	0.009399	0.019738	0	0	0.05769	0.191527	0.018859	0	0	0	0.096636	0.0269	0	0	0	0.019552	0	0	0	0	0	0	0	0	0	0	0	0	0	0	0	0	0	0	0	0	0	0.050744	0	0.082452	0	0.041674	0	0	0.017904	0	0	0	0	0.025284	0	0.215414	0
Streptococcus_salivarius	0.100947	0.099668	0.251372	0.012828	0.002908	0	0	0.051687	0.000621	0	0.009443	0.021752	0	0	0	0.001916	0.006187	0.0504	0	0.029899	0	0	0.267371	0	0	0	0	0	0.094485	0.128732	0.021136	0	0	0.026307	0.012912	0	0	0	0	0	0	0	0	0.057969	0.183655	0	0	0	0	0.043766	0.365181	0	1.02156	0	0	0	0.428805	0	1.138896	0.32096	0	0	1.111774	0.126368	0.013224	0	4.584667	0.005013	0	7.143463
Coprobacter_fastidiosus	0.099188	0	0	0.007227	0	0	0	0	0	0	0	0	0.579654	0	0.327264	0	0	0	0	0.001763	0.001963	0.991792	0	0	0	0.653383	0	0	0.043372	0	0	0	0	0	0	0	0	0	0	0	0	0	0	0	0	0	0	0	0	0	0	0	0	0	0	0	0.018651	0	0	0.19447	0	0	0	0	0	0	0	0	0	0
Clostridium_symbiosum	0.086435	0.260921	0	0	0.033836	0	0.004223	0	0	0	0.018031	0	0.823713	0.358082	0.022298	0.010977	0.025553	0.007149	0	0	0	0.006382	0	0.009135	0	0	0.003039	0.06238	0	0	0.006649	0.000819	0	0	0	0	0	0	0	0	0	0	0	0	0.012427	0	0	0	0	0	0.006691	0	0	0	0	0	0.072911	0	0.502239	0.17364	0	0.258994	0	2.788463	0.002133	0	0.015902	0.323165	0	0
Flavonifractor_plautii	0.076517	2.805177	0.023432	0	0.173246	0.222201	0.410246	0	0.755852	0.007508	0.097914	0	0.804229	0.881722	0.107775	0.510612	0.298161	0.073957	0.002496	0.0048	0.109552	0.621808	0.040398	0.326765	0.013295	0.023472	0.009417	0.91357	0.194203	0.222071	0.010675	0.258421	0.00498	0.212593	0.696597	0	0.064134	0.411498	0	0.728877	0	0	0	0	0.046435	0.485732	0	2.487992	0	0	0.087198	0	0.070615	0	0.193615	0	0.363628	0	0.005763	0	2.707563	0.872012	14.960478	0.014518	1.732745	0	0.132667	0.205908	0.207192	0
Haemophilus_parainfluenzae	0.076143	0	0	0.018261	0	0.504751	0	0.007166	0	0.191216	0	0.006885	0	0	0.002251	0	0.301314	0.021011	0.057378	0	0	0	0.125623	0	0.047705	0.032974	0	0.27783	0.10367	0	0	0.018365	0.012154	0	0.011921	0	0	0	0	0	0	0	0	0	0	0	0	0	0	0	1.051921	0	0	0	0	0	0	0	0	0	0	0	0	0	0	0	0	0	0	0
Anthropogastromicrobium_aceti	0.053652	0	0.023103	0	0.031162	0	0.067522	0.061788	0.005628	0.023503	0.141478	0.03613	0	0.084311	0.064302	0.296806	0.081134	0.111338	0.43087	0.044737	0.004163	0.085597	0.292905	0.092353	0.046904	0.532003	0.035825	0	0.830618	0.005302	0.760779	0.126706	0.484548	0.030533	0.107794	0	0	0	0	0	0	0	0	0	0.044195	0	0	0	0	0	0	0	0.028533	0	0	0	0	0	0.020932	0	0	0	0	0	0	0	0	0	0.150475	0
Blautia_obeum	0.048666	0.070153	0.101347	0.0719	0.425076	0	0.092945	0.553614	0.194355	0.000345	0.019869	0.014667	0	0	0.089963	0.998573	0	0	0.209531	0.055873	0.034422	0.008062	0.962208	0	0.039177	0.578627	0.262654	0	0.424074	0.237639	0.562961	0.08872	0.260621	0.032839	0.137338	0	0	0	0	0	0	0	0	0	0.419446	0	0	0	0	0	6.151868	0	0.033785	0	0	0	0.050595	0	0	0.00862	0	0	0	0	0	0	0	0.001294	0.062965	0
Bifidobacterium_longum	0.048619	0	0	0.009765	0	0	0.042679	0.397073	0	0	0.09434	0	0	0.121902	0	4.155144	0	0	0	0	0	0	0.027908	0	0	0.42059	0	0.35347	0.156916	0.190051	0	0	0.00959	0.24122	0.064981	0	0	0	0	0	0	0	0	0	0	0.63892	0	0	0	0.506912	0	0	0	0	0	0	0	0	0	0	0	0.016262	0.024557	0.311741	0	0.012888	0	0	0.272591	0
GGB55957_SGB77276	0.044164	0.003763	0	0	0	0	0	0	0	0	0	0	0.024075	0.016185	0.006624	0.002088	0.01642	0.003493	0	0	0	0	0	0.021486	0	0	0	0.027466	0	0	0	0	0.002591	0	0	0	0	0	0	0	0	0	0	0	0	0	0	0	0	0	0	0	0	0	0	0	0	0	0.00226	0	0	0	0	0	0	0	0	0	0	0
Eubacterium_hominis	0.044103	0	0	0	0	0	0	0	0	0	0	0	0	0	0	0	0	0.000397	0	0	0	0	0	0	0	0	0	0.306153	0	0	0	0	0.003521	0	0	0	0	0	0	0	0	0	0	0	0	0.249725	0	0	0	0	0	0	0	0	0	0	0	0	0	0	0	0	0	0	0	0	0	0	0.023459	0
Collinsella_aerofaciens	0.043724	0	0	0.095591	0	0	0	0.146221	0	0	0	0.031674	0	0	0.023936	1.681701	0	0	0.096984	0.401832	0.051995	0.050965	0.305717	0	0.072803	0.277856	0.007228	0	0	0	0.211769	0.017987	0.342973	0.328636	0	0	0	0.066494	0	0	0	0	0	0	0.152499	0.188417	0	0	0	0	0	0	0.197611	0	0	0	0	0	0	1.15818	0	0	0	0	0	0	0	0	1.029842	0
Ruminococcus_torques	0.043249	0	0.003617	0.003282	0.005637	0	0	0.186196	0	0	0.243668	0	0	0.36574	0	0.038546	0	0.034123	0.031991	0	0.077089	0.568735	0.558858	0	0	0.080622	0.000823	0	0.044489	1.145767	0	0	0	0.283511	0.039485	0	0	3.263802	0	0	0	0	0	0	0.013934	0	0	0	0	0	1.213451	0	0	1.896243	0.237762	0	2.186728	0	0.053127	0	0	0	0.10621	0	0	0	0.243284	0.017821	0	0
Escherichia_coli	0.036827	1.059928	0.059083	0	0.026555	0	0	0.133648	0.036338	0.014943	0	0	0.585142	0.007583	0	0.810886	0.090497	0.284256	0	0	0.024921	1.542852	0.088106	0.143724	0	0.026944	0	0.526247	0.042367	0.110889	0	0.055857	0	0.400889	0	0	5.321869	0.010665	26.778322	0	0	0	0	0	0	2.963118	0	0.004753	0	0	1.636552	0	0.025497	0.88392	0.223812	0	0	54.251325	2.090181	0.27536	0.718151	0.058136	1.532306	0	0.032216	0	0	2.873635	0	0
Enterocloster_clostridioformis	0.03646	0	0	0	0	0	0	0	0	0	0	0	0	0	0.01933	0.110835	0.084292	0	0	0	0	0	0	0.038319	0	0	0.002387	0.065874	0	0	0	0	0	0	0	0	0	0	0	0	0	0	0	0	0	0	0	0	0	0	0	0	0	0	0	0	0.009353	0	0	0	0	1.899724	0	0	0.017581	0	0	0	0	0
Veillonella_parvula	0.036148	0.092091	0.039745	0	0	0.022892	0	0	0.110335	0	0	0	0.082526	0.015301	0	0.005807	0.816359	0.025374	0	0	0	0	0.028953	0	0.11693	0	0	0.04013	0.00493	0.007365	0	0	0	0.122258	0	0	0	0	0	0	0	0	0	0	0	0	0.040687	0	0.209147	0.00055	0.180786	0.039606	0	3.773524	0	0	0	0	0.0018	0.19173	0.364725	0.008699	0.007883	4.766258	0	0.072788	0.012973	0.986594	0	26.054661
Vescimonas_coprocola	0.035606	0	0.175997	0.013874	0.058271	0.047534	0	0	0.031283	0.002576	0.264516	0	0	0	0	0	0	0.018687	0.177331	0.006699	0.005117	0.003058	0.022198	0	0.046479	0.012195	0.148943	0	0	0.030568	0.122458	0.094022	0	0.016001	0.039695	0	0.191183	0.030033	0	0	0	0	0	0	0.534179	0	0	0	0	0	0	0	0.005628	0	0.163197	0	0	0	0.848696	0	0	0	0	0	0	0.001736	0	0	0.348745	0
Gallintestinimicrobium_propionicum	0.034215	0	0.219509	0.123633	0.046113	0	0	3.488477	0.119131	0.015875	0.052891	0.11114	0	0	0.015679	0.008596	0	0.016268	1.061866	0.111208	0	0	0.051082	0	0.05243	0.632203	0.06699	0	0.018107	0.67052	1.362729	0.027452	0.022199	0	0	0	0	0	0	0	0	0	0	0	0.009624	0	0	0	0	0	0	0	0.241782	0	0	0	0	0	0	0	0	0	0	0	0	0	0	0	0	0
Pseudoflavonifractor_gallinarum	0.031316	0	0.00072	0	0.002788	0	0	0	0.051475	0.00526	0.035936	0	0	0	0	0.005014	0	0.01309	0.014572	0.010165	0	0.034967	0	0.009439	0	0	0	0	0	0	0.001848	0.003714	0.007819	0	0	0	0	0	0	0	0	0	0	0	0.011856	0.003502	0	0.135034	0	0	0.021011	0	0.002272	0	0	0	0	0	0	0	0	0	0	0	0	0	0	0.167078	0	0
Veillonella_tobetsuensis	0.030344	0	0	0	0	0	0	0	0	0	0	0	0	0	0	0	0.006462	0	0	0	0	0	0.006651	0	0	0	0	0.111909	0	0	0	0	0	0	0	0	0	0	0	0	0	0	0	0	0	0	0	0	0	0	0	0	0	0	0	0	0	0	0	0	0.069694	0	0	0	0	0	0	0	0	0
Anaerobutyricum_hallii	0.029175	0	0.209437	0.47898	0.439263	0	0	0.146206	0	0.059864	0.537565	0	0	0.18347	0	0	0	0.063262	0.023304	0.425921	0.00434	0.48019	0.050036	0.109947	0.155387	0.507036	0.096967	0	0.801688	0.514895	0.039849	0.065858	0.055392	0.03057	0	0	0	0	0	0	0	0	0	0	1.018719	0.358406	0	0	0	0	0	0	0.139881	0	0	0	0	0	0	0	0	0	0	0	0.009783	0	0.187762	0	0.890061	0
Bacteroides_nordii	0.027903	0	0.011681	0.00319	0.021144	0.076532	0	0	0.033734	0.006373	0.170567	0	0	0.036102	0.134164	0	0	0	0.002011	0	0	0	0.004227	0	0.01588	0	0.658866	0.00717	0	0	0.029503	0	0.019115	0	0	0	0	0	0	0	0	0	0	0	0	0	0	0	0	0	0	0	0	0	0	0	0.49888	0	0	0	0	1.448116	0	0	0	0	0	0.035594	0.488461	0
GGB9699_SGB15216	0.026482	0	0.006422	0.024904	0	0.247875	0	0	0.191903	0.103587	0.068938	0.087302	0	0.323273	0	0	0	0	0.441943	0.101075	0	0	0	0	0.023878	0.062416	0.06562	0	0.019546	0	0.049007	0	0	0	0	0	0	0.544097	0	0	0	0	0	0	1.407492	0	0	0	0	0	0	0	0.106393	0	0.639837	0	1.027994	0	0.320111	0.0672	0	0	0	0	0	0	0.00724	0	0	0
Blautia_faecis	0.022953	0.03789	0.019976	0.162153	0.19161	0.585578	0.04659	0.663843	0.023707	0.076232	0.355834	0.057888	0	0.031883	0.013535	0.124056	0.321046	0.001504	0.309986	0.391679	0.027421	0.236945	0.858947	0.178189	0.044001	0.296216	0.177967	0	0.287081	0.762488	0.322817	0.100387	0.120658	0.025467	0.061523	0	0	0	0	0	0	0	0	0.778744	0.211212	0	0	0	0	0	0	0	0.061324	0.004279	0.01759	0	0.039034	0	0.489973	0.01705	0	0	0	0	0	0	0	0.03223	0.110049	0
Dialister_pneumosintes	0.022619	0	0	0	0	0	0	0	0	0	0	0	0	0	0	0	0	0	0	0	0	0	0	0	0	0	0	0	0	0	0	0	0	0	0	0	0	0	0	0	0	0	0	0	0	0	0	0	0	0	0	0	0	0	0	0	0	0	0	0	0	0	0	0	0	0	0	0.037313	0	0
Streptococcus_mitis	0.022611	0	0	0	0	0	0	0	0	0	0	0	0	0	0	0	0	0	0	0	0	0	0.051697	0	0	0	0	0	0	0	0	0	0	0.013829	0.001374	0	0	0	0	0	0	0	0.073824	0	0	0	0	0	0.697515	0.040683	0.005954	0	0.002305	0	0	0	0	0	0	0.04744	0	0	0	0	0	0	0.011646	0	0	0
Waltera_acetigignens	0.022327	0	0.041627	0.282909	9.093164	0	0.225075	0.006864	1.723429	0.128531	0.004753	0.103631	0	0.044623	0.092413	0.436072	0.644746	0.014038	0.006007	1.180544	0.261046	0.497089	0.090794	0.72909	0.123782	0.329463	2.306376	0.085248	0.257899	0.938757	0.045692	14.68061	0.06471	0.131654	0.135606	0	0	0	0	0	0	0	0	0	0	0	0	0	0	0	0	0	0	0	0	0	0	0	0.004516	0	0	0	0	0	0	0	0	0	0.191231	0
Streptococcus_rubneri	0.020498	0	0	0	0	0	0	0	0	0	0	0	0	0	0	0.01021	0	0	0.020049	0	0	0	0.020826	0	0	0	0	0	0	0	0	0	0	0.021175	0	0	0	0	0	0	0	0	0	0	0	0	0	0	0	0	0	0	0	0	0	0	0	0	0	0	0.010267	0	0	0	0	0	0	0	0	0
Enterocloster_bolteae	0.018236	6.433888	0	0	0.116856	0.247877	0.0319	0	0	0	0.041662	0	0.293856	0.022544	0.037522	0.223014	0.252772	0.018984	0.000257	0	0.005557	0.186477	0.00091	0.046375	0.012986	0	0.037618	1.116257	0.007995	0.009611	0	0.032278	0.000642	0.00396	0.036078	0	0	0.288703	0	0	0	0	0	0	0	0	0	11.228435	0	0	0.355818	0	0.05678	0	0.099404	0	0.216202	0	3.048421	0.63711	0	0.135835	0	2.0858	0.995146	0	0.019584	0.459473	0	0
Ruthenibacterium_lactatiformans	0.013121	0.216544	0.02023	0.108603	0.074555	0.110162	0	0.012673	0.004604	0	0.087088	0	0	0.024929	0.010205	0.341371	0	0.004247	0.002154	0.021795	0	1.184855	0.07228	0.00373	0.018073	0.090533	0.108948	0.029314	0.071628	0.156665	0.030363	0	0.003344	0.009166	0.005682	0	0	2.032332	0	0	0	0	0	0	0.340813	0	0	0	0	0	0	0	0.034636	0	0.72346	0	1.548408	0	0.281241	0	0	0.085774	0.109478	0	0	0	0.115292	0.095289	0	0
Veillonella_rogosae	0.011992	0.003134	0	0	0	0	0	0	0	0.032038	0	0	0	0.001586	0	0	0	0	0	0	0	0	0	0	0	0	0	0.044779	0	0	0	0	0	0.027371	0	0	0	0	0	0	0	0	0	0	0	0	0	0	0.144287	0	0.058434	0	0	0	0	0	0	0	0	0.04967	0.011587	0	0	0	0	0	0	0	0	0
Roseburia_amylophila	0.01104	0	0.001758	0.075791	0	0	0	0	2.685513	0	0	0.032979	0	0	0	0	0	0	0	0	0	0.792567	0	0	0	0	0.224387	0	0	0	0.002947	0	0	0	0	0	0	0	0	0	0	0	0	0	0	0	0	0	0	0	0	0	0.000362	0	0	0	0	0	0	0	0	0	0	0	0	0	0	0	0.009747	0
Enterocloster_aldenensis	0.010425	1.233271	0	0	0.034295	0.059104	0	0	0.071005	0	0.020966	0	0.454098	0.017613	0	0.749857	0	0.017641	0	0	0	0.132473	0	0	0	0	0	0.292943	0	0	0	0	0	0	0.080891	0	0	0.344	1.219398	0	0	0	0	0	0	0	0	0	0	0	0	0	0.009511	0	0	0	0.07456	0	0.682885	0.64176	0	0.121664	0	0	0.32297	0	0	0.132888	0	0
Clostridiaceae_bacterium	0.009729	0	0.169145	0	0	0.016472	0	0.146309	0.010377	0	0.514118	0.002729	0	0.15501	0	0	0	0.109689	0.137918	0.114302	0.227979	1.687011	0.124398	0	0.202491	0.077	0.066442	0	0.100012	0.10991	0.137346	0	0.013977	1.072989	0	0	0	0.268937	0	0	0	0	0	0	0.014963	0	0	0	0	0	0	0	0.116988	0	0	0	0.169746	0	0.112054	0.10227	0	0	0	0.003865	0.003244	0	0.14534	0	0.062262	0
Streptococcus_australis	0.009223	0.004439	0.00321	0	0	0	0	0	0	0	0	0	0	0	0	0	0	0	0	0.001588	0	0	0.037339	0	0	0	0	0.006909	0	0.01229	0	0	0	0.004697	0	0	0	0	0	0.021622	0	0	0	0	0	0	0	0	0	0.007487	0	0	0	0	0	0	0	0	0	0	0	0	0	0.011222	0	0	0	0	0.001852	0
Streptococcus_parasanguinis	0.008925	0.033887	0.050825	0	0	0	0	0.048835	0	0	0.014102	0.011566	0	0	0	0	0.00599	0	0	0	0	0	0	0	0	0	0	0	0	0.019307	0.002853	0	0	0	0.020022	0	0	0	0	0	0	0	0	1.154487	0.117172	0	0	0	0	0	0	0	0.217567	0	0	0	0.17088	0	0.168734	0	0	0	0.03919	0	0	0.89701	0.406627	0.065656	0.144379	0
Roseburia_hominis	0.008077	0	0.075607	0	0.842557	0	0	0.203578	0	0.384667	0.190271	0.360942	0.053203	0	0.925232	0.85449	0.01553	0	0.384063	0.216506	0	0.98414	0.32941	0.025708	0.025451	0.512015	0.01409	0	0.016862	0.19005	0.501464	0.831177	0.962778	0	0	0	0	0	0	0	0	0	0	0	0	0	0	0	0	0	0	0	0.164425	0	0	0	0	0	0	0	0	0	0	0.030489	0	0	0	0	0	0
Intestinibacter_bartlettii	0.007054	0.020765	0	0.163333	0	0.11815	0	0	0	0	0.048812	0	0	0	0.0048	0	0.003939	0	0	0	0	0	0.00927	0	0.005643	0.013916	0	0	0.027943	0	0	0	0	0	0	0	0	0	0	0	0	0	0	0	0	0	0	0	0	0	0	0	0	0.234296	0	0	0	0	0.056899	0	0	0	0	0	0	0	0.015622	0	0	0
Clostridium_innocuum	0.006953	0.028946	0	0	0	0.016717	0	0	0	0	0	0	0.007251	0	0	0.018183	0.110745	0	0	0	0	0	0	0	0	0	0	0.058291	0.011126	0.034235	0	0	0	0	0.003486	0	0.441344	0.10143	0	0	0	0	0	0.569407	0	0.065887	0	0.1312	0	0	0.177271	0	0.010614	0	0	0	0.043549	0	0.112924	0.00412	0.607465	0	0.018887	0	0.525717	0.00534	5.140928	0.041599	0.071878	0
bacterium_210917_DFI_7_65	0.005457	0.300458	0.031557	0	0.090669	0	0	0	0.035042	0	0.070358	0.011234	0	0.0338	0.046795	0.048021	0	0.026988	0.021494	0.034813	0.034974	0.120798	0.018859	0.011681	0.023276	0.024798	0.03814	0	0.052065	0.024174	0.033685	0	0.001823	0.337628	0	0	0	0.037657	0	0	0	0	0	0	0.078272	0	0	0	0	0	0	0	0	0	0	0	0.003397	0	0	0	0	0.00802	0	0	0	0	0	0	0.006032	0
Eggerthella_lenta	0.004314	0.050702	0.008727	0.000531	0.012676	0.082905	0	0.019765	0.01981	0	0.075811	0	0.021872	0.0527	0	0.308254	0	0.000784	0	0	0	0.032903	0.010696	0	0	0	0	0.186084	0.348765	0.090016	0.003369	0	0	0.011324	0.016342	0	0	0.034965	0	0.017015	0	0	0	0	0	0	0	0	0	0	0	0	0.006415	0.011197	0	0	0	0	0.407505	0.48784	0	0	0.073883	0.217861	0.06691	0.003282	7.523675	0.042304	0.005488	0
Alistipes_indistinctus	0.002928	0	0.088618	0.066026	0.108911	0	0	0	0	0	0.12857	0	0	0	0.019893	0	0	0	0	0	0	0.480303	0	0	0	0.01186	0	0.0029	0	0.002292	0.025413	0.030664	0	0	0.110574	0	0.715112	0	0	0	0	0	0	0	0	0	0	0	0	0	0	0	1.200956	0	0	0	0.00164	0	0	0	0	0	0	0	0	0	0	0	0	0
Roseburia_inulinivorans	0.002249	0	2.354037	1.272625	0.083897	0	0.304348	1.023348	0.153711	0.003374	0	0.042385	0	0	0.085777	0.258886	3.671768	5.13028	2.140494	0.778715	3.036434	1.765261	0.715538	0.031839	0.523134	0.233923	0	0	1.622087	0.575562	0.044413	0.004514	0.543727	0.817369	2.860075	0	0	0.081275	0	0	0	0	0	0	0.002512	0.195013	0	0	0	0	0	0	0	0	0.009923	0	0	0	0.491503	0	0	0	0	0.51083	0	0	0.007593	0	0.650001	0
Mediterraneibacter_glycyrrhizinilyticus	0.001413	0	0.015761	0	0	0	0	0	0	0	0	0	0	0	0	0.01347	0	0	0	0	0	0.038689	0.025418	0.026667	0	0	0.012977	0	0.054446	0	0	0	0	0.018151	0.020634	0	0	0	0	0	0	0	0	0	0	0	0	0	0	0	0	0	0	0	0	0	0	0	0.126625	0	0	0	0	0.070348	0	0	1.069739	0.006946	0.000921	0
Roseburia_faecis	0	24.517432	0	0.261241	0.161319	8.621856	0.404485	0	1.817554	3.241624	0.3463	0.080481	0	0.357339	5.199576	0.017004	17.350499	2.468042	0.227479	1.885628	0.073381	0	3.632126	0	0.138923	0.264554	1.06166	0	0.352439	0	0	0.164642	0	0.411309	0	0	0	0.078232	0	0	0	0	0	0	0.479794	0	0	0	0	0	0	0	1.327368	0	0	0	0	0	0	0	0	0.121115	0	0	0	0	0	0	0.410707	0
Roseburia_intestinalis	0	9.777324	0	0	0	0	0.061575	1.017327	0	0	0	0	0	0	0.002633	0.41952	7.715429	0	0	0	0	0	7.519796	0	0	0	0	0	0.31567	2.101865	0	0	0	0	0.042687	0	0	0	0	0	0	0	0	0	0	0.047202	0	0	0	0	0	0	0.880813	0	0	0	0	0	0	0	0	0	0	0.038419	0	0	0	0	0	0
Parasutterella_SGB9260	0	3.946806	0	0	0	0	0.038947	0.167386	0.723976	0	0	0.016661	0.80711	0.406053	0.990488	0	0	0	0	0	0	0	0.024307	0	0	0	0	0	0	0	0	0.866846	0	0	2.57159	0	0	0	0	0	0	0	0	0	0	0	0	0	0	0	0	0	0	0	0	0	0	0	0	0.01772	0	0	0	0	0	0	0	0	0	0
Hungatella_hathewayi	0	2.03244	0	0	0.163353	0	0	0	0.000335	0	0.110695	0	0.108878	0.015802	0.007817	0.027576	0.046847	0.00544	0	0	0	0.00904	0	0.01398	0	0	0	0.203237	0.002048	0	0	0	0	0	0	0	0	0.31439	0	0	0	0	0	0	0	0	0	0	0	0	0.026756	0	0	0	0	0	0.019986	0	0.349541	0.0182	0	0.016837	0	0.028852	0	0	0.29627	0.058086	0	0
Jutongia_hominis	0	1.721792	0	0	0	0	0	0	0	0	0	0	0	0.115889	0	0.072087	0.260506	0	0	0	0	0	0.003698	0.557	0	0	0	0	0	0.087553	0	0	0.475704	0	0	0	0	0	0	0	0	0	0	0	0	0	0	0	0	0	0	0	0	0	0	0	0	0	0	0	0	0	0	0	0	0	0	0	0	0
Clostridium_sp_AF27_2AA	0	1.423356	0.051236	0	0	0	0	0.265797	0	0.083649	0	0	0	0.169545	0.014068	0	0	0	0	0	0.069357	0	0	0	0	0	0	0	0.865017	0.030288	0.024555	0.416959	0.470889	0.029663	0	0	0	0	0	0	0	0	0	0	0	0	0	0	0	0	0	0	0.054576	0	0	0	0	0	0	0	0	0	0	0	0	0	0	0	0	0
Eisenbergiella_massiliensis	0	1.368619	0	0.007671	0.118062	0.49524	0	0	0	0	0	0	0	0	0	0.017084	0	0	0	0	0	0	0	0	0	0	0	0	0	0	0	0	0	0	0	0	0	0	0	0	0	0	0	0	0	0	0	0	0	0	0	0	0	0	0	0	0	0	0.00038	0	0	0	0	0	0	0	0.163334	0.055358	0	0
Enterocloster_asparagiformis	0	0.699026	0	0	0	0	0	0	0	0	0.024928	0	0	0.028726	0	0	0	0.031897	0	0	0	0.013998	0	0.01657	0	0	0.008492	0	0	0	0	0	0	0	0	0	0	0	0	0	0	0	0	0	0.001232	0	0	0	0	0	0.031786	0	0.038708	0	0	0	0	0	0.070129	0.16306	0	0	0	0	0	0	0	0	0	0
Enterocloster_citroniae	0	0.376944	0.00085	0	0.026942	0.050691	0	0.004674	0	0	0.072115	0	0	0.047244	0.013489	0.142329	0.006726	0	0.006739	0	0.000244	0.070248	0.025406	0.01218	0	0	0.000727	0	0	0	0	0	0	0	0.013764	0	0	0	0	0	0	0	0	0	0	0	0	0	0	0	0	0	0	0	0.04494	0	0	0	0.056528	0.07707	0	0.038797	0	0	0.001354	0	0	0	0	0
Coprococcus_phoceensis	0	0.221457	0	0	0	0	0	0	0.156017	0	0	0	0.147472	0.10863	0	0.594335	0.643947	0.053403	0	0	0.044358	0	0	0	0	0.015545	0	0.93994	0	0	0	0	0	0	0	0	0	0	0	0	0	0	0	0	0	0.05017	0	0	0	0	0	0	0	0	0	0	0	0	0.003517	0	0	0	0	0.002582	0.012948	0	0.043901	1.073743	0	0
Blautia_stercoris	0	0.140898	0.01338	0.107595	0.467506	0	0	0	0	0	0.033083	0	0	0	0	0.513313	0	0.030888	0.140225	0	0.0585	0.023566	5.182584	0	0.125367	0.08401	0.038787	0	1.388892	0	1.784208	0.110422	0.238796	0.047511	0	0	0	0	0	0	0	0	0	0	0.01359	0	0	0	0	0	0	0	0.047547	0	0	0	0	0	0	0	0	0	0	0	0	0	0.037258	0	0.215445	0
Gemmiger_SGB72777	0	0.13449	0	0	0	0	0	0	0	0	0	0	0	0	0	0	0	0	0	0	0	0	0	0	0	0	0	0	0	0	0	0	0	0	0	0	0	0	0	0	0	0	0	0	0	0	0.082282	0	0	0	0	0	0.102439	0	0.486073	0	0	0	0	0	0	0	0	0	0	0	0	0	0	0
Veillonella_atypica	0	0.109248	0.043417	0	0	0.001489	0	0	0.01383	0	0	0	0	0	0	0	0.126137	0	0	0	0	0	0	0	0	0	0	0	0	0.03147	0	0	0	0	0	0	0	0	0	0	0	0	0	0	0.003804	0	0	0	0.028233	0	0.117382	0	0.013891	0.137844	0	0	0	0	0.023119	0	0	0	0	0	0	0	0	0.540971	0.002656	0
Longicatena_caecimuris	0	0.109042	0	0	0.012523	0	0	0	0	0	0	0	0	0	0	0	0	0	0	0	0	0	0	0	0	0	0.00465	0	0.019017	0	0	0	0	0	0	0	0	0.54046	0	0	0	0	0	0	0.050769	1.202872	0	0	0	0	0	0	0	0	0	0	0	0	0	0.01346	0	0	0.127943	0	0.400629	0.001638	0.282831	0	0	0
Faecalimonas_umbilicata	0	0.086877	0	0	0	0	0	0	0	0	0	0	0.10524	0	0	0	0.045999	0	0	0	0	0	0.080073	0.017946	0	0	0	0.13421	0	0	0	0.025923	0	0.120432	0	0	0	0	0	0	0	0	0	0.252242	0	0	0	0	0	0	0	0	0	0	0	0	0	0	0.972709	0	0	0	0	0	0	0	0	0	0	0
Parasutterella_excrementihominis	0	0.077951	0.082679	0	0.255	0.264504	0	0	0	0	0.123214	0.001292	0	0	0	0	0	0	0.311163	0.023802	0	0	0.000774	0	0	0	0.160887	0	0.583391	0	0.158316	0	0.049932	0	0	0	0	0	0	0	0	0	0	0	0.000449	0	0	0.886549	0	0	0	0	0	0	0	0	0	0	0	0	0	0.031134	0	0	0	0	0	0	0.606071	0
Clostridium_sp_1001270J_160509_D11	0	0.066859	0	0	0	0.030056	0	0	0	0	0.015707	0	0	0	0	0	0	0	0.001366	0	0	0	0.017033	0	0	0	0	0	0	0	0	0	0	0	0	0	0	0	0	0	0	0	0	0	0.01389	0	0	0	0	0	0	0	0	0	0	0	0	0	0.225894	0	0	0	0	0	0	0	0	0	0	0
Prevotella_bivia	0	0.043278	0	0	0	0	0	0	0	0	0	0	0	0	0	0	0	0	0	0	0	0	0	0	0	0	0	0	0	0	0	0	0	0	0	0	0	0	0	0	0	0	0	0	0	0	0	0	0	0	0	0	0	0	0	0	0	0	0	0	0	0	0.005173	0	0	0	0	0	0	0
Coprobacillus_cateniformis	0	0.041055	0	0	0.014238	0	0	0	0	0	0	0	0	0	0	0	0	0	0	0	0	0	0	0	0	0.008723	0	0.004169	0	0	0	0	0	0	0	0	0	0.062006	0	0	0	0	0	0	0	0.001229	0	0	0	0	0.048305	0	0	0	0	0	0	0	0	0	0.031035	0	0	0.00549	0	0	3.934727	0.006266	0.13563	0
Sellimonas_intestinalis	0	0.040935	0	0	0	0	0	0	0	0	0.031633	0	0	0	0	0.132662	0	0	0	0	0	0	0	0	0	0	0	0	0	0	0	0	0	0	0	0	0	0	0	0	0	0	0	0	0	0	0	0	0	0	0	0	0	0	0	0	0	0	0.021586	0	0	0	0	0.032749	0	0	0	0.008994	0	0
Acutalibacter_sp_LFL_21	0	0.040106	0	0	0	0	0	0	0	0	0	0	0	0	0	0	0	0	0	0	0	0	0	0	0	0	0	0	0	0	0	0	0	0	0	0	0	0	2.040229	0	0	0	0	0	0	0	0	0.015038	0	0	0	0	0	0	0	0	0.002243	0	0	0	0	0	0	0	0	0	0	0	0	0
Anaerostipes_caccae	0	0.033163	0	0	0	0	0	0	0	0	0	0	0	0	0	0.00814	0.017742	0	0	0	0	0	0	0	0	0	0	0	0.007378	0	0	0	0	0	0	0	0	0	0	0	0	0	0	0	0	0	0	0	0	0	0	0	0	0	0	0	0.023523	0	0.19713	0	0	0	0	0	0	0	0	0	0	0
Clostridium_hylemonae	0	0.028085	0	0	0	0.01214	0	0	0	0	0.000615	0	0	0	0	0	0	0	0	0	0	0	0	0	0	0	0	0	0	0	0	0	0	0	0	0	0	0	0	0	0	0	0	0	0	0	0	0	0	0	0	0	0	0	0	0	0	0	0.011715	0	0	0	0	0	0	0	0	0	0	0
Faecalicatena_contorta	0	0.018888	0	0	0.112086	0	0	0	0.002427	0	0	0	0	0	0	0	0	0	0	0	0	0	0	0	0	0	0	0	0	0	0	0	0	0	0	0	0	0	0	0	0	0	0	0	0	0	0	0	0	0	0	0	0	0	0	0	0.05693	0	0	0	0	0.011837	0	0	0	0	0	0.001897	0	0
Streptococcus_gordonii	0	0.010487	0	0	0	0	0	0	0	0	0	0	0	0	0	0	0	0	0	0	0	0	0.000437	0	0	0	0	0	0	0	0	0	0	0	0	0	0	0	0	0	0	0	0	0	0.012967	0	0	0	0	0	0	0	0	0	0	0	0	0	0	0.03551	0	0	0	0	0	0	0.15677	0	0	0
Blautia_producta	0	0.006052	0	0	0	0	0	0	0	0	0	0	0	0	0	0	0	0	0	0	0	0	0	0	0	0	0	0.142223	0	0	0	0	0	0	0	0	0.282953	0	0	0	0	0	0	0	0	0	0	0	0	0	0.222397	0	0	0	0	0	0	0	0	0	0	0	0	0	0	0	0	0	0	0
Streptococcus_sanguinis	0	0.005136	0	0	0	0	0	0	0	0	0	0	0	0	0	0	0	0	0	0	0	0	0.128765	0	0	0	0	0	0	0	0	0	0	0.009317	0.004941	0	0	0	0	0.001936	0	0	0.301318	0.007002	0	0	0.045063	0	0	0	0.094605	0	0	0	0	0	0	0	0	0.05174	0	0	0.017637	0	0	0	0.490463	0	0	0
Anaeroglobus_geminatus	0	0.004863	0	0	0	0	0	0	0	0	0	0	0	0	0	0	0	0	0	0	0	0	0	0	0	0	0	0	0	0	0	0	0	0	0	0	0	0	0	0	0	0	0	0	0	0	0	0	0	0	0	0	0	0	0	0	0	0	0	0	0	0	0	0	0	0	0	0	0	0
Anaeromassilibacillus_senegalensis	0	0.004697	0	0	0	0	0	0	0	0	0.074385	0	0	0	0	0	0	0	0	0	0	0	0	0	0	0.009197	0	0	0	0	0	0	0	0	0	0	0	0	13.298751	0	0	0	0	0	0.024631	0	0	0	0	0	0	0	0	0	0.073664	0	0.004839	0	0	0	0	0	0	0	0	0	0	0	0	0
Anaerostipes_hominis_ex_Lee_et_al_2021	0	0.003376	0	0	0	0.002384	0	0	0	0	0	0	0	0	0	0	0.011347	0	0	0	0	0	0	0	0	0	0	0.022475	0	0	0	0	0	0	0	0	0	0	0	0	0	0	0	0	0	0	0	0	0	0	0	0	0	0	0	0	0	0	0	0	0	0	0	0	0	0	0	0	0	0
Actinomyces_sp_ph3	0	0.002576	0	0	0	0	0	0	0	0	0	0	0	0	0	0	0	0	0	0	0	0	0	0	0	0	0	0	0	0	0	0	0	0	0	0	0	0	0	0	0	0	0	0	0	0	0	0	0	0	0	0.201636	0	0	0	0	0	0	0.088445	0.10187	0	0	0	0	0	0	0.068369	0	0	0
Rothia_mucilaginosa	0	0.000324	0	0	0	0	0	0	0	0	0	0	0	0	0	0	0	0	0	0	0	0	0.033458	0	0	0	0.001848	0	0	0	0	0	0	0.001823	0	0	0	0	0	0	0	0	0.044324	0.049685	0.070608	0	0.706517	0	0	0.045945	0.077592	0.177595	0.027691	0	0	0	0.005625	0	0.013358	0.03041	0	0	0	0	0	0.001216	0.030953	0	0.020813	0
Agathobacter_rectalis	0	0	8.316019	0.182109	0.066712	0	0.647549	5.848821	0	0	0.086253	0.446656	0	0.178521	0.005684	0	0	0	2.28982	18.194746	0.054498	0	1.826215	6.739142	0.555852	5.225854	0	0	5.196822	8.698997	1.91496	1.508944	1.629194	0	0	0	0	0.254092	0	0	0	0	0	0	0	0.043553	0	0	0	0	0	0	0.268018	0	4.774939	0	0	0	0	0.00758	0	0	0	0	0	0	0	0	1.120468	0
GGB51647_SGB4348	0	0	5.898477	15.231839	0	0	0	0	0	1.615904	5.121177	0	0	0	0	0	0	0	0	0	0	0	8.487273	0	9.351779	0	3.678887	0	0	0	0.015437	0	0	0	0	0	0	0	0	0	0	0	0	0	0	0	0	0	0	0	0	0	7.201666	0	0	0	8.632225	0	0.704188	0.17422	0	0	0	0	0	0	0	0	0	0
Faecalibacterium_SGB15346	0	0	5.769701	0.048289	0	2.375498	1.431622	4.718178	0.233134	1.787572	0.073291	0.020916	0	0.454557	0.233136	0.603425	0	0.501237	4.790386	4.034283	0.340601	0	0.311942	0	0.088267	1.333994	0.169347	0	3.415535	1.603004	6.306248	0.079441	1.016195	0.057297	1.215354	0	0	0.012513	0	0	0	0	0	0	0.449302	1.46806	0	0	0	0	0.126744	0	0.021871	0	0	0	0	0	0	0	0	0.064403	0	0	0	0	0.061082	0	2.616657	0
Phocaeicola_plebeius	0	0	4.423143	3.105195	0	0	18.552438	0	0	33.540154	0	5.631515	0	0	32.850702	0.001135	0	9.390016	0	2.621235	2.053968	0	0.320078	0	0.169719	0	0	0	0	0	0	0	0	0.245067	0	0	0	0	0	6.279946	0	0	0	0	2.953946	21.704796	0	0	0	0	0	0	0.418766	0	0	0	0.166832	0	0	0.00555	0	2.101859	0	0	0	0	0	0	3.175482	0
Alistipes_putredinis	0	0	3.832399	1.256487	2.326003	2.063633	0	1.3465	1.140178	1.043318	4.793011	2.483771	0	0	3.149373	0.087927	0	0	0.390344	1.801606	0.107472	1.484012	0.000705	0.398341	0	3.711207	0	0	2.730239	2.4993	2.368496	0	0	0	1.55306	0	0	9.421332	0	0	0	0	0	0	2.954734	0	0	0.005108	0	0	0.002282	0	0.076747	0	0	0	4.339097	0	2.249688	0.26608	0	0.474108	0	0	0	0	0.675228	3.436714	0.529797	0
Gemmiger_formicilis	0	0	3.048659	3.65061	0.109826	0.256841	2.169375	5.691959	3.897739	0	5.244121	0.143498	0	0	0.164176	0	0	0.368232	1.945979	2.64614	0.031097	1.684712	0.980182	0	0.34254	4.613559	0.688409	0	1.932288	7.350445	2.550211	0.086325	0.859783	0.257307	0	0	0	0.622328	2.130523	0.000761	0	0	0	3.073328	1.123511	0	0	0	0	0	7.853918	0	1.24421	0	0.012862	0	0	0	0	0.08877	0	0.752027	0	0	0	0	0	0	4.004674	0
Bacteroides_stercoris	0	0	2.139744	0.580008	0.363775	0.332944	0.997882	0.722667	0	0.543681	0	0.082306	43.277232	11.375105	0.396979	0	0	0.524594	0.44807	0.256667	0.213904	5.104945	0	0	1.351528	5.575275	2.941659	0	0	6.994202	0	0	0	0	0	0	0	0	0	0	0.001048	0	0	0	0.04207	0	0	18.798813	0	0	0	0	0	0	0	0	20.948515	0	0.039174	0	0	0.817007	0	0	12.038832	0.044749	0.05834	22.897394	1.721928	0
Bifidobacterium_pseudocatenulatum	0	0	1.431685	0.042471	0	0.04841	0.187238	0.02984	1.083971	0.025678	0.293852	0	0.08466	0.415288	0.03927	0	0	0	0	0.011811	0	0	0.012149	0	0	1.236661	0.036131	0	0.815255	0	0.00432	0	0.00208	0.217266	0	0	0	0.484321	0	0	0	0	0	0	0	0.520489	0	0	0	0	0	0	0	0	0	0	0	0	0	0.14535	0	0	0	0	0	0	0	0	2.131386	0
Phascolarctobacterium_faecium	0	0	1.037777	1.001537	3.438362	0	4.747286	0.619852	0	1.099322	0.969011	0.038124	0	0	0	2.083528	0	0	0	0	2.919336	0	1.063398	1.656467	0	0	0	3.372885	0.876221	0.527178	0.890442	0	0.684053	0.178179	7.213491	0	5.424738	0	0	0	0	0	0	0	2.047013	2.025189	0	0	0	0	2.664923	0	0	0	0.60556	0	0.179814	0	0.124734	0.97812	0	1.375498	16.902074	0	3.040053	0.001204	9.932508	0.276311	5.297555	0
Bacteroides_caccae	0	0	0.839616	0.010184	0	0	0.48952	0.048206	1.841695	0.011672	0.263994	0.100907	0	0	0.345683	0	0	0	0.11476	0.162845	0.375732	0	0.001829	0	0.136254	0.156262	0.355782	0	0.823569	0.254264	0	0	1.529978	0	0.747296	0	0	4.849115	0	0.00584	0	0	0	0	0.787029	0	0	0	0	0	0	0	0	0	0	0	0.130578	0	0.455217	0	0	2.229166	15.074698	0.007046	2.703933	0.005498	0.356433	1.277723	0.00027	0
Clostridium_fessum	0	0	0.786706	0.016097	0.407803	0.595321	1.104208	4.664152	1.13292	0.32738	0.374216	0.084936	0	0.342814	0.375231	0	0	0.700701	0.851601	2.074159	0.829095	2.69759	0.891598	0	0.330708	0.188532	0.060473	0	0.395372	0.921257	0.692797	0.881554	0.124373	2.98526	0.833298	0	0	0.095751	0	0	0	0	0	0	0.318345	2.759034	0	0	0	0	0	0	0.728262	0	0	0	0.02385	0	0.272559	0	0	0	0	0	0	0	0.018775	0	1.2557	0
Bacteroides_faecis	0	0	0.746446	0	0	0	0	0	0	0	0	0	0	0	0	0	0	0	0	0	0	0	0	0	0	0	0	0	0	0	0	0	0	0	0	0	0	0	0	0	0	0	0	0	0	0	0	0	0	0	0	0	0	0	0	0	0	0	0	0	0	0	0	0	0	0	0	0	0	0
Alistipes_shahii	0	0	0.559285	0.395558	0	0	0	0.308721	0.954924	0.224293	0	0.275346	0.620337	0	0.669815	0	0	0.049485	0	0.083756	0.145213	0	0.0157	0	0.806022	0.315528	0.132026	0	0.402101	0.573653	0	0.744591	0	0	0	0	0	2.012123	0	0	0	0	0	0	0.364738	0	0	0	0	0	0	0	0.109123	0	0	0	0.469179	0	0.073889	0.0572	0	0.432519	0.052139	0	0	0	0.098957	0.4167	0	0
GGB9715_SGB15265	0	0	0.554559	0	0	0	0	0.046741	0.326836	0	0	0.01453	0	0	0	0	0	0	0.822692	0.184714	0.016271	0	0.735385	0	0.301702	0.572603	0.035952	0	0	0	0.13126	0.232148	0.033221	0.007974	0	0	0	0	0	0	0	0	0	0	0	0	0	0	0	0	0	0	0.065723	0	0.634769	0	0.027267	0	0	0.17028	0	0	0	0	0	0	0	0	0.026219	0
Oscillibacter_sp_ER4	0	0	0.542478	2.028271	0	0	0	0.614808	0	0	2.922554	0.302261	0	0	0	0	0	0	1.442603	0.43694	0.022802	0	0.131245	0	2.684401	0.441839	1.064744	0	0	2.327596	0.499199	0	0.025026	0.008091	0	0	0	0.199785	0	0	0	0	0	0	0	0	0	0	0	0	0	0	0.939149	0	0	0	0	0	0	0	0	0	0	0	0	0	0	0	0	0
Bacteroides_finegoldii	0	0	0.448402	0.322674	0	0	0.480541	0.052417	0	0.495798	0	0.084074	0	0	0.458585	0	2.722113	0	0	0.118849	0.027535	0	0.03142	0	0.043088	0	0	0	0	1.046532	0	0	0	0	0.157867	0	0	1.735614	0	0	0	0	0	0	0.211076	0	0	0	0	0	0	0	0	0.041441	0	0	0.150102	0	0	0	0	1.726011	0	0	6.790715	0.027752	0.030565	0	0	0
Alistipes_finegoldii	0	0	0.263777	0.094812	0	0	0	0	0.134011	0.003845	0	0.008381	0	0.262253	0	0	0	0	0	0	0	0.398892	0	0	0.036782	0.128315	0	0	0.078719	0.018106	0	0	0.102811	0	0	0	0	0	0	0	0	0	0	0	0.070575	0	0	0	0	0	0	0	0	0	0	0	0.007522	0	0.23159	0.03546	0	0.289487	0	0	0	0	0.104084	0	0	0
Roseburia_zhanii	0	0	0.229647	0	0	0	0	0.019651	0	0	0	0.003462	0	0	0	0	0	0	0	0	0	0	0	0	0.014989	0	0	0	0	0	0.107958	0	0	0	0	0	0	0	0	0	0	0	0	0	0	0	0	0	0	0	0	0	0.002399	0	0	0	0	0	0	0	0	0	0	0	0	0	0	0	0	0
GGB2982_SGB3964	0	0	0.199653	0	0.114008	0	0	0	0.012246	0.027756	0	0.067138	0	0.024291	0	0	0	0	0.033046	0.045487	0.003208	0	0.016474	0	0	0	0.046123	0	0	0	0.031322	0	0	0	0	0	0	0	0	0	0	0	0	0	0.054589	0	0	0	0	0	0	0	0	0	0	0	0	0	0	0	0	0	0	0	0	0	0	0	0	0
Clostridium_SGB4714	0	0	0.17101	0	0	0	0	0.040624	0	0.489848	0.01298	0.074242	0	0.231927	1.056215	0	0	0	0.056865	0	0.073969	0.099671	0	0	0.013466	0	0.03259	1.377917	0.054943	0.102131	0.046308	0.54866	0.481669	0.861802	0	0	0	0.020381	0	0	0	0	0	0	0.057608	0	0	0	0	0	0	0	0	0	0	0	0	0	0.38337	0	0	0	0	0	0	0	0	0	0	0
Mediterraneibacter_faecis	0	0	0.164809	0.050609	0	0	0	0.687767	0.05882	0.143011	0.156888	0.00736	0	0.785869	0.032071	0	0	0.180514	0.098599	0.246417	0.093664	0.19231	0.246392	0	0.250178	0.257184	0	0	0.302706	0	0.314969	0.262054	0.609491	0.467422	0	0	0	0	0	0	0	0	0	0	0.810641	0.952144	0	0	0	0	0	0	0.018725	0	0	0	0	0	0	0.13936	0	0	0	0	0.034691	0	0.553117	0	4.653293	0
Hominenteromicrobium_mulieris	0	0	0.154299	0.120591	0	0	0	0.504604	0.043946	0	0.042518	0.015872	0	0	0	0	0	0	0	0.035359	0	0	0	0	0.027276	0.291641	0.008949	0	0	0.086287	0.034551	0	0	0	0	0	0	0	0	0	0	0	0	0	0.103665	0	0	0	0	0	0	0	0.044594	0	0	0	0	0	0	0	0	0	0	0	0	0	0	0	0.086474	0
Bacteroides_sp_AF16_49	0	0	0.148539	0	0	0	0	0.001722	0	0	0	0.00802	0	0	0	0	0	0	0	0	0	0	0	0	0	0	0	0	0	0	0	0	0	0	0	0	0	0	0	0	0	0	0	0	0	0	0	0	0	0	0	0	0	0	0	0	0	0	0	0	0	0	0	0	0	0	0	0	0	0
Ruminococcus_bicirculans_ex_Wegman_et_al_2014	0	0	0.142825	0.019126	0.057163	0	0	0.115881	1.654034	3.920425	0.190224	0.030734	0	0.397301	0.860028	0.167951	0	0	3.691463	0.001993	0	0	0	0	0	1.604639	0	0	0	0	0.034939	0	0	0	0	0	0	0	0	0	0	0	0	0	0.137412	0	0	0	0	0	0	0	0	0	0	0	0	0	0	0	0	0	0	0	0	0	0	0	0	0
Clostridiaceae_unclassified_SGB4771	0	0	0.128564	0	0	0	0	0.151486	0	0.060569	0.021475	0.001916	0	0	0	0	0	0	0.308939	0.019086	0	0	0	0	0	0.07481	0	0	0	0.024319	0.135279	0	0	0	0	0	0	0	0	0	0	0	0	0	0.072371	0	0	0	0	0	0	0	0	0	0	0	0	0	0	0	0	0	0	0	0	0	0	0	0	0
Alistipes_communis	0	0	0.097976	0.127813	0	0	0	0.027116	0.038042	0.142194	1.777956	0.033178	0	0	0.340476	0	0	0	0.022156	0	0.00839	0.007855	0	0	0.519914	0	0	0	0.017763	0	0	0	0	0	0.067564	0	0	0	0	0	0	0	0	0	0.063726	0	0	0	0	0	0	0	0.557186	0	0.203766	0	0.129685	0	0.096073	0	0	0	0	0	0	0	0	0	0	0
Dysosmobacter_segnis	0	0	0.08567	0.289091	0.205268	0	0	0	0.206977	0.117204	0.362614	0.691013	0	0	0	0	0	0	0.191357	0.068703	0.005954	0	0.059476	0	0.099262	0.102326	0.568738	0	0.203688	0.252952	0.107744	0.443244	0.174045	0.16753	0	0	0	0	0	0	0	0	0	0	0	0	0	0	0	0	0	0	0.091019	0	0	0	0	0	0	0	0	0	0	0	0	0	0	0	0.058155	0
Clostridiaceae_bacterium_AF18_31LB	0	0	0.074303	0	0.007147	0.094979	0	0.019017	0	0.096766	0.011409	0.029226	0	0.021744	0	0	0	0	0.120186	0.015469	0.080499	0.052113	0.011711	0.081651	0.026486	0.045283	0.024201	0	0.353897	0.009844	0.10269	0.066388	0.211586	0.297919	0.078253	0	0	0.007903	0	0	0	0	0	0	0.038479	0	0	0	0	0	0	0	0	0	0	0	0	0	0	0	0	0	0	0	0	0	0	0	0	0
Oscillospiraceae_bacterium_Marseille_Q3528	0	0	0.06972	0.067622	0	0	0	0.106131	0	0	0	0.008349	0	0	0	0.007068	0	0	0.020992	0.045473	0.016214	0	0.007249	0	0.040232	0.023745	0.001453	0	0.012235	0.01881	0	0	0.010472	0	0	0	0	0	0	0	0	0	0	0	0	0	0	0	0	0	0	0	0	0	0	0	0	0	0	0	0	0	0	0	0	0	0	0	0	0
GGB9715_SGB15260	0	0	0.064453	0.047864	0	0	0	0.039843	0	0	0.45761	0.225904	0	0	0	0	0	0	0	1.390992	0.01449	0	0	0	0	0.113216	0	0	0	0.252217	0	0	0	0	0	0	0	1.083099	0	0	0	0	0	0	0	0	0	0	0	0	0	0	0	0	0	0	0	0	0	0	0	0	0	0	0	0	0	0	0	0
Evtepia_gabavorous	0	0	0.060454	0.064665	0.050325	0	0	0	0.003266	0	0.066517	0.00062	0	0	0	0.067759	0	0.007046	0	0	0.016662	0.055691	0.206333	0	0	0	0.026632	0	0.057304	0.442423	0.062501	0	0	0.104033	0	0	0	0.041986	0	0	0	0	0	0	0.056401	0	0	0	0	0	0	0	0.035665	0	0	0	0	0	0.244219	0	0	0	0	0	0	0	0	0	0	0
Holdemania_massiliensis	0	0	0.057231	0.008974	0	0	0	0	0.030143	0	0.016811	0	0	0	0	0	0	0	0.015408	0	0.000259	0	0	0.004671	0	0.00098	0	0	0.029153	0	0	0.011478	0	0	0	0	0	0.03098	0	0	0	0	0	0	0	0.05667	0	0	0	0	0.030163	0	0	0	0	0	0	0	0.042277	0	0.221632	0	0	0	0	0	0.238405	0	0	0
GGB9627_SGB15081	0	0	0.055197	0	0.113131	0	0	0	0	0.011962	0	0.002287	0	0	0	0	0	0	0	0	0	0	0	0	0.107468	0	0	0	0	0	0	0	0	0	0	0	0	0.167965	0	0	0	0	0	0	0.005467	0	0	0	0	0	0	0	0	0	0	0	0	0	0	0	0	0	0	0	0	0	0	0	0	0
Parabacteroides_faecis	0	0	0.051548	0	0	0	0	0	0.004241	0	0	0	0	0	0	0	0	0	0	0	0	0	0	0	0	0	0	0	0.008414	0	0	0	0	0	0	0	0	0	0	0	0	0	0	0	0	0	0	0	0	0	0	0	0	0	0	0	0	0	0	0	0	0	0	0	0	0	0	0	0	0
Lawsonibacter_asaccharolyticus	0	0	0.051214	0	0.040923	0.124538	0	0	0.134546	0.011069	0.208256	0	0	0	0	0.108429	0	0	0.000276	0.074463	0.003364	0.584874	0	0	0	0	0.012549	0	0.150494	0	0	0	0	0.07848	0	0	0	0.020377	0	0	0	0	0	0	0.060931	0	0	0	0	0	0	0	0.04309	0	0	0	0.0234	0	0.018391	0	0	0.08046	0	0	0	0	0	0	0.063005	0
Adlercreutzia_equolifaciens	0	0	0.041456	0.054054	0.10308	0	0	0.041459	0	0	0.012044	0.002053	0	0	0	0	0	0	0.004267	0.22312	0	0	0.019664	0	0	0.006548	0.006427	0	0	0.203082	0.01868	0	0.009445	0	0	0	0	0.068534	0	0	0	0	0	0	0.050626	0	0	0	0	0	0	0	0.032337	0	0	0	0	0	0	0	0	0	0	0.00161	0	0	0	0	0.077532	0
Clostridium_leptum	0	0	0.041254	0.002549	0.024224	0	0	0	0	0	0	0.02077	0	0	0	0.001992	0	0	0.033113	0	0	0.169483	0	0	0	0.07649	0	0	0.036251	0	0	0	0	0	0	0	0	0	0	0	0	0	0	0	0.012822	0	0	0	0	0	0	0	0	0	0	0	0	0	0.011461	0	0	0	0	0	0	0	0	0	0	0
Faecalibacillus_intestinalis	0	0	0.041163	1.033892	0.133332	0	0.075023	0.033506	0.221661	0.090264	0.297609	0.094981	0	0.105986	0.025141	0	0.322354	0.165814	0.194704	0.001776	0.122023	0.254236	0.307138	0.380585	0.045449	0.43994	0.074368	0	0	0.038944	3.362501	0	0.33049	0.024147	0	0	0	0.098412	0	0	0	0	0	0	0.627032	0.912202	0	0	0	0	0.717697	0	0.761374	0	0	0	0	0	0	0.0855	1.079756	0	0.025627	0	0	0	0	0	0	0
Eubacterium_sp_AF34_35BH	0	0	0.027093	0.043804	0.083182	0	0.021201	0	0	0	0	0	0	0	0	0	0	0	0	0	0	0	0	0.244308	0	0.050875	0.01462	0	0.237559	0	0	0	0	0	0	0	0	0	0	0	0	0	0	0	0	0	0	0	0	0	0	0	0.025188	0	0	0	0	0	0.016139	0	0	0	0	0	0	0	0	0	0	0
Bilophila_wadsworthia	0	0	0.0261	0.013659	0.0815	0.166811	0	0.00786	0.102911	0.274951	0.203955	0.04779	0	0	0.090575	0.386055	0	0	0.050654	0.008539	0.110878	0.22735	0.043204	0	0	0.001627	0.118217	0.261399	0.078324	0.001614	0.047318	0	0.065882	0.157234	0	0	0	0	0	0	0	0	0	0	0.072307	0	0	0	0	0	0.012685	0	0	0	0.217897	0	0.05356	0	0.526496	0.04522	0	0	0.360874	0	0	0	0	0.124331	0.180993	0
GGB9760_SGB15373	0	0	0.025853	0.000224	0	0	0	0.148332	0.01335	0	0.0653	0.001715	0	0.041025	0	0	0	0	0	0.020721	0	0	0	0	0.013404	0.13561	0.001772	0	0	0.047053	0.028999	0	0	0	0	0	0	0	0	0	0	0	0	0	0.004482	0	0	0	0	0	0	0	0	0	0	0	0	0	0.009963	0	0	0	0	0	0	0	0	0	0.138331	0
GGB9454_SGB14846	0	0	0.023875	0	0	0	0	0	0	0	0	0	0	0	0	0	0	0	0	0	0	0	0	0	0	0	0	0	0	0	0	0	0	0	0	0	0	0	0	0	0	0	0	0	0	0	0	0	0	0	0	0	0	0	0.035209	0	0	0	0	0	0	0	0	0	0	0	0	0	0	0
GGB9358_SGB14334	0	0	0.023038	0	0	0	0	0	0	0	0	0.002984	0	0	0	0	0	0	0	0.053704	0	0	0	0	0	0.030867	0	0	0	0	0	0	0	0	0	0	0	0	0	0	0	0	0	0	0.175236	0	0	0	0	0	0.155093	0	0.002538	0	0	0	0.325025	0	0.984056	0	0	0	0	0	0	0	0	0	0.003416	0
Clostridium_sp_AF32_12BH	0	0	0.019778	0	0	0	0	0.024415	0	0	0	0.000195	0	0.012496	0	0	0	0	0.02093	0.022489	0.005699	0	0.03397	0	0.001931	0	0.000196	0	0	0	0	0	0	0.044807	0	0	0	0.002067	0	0	0	0	0	0	0.07723	0	0	0	0	0	0	0	0	0	0	0	0	0	0	0	0	0	0	0	0	0	0	0	0	0
Longibaculum_muris	0	0	0.017146	0	0	0	0	0	0	0	0	0	0	0	0	0	0	0	0	0	0	0	0	0	0	0	0	0	0	0	0	0	0	0	0	0	0	0	0	1.8747	0	0	0	0	0	0.095047	0	0	0	0	0	0	0	0	0	0	0	0	0	0	0	0	0	0	0	0	0	0	0	0
GGB81330_SGB15022	0	0	0.016311	0.005544	0	0.045537	0	0.053118	0	0	0	0	0	0	0	0	0	0	0	0	0	0	0	0	0.044093	0	0	0	0	0	0	0	0	0	0	0	0	0	0	0	0	0	0	0	0	0	0	0	0	0	0	0	0	0	0	0	0	0	0	0	0	0	0	0	0	0	0	0	0	0
Butyricimonas_virosa	0	0	0.01518	0.045512	0.221461	0.027935	0	0	0	0.163335	0.112141	0.026172	0	0	0.066181	0	0	0	0	0	0.019949	0.021463	0	0	0.029159	0.213057	0.086507	0	0	0	0.352616	0	0	0	0	0	0	1.753131	0	0	0	0	0	0	0.027247	0	0	0	0	0	0	0	0	0	0	0	0	0	0.391604	0	0	0.45165	0	0	0	0	0	0.010553	0	0
Clostridium_SGB4751	0	0	0.013809	0	0	0	0	0.117611	0	0	0.018858	0	0	0	0.039212	0	0	0	0.010909	0.054816	0.007359	0.146681	0.007595	0	0.013562	0.015253	0.019604	0	0	0	0	0.029203	0	0	0	0	0	0	0	0	0	0	0	0	0.042589	0	0	0	0	0	0	0	0	0	0	0	0	0	0	0	0	0	0	0	0	0	0	0	0	0
Clostridiaceae_unclassified_SGB4769	0	0	0.013246	0	0.019076	0	0	0	0	0	0	0	0	0	0	0	0	0	0	0	0.001011	0	0	0	0	0	0	0	0	0	0	0	0	0	0	0	0	0	0	0	0	0	0	0	0	0	0	0	0	0	0	0	0	0	0	0	0	0	0	0	0	0	0	0	0	0	0	0	0	0
Alistipes_provencensis	0	0	0.012127	0	0	0	0	0	0	0	0	0	0	0	0	0	0	0	0	0	0	0	0	0	0	0	0	0	0	0	0	0	0	0	0	0	0	0	0	0	0	0	0	0	0	0	0	0	0	0	0	0	0	0	0	0	0	0	0	0	0	0	0	0	0	0	0	0	0	0
Hominiventricola_filiformis	0	0	0.011592	0	0.004007	0	0	0.026036	0	0	0	0.001657	0	0	0	0	0	0	0.086226	0.05515	0.009266	0	0.001857	0	0.003781	0.00954	0	0	0	0	0.037921	0	0	0	0	0	0	0	0	0	0	0	0	0	0	0	0	0	0	0	0	0	0.00264	0	0	0	0	0	0	0	0	0	0	0	0	0	0	0	0	0
GGB51491_SGB71859	0	0	0.011443	0.002744	0	0	0	0.005565	0	0	0	0	0	0	0	0	0	0	0	0.009057	0	0	0.000972	0	0	0	0	0	0.006257	0	0	0	0	0	0	0	0	0	0	0	0	0	0	0	0.014278	0	0	0	0	0	0	0	0	0	0	0	0.000595	0	0	0	0	0	0	0	0	0	0	0	0	0
Dorea_sp_AF36_15AT	0	0	0.011057	0.016097	0	0	0	0.10393	0	0	0.010585	0	0	0	0	0	0	0	0.023955	0.020602	0.009504	0	0.015341	0	0.02102	0	0.000507	0	0	0.051104	0.026082	0	0	0	0	0	0	0	0	0	0	0	0	0	0.009129	0	0	0	0	0	0	0	0	0	0	0	0	0	0	0	0	0	0	0	0	0	0	0	0.107509	0
Oscillospiraceae_bacterium	0	0	0.009785	0.16401	0	0	0	0	0	0	0	0	0	0	0	0	0	0	0.035006	0.011659	0	0	0	0	0.030692	0	0	0	0	0.038739	0	0	0.002918	0	0	0	0	0	0	0	0	0	0	0	0	0	0	0	0	0	0	0	0	0	0	0	0.101698	0	0.014385	0	0	0	0	0	0	0	0	0	0	0
GGB52130_SGB14966	0	0	0.009691	0	0.026251	0	0	0	0	0	0.030497	0	0	0	0	0	0	0	0	0.011547	0	0	0	0	0	0	0	0	0	0.002177	0	0	0	0	0	0	0	0	0	0	0	0	0	0	0	0	0	0	0	0	0	0	0.034663	0	0	0	0.002719	0	0	0	0	0	0	0	0	0	0	0	0	0
Fusicatenibacter_faecihominis	0	0	0.008315	0.002906	0	0.005358	0	0.134196	0	0	0.014432	0.015297	0	0.001195	0	0.029072	0	0	0.109619	0.018561	0	0.002259	0.193105	0	0.006169	0.074271	0.001698	0	0.059827	0.094461	0.016541	0	0.017103	0.004577	0.008032	0	0	0	0	0	0	0	0	0	0.037935	0	0	0	0	0	0	0	0	0	0	0	0	0	0	0	0	0	0	0	0	0	0	0	0.011223	0
Anaerotignum_sp_MSJ_24	0	0	0.007648	0.005938	0.110117	0	0.012357	0	0	0	0	0	0	0	0	0	0	0	0	0	0.016863	0	0	0	0	0.015242	0	0	0.046909	0	0	0	0	0	0	0	0	0	0	0	0	0	0	0	0.026163	0	0	0	0	0	0	0	0	0	0	0	0	0	0	0	0	0	0	0	0	0	0	0	0	0
Bacteroides_cellulosilyticus	0	0	0.007564	0.904396	0.364683	0.041497	0	0.006206	0.144772	0	0.024982	0.090814	0	0.098899	0	0.020864	0	0.002781	0	0	0	0	0	0.091648	0.02621	0.100185	0.25345	0	0.428563	0	0.400607	0.958125	0.010958	0	0.097077	0	0	1.807628	0	0	0	0	0	0	0.057328	0	0	0.00822	0	0	0	0	0	0	0	0	0	0	0.042336	0	0	0.024031	0	0	0	0	0.035058	0	0	0
Dysosmobacter_welbionis	0	0	0.007369	0	0.124805	0.195021	0	0	0.165319	0.045941	0.742951	0.003211	0	0.879582	0.068856	0.511994	0	0	0.044502	0.025007	0.038468	0.983962	0	0.104316	0.001448	0.080704	0.070699	0.350329	0.241361	0.016742	0	0	0.004458	0.013487	0.092107	0	0.119326	0.153702	0	0	0	0	0	0	0.493289	0	0	0.508344	0	0	0	0	0.209295	0	0.622971	0	0.206478	0	0.004546	0	0	0.548936	0.100103	0	0.671337	0	0.002587	0	0	0
GGB9534_SGB14937	0	0	0.007018	0.012902	0.01319	0.079121	0	0	0	0	0.105044	0	0	0	0	0	0	0	0	0	0	0	0	0	0	0.030309	0.050833	0	0.00067	0	0.00399	0	0	0	0	0	0	0	0	0	0	0	0	0	0.001972	0	0	0	0	0	0	0	0.012993	0	0	0	0.041622	0	0.077056	0	0	0	0	0	0	0	0	0	0	0
Bacteroides_xylanisolvens	0	0	0.006735	0.080727	0.363687	0.066537	0.055319	0.020729	0.503415	0	0.072836	0.021772	0	0	1.397695	0.051488	0	0.256912	0.305745	0.013653	0.061234	0.816446	0.311088	1.499372	0.24196	0.033266	0.16075	0.745591	0.025625	0.003709	1.93817	1.643293	0.417231	0	0.00483	0	0	0	0	0	0	0	0	10.139608	0	0	0	0	0	0	0.005772	0	0.007412	0	8.495623	0	0.08299	0	0.200927	0	0	0	0	0	0	0	0	1.291506	0.003511	0
Holdemania_filiformis	0	0	0.00665	0	0.023627	0	0	0.034299	0.086915	0	0	0	0	0.050686	0	0	0	0.030539	0.02262	0.000359	0.00186	0	0.013934	0	0.007695	0.004764	0	0.227927	0.086723	0.05035	0.00378	0	0.020114	0.01868	0.011367	0	0	0.078631	0	0	0	0	0	0	0.000712	0.510737	0	0	0	0	0.00238	0	0	0	0	0	0	0	0	0	0	0	0	0	0	0	0	0	0.133523	0
GGB9767_SGB15385	0	0	0.006355	0	0	0	0	0	0	0	0	0	0	0	0	0	0	0	0	0	0	0	0	0	0	0	0	0	0	0	0	0	0	0	0	0	0	0	0	0	0	0	0	0	0	0	0	0	0	0	0	0	0	0	0	0	0	0	0	0	0	0	0	0	0	0	0	0	0	0
Catenibacillus_scindens	0	0	0.00579	0	0	0	0	0	0	0	0	0	0	0	0	0	0	0	0	0	0	0	0	0	0	0	0	0	0	0	0	0	0	0	0	0	0	0	0	0	0	0	0	0	0	0	0	0	0	0	0	0	0	0	0	0	0	0	0	0	0	0	0	0	0	0	0	0	0	0
GGB9602_SGB15031	0	0	0.005574	0.139363	0	0.000257	0	0	0	0	0.407148	0	0	0	0	0	0	0	0	0	0	0	0	0	0.050469	0	0.325493	0	0	0	0	0	0	0	0	0	0	0.072912	0	0	0	0	0	0	0.003352	0	0	0	0	0	0	0	0.508268	0	0	0	0.218434	0	0	0	0	0	0	0	0	0	0	0	0	0
Blautia_intestinalis	0	0	0.005359	0.004312	0	0	0	0.003227	0	0	0	0	0	0	0	0	0	0.000609	0	0.029637	0	0	0	0	0.002227	0.038396	0	0	0.008619	0.024019	0.012967	0	0.004763	0	0	0	0	0	0	0	0	0	0	0	0.037879	0	0	0	0	0	0	0	0	0	0	0	0	0	0.007944	0	0	0	0	0	0	0	0	0	0.013405	0
Hominifimenecus_microfluidus	0	0	0.005233	0	0	0	0	0	0	0	0	0	0	0	0	0	0	0	0.005414	0	0	0	0	0	0	0	0	0	0	0.02726	0.009018	0	0.009517	0	0	0	0	0	0	0	0	0	0	0	0	0	0	0	0	0	0	0	0	0	0	0	0	0	0	0	0	0	0	0	0	0	0	0	0	0
GGB49409_SGB69322	0	0	0.00477	0.005271	0	0	0	0	0	0	0	0	0	0	0	0	0	0	0	0.01932	0	0	0	0	0.000944	0	0	0	0	0.041666	0	0	0	0	0	0	0	0	0	0	0	0	0	0	0.005403	0	0	0	0	0	0	0	0.005311	0	0	0	0	0	0.016175	0	0	0	0	0	0	0	0	0	0	0
Streptococcus_vestibularis	0	0	0.004459	0	0	0	0	0	0	0	0	0	0	0	0	0	0	0	0	0	0	0	0	0	0	0	0	0	0	0	0	0	0	0	0	0	0	0.027204	0	0	0	0	0	0	0	0	0	0	0	0	0	0	0	0	0	0	0	0	0.106366	0	0	0	0	0	0	0	0	0	0	0
GGB9766_SGB15383	0	0	0.004252	0.02231	0	0	0	0.026328	0.036479	0	0	0	0	0	0	0	0	0	0	0	0	0	0	0	0	0.046759	0	0	0	0.078605	0	0	0	0	0	0	0	0	0	0	0	0	0	0	0	0	0	0	0	0	0	0	0	0	0	0	0	0	0	0	0	0	0	0	0	0	0	0	0	0
Intestinimonas_butyriciproducens	0	0	0.00397	0	0.094614	0	0	0	0	0	0	0	0	0	0	0.147109	0	0	0	0	0	0	0	0	0	0.009045	0.00956	0	0	0	0.004979	0	0	0	0	0	0	0	0	0	0	0	0	0	0.004451	0	0	0	0	0	0	0	0	0	0.186889	0	1.301656	0	0	0	0	0.002561	0	0	0	0	0	0	0	0
GGB9561_SGB14972	0	0	0.003649	0.020163	0	0	0	0.030856	0.001557	0	0.010978	0.010063	0	0	0	0	0	0	0	0.063178	0	0.013579	0.089978	0	0	0.000968	0.0125	0	0	0	0.009908	0	0	0	0	0	0	0	0	0	0	0	0	0	0.020255	0	0	0	0	0	0	0	0	0	0	0	0	0	0	0	0	0	0	0	0	0	0	0	0	0
GGB9491_SGB14888	0	0	0.003554	0	0	0	0	0	0	0	0.009486	0	0	0	0	0.025937	0	0	0.034306	0	0	0	0	0	0	0.00329	0	0	0	0	0.001465	0	0	0	0	0	0	0	0	0	0	0	0	0	0.010496	0	0	0	0	0	0	0	0	0	0	0	0	0	0	0	0	0	0	0	0	0	0	0	0	0
Veillonella_nakazawae	0	0	0.003096	0	0	0.026308	0	0	0	0	0	0	0	0	0	0	0	0	0	0	0	0	0	0	0.037081	0	0	0	0	0	0	0	0	0	0	0	0	0	0	0	0	0	0	0	0	0	0	0	0	0	0	0	0	0	0	0	0	0	0	0	0	0	0	0	0	0.004042	0.008538	0.075837	0	0
Agathobaculum_faecis	0	0	0.002967	0	0.022733	0.008846	0	0	0.009055	0	0.038969	0	0	0	0	0	0	0	0	0	0	0.034664	0	0.005888	0.001682	0.002243	0	0	0.058019	0	0	0	0	0	0	0	0	0.001621	0	0.001807	0	0	0	0	0	0	0	0.109593	0	0	0	0	0.124597	0.02059	0.003526	0	0.082417	0	0	0	0	0	0	0	0	0	0	0	0.020922	0
Coprobacillaceae_bacterium_AM100_104_2A	0	0	0.0026	0	0	0	0	0	0	0	0	0	0	0	0	0	0	0	0	0	0	0	0	0	0	0.071453	0	0	0	0	0	0.151917	0	0	0	0	0	0	0	0	0	0	0	0	0	0.008451	0	0	0	0	0	0	0	0	0	0	0	0	0	0	0	0	0	0	0	0	0	0	0	0
Lentihominibacter_faecis	0	0	0.002378	0.09373	0.042027	0	0	0.011606	0	0	0.043267	0	0	0	0	0.012814	0	0	0	0	0	0	0	0	0.054818	0.094851	0	0	0.031111	0.005759	0	0	0	0	0	0	0	0	0	0	0	0	0	0	0.005917	0	0	0	0	0	0	0	0	0	0	0	0	0	0.097083	0.00792	0	0	0	0	0	0	0.008213	0	0	0
Vescimonas_SGB15087	0	0	0.002167	0.018474	0	0	0	0	0	0	0	0	0	0	0	0	0	0	0	0.014772	0	0	0	0	0	0	0	0	0	0	0	0	0	0	0	0	0	0	0	0	0	0	0	0	0	0.012182	0	0	0	0	0	0	0	0	0	0	0	0	0	0.00274	0	0	0	0	0	0	0	0	0	0
Fusobacterium_mortiferum	0	0	0.001711	0	0	0	0	0	0	0	0	0	0	0	0	0	0	2.31953	0	0	0	0	0	0	0.298293	0	0	0	0	0	0	0	0	0	0	0	0.109808	0	0	0	0	0	0	0.027895	0	0	0	0	0	0	0	0	0.437064	2.736322	0	0	0	0	0	0	10.316869	0	0	0	0	0	0	6.7635	0	0
Negativibacillus_massiliensis	0	0	0.001653	0	0	0.026444	0	0.003727	0	0	0.033832	0	0	0	0	0	0	0	0.048015	0	0	0.010709	0.193309	0	0.029589	0.061017	0.012596	0	0	0	0.069617	0.023757	0	0	0	0	0	0	0	0	0	0	0	0	0	0	0	0	0	0	0	0	0	0	0.993893	0	0.490091	0	0	0	0	0	0	0	0	0	0.047337	0	0	0
GGB3593_SGB4817	0	0	0.001609	0	0	0	0	0	0	0	0	0	0	0	0	0	0	0	0	0	0	0	0	0	0	0	0	0	0	0	0	0	0	0	0	0	0	0	0	0	0	0	0	0	0	0	0	0	0	0	0	0	0	0	0	0	0	0	0	0	0	0	0	0	0	0	0	0	0	0
GGB3828_SGB5197	0	0	0.001477	0	0	0	0.292002	0	0	0.06215	0	0.005612	0	0	0	0	0	0	0.013801	0	0.029277	0.029632	0	0	0	0	0.003711	0	0	0	0.006683	0	0	0	0	0	0	0	0	0	0	0	0	0	0	0	0	0	0	0	0	0	0.010816	0	0	0	0	0	0	0	0	0	0	0	0	0	0	0	0	0
GGB41458_SGB58520	0	0	0.001391	0.025916	0.032341	0	0	0.123627	0.009842	0	0.013169	0	0	0	0	0.079291	0	0	0	0.028081	0.000492	0	0	0	0	0.004655	0.006616	0	0	0.055895	0.021542	0	0	0.051611	0	0	0	0	0	0	0	0	0	0	0	0	0	0	0	0	0	0	0	0	0	0	0	0	0	0.02332	0	0	0	0	0	0	0	0	0	0
GGB51512_SGB71885	0	0	0.000985	0	0	0	0	0	0	0	0	0.043807	0	0	0	0	0	0	0	0	0.064274	0	0	0	0	0.008063	0	0	0	0	0	0	0	0	0	0	0	0	0	0	0	0	0	0	0	0	0	0	0	0	0	0	0	0	0	0	0	0	0	0	0	0	0	0	0	0	0	0	0.002134	0
GGB9608_SGB15041	0	0	0.000471	0	0	0	0	0	0	0	0	0	0	0	0	0	0	0	0	0	0	0	0	0	0.016169	0	0	0	0	0	0	0	0	0	0	0	0	0	0	0	0	0	0	0	0.051714	0	0	0	0	0	0	0	0	0	0	0	0	0	0	0	0	0	0	0	0	0	0	0	0	0
Bittarella_massiliensis_ex_Durand_et_al_2017	0	0	0.000299	0	0	0	0	0	0	0	0	0	0	0	0	0	0	0	0	0	0	0	0	0	0	0	0	0	0	0	0	0	0	0	0	0	0	0	0.003959	0	0	0	0	0	0	0	0	0	0	0	0	0	0	0	0.011034	0	0	0	0.04406	0	0	0	0	0	0	0	0.001492	0	0	0
Neobittarella_massiliensis_ex_Bilen_et_al_2018	0	0	0.000263	0	0	0.00208	0	0	0.021646	0	0.000947	0	0	0	0	0.00403	0	0	0.005899	0.003913	0	0	0.004636	0.001869	0	0	0.001865	0.013264	0	0.008166	0	0	0	0.000138	0	0	0	0	0	0	0	0	0	0	0.002899	0	0	0	0	0	0	0	0	0	0	0	0	0	0	0	0	0	0	0	0	0	0	0	0	0
Gordonibacter_pamelaeae	0	0	0.000259	0.00911	0.015007	0	0	0.008613	0	0	0.017411	0	0	0	0	0	0	0	0	0.018335	0	0.00423	0.003676	0	0	0.017965	0	0	0.009682	0.003801	0.007411	0	0	0	0	0	0	0	0	0	0	0	0	0	0	0	0	0	0	0	0	0	0	0	0	0	0	0	0.00155	0	0	0	0	0	0	0	0	0	0	0
GGB4684_SGB6478	0	0	0	5.610235	0	0	0	0	0	0	0	0	0	0	0	0	0	0	0.002074	0	0	0	0	0	0	0.055763	0	0	0	0	0.060993	0	0	0	0	0	0	0	0	0	0	0	0	0	0.062172	0	0	0	0	0	0	0	0	0	0	0	0	0	0	0	0	0	0	0	0	0	0	0	0	0
GGB4578_SGB6328	0	0	0	3.983346	0	0	0	0	0	0	0	1.7302	0	0	0.437682	0	0	0	0	0.012779	0	0	0	0	1.67191	0	0	0	0	0	0	0	0	0	0	0	0	0	0	0	0	0	0	0	2.221419	0	0	0	0	0	0	0	0	0	0	0	0	0	0	0	0	0	0	0	0	0	0	0	0	0
GGB87378_SGB6358	0	0	0	3.876965	0	0	0	0	0	0	0	0	0	0	0	0	0	0	0	0	0	0	0	0	0	0	0	0	0	0	0.055415	0	0	0	0	0	0	0	0	0	0	0	0	0	0.746482	0	0	0	0	0	0	0	0	0	0	0	0	0	0	0	0	0	0	0	0	0	0	0	0	0
Coprococcus_eutactus	0	0	0	3.240534	0	0	0	0.442104	0	1.478671	2.503296	0.523325	0	0	1.945735	0	0	0	2.976075	1.66256	0	0	0	0	14.863113	0	0.212635	0	0	0	3.984143	0	0	0	0	0	0	0	0	0	0	0	0	0	3.401512	0	0	0	0	0	0	0	0	0	0	0	0	0	0	0	0	0	0	0	0	0	0	0	0	0
GGB9758_SGB15368	0	0	0	2.271507	0	0	0	0	0	0.281801	0.383222	0.0006	0	0	0	0	0	0	3.311307	0.030014	0	0	0.146857	0	0.012863	0.717869	8.254964	0.000396	0	0	1.306239	0	0.051336	0	0	0	0	0	0	0	0	0	0	0	0.082372	0	0	0	0	0	0	0	0	0	0	0	0	0	0	0	0	0	0	0	0	0	0	0	0	0
GGB4683_SGB6473	0	0	0	2.083803	0	0	0	0	0	0	9.211477	0	0	0	0	0	0	0	0	0	0	0	0	0	0.062528	4.156214	0	0	0	0.006918	0	0	0	0	0	0	0	0	0	0	0	0	0	0	1.522556	0	0	0	0	0	0	0	0	0	0	0	0	0	0	0	0	0	0	0	0	0	0	0	0	0
GGB4552_SGB6276	0	0	0	2.065049	0.071104	0	0	0	0	1.022448	0	0.652981	0	0	0	0	0	0	0.016146	0	0	0	0	0	0.085895	2.55289	0	0	0	0	0.504401	0	0	0	0	0	0	0	0	0	0	0	0	0	0.620716	0	0	0	0	0	0	0	0.095622	0	0	0	0	0	0	0	0	0	0	0	0	0	0	0	0	0
Phocaeicola_coprocola	0	0	0	1.753456	8.639857	0	12.759966	0	0	10.284869	0	0.936068	0	0	0	0	0	0	1.165824	1.213563	0	0	0.374972	0	0	0	0	0	6.263203	0	0	0	8.478559	0.057326	0	0	0	1.297636	0	0	0	0	0	0	0	0	0	0	0	0	0.13886	0	0	0	0	0	0	0	0	0	0	6.75098	0	0	2.318219	0.004773	0.058573	0	0	0
GGB4599_SGB6362	0	0	0	1.737873	0	0	0	0	0	0	0	0	0	0	0	0	0	0	0	0	0	0	0	0	0	0	0	0	0	0	0	0	0	0	0	0	0	0	0	0	0	0	0	0	0	0	0	0	0	0	0	0	0	0	0	0	0	0	0	0	0	0	0	0	0	0	0	0	0	0
Roseburia_rectibacter	0	0	0	1.424901	0.140066	0	0	2.181	7.149186	0	0.11685	0	0	0	0	0	0.00595	0	0	1.263525	0.060348	0	0	0	0.714021	0	0	0	0	0.013095	0	0	0	0.102896	0	0	0	0	0	0	0	0	0	0	0	0	0	0	0	0	0	0	0	0	0	0	0	0	0	0	0	0	0	0	0	0	0	0	0	0
Clostridium_sp_AM49_4BH	0	0	0	1.41985	0.611621	0.780324	0	0	0	0.358401	0	0.050685	0	0	0.57162	0	0.145503	0	0	0.048333	0.001682	0	0.652254	0	0.076744	0.305461	0	0	0	0	0.470904	2.407645	0	0	0	0	0	0	0	0	0	0	0	0	0.451322	0	0	0	0	0	0	0	0	0	0	0	0	0	0.016125	0	0	0	0	0	0	0	0	0	0	0
Paraprevotella_clara	0	0	0	1.145044	0	0	0	0	2.247166	0.457931	0	0.093515	0	0	1.252546	0	0	0	0	1.83657	0.325111	0	0	0	0.011588	0	0	0	0	0.733183	0	0	0	0	0	0	0	0	0	0.01003	0	0	0	0	1.470683	0	0	0	0	0	0	0	0	0	0	0	0	0	0	0	0	0.668724	0	0	0	0	0	0	0	0
Holdemanella_biformis	0	0	0	0.813744	1.071324	0	0	0	0	0	0	0.381581	0	0	0	0	0	0.268793	0	0.100216	0	0	0	0	0	0	0	0	0	0	0	0	0	0	0	0	0	0	0	0	0	0	0	0	0	0	0	0	0	0	0	0	0	0	0	0	0	0	0	0	0	0	0	0	0	0	0	0	0	0
Lachnospiraceae_bacterium_AF75_07pH9A	0	0	0	0.704586	0	0	0	0.032854	0	0	0	0	0	0	0	0	0	0	0	0.732645	0	0	0	0	0	0	0.000711	0	0	0	1.636556	0	0	0	0	0	0	0	0	0	0	0	0	0	0	0	0	0	0	0	0	0	0	0	0	0	0	0	0	0	0	0	0	0	0	0	0	0	0	0
Faecalibacillus_faecis	0	0	0	0.603321	0	0	0	0.008167	0.003086	0	0	0	0	0	0	0	0	0	0.017174	0	0	0	1.074773	0	0	0	0	0	0	0	0.007898	0	0	0	0	0	0	0	0	0	0	0	0	0	0	0	0	0	0	0	0	0	0	0	0	0	0	0	0	0	0	0	0	0	0	0	0	0	0	0
GGB4584_SGB6338	0	0	0	0.594371	0	0	0	0	0	0	0	0	0	0	0	0	0	0	0	0	0	0	0	0	0	0	0	0	0	0	0.181769	0	0	0	0	0	0	0	0	0	0	0	0	0	0	0	0	0	0	0	0	0	0	0	0	0	0	0	0	0	0	0	0	0	0	0	0	0	0	0
GGB9634_SGB15106	0	0	0	0.558563	0	0	0	0	0	0.026098	0	0.049593	0	0	0	0	0	0	0	0	0	0	0	0	1.435564	0	0	0	0	0	0	0	0	0	0	0	0	0	0	0	0	0	0	0	0.639176	0	0	0	0	0	0	0	11.750411	0	0	0	2.915032	0	0	0	0	0	0	0	0	0	0	0	0	0
Oscillibacter_sp_MSJ_31	0	0	0	0.513042	2.03945	0	0	0.01426	0	0.171287	0	0.044248	0	0	0	0	0	0	0	0.016457	0	0	0	0	0.134793	0.790147	0	0	0	0.070151	0.013215	0	0	0	0	0	0	0.660064	0	0	0	0	0	0	0	0	0	0	0	0	0	0	0	0	0	0	0	0	0	0	0	0	0	0	0	0	0	0	0	0
Clostridium_sp_AF36_4	0	0	0	0.506634	0.455926	0	0	0	0	0	0.57385	0	0	0	1.750324	0	0	0	0	0	0	0	0	0	0	0.349628	0.000532	0	0.644309	0	0.233157	0	0	0	0	0	0	0	0	0	0	0	0	0	0.057401	0	0	0	0	0	0	0	0	0	0	0	0	0	0.020312	0	0	0	0	0	0	0	0	0	0	0
Holdemanella_porci	0	0	0	0.478563	0	0	0	0	0	0	0	0	0	0	0	0	0	0	0	0	0	0	0	0	0.057124	0	0	0	0	0	0	0	0	0	0	0	0	1.055214	0	0	0	0	0	0	0	0	0	0	0	0	0	0	0	0	0	0	0	0	0	0	0	0	0	0	0	0	0	0	0	0
GGB9730_SGB15291	0	0	0	0.373028	0.024745	0.030845	0	0.837926	0.677721	0.063592	0.009847	0.087729	0	0	0	0	0	0	0.171071	0.501441	0	0	0.351902	0	0.097947	0	0.092705	0	0.138765	0.508916	0.649768	0	0.050028	0.038385	0.063242	0	0	0	0	0	0	0	0	0	0.013063	0	0	0	0	0	0	0	0.046551	0	0	0	0	0	0	0	0	0	0	0	0	0	0	0	2.093849	0
Ruminococcaceae_bacterium_AM53_2BH	0	0	0	0.306649	0	0	0	0	0	0	0	0	0	0	0	0	0	0	0.306648	0	0	0	0	0	0	0	0	0	0	0	0.730075	0	0	0	0	0	0	0	0	0	0	0	0	0	0.061068	0	0	0	0	0	0	0	0	0	0	0	0	0	0	0	0	0	0	0	0	0	0	0	0	0
GGB3363_SGB4447	0	0	0	0.261298	0	0	0	0	0	0.374279	0	0	0	0	0	0	0	0	0	0.032672	0	0	0	0	0	0	0	0	0	0	0.1569	0	0.232417	0.399146	0	0	0	0	0	0	0	0	0	0	5.093866	0	0	0	0	0	0	0	0	0	0	0	0	0	0	0	0	0	0	0	0	0	0	0	0	0
GGB9813_SGB15447	0	0	0	0.260447	0	0	0	0	0	0	0	0	0	0	0	0	0	0	0	0	0	0	0	0.023132	0	0	0	0	0	0	0	0	0	0	0	0	0	0	0	0	0	0	0	0	0	0	0	0	0	0	0	0	0	0	0	0	0	0	0	0	0	0	0	0.024377	0	0	0	0	0	0
Parabacteroides_merdae	0	0	0	0.252633	0	0	0.526125	0.069583	0.075726	0.029757	0	0.372852	0	0	0.187299	0	0	0	0.014648	0.163892	0.220269	0.013282	0	0	0.405295	1.389118	0.046726	0	0	0.006416	0	0	0	0	0	0	0	0	0	0.130111	0	0	0	0	0.746264	0.647585	0.007295	0	0	0	0	0	1.149944	0	0	0	2.082913	0	0.361808	0	0	0.458484	0	0	0.066653	0	0.539921	0.668886	0.208798	0
Alistipes_senegalensis	0	0	0	0.225988	0	0.015544	0	0	0	0.007545	0	0	0	0	0	0	0	0	0	0	0	0	0	0	0.559506	0.04701	0	0	0	0.001254	0	0	0	0	0	0	0	0	0	0	0	0	0	0	0.055994	0	0	0	0	0	0	0	0	0	0	0	0	0	0.00485	0	0	0	0	0	0	0	0	0	0.029958	0
Oscillospiraceae_unclassified_SGB15252	0	0	0	0.208742	0	0	0	0.060895	0	0	0	0.026228	0	0	0	0	0	0	0	0	0	0	0	0	0	0	0	0	0	0	0	0	0	0	0	0	0	0	0	0	0	0	0	0	0	0	0	0	0	0	0	0	0	0	0	0	0	0	0	0	0	0	0	0	0	0	0	0	0	0
Roseburia_yibonii	0	0	0	0.183639	0	0	0	0	0	0	0	0	0	0	0	0	0	0	0	0	0	0	0	0	0.033648	0.071247	0.00227	0	0	0	0.334297	0	0	0	0	0	0	0	0	0	0	0	0	0	0	0	0	0	0	0	0	0	0	0	0	0	0	0	0	0	0	0	0	0	0	0	0	0	0	0
Eubacterium_siraeum	0	0	0	0.173624	0.083082	0	0	0	0	0	2.846604	0	0	0	0	0	0	0	0	0	0	0	0	0	0	0	0	0	0	0.82002	0	0	0	0	0	0	0	0	0	0	0	0	0	0	0.243035	0	0	0	0	0	0	0	0.32069	0	0	0	0	0	0.361226	0	0	0	0	0	0	0	0	0	0	0
Eubacterium_album	0	0	0	0.172039	0	0.00713	0	0	0	0	0	0.00203	0	0	0	0.19327	0	0	0	0	0	0	0	0	0	0.390008	0.00925	0	0.128797	0	0.025357	0	0	0	0.028254	0	0	0	0	0	0	0	0	0	0.081312	0	0	0	0	0	0	0	0.012266	0	0	0	0	0	0	0	0	0	0	0	0	0	0	0	0	0
Wujia_chipingensis	0	0	0	0.149929	0	0	0	0	0	0	0	0	0	0	0	0	0	0	0	1.778426	0.702164	0	0	0	0.940015	0.032301	0	0	0	0	0.290708	5.614662	0	0	0	0	0	0	0	0	0	0	0	0	0	0	0	0	0	0	0	0	0	0	0	0	0	0	0.18424	0	0	0	0	0	0	0	0	0	0	0
Barnesiella_intestinihominis	0	0	0	0.149437	0	0	0	0.006125	0	0	0	0.197016	0	0.802083	0	0	0	0	0.065003	0.095503	0	0	0	0	0.025191	0	0	0	0.177403	0.105307	0	0	0	0	0	0	0	0	0	0	0	0	0	0	1.749441	0	0	0	0	0	0	0	0	0	0	0	0	0	0.029222	0	0	0	0	0	0	0	0	0	0	0
GGB1148_SGB1475	0	0	0	0.145546	0	0	0	0	0	0	0	0	0	0	0	0	0	0	0	0	0	0	0	0	0.264872	0	0	0	0	0	0	0	0	0	0	0	0	0	0	0	0	0	0	0	0	0	0	0	0	0	0	0	0	0	0	0	0	0	0	0	0	0	0	0	0	0	0	0	0	0
GGB3130_SGB4143	0	0	0	0.145434	0	0	0	0	0	0	0	0	0	0	0	0	0	0	0	0	0	0	0	0	0	0	0	0	0	0	0	0	0	0	0	0	0	0	0	0	0	0	0	0	0	0	0	0	0	0	0	0	0	0	0	0	0	0	0	0	0	0	0	0	0	0	0	0	0	0
Alistipes_ihumii	0	0	0	0.138819	0	0	0	0	0	0	0	0.009907	0	0	0	0	0	0	0	0	0.000932	0.189268	0	0	0.09634	0	0	0	0	0	0	0	0	0	0	0	0	0	0	0	0	0	0	0	0.019309	0	0	0	0	0	0	0	0	0	0	0	0	0	0.145907	0	0	0	0	0	0	0	0	0	0	0
GGB3619_SGB4894	0	0	0	0.136893	0.378213	0	0	0	0	0	0.051266	0.081729	0	0	0	0	0	0	0	0	0	0	0	0	0	0	0.067612	0	0	0	0.007238	0	0	0	0	0	0	0	0	0	0	0	0	0	0	0	0	0	0	0	0	0	0	0	0	0	0	0	0	0	0	0	0	0	0	0	0	0	0	0
Alistipes_hominis	0	0	0	0.135766	0.190039	0	0	0.128042	0	0.008107	0.627402	0.008647	0	0	0	0	0	0	0.01368	0.013172	0.010224	0	0.010613	0	0.172521	0.037629	0	0	0.008098	0.223944	0	0	0	0	0	0	0	0	0	0	0	0	0	0	0	0	0	0	0	0	0	0	0	0	0	0	0	0	0	0	0	0	0	0	0	0	0	0	0	0
Blautia_glucerasea	0	0	0	0.12509	0.13575	0.126381	0	0.152712	0.016349	0	0	0.01683	0	0	0	0	0	0.002281	1.067638	0.300927	0.055484	0.002339	0.08823	0.118403	0.143757	0.166904	0.003961	0	0.003186	0.038722	0.286293	0	0.125145	0	0	0	0	0.269346	0	0	0	0	0	0	0.002465	0.0263	0	0	0	0	0	0	0.05542	0	0	0	0.212823	0	0	0	0	0	0	0	0	0	0	0	0.057291	0
Lachnospira_hominis_ex_Liu_et_al_2021	0	0	0	0.124152	0	0.437512	6.694192	0	0	0.520459	1.888951	0.2563	0	0	1.592914	0	0.572351	0	1.486089	0.031417	0.018674	0	0	0	0.008628	0.125622	0	0	0.372118	0	0.110135	0	0	0	0	0	0	0	0	0	0	0	0	0	0.435153	0	0	0	0	0	0	0	0.224931	0	0	0	0	0	0	0	0	0	0	0	0	0	0	0	0	0
GGB9760_SGB15374	0	0	0	0.112047	0	0	0	0.277583	0	0	0.04734	0	0	0	0	0	0	0	0.170384	0.087749	0	0	0.144253	0	0.019425	0	0	0	0	0	0	0	0	0	0	0	0	0	0	0	0	0	0	0	0	0	0	0	0	0	0	0	0	0	0	0	0	0	0	0	0	0	0	0	0	0	0	0	0	0
GGB9690_SGB15196	0	0	0	0.110077	0	0	0	0	0	0	0	0.017401	0	0	0	0	0	0	0	0	0	0	0	0	0	0	0	0	0	0	0	0	0	0	0	0	0	0	0	0	0	0	0	0	0.038508	0	0	0	0	0	0	0	0	0	0	0	0	0	0	0	0	0	0	0	0	0	0	0	0	0
GGB47687_SGB2286	0	0	0	0.106604	0	0	0	0	0	0	0	0	0	0	0	0	0	0	0	0	0	0	0	0	0	0	0	0	0	0	0	0	0	0	0	0	0	0	0	0	0	0	0	0	0	0	0	0	0	0	0	0	0	0	0	0	0	0	0	0	0	0	0	0	0	0	0	0	0	0
Phocaeicola_massiliensis	0	0	0	0.104579	0	0	0.398099	0.210978	0	0.594355	0	1.288477	0	0	1.148766	0	0	0	1.491931	0.106434	0	0	0	0	0	1.991705	0	0	0	2.442289	0	5.479536	0	0	0	0	0	0	0	0	0	0	0	0	0	0	0	0	0	0	0	0	0.031696	0	0	0	0	0	0	0	0	0.928983	0	0	12.067772	0.054661	0	0	0.141028	0
Oscillospiraceae_unclassified_SGB15257	0	0	0	0.100562	0	0	0	0	0	0	0	0	0	0	0	0	0	0	0	0	0	0	0	0	0	0	0	0	0	0	0	0	0	0	0	0	0	0	0	0	0	0	0	0	0	0	0	0	0	0	0	0	0	0	0	0	0	0	0	0	0	0	0	0	0	0	0	0	0	0
GGB3345_SGB4425	0	0	0	0.096676	0.758381	0	0	0	0	0	0.214319	0	0	0	0	0	0	0	0	0	0	0	1.813278	0	0.53246	0.375792	0	0	0	0	0	0	0	0	0	0	0	0	0	0	0	0	0	0	0.058552	0	0	0	0	0	0	0	0	0	0	0	0	0	0	0	0	0	0	0	0	0	0	0	0	0
GGB3653_SGB4964	0	0	0	0.094877	0	0	0	0	0	0	0.030431	0.026783	0	0	0	0	0	0	0.003669	0	0	0	0	0	0.120989	0.079649	0.001935	0	0	0	0.017909	0	0	0	0	0	0	0	0	0	0	0	0	0	0.054958	0	0	0	0	0	0.006223	0	0	0	0	0	0	0	0	0	0	0	0	0	0	0	0	0	0	0
Roseburia_lenta	0	0	0	0.085889	0.069777	0	0.276573	0.432688	0	0.05614	0.016894	0.014139	0	0	0	0	0	0	0	1.029834	0.319173	0	0	0	0.276408	0	0.019101	0	0	0.181833	0.409471	1.158131	0.346304	0.014893	0	0	0	0.243125	0	0	0	0	0	0	0	0	0	0	0	0	0	0	0.025961	0	0	0	0	0	0.038613	0	0	0	0	0	0	0	0	0	0.193596	0
GGB9767_SGB15384	0	0	0	0.082558	0	0	0	0	0	0	0	0	0	0	0	0	0	0	0	0	0	0	0	0	0	0.242504	0	0	0	0	0	0	0	0	0	0	0	0	0	0	0	0	0	0	0	0	0	0	0	0	0	0	0	0	0	0	0	0	0	0	0	0	0	0	0	0	0	0	0	0
Bifidobacterium_adolescentis	0	0	0	0.081295	0	0	0	0.15157	0	0	0	0.005403	0	0	0	0	0	0	0	0	0	0	0	0	0	0	0	0	0	0	0	0	0	0.035685	0	0	0	0	0	0	0	0	0	0	0	0	0	0	0	0	0	0	0	0	0	0	0	0	0	0	0	0	0	0	0	0	0	0	0	0
Bacteroides_intestinalis	0	0	0	0.080048	0.135535	0	0	0	0.224164	0.032403	0.636764	0	0	0	0.255517	0.00249	0	0	0.358765	0.004485	0	0.19893	0	1.424188	0.099829	0.517173	1.807329	0.031481	0	0.001602	1.422851	0.252281	0.002258	0	0.178024	0	0	0	0	0	0	0	0	0	0.016381	0	0	0	0	0	0	0	0.459706	0	0	0	0	0	0	0	0	0	0	0	0	0	0	0	0	0
Blautia_schinkii	0	0	0	0.077726	0	0	0	0	0	0	0	0	0	0	0	0	0	0	0	0	0.031491	0	0	0	0	0	0	0	0	0	0	0	0	0	0	0	0	0	0	0	0	0	0	0	0	0	0	0	0	0	0	0	0	0	0	0	0	0	0	0	0	0	0	0	0	0	0	0	0	0
Butyricimonas_faecalis	0	0	0	0.07529	0	0	0	0	0	0	0	0.113598	0	0	0	0	0	0	0	0	0.004791	0	0	0	0	0	0	0	0	0	0	0	0	0	0	0	0	0	0	0	0	0	0	0	0	0	0	0	0	0	0	0	0	0	0	0	0	0	0	0	0	0	0	0	0	0	0	0	0	0
GGB38239_SGB47716	0	0	0	0.058528	0	0	0	0	0	0	0	0	0	0	0	0	0	0	0	0	0	0	0	0	0	0	0	0	0	0	0	0	0	0	0	0	0	0	0	0	0	0	0	0	0.012691	0	0	0	0	0	0	0	0	0	0	0	0	0	0	0	0	0	0	0	0	0	0	0	0	0
GGB39037_SGB4393	0	0	0	0.053777	0	0	0	0	0	0	0	0	0	0	0	0	0	0	0	0	0	0	0	0	0	0	0	0	0	0	0	0	0	0	0	0	0	0	0	0	0	0	0	0	0	0	0	0	0	0	0	0	0	0	0	0	0	0	0	0	0	0	0	0	0	0	0	0	0	0
Agathobaculum_SGB14990	0	0	0	0.051513	0	0	0	0	0	0	0	0	0	0	0	0	0	0	0	0.178646	0.241937	0	0	0	0	0.032526	0	0	0	0	0	0	0	0	0	0	0	0	0	0	0	0	0	0	0.025755	0	0	0	0	0	0	0	0	0	0	0	0	0	0	0	0	0	0	0	0	0	0	0	0	0
Dorea_hominis	0	0	0	0.050367	0	0	0	0	0	0	0	0	0	0	0	0	0	0	0	0.052972	0	0	0	0	0	0	0	0	0	0	0	0	0	0	0	0	0	0	0	0	0	0	0	0	0.037249	0	0	0	0	0	0	0	0	0	0	0	0	0	0	0	0	0	0	0	0	0	0	0	0	0
Oscillospiraceae_unclassified_SGB15256	0	0	0	0.048498	0	0	0	0	0	0	0	0	0	0	0	0	0	0	0	0	0	0	0	0	0.119912	0	0	0	0	0	0	0	0	0	0	0	0	0	0	0	0	0	0	0	0	0	0	0	0	0	0	0	0	0	0	0	0	0	0	0	0	0	0	0	0	0	0	0	0	0
Fumia_SGB3581	0	0	0	0.046841	0	0.003346	0	0	0	0	0	0	0	0	0	0	0	0	0	0	0	0	0	0	0.003537	0	0	0	0	0.028832	0	0	0	0	0	0	0	0	0	0	0	0	0	0	0	0	0	0	0	0	0	0	0	0	0	0	0	0	0	0	0	0	0	0	0	0	0	0	0	0
Bacteroides_eggerthii	0	0	0	0.046341	0	0	0	0	0	0.251475	0	0	0	0	0	0	0	0	0	0	0	0	0.007468	0	0.023975	0	0	0	0	0	0	0	0	0	0	0	0	0	0	0	0	0	0	0	0	0	0	0	0	0	0.017773	0	3.193586	0	0	0	0	0	0	0	0	0.162255	0	0	0	0	0.006026	0	0	0
Blautia_faecicola	0	0	0	0.044144	0	0	0	0	0	0	0.018884	0.010843	0	0	0	0	0	0	0	0	0	0	0.332897	0	0	0.048896	0	0	0	0	0.049562	0	0	0.005175	0	0	0	0	0	0	0	0	0	0	0	0	0	0	0	0	0	0	0	0	0	0	0	0	0	0	0	0	0	0	0	0	0	0	0.009295	0
Megamonas_funiformis	0	0	0	0.0438	0	2.368589	0	0	0	0	1.10612	0.156661	0	0	0	0	0	0	0	0	0	9.483146	0	0	0	0.9213	0	0	0	0	0	0	0	31.791345	0	0	0	0	0	32.338719	0.002349	0	0	5.815065	1.647046	0	0	0	0	0	0.017225	0	0	0	0	0	0.040459	0	0	0.01822	6.966223	22.459443	11.220594	0	0.737001	0	0	0	0	0
GGB34797_SGB14321	0	0	0	0.042717	0	0	0	0	0	0	0	0	0	0	0	0	0	0	0	0	0	0	0	0	0.001399	0	0	0	0	0	0	0	0	0	0	0	0	0	0	0	0	0	0	0	0	0	0	0	0	0	0	0	0	0	0	0	0	0	0	0	0	0	0	0	0	0	0	0	0	0
Bianquea_renquensis	0	0	0	0.035305	0	0	0	0	0	0	0.004523	0	0	0	0	0	0	0	0	0	0	0	0	0	0.00455	0.000575	0	0	0	0	0	0	0	0	0	0	0	0	0	0	0	0	0	0	0.001799	0	0	0	0	0	0	0	0	0	0	0	0	0	0.020445	0.08252	0	0	0	0	0	0	0	0	0	0
GGB9511_SGB14908	0	0	0	0.033059	0	0	0	0	0	0	0	0	0	0	0	0	0	0	0	0	0	0	0	0	0	0	0	0	0	0	0	0	0	0	0	0	0	0	0	0	0	0	0	0	0	0	0	0	0	0	0	0	0	0	0	0	0	0	0	0	0	0	0	0	0	0	0	0	0	0
Ruminococcus_bovis	0	0	0	0.030539	1.197189	0	0	0	0	0.543932	0	0	0	0	0	0	0	0	0	0	0	0.186375	0	0	0	0	0	0	0	0	0	0	0.04864	0	0	0	0	0	0	0	0	0	0	0	0	0	0	0	0	0	0	0	0	0	0	0	0	0	0	0	0	0	0	0	0	0	0	0	0	0
GGB9603_SGB15035	0	0	0	0.030372	0	0	0	0	0	0	0	0	0	0	0	0	0	0	0	0	0	0	0	0	0	0	0	0	0	0	0	0	0	0	0	0	0	0	0	0	0	0	0	0	0	0	0	0	0	0	0	0	0	0	0	0	0	0	0	0	0	0	0	0	0	0	0	0	0	0
GGB143455_SGB15015	0	0	0	0.030202	0	0	0	0.568743	0	0	0	0.025853	0	0	0	0	0	0	0.743784	0.081925	0	0	0	0	0.21731	0	0	0	0	0.13547	0	0	0	0	0	0	0	0.004022	0	0	0	0	0	0	0	0	0	0	0	0	0	0	0	0	0	0	0	0	0	0	0	0	0	0	0	0	0	0	0	0
GGB3061_SGB4063	0	0	0	0.028878	0	0	0	0	0	0	0	0	0	0	0	0	0	0	0	0	0	0	0	0	0	0.029743	0	0	0	0	0	0	0	0	0	0	0	0	0	0	0	0	0	0	0	0	0	0	0	0	0	0	0	0	0	0	0	0	0	0	0	0	0	0	0	0	0	0	0	0
GGB4884_SGB6823	0	0	0	0.027548	0	0	0	0	0	0	0	0	0	0	0	0	0	0	0	0	0	0	0	0	0	0	0	0	0	0	0	0	0	0	0	0	0	0	0	0	0	0	0	0	0	0	0	0	0	0	0	0	0	0	0	0	0	0	0	0	0	0	0	0	0	0	0	0	0	0
GGB9790_SGB15413	0	0	0	0.025349	0	0	0	0	0	0	0	0	0	0	0	0	0	0	0	0	0	0	0	0	0	0	0	0	0	0	0	0	0	0	0	0	0	0	0	0	0	0	0	0	0	0	0	0	0	0	0	0	0	0	0	0	0	0	0	0	0	0	0	0	0	0	0	0	0	0
Fenollaria_massiliensis	0	0	0	0.025016	0	0	0	0	0	0	0	0	0	0	0	0	0	0	0	0	0	0	0	0	0	0	0	0	0	0	0	0	0	0	0	0	0	0	0	0	0	0	0	0	0	0	0	0	0	0	0	0	0	0	0	0	0	0	0	0	0	0	0	0	0	0	0	0	0	0
GGB9618_SGB15065	0	0	0	0.022995	0	0	0	0	0	0	0	0	0	0	0	0	0	0	0	0	0	0	0	0	0	0	0	0	0	0	0	0	0	0	0	0	0	0	0	0	0	0	0	0	0	0	0	0	0	0	0	0	0	0	0	0	0	0	0	0	0	0	0	0	0	0	0	0	0	0
Clostridium_perfringens	0	0	0	0.02226	0	0	0	0	0	0	0	0	0	0	0	0	0	0	0	0	0	0	0	0	0	0	0	0	0	0	0	0	0	0	0	0	0	0	0	0	0	0	0	0	0	0	0	0	0	0	0	0	0	0	0	0	0	0	0.066731	0	0	0	0	0.089073	0	0	0	0	0	0
Ruminococcaceae_bacterium_AF68_02b2A	0	0	0	0.02214	0	0.326801	0	0.14224	0	0.416695	0	0.033731	0	0	0.215814	0	0	0	2.421531	0.382979	0.128796	0	0	0	0	0.003331	0	0	0	0	0	0	0	0	0	0	0	0	0	0	0	0	0	0	0.029133	0	0	0	0	0	0	0	0	0	0	0	0	0	0.01836	0	0	0	0	0	0	0	0	0	0	0
Ruminococcus_hominis	0	0	0	0.021945	0.295398	0	0.087601	0.009949	0	0	0	0.00603	0	0	0	0	0	0.009421	0.047045	0.013293	0.164231	0	0	0	0.017793	0.003651	0	0	0	0.018801	0.071161	0	0.097867	0	0	0	0	0	0	0	0	0	0	0	0.032203	0	0	0	0	0	0	0	0	0	0	0	0	0	0	0	0	0	0	0	0	0	0	0	0	0
Lachnospiraceae_bacterium	0	0	0	0.021942	0.002733	0	0.001063	0.047932	0	0	0.007758	0.012641	0	0	0	0.023353	0	0	0.024299	0.041025	0	0.000496	0.012115	0	0.027045	0.053077	0.027703	0	0.008268	0.046576	0.024685	0	0	0.018473	0	0	0	0	0	0	0	0	0	0	0.008833	0	0	0	0	0	0	0	0.039547	0	0	0	0	0	0	0.03173	0	0	0	0	0	0	0	0	0.019934	0
Sutterella_wadsworthensis	0	0	0	0.020297	0	0	0	0	0	0	0	0.501391	0	0	0	0	0	0	0	0	0.592683	0	0.139297	0	0.204841	0	0	0	0	0	0.317552	0	0	0	0	0	0	0	0	0	0	0	0	0	0	0.066564	0	0	0	0	0	0	0	0.029066	0	0	0	0	0	0	0	0	0	0	0	0	0	2.455257	0	0
Anaerobutyricum_soehngenii	0	0	0	0.018751	0	0	0.179927	0.248138	0	0	0.112287	0.030325	0	0.012072	0.731106	0.220316	0.246325	0	0.096293	0.390397	0.342708	0	0.229596	0.067145	0.034111	0.005304	0	0	0.020709	0	0.278653	0	0.193922	0	0.05333	0	0	0	0	0.007425	0	0	0	0	0	0	0	0	0	0	0	0	0.589028	0	0	0	0	0	0	0	0	0	0	0	0	0	0	0	0	0
GGB3612_SGB4882	0	0	0	0.018478	0	0	0	0	0	0.001249	0	0	0	0	0	0	0	0	0.843671	0	0	0	0	0	0	0	0.073864	0	0	0	1.158045	0	0	0	0	0	0	0	0	0	0	0	0	0	0	0	0	0	0	0	0	0	0	0	0	0	0	0	0	0	0	0	0	0	0	0	0	0	0	0
Phascolarctobacterium_SGB5790	0	0	0	0.01722	0	0	0	0	0	0	0	0	0	0	0	0	0	0	0	0	0	0	0	0	0	0	0	0	0	0	0	0	0	0	0	0	0	0	0	0	0	0	0	0	0	0	0	0	0	0	0	0	0	0	0	0	0	0	0	0	0	0	0	0	0	0	0	0	0	0
GGB1455_SGB2018	0	0	0	0.015002	0	0	0	0	0	0	0	0	0	0	0	0	0	0	0	0	0	0	0	0	0	0	0	0	0	0	0	0	0	0	0	0	0	0	0	0	0	0	0	0	0	0	0	0	0	0	0	0	0	0	0	0	0	0	0	0	0	0	0	0	0	0	0	0	0	0
GGB3588_SGB4808	0	0	0	0.014629	0	0	0	0	0	0	0	0	0	0	0	0	0	0	0	0	0	0	0	0	0	0	0	0	0	0	0	0	0	0	0	0	0	0	0	0	0	0	0	0	0	0	0	0	0	0	0	0	0	0	0	0	0	0	0	0	0	0	0	0	0	0	0	0	0	0
GGB9708_SGB15234	0	0	0	0.014489	0	0	0	0	0.011098	0.076822	0	0.082072	0	0	0	0	0	0	0	0	0	0	0	0	0.064831	0.183538	0	0	0	0.007845	0	0	0	0	0	0	0	0.389354	0	0	0	0	0	0	0.221407	0	0	0	0	0	0	0	0	0	0	0	0	0	0.557631	0	0	0	0	0	0	0	0	0	0	0
GGB4456_SGB6141	0	0	0	0.01228	0	0.025368	0	0	0	0.003278	0.011335	0	0	0	0	0	0	0	0.012025	0	0	0	0	0	0	0	0	0	0	0	0	0	0.00074	0	0	0	0	0	0	0	0	0	0	0	0	0	0	0	0	0	0	0	0	0	0	0	0	0	0.108734	0	0	0	0	0	0	0	0	0	0	0
GGB51441_SGB71759	0	0	0	0.010936	0	0	0	0.009688	0	0	0	0	0	0	0	0	0	0	0.010972	0.002842	0	0.001171	0	0	0.026819	0.010696	0.005967	0	0.038075	0.039453	0	0	0.02002	0.008829	0	0	0	0	0	0	0	0	0	0	0.008499	0	0	0	0	0	0	0	0	0	0	0	0	0	0	0	0	0	0	0	0	0	0	0	0	0
GGB40607_SGB47179	0	0	0	0.010674	0	0	0	0	0	0	0	0	0	0	0	0	0	0	0	0	0	0	0	0	0	0	0	0	0	0	0	0	0	0	0	0	0	0	0	0	0	0	0	0	0	0	0	0	0	0	0	0	0	0	0	0	0	0	0	0	0	0	0	0	0	0	0	0	0	0
Oliverpabstia_intestinalis	0	0	0	0.00953	0.068044	0.176669	0	0	0	0	0	0.021155	0	0.124031	0	0	0	0	0	0.043934	0.032323	0	0.218653	0	0.069975	0	0.001594	0	0.277642	0	0	0	0.051469	0.003683	0	0	0	0	0	0	0	0	0	0	0.031361	0	0	0	0	0	0	0	0.102764	0	0	0	0	0	0	0	0	0	0	0	0	0	0	0	0	0
Pseudoflavonifractor_SGB15019	0	0	0	0.008649	0	0	0	0.13307	0	0	0	0.013001	0	0	0	0	0	0	0	0	0	0	0	0	0	0	0	0	0	0.036381	0	0	0	0	0	0	0	0	0	0	0	0	0	0	0.178894	0	0	0	0	0	0	0	0.534495	0	0	0	0	0	0	0	0	0	0	0	0	0	0	0	0	0
Porphyromonas_uenonis	0	0	0	0.008426	0	0	0	0	0	0	0	0	0	0	0	0	0	0	0	0	0	0	0	0	0	0	0	0	0	0	0	0	0	0	0	0	0	0	0	0	0	0	0	0	0	0	0	0	0	0	0	0	0	0	0	0	0	0	0	0	0	0	0	0	0	0	0	0	0	0
Dysosmobacter_SGB15051	0	0	0	0.008106	0	0	0	0	0	0	0	0.077675	0	0	0	0	0	0	0	0	0	0	0	0	0	0.001685	0.08464	0	0	0	0.009381	0	0	0	0	0	0	0	0	0	0	0	0	0	0	0	0	0	0	0	0	0	0.111074	0	0	0	0	0	0	0	0	0	0	0	0	0	0	0	0.01547	0
Blautia_sp_OF03_15BH	0	0	0	0.007881	0	0	0	0.07639	0	0	0	0	0	0	0	0	0	0	0	0.016409	0	0	0.026866	0	0.010593	0	0	0	0	0	0.001163	0	0	0.008137	0	0	0	0	0	0	0	0	0	0	0	0	0	0	0	0	0	0	0	0	0	0	0	0	0	0	0	0	0	0	0	0	0	0	0	0
Gemmiger_SGB15295	0	0	0	0.007492	0	0	0	0	0	0	0	0	0	0	0	0	0	0	0	0.074962	0	0	2.425466	0	0	0	0	0	0	0	0	0	0	0	0	0	0	0	0	0	0	0	0	0	0	12.666345	0	0	0	0	0	0	0	0	0	0	0.184804	0	0	0	0	0	0	0	0	0	0	0	0	0
GGB34228_SGB72916	0	0	0	0.00716	0	0	0	0	0	0	0	0	0	0	0	0	0	0	0	0.000324	0	0	0	0	0	0	0	0	0	0.005869	0	0	0	0	0	0	0	0	0	0	0	0	0	0	0	0	0	0	0	0	0	0	0	0	0	0	0	0	0	0	0	0	0	0	0	0	0	0	0	0
Clostridium_saudiense	0	0	0	0.006651	0	0.069435	0	0	0	0	0.002555	0	0	0	0	0	0.00091	0	0	0	0	0	0	0	0	0	0	0	0	0	0	0	0	0	0	0	0	0	0	0	0	0	0	0	0.004437	0	0	0	0	0	0	0	0	0	0	0	0	0	0.04044	0	0	0	0	0.041698	0	0	0	0	0	0
TM7_phylum_sp_oral_taxon_348	0	0	0	0.006212	0	0	0	0	0	0	0	0	0	0	0	0	0	0	0	0	0	0	0	0	0	0	0	0	0	0	0	0	0	0	0.00886	0	0	0	0	0	0	0	0	0	0	0	0	0	0	0.001405	0	0	0	0	0	0	0	0	0.013558	0	0	0	0	0.093479	0	0	0	0	0	0
GGB9237_SGB14179	0	0	0	0.006066	0.000757	0.051739	0	0	0	0	0	0	0	0	0	0	0	0	0	0	0	0	0	0	0.001751	0	0	0	0	0	0	0	0	0	0	0	0	0	0	0	0	0	0	0	0.023705	0	0	0	0	0	0	0	0	0	0	0	0	0	0.041036	0	0	0	0	0	0	0	0	0	0	0
Hoylesella_buccalis	0	0	0	0.005822	0	0	0	0	0	0	0	0	0	0	0	0	0	0	0	0	0	0	0	0	0	0	0	0	0	0	0	0	0	0	0	0	0	0	0	0	0	0	0	0	0	0	0	0	0	0	0	0	0	0	0	0	0	0	0	0	0	0	0	0	0	0	0	0	0	0
GGB9719_SGB15272	0	0	0	0.005717	0	0	0	0	0	0	0.028681	0	0	0	0	0	0	0	0	0	0	0	0	0	0	0	0	0	0	0.070073	0	0	0	0	0	0	0	0	0	0	0	0	0	0	0	0	0	0	0	0	0	0	0	0	0	0	0.547795	0	0.017587	0	0	0	0	0	0	0	0	0	0	0
Porphyromonas_bennonis	0	0	0	0.005634	0	0	0	0	0	0	0	0	0	0	0	0	0	0	0	0	0	0	0	0	0	0	0	0	0	0	0	0	0	0	0	0	0	0	0	0	0	0	0	0	0	0	0	0	0	0	0	0	0	0	0	0	0	0	0	0	0	0	0	0	0	0	0	0	0	0
Ezakiella_SGB6726	0	0	0	0.005173	0	0	0	0	0	0	0	0	0	0	0	0	0	0	0	0	0	0	0	0	0	0	0	0	0	0	0	0	0	0	0	0	0	0	0	0	0	0	0	0	0	0	0	0	0	0	0	0	0	0	0	0	0	0	0	0	0	0	0	0	0	0	0	0	0	0
GGB51884_SGB49168	0	0	0	0.00459	0	0	0	0	0.068257	0	0	0	0	0	0	0	0	0	0.002681	0	0	0	0	0	0	0.021754	0	0	0	0	0	0	0	0	0	0	0	0.101337	0	0	0	0	0	0	0	0	0	0	0	0	0	0	0	0	0	0	0	0	0	0	0	0	0	0	0	0	0	0	0	0
GGB9708_SGB15236	0	0	0	0.003749	0	0	0	0	0	0.004513	0	0	0	0	0	0	0	0	0	0	0	0	0	0	0.005561	1.006056	0	0	0.016123	0	0	0	0	0	0	0	0	0	0	0	0	0	0	0	0.195209	0	0	0	0	0	0	0	0	0	0	0	0	0	0.869765	0	0	0	0	0	0	0	0	0	0	0
GGB3429_SGB71706	0	0	0	0.003746	0	0	0	0	0	0	0	0	0	0	0	0	0	0	0	0	0	0	0	0	0	0	0	0	0	0	0	0	0	0	0	0	0	0	0	0	0	0	0	0	0	0	0	0	0	0	0	0	0	0	0	0	0	0	0	0	0	0	0	0	0	0	0	0	0	0
Lachnospiraceae_bacterium_AM97_28	0	0	0	0.003631	0	0	0.085868	0	0	0	0.009297	0	0	0	0	0	0	0	0	0	0	0	1.792354	0	0	0.022641	0	0	0	0	0	0	0	0	0	0	0	0	0	0	0	0	0	0	0	0	0	0	0	0	0	0	0	0	0	0	0	0	0	0	0	0	0	0	0	0	0	0	0	0
GGB9707_SGB15229	0	0	0	0.003472	0	0	0	0.012573	0	0	0	0.02815	0	0	0	0	0	0	0.244542	0.019694	0	0	0	0	0.03356	0	0	0	0.087782	0	0	0	0	0	0	0	0	0	0	0	0	0	0	0	0.03419	0	0	0	0	0	0	0	0	0	0	0	0	0	0.001333	0	0	0	0	0	0	0	0	0	0	0
GGB51431_SGB71744	0	0	0	0.003345	0	0	0	0	0	0	0	0	0	0	0	0	0	0	0	0	0	0	0	0	0	0	0	0	0	0	0	0	0	0	0	0	0	0	0	0	0	0	0	0	0	0	0	0	0	0	0	0	0	0	0	0	0	0	0	0	0	0	0	0	0	0	0	0	0	0
Hydrogenoanaerobacterium_saccharovorans	0	0	0	0.003214	0.027706	0.056965	0	0	0	0.056455	0.050763	0	0	0	0	0	0	0	0.052269	0	0.024987	0	0	0	0	0.004595	0.029714	0	0	0.014435	0.01472	0	0	0.210617	0	0	0	0.033221	0	0	0	0	0	0	0	0	0	0.163814	0	0	0	0	0.018928	0	0.056629	0	0	0	0.013954	0	0	0	0	0	0	0	0	0	0.002083	0
Intestinimonas_sp_MSJ_38	0	0	0	0.00302	0	0	0	0.003077	0	0	0	0.012294	0	0	0	0	0	0	0	0	0	0	0	0	0.000196	0	0.048457	0	0	0	0	0.003949	0	0	0	0	0	0	2.085929	0	0	0	0	0	0	0	0	0	0	0	0	0	0	0	0	0	0	0	0	0	0	0	0	0	0	0	0	0	0	0
GGB9444_SGB14834	0	0	0	0.002371	0	0.012733	0	0	0	0	0	0.015068	0	0	0	0	0	0	0	0	0	0	0	0	0	0	0	0	0	0	0	0	0	0	0	0	0	0	0	0	0	0	0	0	0	0	0	0	0	0	0	0	0	0	0	0	0	0	0	0	0	0	0	0	0	0	0	0	0	0
Lawsonibacter_faecis	0	0	0	0.002284	0	0	0	0	0	0	0	0	0	0	0	0	0	0	0	0	0	0	0	0	0	0	0	0	0	0	0	0	0	0	0	0	0	0	0	0	0	0	0	0	0	0	0	0	0	0	0	0	0.024683	0	0	0	0	0	0	0	0	0	0	0	0	0	0	0	0	0
Butyribacter_intestini	0	0	0	0.002179	0.031554	0	0	0	0	0	0.106441	0	0	0	0	0	0	0	0	0	0	0	0	0	0	0.002813	0.014332	0	0	0	0	0	0	0	0	0	0	0	0	0	0	0	0	0	0	0	0	0	0	0	0	0	0	0	0	0	0	0	0	0	0	0	0	0	0	0	0	0	0	0
Prevotella_corporis	0	0	0	0.002147	0	0	0	0	0	0	0	0	0	0	0	0	0	0	0	0	0	0	0	0	0.011175	0	0	0	0	0	0	0	0	0	0	0	0	0	0	0	0	0	0	0	0	0	0	0	0	0	0.009744	0	0	0	0	0	0	0	0	0	0	0	0	0	0	0	0	0	0	0
GGB9522_SGB14921	0	0	0	0.002028	0	0	0	0	0	0	0	0	0	0	0	0	0	0	0	0	0	0	0	0	0.005255	0	0	0	0	0.024528	0	0	0	0	0	0	0	0	0	0	0	0	0	0	0	0	0	0	0	0	0	0	0	0	0	0	0	0	0	0	0	0	0	0	0	0	0	0	0	0
GGB36267_SGB14177	0	0	0	0.001537	0	0	0	0	0	0	0.199969	0	0	0	0	0	0	0	0	0	0	0	0	0	0.002419	0.017805	0.059896	0	0	0	0	0	0	0	0	0	0	0	0	0	0	0	0	0	0.029537	0	0	0	0	0	0	0	0	0	0	0	0	0	0.032352	0	0	0	0	0	0	0	0	0	0	0
GGB2983_SGB3965	0	0	0	0.000996	0	0	0	0	0	0	0	0	0	0	0	0	0	0	0	0	0	0	0	0	0	0	0	0	0	0	0	0	0	0	0	0	0	0	0	0	0	0	0	0	0	0	0	0	0	0	0	0	0	0	0	0	0	0	0	0	0	0	0	0	0	0	0	0	0	0
GGB3288_SGB4342	0	0	0	0.000996	0	0	0	0	0	0	0	0	0	0	0	0	0	0	0	0	0	0	0	0	0.053601	0.082963	0	0	0	0	0	0	0	0	0	0	0	0	0	0	0	0	0	0	0	0	0	0	0	0	0	0	0	0	0	0	0	0	0	0	0	0	0	0	0	0	0	0	0	0
GGB2652_SGB3573	0	0	0	0.000449	0	0	0	0	0	0	0	0.022218	0	0	0	0	0	0	0	0	0	0	0	0	0	0	0	0	0	0	0	0	0	0	0	0	0	0	0	0	0	0	0	0	0.003586	0	0	0	0	0	0	0	0	0	0	0	0	0	0	0	0	0	0	0	0	0	0	0	0	0
GGB9590_SGB15012	0	0	0	0.000326	0	0	0	0	0	0	0	0	0	0	0	0	0	0	0	0	0	0	0	0	0	0	0	0	0	0	0	0	0	0	0	0	0	0	0	0	0	0	0	0	0	0	0	0	0	0	0	0	0	0	0	0	0	0	0	0	0	0	0	0	0	0	0	0	0	0
Eubacteriaceae_bacterium	0	0	0	0.00024	0.003732	0	0	0	0	0	0.002964	0	0	0	0	0	0	0	0	0	0	0	0	0	0	0.002677	0.639369	0	0	0	0.000823	0	0	0	0	0	0	0	0	0	0	0	0	0	0	0	0	0	0	0	0	0	0	0	0	0	0	0	0	0	0	0	0	0	0	0	0	0	0	0
GGB99810_SGB4966	0	0	0	0.00023	0	0	0	0	0	0	0	0	0	0	0	0	0	0	0	0	0	0	0	0	0	0	0	0	0	0	0	0	0	0	0	0	0	0	0	0	0	0	0	0	0.001878	0	0	0	0	0	0	0	0	0	0	0	0	0	0	0	0	0	0	0	0	0	0	0	0	0
Akkermansia_muciniphila	0	0	0	0	2.480634	0	0	0	0.000664	0.03057	0	0.059629	0	0	0	0	0	0.003643	0	2.456692	0	0	0	0	0.000384	0	0	0.047777	0.067762	0	0.265338	0	0	0	0	0	0	0.01603	0	0	0	0	0	0	3.361838	0	0	0	0	0	0.19678	0	0	0	0	0	0	0	0	0	0	0	0	7.130291	0	0	0	0	0	0
Bacteroides_fluxus	0	0	0	0	1.629929	0	0	0	0.533751	0	0	0	0	0	0	0	0	0	0	0	0	0	0	0	0	0	0	0	0	0	0	0	0	0	0	0	0	0	0	0	0	0	0	0	0	0	0	0	0	0	0	0	0	0	0	0	0	0	0	0	0	0	0	0	0	0	0	0	0	0
GGB3256_SGB4303	0	0	0	0	0.72317	0	0	0.618039	0	0	0	0	0	0	0	0	0	0	0	2.476717	0.181401	0	0	0	0	0	0	0	0	5.676526	0.463319	0.034138	0	0	0	0	0	0	0	0	0	0	0	0	0.013302	0	0	0	0	0	0.014381	0	0	0	0	0	0	0	0.122697	0	0	0	0	0	0	0	0	0	2.213919	0
GGB74412_SGB5075	0	0	0	0	0.240268	0	8.551464	0.015831	0	0	0	0	0	0	0	1.041663	6.709638	0	0	0	0.000949	0	5.012949	20.10633	0	0.008359	0	0	15.047001	0.11335	0	0	0	0.180763	1.112554	0	0	0	0	0	0	0	0	0	0	0	0	0	0	0	0	0	0	0.007649	0	0	0	0	0.067539	0	0	0	0	0.436548	0	0	0	0	0.017776	0
Faecalibacterium_butyricigenerans	0	0	0	0	0.196005	0	0	0	0	0	0	0	0	0	0	0	0	0	0.059164	0	0	0	0	0	0	0	0	0	0	0	0	1.766327	0	0	0	0	0	0	0	0	0	0	0	0	0.033837	0	0	0	0	0	0	0	0.010463	0	0	0	0	0	0	0	0	0	0	0	0	0	0	0	0	0
GGB3363_SGB4448	0	0	0	0	0.186406	0	0	0	0	0	0	0	0	0.034926	0	0	0	0	0	0	0.015597	0	0.085973	0	0	0	0	0	0	0	0	0	0	0	0	0	0	0	0	0	0	0	0	0	0	0	0	0	0	0	0	0	0	0	0	0	0	0	0	0	0	0	0	0	0	0	0	0	0	0
Desulfovibrio_piger	0	0	0	0	0.173316	0	0	0	0	0	0	0	0	0	0	0	0	0	0	0	0	0	0	0	0.055272	0	0	0	0	0.148876	0	0	0	0	0	0	0	0.406236	0	0	0	0	0	0	0.133699	0	0	0	0	0	0	0	0	0	0	0	0	0	0	0	0	0	0	0	0	0	0	0.111507	0	0
GGB9502_SGB14899	0	0	0	0	0.136609	0	0	0	0	0	0	0	0	0	0	0	0	0	0	0	0	0	0	0	0	0	0.005596	0	0	0	0	0	0	0	0	0	0	0	0	0	0	0	0	0	0	0	0	0	0	0	0	0	0	0	0	0	0	0	0.1098	0	0	0	0	0	0	0	0	0	0	0
GGB3429_SGB71704	0	0	0	0	0.105227	0	0	0	0	0	0	0	0	0	0	0	0	0	0	0	0	0	0	0	0	0	0	0	0	0	0	0	0	0	0	0	0	0.009684	0	0	0	0	0	0	0	0	0	0	0	0	0	0	0	0	0	0	0	0	0	0	0	0	0	0	0	0	0	0	0	0
Slackia_isoflavoniconvertens	0	0	0	0	0.084807	0	0	0	0	0	0	0	0	0	0	0	0	0	0.270124	0	0	0	0	0	0.028233	0	0	0	0	0	0	0	0	0	0	0	0	0	0	0	0	0	0	0	0	0	0	0	0	0	0	0	0	0	0	0	0	0	0	0	0	0	0	0	0	0	0	0	0	0
Clostridiales_bacterium	0	0	0	0	0.079437	0.169434	0	0	0.06883	0	0.493064	0	0	0	0	0	0	0	0	0	0.076981	0.058082	0.046547	0	0	0.006719	0	0	0	0	0.012965	0	0	1.392153	0	0	0	0	0	0	0	0	0	0	0	0	0	0	0	0	0	0	0	0	0.007796	0	0	0	0.018384	0	0	0.122952	0.383526	0	1.331944	0	0	0	0.030156	0
GGB2998_SGB3988	0	0	0	0	0.068167	0	0	0	0	0.003119	0.068535	0	0	0	0	0	0	0	0.038193	0	0.002822	0	0	0	0.002129	0.001689	0.007809	0	0.024446	0	0	0	0	0	0	0	0	0	0	0	0	0	0	0	0	0	0	0	0	0	0	0	0	0	0	0	0	0	0	0	0	0	0	0	0	0	0	0	0	0
Enterocloster_lavalensis	0	0	0	0	0.065127	0.143667	0	0	0	0	0	0	0	0	0	0.613107	0	0	0	0	0	0.033008	0	0	0	0	0	0	0.007537	0	0	0	0	0	0.00236	0	0	0	0	0	0	0	0	0	0	0	0	0	0	0	0	0	0	0	0	0	0.057344	0	0.033858	0	0	0	0	0	0	0	0	0	0	0
Parabacteroides_gordonii	0	0	0	0	0.06195	0	0	0	0	0	0	0	0	0	0	0	0	0	0	0	0	0	0	0	0	0	0	0.019289	0	0	0	0	0	0	0.005065	0	0	0	0	0	0	0	0	0	0	0	0	0	0	0	0	0	0	0	0	0	0	0	0.054992	0	0	0.046454	0	0	0	0	0	0	0	0
Christensenella_minuta	0	0	0	0	0.047577	0	0	0	0	0	0	0	0	0	0	0	0	0	0	0	0	0	0	0	0	0	0	0	0	0	0	0	0	0	0	0	0	0	0	0	0	0	0	0	0	0	0	0	0	0	0	0	0	0	0	0	0	0	0.010404	0	0	0	0	0	0	0	0	0	0	0
GGB9759_SGB15370	0	0	0	0	0.034375	0	0	0.035425	0.039173	0	0.0774	0	0	0	0	0	0	0	0	0.048827	0	0	0	0	0.013739	0.043331	0	0	0	0.160677	0.054966	0	0	0.013671	0	0	0	0	0	0	0	0	0	0	0	0	0	0	0	0	0	0	0	0	0	0	0	0	0	0	0	0	0	0	0	0	0	0	0	0
Lawsonibacter_hominis	0	0	0	0	0.033582	0	0	0	0	0	0.022476	0	0	0	0	0	0	0	0	0	0	0	0	0	0	0	0.046945	0	0	0	0	0	0	0	0	0	0	0	0	0	0	0	0	0	0.016854	0	0	0	0	0	0	0	0	0	0	0	0	0	0	0	0	0	0	0	0	0	0	0	0	0
Hydrogeniiclostridium_mannosilyticum	0	0	0	0	0.032174	0.012475	0	0	0	0	0.048225	0	0	0	0	0	0	0	0	0	0	0	0	0	0	0	0.002006	0	0	0	0	0	0	0	0	0	0	0	0	0	0	0	0	0	0	0	0	0	0	0	0	0	0	0	0	0	0.048988	0	0.117465	0	0	0	0	0	0	0	0.052705	0	0	0
Merdimmobilis_hominis	0	0	0	0	0.021786	0	0	0	0	0	0.008643	0	0	0.013213	0	0	0	0	0	0	0	0	0	0	0	0	0	0	0.00248	0	0	0	0	0.072098	0	0	0	0	0	0	0	0	0	0	0	0	0	0	0	0	0	0	0.008082	0	0.059661	0	0	0	0	0	0	0	0	0	0	0	0	0	0	0
Dysosmobacter_SGB15052	0	0	0	0	0.021375	0	0	0	0	0	0	0.004032	0	0	0	0	0	0	0.002394	0.407987	0	0	0	0	0.000882	0	0	0	0	0	0	0.089292	0	0	0.153153	0	0	0	0	0	0	0	0	0	0	0	0	0	0	0	0	0	0	0	0	0	0	0	0	0	0	0	0	0	0	0	0	0	0	0
GGB4583_SGB6333	0	0	0	0	0.019931	0	0	0	0	0	0	0	0	0	0	0	0	0	0	0	0	0	0	0	0	0	0	0	0	0	0	0	0	0	0	0	0	0	0	0	0	0	0	0	0	0	0	0	0	0	0	0	0	0	0	0	0	0	0	0	0	0	0	0	0	0	0	0	0	0
Clostridium_sp_D5	0	0	0	0	0.019452	0	0	0	0	0	0	0	0	0	0	0	0	0	0	0	0	0	0	0	0	0	0	0	0	0	0.002396	0	0	0	0	0	0	0	0	0	0	0	0	0	0	0	0	0	0	0	0	0	0	0	0	0	0	0	0	0	0	0	0	0	0	0	0	0	0	0
Anaerotruncus_colihominis	0	0	0	0	0.016995	0.010047	0	0	0	0	0.030145	0	0	0	0	0	0	0	0	0	0	0.031478	0	0	0	0.019521	0	0	0	0	0	0	0	0	0	0	0	0	0	0	0	0	0	0	0.000366	0	0	0	0	0	0	0	0.013352	0	0	0	0.002921	0	0.00216	0	0	0	0	0	0	0	0	0	0	0
Clostridium_scindens	0	0	0	0	0.016934	0	0	0	0	0	0	0	0	0	0	0.021788	0	0	0	0	0	0	0	0.029989	0	0	0.008423	0	0.009338	0	0	0	0	0	0.003592	0	0	0	0	0	0	0	0	0	0	0	0	0	0	0	0	0	0	0	0	0	0.016358	0	0.105632	0	0	0	0	0.008417	0	0	0	0	0	0
Monoglobus_pectinilyticus	0	0	0	0	0.01607	0	0	0	0	0	0	0	0	0	0	0	0	0	0	0	0	0	0	0	0	0	0	0	0	0	0	0	0	0	0	0	0	0	0	0	0	0	0	0	0	0	0	0	0	0	0	0	0	0	0	0	0	0	0	0	0	0	0	0	0	0	0	0	0	0
Oxalobacter_formigenes	0	0	0	0	0.01594	0	0	0	0	0	0.118874	0.004522	0	0	0	0	0	0	0	0	0	0	0	0	0	0.033578	0	0	0	0	0	0	0	0	0	0	0	0	0	0	0	0	0	0	0	0	0	0	0	0	0	0	0	0	0	0	0	0	0	0	0	0	0	0	0	0	0	0	0	0
GGB9667_SGB15164	0	0	0	0	0.012288	0	0	0	0	0.001555	0	0	0	0	0	0	0	0	0	0	0	0.368866	0	0	0	0	0	0	0	0	0	0	0	0	0	0	0	0	0	0	0	0	0	0	0.167576	0	0	0	0	0	0	0	0.203759	0	0	0	0	0	0	0	0	0	0	0	0	0	0	0	0	0
Lachnospiraceae_bacterium_AM73_11pH9A	0	0	0	0	0.012148	0	0.009866	0	0	0	0	0	0	0	0	0	0	0	0	0	0	0	0	0	0	0	0	0	0	0	0	0	0	0	0	0	0	0	0	0	0	0	0	0	0	0	0	0	0	0	0	0	0.044872	0	0	0	0	0	0	0	0	0	0	0	0	0	0	0	0	0
GGB2653_SGB3574	0	0	0	0	0.010443	0	0	0	0	0	0.009619	0	0	0	0	0	0	0	0	0	0	0	0	0	0	0	0	0	0	0	0	0	0	0	0	0	0	0	0	0	0	0	0	0	0	0	0	0	0	0	0	0	0	0	0	0	0	0	0.114381	0	0	0	0	0	0	0	0	0	0	0
GGB1663_SGB2279	0	0	0	0	0.010385	0	0	0	0	0	0	0.099151	0	0	0	0	0	0	0	0.119966	0	0	0	0	0	0	0	0	0	0	0	0	0	0	0	0	0	0	0	0	0	0	0	0	0	0	0	0	0	0	0	0	0	0	0	0	0.132925	0	0.048502	0	0	0	0	0	0	0	0	0	0	0
Klebsiella_pneumoniae	0	0	0	0	0.009042	0	0	0	0	0	0	0	0.045276	0	0	0	0	0	0	0	0.028944	0	0	0	0.124887	0	0	0	0	0	0	0	0	0	0	0	0	0.058575	0	0	0	0	0	0	0	0	0	0	0	0	0	0	0	0	0.705816	0	0	0	1.534385	0	0	0	9.812398	0	0	0	0	0	0	0
Eisenbergiella_tayi	0	0	0	0	0.006786	0.020732	0	0	0	0	0.002711	0	0	0	0	0	0	0	0	0	0	0	0.010814	0	0	0	0	0.001316	0	0	0	0	0	0	0	0	0	0.398221	0	0	0	0	0	0	0	0	0	0	0	0	0	0	0	0	0	0	0.004722	0	0.019497	0	0	0	0	0.007557	0	0	0.004697	0	0	0
Clostridium_sp_AM42_4	0	0	0	0	0.00667	0	0	0.112836	0	0.084313	0.013401	0	0	0.007062	0.025119	0	0	0.079302	0.173276	0.085293	0	0.000658	0.259347	0	0.004923	0.005816	0.027413	0	0.013556	0.02302	0.04307	0.089455	0.045871	0	0	0	0	0	0	0	0	0	0	0	0.167129	0	0	0	0	0	0	0	0	0	0	0	0	0	0.34239	0	0	0	0	0	0	0	0	0	0.004403	0
GGB2848_SGB3813	0	0	0	0	0.006643	0	0	0	0	0	0.051679	0	0	0	0	0	0	0	0	0	0	0	0	0	0.000426	0.055358	0	0	0	0	0	0	0	0	0	0	0	0	0	0	0	0	0	0	0.021629	0	0	0	0	0	0	0	0	0	0	0	0	0	0.008827	0	0	0	0	0	0	0	0	0	0	0
Pusillibacter_faecalis	0	0	0	0	0.006096	0	0	0	0	0	0.068816	0.002623	0	0.047162	0	0.023068	0	0	0.004534	0	0	0.08133	0	0.003176	0.000519	0.028942	0	0	0	0	0	0	0	0	0.011259	0	0	0.024995	0	0	0	0	0	0	0	0	0	0	0	0	0	0	0.153914	0	0.059707	0	0	0	0	0	0	0.016861	0	0	0	0	0	0	0	0
Flintibacter_hominis	0	0	0	0	0.005646	0	0	0	0.007246	0	0.032467	0	0	0	0	0	0	0	0	0	0.01442	0.162556	0	0	0	0.000378	0.01274	0	0.054938	0	0.001274	0	0	0.001508	0	0	0	0	0	0	0	0	0	0	0.025086	0	0	0	0	0	0	0	0	0	0	0	0	0	0.023171	0	0	0	0	0	0	0	0	0	0	0
Dielma_fastidiosa	0	0	0	0	0.005585	0	0	0	0	0	0	0	0	0.005035	0	0	0	0.003239	0	0	0	0.022332	0	0	0	0	0	0	0	0	0	0	0	0	0	0	0	0.265499	0	0	0	0	0	0	0	0.99153	0	0	0	0	0	0	0	0	0	0	0	0	0.053404	0	0	0	0	0	0	0	2.725677	0	0	0
GGB3321_SGB4395	0	0	0	0	0.005385	0	0	0	0	0	0	0	0	0	0	0	0	0	0	0	0	0	0	0	0	0	0	0	0	0	0	0	0	0	0	0	0	0	0	0	0	0	0	0	0	0	0	0	0	0	0	0	0	0	0	0	0	0	0	0	0	0	0	0	0	0	0	0	0	0
Fumia_xinanensis	0	0	0	0	0.004992	0	0	0	0	0	0.007564	0	0	0	0	0	0	0	0	0	0	0	0	0	0	0	0	0	0	0	0.010399	0	0	0	0	0	0	0	0	0	0	0	0	0	0	0	0	0	0	0	0	0	0	0	0	0	0	0	0	0	0	0	0	0	0	0	0	0	0	0
Lachnospiraceae_bacterium_NSJ_143	0	0	0	0	0.002832	0	0	0	0	0	0.007827	0	0	0	0	0	0	0	0	0	0	0.129104	0	0	0	0	0	0	0	0	0	0	0.02008	0	0	0	0	0	0	0	0	0	0	0	0	0	0	0	0	0	0	0	0	0	0	0	0	0	0	0	0	0	0	0	0	0	0	0	0	0
GGB58158_SGB79798	0	0	0	0	0.002376	0	0	0	0.021663	0	0.019996	0	0	0	0	0.107718	0	0	0	0	0	0.004088	0	0	0	0.002307	0	0	0	0	0	0	0	0	0	0	0	0	0	0	0	0	0	0	0.01178	0	0	0	0	0	0	0	0.010491	0	0	0	0.00116	0	0.027702	0	0	0	0	0	0	0	0	0	0	0
Massiliimalia_massiliensis	0	0	0	0	0.002045	0	0	0	0	0	0	0	0	0	0	0	0	0	0	0	0	0	0	0	0	0	0	0	0	0	0	0	0	0	0	0	0	0	0	0	0	0	0	0	0.000397	0	0	0	0	0	0	0	0	0	0	0	0	0	0.002255	0	0	0	0	0	0	0	0	0	0	0
Anaerotruncus_rubiinfantis	0	0	0	0	0.001985	0	0	0	0	0	0	0	0	0	0	0	0	0	0	0	0	0	0	0	0	0	0	0	0	0	0	0	0	0	0	0	0	0	0	0	0	0	0	0	0.001912	0	0	0	0	0	0	0	0	0	0	0	0	0	0.006592	0	0	0	0	0	0	0	0.002675	0	0	0
Diplocloster_modestus	0	0	0	0	0.001723	0	0	0	0	0	0.000264	0	0	0	0	0	0	0	0	0	0	0.001023	0	0	0	0	0	0	0	0	0	0	0	0	0	0	0	0	0	0	0	0	0	0	0	0	0	0	0	0	0	0	0	0	0	0	0.00727	0	0.029955	0	0	0	0	0	0	0	0	0	0	0
GGB9242_SGB14184	0	0	0	0	0.000929	0	0	0	0	0	0	0	0	0	0	0	0	0	0	0	0	0	0	0	0	0	0	0	0	0	0	0	0	0	0	0	0	0	0	0	0	0	0	0	0	0	0	0	0	0	0	0	0	0	0	0	0	0	0	0	0	0	0	0	0	0	0	0	0	0
Blautia_caecimuris	0	0	0	0	0.000226	0	0	0	0	0	0	0	0	0	0	0	0	0	0	0	0	0	0.084763	0.006467	0	0	0	0.033073	0.007733	0	0	0	0	0	0	0	0	0	0	0	0	0	0	0	0	0	0	0	0	0	0	0	0	0	0	0	0.067318	0	0.426406	0	0	0	0	0	0.016475	0	0	0	0	0
Akkermansia_massiliensis	0	0	0	0	0	7.899004	0	0	0	0	0	0	0	0	0	0	0	0	0	0	0	0	0	0	0	0.647263	0.33131	0	0	0	0	0	0	0	0	0	0	0	0	0	0	0	0	0	0	0	0	0	0	0	0	0	0	0	0	0	0	0	0	0	0	10.957754	0	0	0	0	0	0	0	0
GGB9747_SGB15356	0	0	0	0	0	0.471297	0	0	0	0.022465	0	0	0	0	0	0	0	0	0	0	0	0	0	0	0.732532	0	0	0	0	0.021779	0	0	0	0	0	0	0	0.529277	0	0	0	0	0	0	0.008345	0	0	0	0	0	0	0	0	0	0	0	0	0	0.170439	0	0	0	0	0	0	0	0	0	0	0
GGB9634_SGB15093	0	0	0	0	0	0.369938	0	0	0	0	0	0.007904	0	0	0	0	0	0	0	0	0	0	0	0	0	0	0	0	0	0	0	0	0	0	0	0	0	3.302201	0	0	0	0	0	0	0	0	0	0	0	0	0	0	0	0	0	0	0	0	0	0	0	0	0	0	0	0	0	0	0	0
Congzhengia_minquanensis	0	0	0	0	0	0.196976	0	0	0	0	0	0	0	0	0	0	0	0	0	0	0	0	0	0	0.00527	0	0	0	0	0	0	0	0	0	0	0	0	0	0	0	0	0	0	0	0.071768	0	0	0	0	0	0	0	0	0	0	0	0	0	0	0	0	0	0	0	0	0	0	0	0	0
GGB3451_SGB4605	0	0	0	0	0	0.192587	0	0	0	0	0	0	0	0	0	0	0	0	0	0	0	0	0	0	0	0	0	0	0	0	0	0	0	0	0	0	0	0	0	0	0	0	0	0	0	0	0	0	0	0	0	0	0	0	0	0	0	0	0	0	0	0	0	0	0	0	0	0	0	0
Segatella_buccae	0	0	0	0	0	0.174506	0	0	0	0	0	0	0	0	0	0	0	0	0	0	0	0	0	0	0	0	0	0	0	0	0	0	0	0	0	0	0	0	0	0	0	0	0	0	0	0	0	0	0	0	0	0	0	0	0	0	0	0	0	0	0	0	0	0	0	0	0	0	0	0
Enorma_massiliensis	0	0	0	0	0	0.146314	0	0	0	0	0.017307	0	0	0.008	0	0	0	0	0	0	0	0	0	0	0	0	0	0	0	0	0	0	0	0	0	0	0	0	0	0	0	0	0	0	0	0	0	0	0	0	0	0	0	0	0	0	0	0	0.121243	0	0	0	0	0	0	0	0	0	0	0
Eubacteriaceae_bacterium_Marseille_Q4139	0	0	0	0	0	0.125999	0	0	0	0	0	0	0	0	0	0	0	0	0	0	0	0	0	0	0	0	0	0	0	0	0	0	0	0	0	0	0	0	0	0	0	0	0	0	0	0	0	0	0	0	0	0	0	0	0	0	0.183726	0	0	0	0	0	0	0	0	0	0	0	0	0
Harryflintia_acetispora	0	0	0	0	0	0.080513	0	0	0	0	0	0	0	0	0	0	0	0	0	0	0	0.00115	0	0	0	0	0	0	0	0	0	0	0	0	0	0	0	0	0	0	0	0	0	0	0	0	0	0	0	0	0	0	0.028003	0	0	0	0.003815	0	0	0	0	0	0	0	0	0	0	0	0	0
Turicibacter_bilis	0	0	0	0	0	0.070512	0	0	0	0.008776	0	0	0	0	0	0	0	0	0	0	0.041861	0	0	0	0	0	0	0	0	0	0	0	0	0	0	0	0	0	0	0	0	0	0	0	0	0	0	0	0	0	0.107935	0	0	0	0	0	0	0	0	0	0	0	0	0	0	0	0	0	0	0
Frisingicoccus_caecimuris	0	0	0	0	0	0.056857	0	0	0	0	0	0	0	0.000486	0	0	0	0	0	0	0	0	0	0	0	0	0	0	0	0	0	0	0	0	0	0	0	0	0	0	0	0	0	0	0	0	0	0	0	0	0	0	0	0	0	0	0	0	0	0	0	0	0	0	0	0	0	0	0	0
Clostridium_SGB6173	0	0	0	0	0	0.036453	0	0	0	0.01287	0	0.076411	0	0	0	0	0	0	0	0	0	0	0	0	0	0	0	0	0	0	0	0	0	0	0	0	0	0	0	0	0	0	0	0	0.016124	0	0	0	0	0	0	0	0	0	0	0	0	0	0	0	0	0	0	0	0	0	0	0	0	0
Prevotella_marseillensis	0	0	0	0	0	0.031521	0	0	0	0	0	0	0	0	0	0	0	0	0	0	0	0	0	0	0	0	0	0	0	0	0	0	0	0	0	0	0	0	0	0	0	0	0	0	0	0	0	0	0	0	0	0	8.574611	0	0	0	0.104905	0	0	0	0	0	0	0	0	0	0	0	0	0
GGB47688_SGB65656	0	0	0	0	0	0.03083	0	0	0	0	0	0	0	0	0	0	0	0	0	0	0	0	0	0	0.021025	0	0	0	0	0.004407	0	0	0	0	0	0	0	0	0	0	0	0	0	0	0	0	0	0	0	0	0	0	0	0	0	0	0	0	0	0	0	0	0	0	0	0	0	0	0	0
Pseudoflavonifractor_capillosus	0	0	0	0	0	0.023221	0	0	0	0	0	0	0	0	0	0.113215	0	0	0	0	0	0	0	0	0	0.003817	0	0	0	0	0	0	0	0	0	0	0	0	0	0	0	0	0	0	0	0	0	0	0	0	0	0	0	0	0.008314	0	0	0	0	0	0	0	0	0	0	0	0	0	0	0
GGB3892_SGB5290	0	0	0	0	0	0.016989	0	0	0	0	0.403808	0	0	0	0	0	0	0	0	0	0	0	0	0	0	0	0	0	0	0	0	0	0	0	0	0	0	0	0	0	0	0	0	0	0	0	0	0	0	0	0	0	0	0	0	0	0	0	0	0	0	0	0	0	0	0	0	0	0	0
Acutalibacter_SGB72747	0	0	0	0	0	0.016925	0	0	0	0	0	0	0	0	0	0	0	0	0	0	0	0	0	0	0	0	0	0	0	0	0	0	0	0	0	0	0	0	0	0	0	0	0	0	0	0	0	0	0	0	0	0	0	0	0.008346	0	0.012313	0	0	0	0	0	0	0	0	0	0	0	0	0
GGB45614_SGB63327	0	0	0	0	0	0.014859	0	0	0	0	0	0	0	0	0	0	0	0	0	0	0	0	0	0	0	0.000283	0	0	0	0	0	0	0	0	0	0	0	0	0.191167	0	0	0	0	0	0	0	0	0	0	0	0	0	0	0	0	0	0	0	0	0	0	0	0	0	0	0	0	0	0	0
Parabacteroides_hominis	0	0	0	0	0	0.01411	0	0	0	0	0.35668	0	0	0	0	0	0	0	0	0	0	0	0	0	0	0	0	0	0.003456	0	0	0	0	0	0	0	0	0	0	0	0	0	0	0	0	0	0	0	0	0	0	0	0	0	0	0	0	0	0	0	0	0	0	0	0	0	0.000671	0	0	0
Diplocloster_agilis	0	0	0	0	0	0.01335	0	0	0	0	0.000556	0	0	0	0	0	0	0	0	0	0	0	0	0	0	0	0	0	0	0	0	0	0	0	0	0	0	0	0	0	0	0	0	0	0	0	0	0	0	0	0	0	0	0	0	0	0	0	0	0	0	0	0	0	0	0	0	0	0	0
GGB36331_SGB53806	0	0	0	0	0	0.012998	0	0	0	0	0	0	0	0	0	0	0	0	0	0.014906	0	0	0	0	0.051555	0.105255	0	0	0	0	0	0	0	0	0	0	0	0	0	0	0	0	0	0	0	0	0	0	0	0	0.023749	0	0	0	0	0	0	0	0	0	0	0	0	0	0	0	0	0	0	0
GGB2980_SGB3962	0	0	0	0	0	0.012598	0	0	0	0	0	0	0	0	0	0	0	0	0	0	0	0	0	0	0.030291	0.002636	0	0	0	0	0	0	0	0	0	0	0	0	0	0	0	0	0	0	0	0	0	0	0	0	0	0	0	0	0	0	0.016514	0	0	0	0	0	0	0	0	0	0	0	0	0
Candidatus_Saccharibacteria_unclassified_SGB19870	0	0	0	0	0	0.01118	0	0	0	0	0.005577	0	0	0	0	0	0	0	0	0	0	0	0	0	0	0	0	0	0	0.008611	0	0	0	0	0	0	0	0	0	0	0	0	0	0	0	0	0	0	0	0	0	0	0	0	0	0	0	0	0	0	0	0	0	0.007134	0	0	0.032646	0	0	0
GGB3109_SGB4119	0	0	0	0	0	0.010327	0	0	0	0.027723	0	0	0	0.017964	0.007262	0	0.047445	0	0	0	0	0	0	0	0	0	0	0	0	0	0	0	0	0	0	0	0	0	0	0	0	0	0	0	0.03664	0	0	0	0	0	0	0	0	0	0	0	0	0	0	0	0	0	0	0	0	0	0	0	0	0
Clostridium_methylpentosum	0	0	0	0	0	0.007831	0	0	0	0	0	0	0	0	0	0.011953	0	0	0	0	0	0	0	0	0	0	0	0	0	0	0	0	0	0	0	0	0	0	0	0	0	0	0	0	0.009331	0	0	0	0	0	0	0	0.001958	0	0	0	0	0	0.033129	0	0	0	0	0	0	0	0	0	0	0
GGB31234_SGB14869	0	0	0	0	0	0.007723	0	0	0	0	0	0	0	0	0	0	0	0	0	0	0	0	0	0	0	0	0	0	0	0	0	0	0	0	0	0	0	0	0	0	0	0	0	0	0	0	0	0	0	0	0	0	0	0	0	0	0	0	0	0	0	0	0	0	0	0	0	0	0	0
GGB32387_SGB47381	0	0	0	0	0	0.005666	0	0	0	0	0	0	0	0	0	0	0	0	0	0	0	0	0	0	0	0	0	0	0	0	0	0	0	0	0	0	0	0	0	0	0	0	0	0	0	0	0	0	0	0	0	0	0	0	0	0	0.0283	0	0	0	0	0	0	0	0	0	0	0	0	0
GGB33586_SGB53517	0	0	0	0	0	0.003951	0	0	0	0	0	0	0	0	0	0.009663	0	0	0	0	0	0	0	0	0	0.021102	0	0	0	0	0	0	0	0	0	0	0	0	0	0	0	0	0	0	0	0	0	0	0	0	0	0	0	0	0	0	0.014625	0	0	0	0	0	0	0	0	0	0	0	0	0
GGB3444_SGB4594	0	0	0	0	0	0.003367	0	0	0	0	0	0	0	0	0	0	0	0	0	0	0	0	0	0	0	0	0	0	0.003727	0	0	0	0	0	0	0	0.010043	0	0	0	0	0	0	0	0	0	0	0	0	0	0	0	0	0	0	0	0	0	0	0	0	0	0	0	0	0	0.027392	0	0	0
TM7_phylum_sp_oral_taxon_346	0	0	0	0	0	0.002963	0	0	0	0	0	0	0	0	0	0	0	0	0	0	0	0	0	0	0	0	0	0	0	0	0	0	0	0	0	0	0	0	0	0	0	0	0	0	0	0	0	0	0	0.003001	0	0	0	0	0	0	0	0	0.062711	0.01794	0	0	0	0	0	0	0	0	0	0
Intestinibacillus_sp_Marseille_P6563	0	0	0	0	0	0.002324	0	0	0	0	0	0	0	0	0	0	0	0	0	0	0	0	0	0	0	0	0	0	0	0.006357	0	0	0	0	0.002099	0	0	0	0	0	0	0	0	0	0	0	0	0	0	0	0	0	0	0	0	0	0	0	0	0	0	0	0	0	0	0	0.013806	0.007134	0	0
Bacteroides_stercorirosoris	0	0	0	0	0	0.001999	0	0	0	0	0	0	0	0	0	0	0	0	0	0	0	0	0	0	0	0	0	0	0	0	0	0	0	0	0	0	0	0	0	0	0	0	0	0	0	0	0	0	0	0	0	0	0	0	0	0	0	0	0	0	0	0	0	0	0	0	0	0	0	0
Wansuia_hejianensis	0	0	0	0	0	0.001376	0	0	0	0	0.000243	0	0	0	0	0	0	0	0	0	0	0	0	0	0	0	0	0	0	0.000982	0	0	0	0	0	0	0	0	0	0	0	0	0	0	0.012642	0	0	0	0	0	0	0	0	0	0	0	0.001971	0	0.044038	0	0	0.000293	0	0	0	0	0.026641	0	0	0
Pseudoramibacter_SGB4082	0	0	0	0	0	0.00056	0	0	0	0	0	0	0	0	0	0	0	0	0	0	0	0	0	0	0	0	0	0	0	0	0	0	0	0	0	0	0	0	0	0	0	0	0	0	0	0	0	0	0	0	0	0	0	0	0	0	0	0	0	0	0	0	0	0	0	0	0	0	0	0
Lachnoclostridium_sp_An138	0	0	0	0	0	0.000504	0	0	0	0	0	0	0	0	0	0	0	0	0	0	0	0	0	0	0	0.01086	0	0	0	0	0	0	0	0	0	0	0	0	0	0.01416	0	0	0	0	0	0	0	0	0	0	0	0	0	0	0	0	0	0	0	0	0	0	0	0	0	0	0	0	0	0
Ligaoa_zhengdingensis	0	0	0	0	0	0.000404	0	0	0	0	0	0	0	0	0	0	0	0	0	0	0	0	0	0	0	0	0	0	0	0	0	0	0	0	0	0	0	0	0	0	0	0	0	0	0	0	0	0	0	0	0	0	0	0	0	0	0	0	0	0	0	0	0	0	0	0	0	0	0	0
GGB45613_SGB63326	0	0	0	0	0	0.000226	0	0	0	0	0	0	0	0	0	0.011722	0	0	0	0	0	0	0	0	0	0.008814	0	0	0	0	0	0	0	0	0	0	0	0	0	0	0	0	0	0	0	0	0	0	0	0	0	0	0	0	0.00197	0	0.007325	0	0	0.00106	0	0	0	0	0	0	0	0	0	0
GGB3550_SGB4746	0	0	0	0	0	0	0.094827	0	0	0	0	0	0	0	0	0	0	0	0	0	0	0	0.278933	0	0	0	0	0	0	0	0	0.006484	0	0	0	0	0	0	0	0	0	0	0	0	0	0	0	0	0	0	0	0	0	0	0	0	0	0	3.309281	0	0	0	0	0	0	0	0.041261	0	0	0
Eubacterium_SGB161639	0	0	0	0	0	0	0.092481	0	0	0	0	0	0	0	0	0	0	0	0	0	0	0	0	0	0	0	0	0	0	0	0	0	0	0	0	0	0	0	0	0	0	0	0	0	0	0	0	0	0	0	0	0	0	0	0	0	0	0	0	0	0	0	0	0	0	0	0	0	0	0
GGB6574_SGB9289	0	0	0	0	0	0	0.090287	0	0	0	0	0	0	0	0	0	0	0	0	0	0	0	0	0	0	0	0	0	0	0	0	0	0	0	0	0	0	0	0	0	0	0	0	0	0	0	0	0	0	0	0	0	0	0	0	0	0	0	0	0	0	0	0	0	0	0	0	0	0	0
Eggerthella_sinensis	0	0	0	0	0	0	0.023785	0	0	0	0	0	0	0	0	0.003975	0	0	0	0	0	0	0	0	0	0	0	0	0	0	0	0	0	0	0	0	0	0	0	0	0	0	0	0	0	0	0	0	0	0	0	0	0	0	0	0	0	0	0.005041	0	0	0	0	0	0	0	0	0	0	0
Sutterella_SGB9281	0	0	0	0	0	0	0.015502	0	0	0	0	0.006328	0	0	0	0	0	0	0	0.032668	0	0	0	0	0	0	0	0	0	0	0	0	1.170655	0	0	0	0	0.066142	0	0	0	0	0	0	0.01758	0	0	0	0	0	0	0	0	1.953349	0.860451	0	0.031371	0	0.85588	0	0	0	0	0	0	0	0	0.048375	0	0
Bacillota_bacterium	0	0	0	0	0	0	0.013299	0	0	0	0	0	0	0	0	0	0	0	0	0	0	0	0	0	0	0	0	0	0	0	0	0	0	0	0	0	0	0	0	0	0	0	0	0	0	0	0	0	0	0	0	0	0	0	0	0	0	0	0	0	0	0	0	0	0.010045	0	0	0	0	0
Amedibacillus_dolichus	0	0	0	0	0	0	0.009579	0	0	0	0	0	0	0	0	0	0	0	0	0	0	0	0.000233	0.006856	0	0	0	0.073274	0.137254	0	0	0.161175	0.014556	0.009146	0	0	0	0	0	0	0	0	0	0	0	0	0	0	0	0	0	0	0.016886	0	0	0	0	0	0	0	0	0	0	0	0.125887	0	0	0	0	0
Flintibacter_SGB15145	0	0	0	0	0	0	0.006278	0	0.094179	0	0	0.003011	0	0	0	0	0	0	0.058548	0	0.012505	0	0	0	0	0.000905	0	0	0	0	0	0	0	0.028167	0	0	0	0	0	0	0	0	0	0	0	0	0	0	0	0	0	0	0	0	0	0	0	0	0	0	0	0	0	0	0	0	0	0	0	0
GGB51131_SGB71352	0	0	0	0	0	0	0.004321	0	0	0	0.011153	0	0	0	0	0	0	0	0	0	0	0	0	0	0.024933	0.008107	0	0	0	0	0	0	0	0	0	0	0	0	0	0	0	0	0	0	0	0	0	0	0	0	0	0	0	0	0	0	0.021391	0	0	0	0	0	0	0	0	0	0	0	0	0
Butyricicoccus_pullicaecorum	0	0	0	0	0	0	0.002502	0	0	0	0	0	0	0.075802	0	0	0	0	0	0	0	0	0	0	0	0	0	0	0.300266	0	0	0	0	0	0	0	0	0	0	0.052173	0	0	0	0	0	0	0	0	0	0	0.980419	0	0	0	0	0	0	0	0.13587	0	0	0	0.003164	0	0	0	0	0.192814	0	0
Butyricicoccus_intestinisimiae	0	0	0	0	0	0	0	0.447414	0	0	0	0.014639	0	0	0	0	0	0	0	0	0	0	0	0.032371	0	0	0	0	0	0	0	0	0	0	0	0	0	0	0	0	0	0	0	0	0	0	0	0	0	0	0	0	0	0	0	0	0	0	0	0	0	0	0	0	0	0	0	0	0	0
GGB9642_SGB15119	0	0	0	0	0	0	0	0.442772	0	0	0	0	0	0	0	0	0	0	0	0	0	0	0	0	0	0	0	0	0	0	0	0	0	0	0	0	0	0	0	0	0	0	0	0	0	0	0	0	0	0	0	0	0	0	0	0	0	0	0	0	0	0	0	0	0	0	0	0	0	0
Blautia_sp_MCC283	0	0	0	0	0	0	0	0.326553	0	0	0	0.062955	0	0	0	0	0	0	0	0	0	0	0	0	0	0	0	0	0	0	0	0	0	0	0	0	0	0	0	0	0	0	0	0	0	0	0	0	0	0	0	0	0	0	0	0	0	0	0	0	0	0	0	0	0	0	0	0	0.135563	0
Anaerostipes_SGB4546	0	0	0	0	0	0	0	0.148296	0	0	0	0	0	0	0	0	0	0.008298	0	0	0	0	0.087913	0	0	0	0.005136	0	0	0	0.360551	0	0.016092	0	0	0	0	0	0	0	0	0	0	0	0.367599	0	0	0	0	0	0	0	0.064418	0	0	0	0	0	0	0	0	0	0	0	0	0	0	0	0	0
Bacteroides_salyersiae	0	0	0	0	0	0	0	0.13064	0.707526	0	0	0.128858	0	0	0	0	0	0	0.014601	0	0.034872	0.125499	0.004737	0	0	0.201716	0	0.455548	0	0	0.670993	0.577922	0	0	0	0	0	6.824235	0	0	0	0	0	0	0.074828	0	0	0	0	0	0	0	0	0.07822	0	0	0	0	0	0	0	0	0	0	0	0	0.012495	0	0	0
TM7_phylum_sp_oral_taxon_352	0	0	0	0	0	0	0	0.032602	0	0	0.030644	0	0	0	0	0	0	0	0	0.043887	0	0	0	0	0	0	0	0	0	0	0	0.005601	0.006488	0	0.004503	0	0	0	0	0	0	0	0	0	0	0	0	0	0	0	0	0	0	0	0	0	0	0	0	0	0.006538	0	0	0	0	0	0	0	0	0
Actinomyces_sp_ICM47	0	0	0	0	0	0	0	0.022471	0	0	0	0	0	0	0	0	0	0	0	0.000304	0	0	0.001667	0	0	0	0	0	0	0.006613	0	0	0	0	0.007819	0	0	0	0	0	0	0	0	0	0	0	0	0	0	0	0	0	0	0	0	0	0	0	0	0	0.014267	0	0	0	0	0	0	0	0	0
Fructilactobacillus_sanfranciscensis	0	0	0	0	0	0	0	0.021205	0	0	0	0	0	0	0	0	0	0	0	0	0	0	0	0	0	0	0	0	0	0	0	0	0	0.657786	0	0	0	0	0	0.038958	0	0	0	0	0	0	0	0	0.020975	0	0	0.008011	0	0	0	0	0	0	0	0.55795	0	0	0	0.157546	0	0	0	0	0	0
Anaerosacchariphilus_hominis	0	0	0	0	0	0	0	0.014177	0	0	0	0	0	0	0	0	0	0	0.004601	0.017651	0	0	0	0	0	0.030808	0	0	0	0	0.009814	0	0	0	0	0	0	0	0	0	0	0	0	0	0	0	0	0	0	0	0	0	0.00383	0	0	0	0	0	0	0	0	0	0	0	0	0	0	0	0.032698	0
Schaalia_odontolytica	0	0	0	0	0	0	0	0.010774	0	0	0	0	0	0	0	0	0	0	0	0	0	0	0	0	0	0	0	0	0	0	0	0	0	0	0	0	0	0	0	0	0	0	0	0	0	0	0	0	0	0	0	0	0	0	0	0	0	0	0	0.0148	0.005268	0	0	0	0	0	0.567693	0	0	0
GGB1538_SGB2121	0	0	0	0	0	0	0	0.007485	0	0	0	0	0	0	0	0	0	0	0	0	0	0	0	0	0	0	0	0	0	0	0	0	0	0	0	0	0	0	0	0	0	0	0	0	0	0	0	0	0	0	0	0	0	0	0	0	0	0	0	0	0	0	0	0	0	0	0	0	0	0
GGB58485_SGB80143	0	0	0	0	0	0	0	0.005405	0	0	0	0	0	0	0	0	0	0	0.02405	0	0.012221	0	0	0	0.032551	0.046105	0	0	0	0	0	0	0	0	0	0	0	0.035171	0	0	0	0	0	0	0.004368	0	0	0	0	0	0	0	0	0	0	0	0	0	0	0	0	0	0	0	0	0	0	0	0	0
Cloacibacillus_porcorum	0	0	0	0	0	0	0	0.004841	0	0	0	0	0	0	0	0	0	0	0	0	0	0	0	0	0	0	0	0	0	0	0	0	0	0	0	0	0	0	0	0	0	0	0	0	0	0	0	0	0	0	0	0	0	0	0	0	0	0	0	0	0	0	0	0	0	0	0	0	0	0
Actinomyces_sp_S6_Spd3	0	0	0	0	0	0	0	0.003574	0	0	0	0	0	0	0	0	0	0	0	0	0	0	0	0	0	0	0	0	0	0	0	0	0	0	0	0	0	0	0	0	0	0	0	0	0	0	0	0	0	0.018461	0	0	0	0	0	0	0	0	0	0.50985	0	0	0	0	0	0.029056	0	0	0	0
Brotocaccenecus_cirricatena	0	0	0	0	0	0	0	0.001983	0.110668	0.186287	0.740473	0.047905	0	0	0	0	0	0	0	0	0	0	0	0	0	0.149969	0	0	0	0.050835	0	0	0	0	0	0	0	0	0	0	0	0	0	0	0	0	0	0	0	0	0.006752	0	0	0	0	0	0	0	2.798244	0.07269	0	0	0	0	0	0	0	0	0	0
Jingyaoa_shaoxingensis	0	0	0	0	0	0	0	0.001639	0	0	0	0	0	0	0	0	0	0	0	0	0	0	0	0	0	0	0	0	0	0.005716	0.020569	0	0	0	0	0	0	0	0	0	0	0	0	0	0.011159	0	0	0	0	0	0	0	0	0	0	0	0	0	0	0	0	0	0	0	0	0	0	0	0	0
Mesosutterella_multiformis	0	0	0	0	0	0	0	0.001167	0	0	0	0	0	0	0	0	0	0.390412	0	0	0	0	0	1.490586	0	0	0	0	0	0	0	0	0	0	0	0	0.052237	0	0	0	0	0	0	0	0	0	0	0	0	0	0	0	0	0	0	0	0	0	0.006138	0	0	0	0	0	0	0	0	0	0	0
Actinomyces_graevenitzii	0	0	0	0	0	0	0	0.000781	0	0	0	0	0	0	0	0	0	0	0	0	0	0	0.007652	0	0	0	0	0	0	0	0	0	0	0	0.002299	0	0	0	0	0	0	0	0	0	0	0	0	0	0	0.009403	0	0	0	0	0	0	0	0	0.049057	0.07951	0	0	0	0	0	0	0.124824	0	0	0
GGB4604_SGB6369	0	0	0	0	0	0	0	0	0.160579	0	0	0	0	0	0	0	0	0	0	0	0	0	0	0	0	0	0	0	0	0	0	0	0	0	0	0	0	0	0	0	0	0	0	0	0	0	0	0	0	0	0	0	0	0	0	0	0	0	0	0	0	0	0	0	0	0	0	0	0	0
Faecalibacterium_wellingii	0	0	0	0	0	0	0	0	0.077204	0.844147	0	0	0	0	0	0	0	0	0	0	0	0	0	0	0	0	0	0	0	0	0	0	0	0	0	0	0	0	0	0	0	0	0	0	0	0	0	0	0	0	0	0	0	0	0	0	0	0	0	0	0	0	0	0	0	0	0	0	0	0
Parabacteroides_SGB1950	0	0	0	0	0	0	0	0	0.041247	0	0	0	0	0	0	0	0	0	0	0	0	0	0	0.065708	0	0	0	0	0	0	0	0	0.030583	0	0	0	0	0	0	0	0	0	0	0	0	0	0	0	0	0	0	0	0	0	0	0	0	0	0	0	0	0	0	0	0	0	0	0	0	0
Coprobacter_secundus	0	0	0	0	0	0	0	0	0.017839	0.004367	0	0	0	0	0	0.239209	0	0	0	0	0	0	0	0	0	0	0	0	0.063749	0	0	0	0	0	0	0	0	0	0	0	0	0	0	0	0.004033	0	0	0	0	0	0	0	0.012458	0	0	0	0.010532	0	0	0	0	0	0	0	0	0	0	0	0	0
Bacteroides_SGB1879	0	0	0	0	0	0	0	0	0.009274	0	0	0	0	0	0	0	0	0	0	0	0	0	0	0	0	0	0	0	0	0	0	0	0	0	0	0	0	0	0	0	0	0	0	0	0	0	0	0	0	0	0	0	0	0	0	0	0	0	0	0	0	0	0	0	0	0	0	0	0	0
Alistipes_SGB2300	0	0	0	0	0	0	0	0	0.004943	0	2.04041	0	0	0	0	0	0	0	0	0	0	0	0	0	0	0	0	0	0	0	0	0	0	0	0	0	0	0	0	0	0	0	0	0	0	0	0	0	0	0	0	0	0	0	0	0	0	0	0	0	0	0	0	0	0	0	0	0	0	0
GGB9302_SGB14263	0	0	0	0	0	0	0	0	0.002206	0	0	0	0	0	0	0	0	0	0	0	0	0	0	0	0	0	0	0	0	0	0	0	0	0	0	0	0	0	0	0	0	0	0	0	0	0	0	0	0	0	0	0	0	0	0	0	0	0	0	0	0	0	0	0	0	0	0	0	0	0
GGB9715_SGB15267	0	0	0	0	0	0	0	0	0	0.293818	0.118577	0	0	0	0	0.189926	0	0	0	0.015828	0	0	0	0	0.48568	0.162895	0.007392	0	0	0	0	0	0	0	0	0	0	0.076337	0	0	0	0	0	0	0.349129	0	0	0	0	0	0	0	0	0	0	0	0	0	0	0	0	0	0	0	0	0	0	0	0	0
Flintibacter_faecis	0	0	0	0	0	0	0	0	0	0.222959	0	0.00958	0	0	0.109821	0	0	0	0.021359	0	0.025548	0	0.002925	0	0	0	0	0	0	0	0	0	0	0.028353	0	0	0	0	0	0	0	0	0	0	0	0	0	0	0	0	0	0	0	0	0	0	0	0	0	0	0	0	0	0	0	0	0	0	0	0
Pseudoflavonifractor_phocaeensis	0	0	0	0	0	0	0	0	0	0.043085	0	0	0	0	0	0	0	0.026997	0	0	0	0	0	0	0	0	0	0	0	0.003882	0	0	0	0	0	0	0.01277	0	0	0	0	0	0	0	0	0	0	0	0	0	0.022792	0	0	0	2.790963	0	0.405926	0	0	0	0	0	0	0	0	0	0	0	0	0
Parabacteroides_johnsonii	0	0	0	0	0	0	0	0	0	0.032568	0	0	0	0	0	0	0	0.22704	0	0	0	0	0	0	0.010769	0	0	0	0.226884	0	0	0	0	0	0	0	0	0	0	0	0	0	0	0	0	0	0	0	0	0	0	0	0	0	0	0	0	0	0.102925	0	0	0	0	0	0	0	0	0	0	0
GGB51511_SGB105679	0	0	0	0	0	0	0	0	0	0.028141	0	0	0	0	0	0	0	0	0.003505	0	0	0	0	0	0.003771	0	0	0	0.030788	0	0	0.041088	0	0	0	0	0	0	0	0	0	0	0	0	0.003079	0	0	0	0	0	0	0	0	0	0	0	0	0	0	0	0	0	0	0	0	0	0	0	0	0
Bacteroides_bouchesdurhonensis	0	0	0	0	0	0	0	0	0	0.004285	0.003045	0	0	0	0	0	0	0	0.028034	0	0	0	0	0	0	0	0	0	0	0	0	0	0	0	0	0	0	0	0	0	0	0	0	0	0	0	0	0	0	0	0	0	0	0	0	0	0	0	0	0	0	0	0	0	0	0	0	0	0	0
GGB9342_SGB14306	0	0	0	0	0	0	0	0	0	0.002101	0	0	0	0	0	0	0	0	0	0	0	0	0	0	0	0	0	0	0	0	0	0	0	0	0	0	0	0	0	0	0	0	0	0	0.141945	0	0	0	0	0	0	0	0	0	0	0	0	0	0	0	0	0	0	0	0	0	0	0	0	0
Clostridium_sp_AM29_11AC	0	0	0	0	0	0	0	0	0	0.001435	0	0	0	0	0	0	0	0	0	0	0	0.231477	0	0	0	0	0.000531	0	0	0	0	0	0	0	0	0	0	0	0	0	0	0	0	0	0	0	0	0	0	0	0	0	0	0	0	0	0	0	0	0	0	0	0	0.017534	0	0	0	0	0.000314	0
GGB4651_SGB6438	0	0	0	0	0	0	0	0	0	0	8.40319	0.935454	0	0	0	0	0	0	0	0	0	0	0	0	0	0	0	0	0	0	0	0	0	0	0	0	0	0	0	0	0	0	0	0	0	0	0	0	0	0	0	0	0	0	0	0	0	0	0	0	0	0	0	0	0	0	0	0	0	0
GGB3277_SGB4327	0	0	0	0	0	0	0	0	0	0	1.736061	0	0	0	0	0	0	0	6.928283	0	0	0	0.001475	0	0	2.229479	0	0	0	0	0	0	0	0	0	0	0	2.297633	0	0	0	0	0	0	2.410369	0	0	0	0	0	0	0	0.006164	0	0.942749	0	0	0	0	0	0	0	0	0	0	0	0	0	0	0
Dialister_hominis	0	0	0	0	0	0	0	0	0	0	1.391582	1.771658	0	0	0	0	0	5.220371	0	0.148148	0	0.845261	0	0	0	0	1.266326	0	0	0	0	0	0	0	0	0	0	0	0	0	0	0	0	0	0	0	0	0	0	0	0	0	0	0	0	0	0	0	0	0.3014	0	0	0	0	0	0	0	0	0	0
GGB6613_SGB9347	0	0	0	0	0	0	0	0	0	0	0.244629	0	0	0	0	0	0	0	0	0	0	0	0	0	0	0	0	0	0	0	0	0	0	0	0	0	0	0	0	0	0	0	0	0	0	0	0	0	0	0	0	0	0	0	0	0	0	0	0	0	0	0	0	0	0	0	0	0	0	0
Lachnospiraceae_unclassified_SGB5076	0	0	0	0	0	0	0	0	0	0	0.213361	0	0	0	0	0	0.218659	0.453563	2.442823	0.033808	0.056214	0	0	0	0	0.037183	0	0	0	0	0.126659	0	0	0	0	0	0	0	0	0	0	0	0	0	0.011089	0	0	0	0	0	0	0	0	0	0	0	0	0	0.001299	0	0	0	0	0	0	0	0	0	0	0
Parabacteroides_goldsteinii	0	0	0	0	0	0	0	0	0	0	0.192636	0.002674	0	0	0	0.073	0	0.140515	0	0	0.006728	0	0	0	0.069728	0.087162	0.022355	0.035407	0	0	0.07704	0	0	0	0.041531	0	0	0.282165	0	0	0	0	0	0	0	0	0	0	0	0	0	0	0	0	0	0	0	0	0	0	0	0	0	0	0	0	0	0.029937	0	0
GGB9537_SGB14940	0	0	0	0	0	0	0	0	0	0	0.145692	0	0	0	0	0	0	0	0	0	0	0	0	0	0	0	0	0	0	0	0	0	0	0	0	0	0	0	0	0	0	0	0	0	0.006306	0	0	0	0	0	0	0	0	0	0	0	0	0	0	0	0	0	0	0	0	0	0	0	0	0
Clostridium_sp_1001271st1_H5	0	0	0	0	0	0	0	0	0	0	0.105178	0	0	0	0	0.177473	0	0	0	0	0	0	0	0	0	0	0	0	0	0	0	0	0	0	0	0	0	0	0	0	0	0	0	0	0	1.362042	0	0	0	0	0	0	0	0	0	0	0	0	0	0.03873	0	0	0	0	0	0	0.807681	0	0	0
GGB33512_SGB15203	0	0	0	0	0	0	0	0	0	0	0.070006	0	0	0	0	0	0	0	0	0	0	0	0	0	0	0	0.006433	0	0	0	0	0	0	0	0	0	0	0	0	0	0	0	0	0	0	0	0	0	0	0	0	0	0	0	0	0	0	0	0	0	0	0	0	0	0	0	0	0	0	0
GGB9524_SGB14924	0	0	0	0	0	0	0	0	0	0	0.064991	0	0	0	0	0	0	0	0	0	0	0	0	0	0	0	0	0	0	0	0	0	0	0	0	0	0	0	0	0	0	0	0	0	0.17664	0	0	0	0	0	0	0	0.017706	0	0	0	0	0	0	0	0	0	0	0	0	0	0	0	0	0
GGB9646_SGB15123	0	0	0	0	0	0	0	0	0	0	0.028464	0	0	0	0	0	0	0	0	0	0	0	0	0	0	0	0	0	0	0	0	0	0	0	0	0	0	0	0	0	0	0	0	0	0.017626	0	0	0	0	0	0	0	0	0	0	0	0	0	0	0	0	0	0	0	0	0	0	0	0	0
GGB9640_SGB15115	0	0	0	0	0	0	0	0	0	0	0.028332	0	0	0	0	0	0	0	0	0	0	0	0	0	0	0.034946	0	0	0	0	0	0	0	0	0	0	0	0	0	0	0	0	0	0	0	0	0	0	0	0	0	0	0	0	0	0	0	0	0	0	0	0	0	0	0	0	0	0	0	0
Parabacteroides_timonensis	0	0	0	0	0	0	0	0	0	0	0.027671	0	0	0	0	0	0	0	0	0	0	0	0	0	0	0	0	0	0	0	0	0	0	0	0	0	0	0	0	0	0	0	0	0	0	0	0	0	0	0	0	0	0	0	0	0	0	0	0	0	0	0	0	0	0	0	0	0	0	0
Guopingia_tenuis	0	0	0	0	0	0	0	0	0	0	0.02696	0	0	0	0	0.004296	0	0	0	0	0	0	0	0	0	0	0	0	0	0	0	0	0	0	0	0	0	0	0	0	0	0	0	0	0	0	0	0	0	0	0	0	0	0	0	0	0.005964	0	0.032267	0	0	0	0	0	0	0	0	0	0	0
GGB3005_SGB3996	0	0	0	0	0	0	0	0	0	0	0.026695	0	0	0	0	0	0	0	0	0	0	0.048097	0	0	0	0.00836	0	0	0	0	0	0	0	0	0	0	0	0	0	0	0	0	0	0	0.03295	0	0	0	0	0	0	0	0	0	0	0	0	0	0.236031	0	0	0	0	0	0	0	0	0	0	0
GGB3818_SGB5183	0	0	0	0	0	0	0	0	0	0	0.016297	0	0	0.046755	0	0.111892	0	0.030067	0	0	0	0.271908	0	0.004452	0	0	0	0	0	0	0	0	0	0	0	0	0	0	0	0	0	0	0	0	0	0	0	0	0	0	0	0	0	0	0	0	0	0	0	0	0	0.197693	0	0	0	0	0.020415	0.068095	0	0
Emergencia_timonensis	0	0	0	0	0	0	0	0	0	0	0.013672	0	0	0	0	0	0	0	0	0	0	0.004126	0	0	0	0	0	0	0	0	0	0	0	0	0	0	0	0	0	0	0	0	0	0	0	0	0	0	0	0	0	0	0	0	0	0	0	0	0.034768	0	0	0	0	0	0	0	0	0	0	0
GGB42637_SGB59834	0	0	0	0	0	0	0	0	0	0	0.013353	0	0	0	0	0	0	0	0	0	0	0.031409	0	0	0	0	0	0	0	0	0	0	0	0	0	0	0	0	0	0	0	0	0	0	0	0	0	0	0	0	0	0	0	0	0	0	0	0	0	0	0	0	0	0	0	0	0	0	0	0
GGB20071_SGB29339	0	0	0	0	0	0	0	0	0	0	0.013294	0	0	0	0	0	0	0	0	0	0	0.000468	0	0	0	0	0	0	0	0	0	0	0	0	0	0	0	0	0	0	0	0	0	0	0	0	0	0	0	0	0	0	0	0	0	0	0	0	0	0	0	0	0	0	0	0	0	0	0	0
GGB9062_SGB13981	0	0	0	0	0	0	0	0	0	0	0.012583	0	0	0	0	0	0	0	0	0	0	0	0	0	0	0.010141	0	0	0	0	0	0	0	0	0	0	0	0	0	0	0	0	0	0	0	0	0	0	0	0	0	0	0	0	0	0	0	0	0	0	0	0	0	0	0	0	0	0	0	0
Bacteroides_faecalis	0	0	0	0	0	0	0	0	0	0	0.012351	0	0	0	0	0	0	0	0	0	0	0	0	0	0	0	0	0	0	0	0	0	0	0	0	0	0	0	0	0	0	0	0	0	0	0	0	0	0	0	0	0	0	0	0	0	0	0	0	0	0	0	0	0	0	0	0	0	0	0
GGB3352_SGB4436	0	0	0	0	0	0	0	0	0	0	0.011839	0	0	0	0	0	0	0	0	0	0	0	0	0	0	0.01077	0	0	0	0	0	0	0	0	0	0	0	0	0	0	0	0	0	0	0	0	0	0	0	0	0	0	0	0	0	0	0.003132	0	0	0	0	0	0	0	0	0	0	0	0	0
GGB3490_SGB4664	0	0	0	0	0	0	0	0	0	0	0.010186	0	0	0	0	0.18735	0.10951	0	0.214943	0	0	0	0.201079	0	0	0.154907	0	0	0	0.026062	0.107537	0	2.92846	0	0	0	0	0	0	0	0	0	0	0	0	0	0	0	0	0	0	0	0	0	0	0	0	0	0	0	0	0	0	0	0	0	0	0	0	0
Candidatus_Collinsella_stercoripullorum	0	0	0	0	0	0	0	0	0	0	0.00942	0	0	0	0	0	0	0	0	0	0	0	0	0	0	0	0	0	0	0	0	0	0	0	0	0	0	0	0	0	0	0	0	0	0	0	0	0	0	0	0	0	0	0	0	0	0	0	0	0	0	0	0	0	0	0	0	0	0	0
GGB3585_SGB4803	0	0	0	0	0	0	0	0	0	0	0.006946	0	0	0	0	0	0	0	0	0	0	0	0	0	0	0	0	0	0	0	0	0	0	0	0	0	0	0	0	0	0	0	0	0	0	0	0	0	0	0	0	0	0	0	0	0	0	0	0	0	0	0	0	0	0	0	0	0	0	0
Lawsonibacter_celer	0	0	0	0	0	0	0	0	0	0	0.005872	0	0	0	0	0	0	0	0	0	0	0	0	0	0	0	0	0	0	0	0.001814	0	0	0	0	0	0	0	0	0	0	0	0	0	0.011927	0	0	0	0	0	0	0	0	0	0	0	0	0	0	0	0	0	0	0	0	0	0	0	0	0
GGB9538_SGB14941	0	0	0	0	0	0	0	0	0	0	0.005869	0	0	0	0	0	0	0	0	0	0	0	0	0	0	0.006031	0	0	0	0	0	0	0	0	0	0	0	0	0	0	0	0	0	0	0	0	0	0	0	0	0	0	0	0	0	0	0	0	0	0	0	0	0	0	0	0	0	0	0	0
GGB45656_SGB63370	0	0	0	0	0	0	0	0	0	0	0.00449	0	0	0	0	0	0	0	0	0	0	0	0	0	0	0	0	0	0	0	0	0	0	0	0	0	0	0	0	0	0	0	0	0	0	0	0	0	0	0	0	0	0	0	0	0	0	0	0	0	0	0	0	0	0	0	0	0	0	0
Lachnotalea_sp_AF33_28	0	0	0	0	0	0	0	0	0	0	0.003718	0	0	0	0	0	0	0	0	0.002813	0	0	0	0	0	0.002355	0	0	0	0	0	0	0	0	0	0	0	0.065207	0	0	0	0	0	0	0	0	0	0	0	0	0	0	0	0	0	0	0	0	0	0.00779	0	0	0	0	0	0	0	0	0	0
Lentihominibacter_hominis	0	0	0	0	0	0	0	0	0	0	0.00341	0	0	0	0	0	0	0	0	0	0	0	0	0	0.000787	0	0	0	0	0	0	0	0	0	0	0	0	0	0	0	0	0	0	0	0	0	0	0	0	0	0	0	0	0	0	0	0	0	0.019023	0	0	0	0	0	0	0	0	0	0	0
GGB9531_SGB14932	0	0	0	0	0	0	0	0	0	0	0.003037	0	0	0	0	0	0	0	0	0	0	0	0	0	0	0.033828	0	0	0	0	0	0	0	0	0	0	0	0	0	0	0	0	0	0	0.213378	0	0	0	0	0	0	0	0	0	0	0	0	0	0	0.00258	0	0	0	0	0	0	0	0	0	0
GGB9532_SGB14933	0	0	0	0	0	0	0	0	0	0	0.001811	0	0	0	0	0	0	0	0	0	0	0	0	0	0	0	0	0	0	0	0	0	0	0	0	0	0	0	0	0	0	0	0	0	0	0	0	0	0	0	0	0	0	0	0	0	0	0	0	0	0	0	0	0	0	0	0	0	0	0
GGB5196_SGB7255	0	0	0	0	0	0	0	0	0	0	0.001772	0	0	0	0	0	0	0	0	0	0	0	0	0	0	0	0	0	0	0	0	0	0	0	0	0	0	0	0	0	0	0	0	0	0	0	0	0	0	0	0	0	0	0	0	0	0	0	0	0	0	0	0	0	0	0	0	0	0	0
GGB9619_SGB15066	0	0	0	0	0	0	0	0	0	0	0.001745	0	0	0	0	0	0	0	0	0	0	0	0	0	0	0	0	0	0	0	0	0	0	0	0	0	0	0	0	0	0	0	0	0	0	0	0	0	0	0	0	0	0.004778	0	0	0	0	0	0	0	0	0	0	0	0	0	0	0	0	0
Enterobacter_hormaechei	0	0	0	0	0	0	0	0	0	0	0.00057	0	0	0	0	0	0	0	0	0	0	0	0	0	0	0	0	0	0	0	0	0	0	0	0	0	0	0	0	0	0	0	0	0	0	0	0	0	0	0	0	0	0	0	0	0	0	0	0	0	0	0	0	0	0	0	0	0	0	0
GGB6518_SGB9205	0	0	0	0	0	0	0	0	0	0	0.000522	0	0	0	0	0	0	0	0	0	0	0	0	0	0.005499	0	0	0	0	0	0	0	0	0	0	0	0	0	0	0	0	0	0	0	0	0	0	0	0	0	0	0	0	0	0	0	0	0	0	0	0	0	0	0	0	0	0	0	0	0
Mediterraneibacter_butyricigenes	0	0	0	0	0	0	0	0	0	0	0.000512	0	0	0	0	0	0	0	0.003797	0.000657	0	0	0	0	0	0	0	0	0.000977	0	0	0	0	0	0	0	0	0	0	0	0	0	0	0	0.000351	0	0	0	0	0	0	0	0	0	0	0	0	0	0	0	0	0	0	0	0	0	0	0	0	0
Clostridium_sp_Marseille_P3244	0	0	0	0	0	0	0	0	0	0	0.000356	0	0	0	0	0	0	0	0	0	0	0	0	0	0	0.000841	0	0	0	0	0	0	0	0	0	0	0.27948	0	0	0	0	0	0	0	0	0	0	0	0	0	0	0	0	0	0	0	0	0	0	0	0	0	0	0	0	0	0	0	0	0
Segatella_copri	0	0	0	0	0	0	0	0	0	0	0	53.105342	0	0	0	0	0	29.294742	0	7.388119	35.244108	0	0	0	3.093768	0	0	0	0	0	0	0	0	0	45.527403	0	0	0	0	34.005533	0.012413	0	0	0	0	0.393474	0	0	0	0	0	0	4.364791	0	0	0	0	0	0	0	0	0	0	0	0	0	0	0	2.359029	0
GGB3304_SGB4367	0	0	0	0	0	0	0	0	0	0	0	1.223459	0	0	0	0	0	0	0	0	0.020895	0	0	0	0.264838	0	0	0	0	0	0	0	0	0	0	0	0	0	0	0	0	0	0	0	0	0.064804	0	0	0	0	0	0	0	0	0	0	0	0	0	0	0	0	0	0	0	0	0	0	0	0
GGB4642_SGB6422	0	0	0	0	0	0	0	0	0	0	0	1.013843	0	0	0	0	0	0	0.033108	0	0	0	0	0	0	0	0	0	0	0	0	0	0	0	0	0	0	0	0	0	0	0	0	0	0	0	0	0	0	0	0	0	0	0	0	0	0	0	0	0	0	0	0	0	0	0	0	0	0	0
GGB4682_SGB6472	0	0	0	0	0	0	0	0	0	0	0	0.145394	0	0	0	0	0	0	0	0	0	0	0	0	16.362408	0	0.007682	0	0	0	0	0	0	0	0	0	0	0	0	0	0	0	0	0	0.12969	0	0	0	0	0	0	0	0	0	0	0	0	0	0	0	0	0	0	0	0	0	0	0	0	0
GGB1347_SGB1805	0	0	0	0	0	0	0	0	0	0	0	0.113625	0	0	0	0	0	0	0	0	0	0	0	0	0	0	0	0	0	0	0	0	0	0	0	0	0	0	0	0	0	0	0	0	0	0	0	0	0	0	0	0	0	0	0	0	0	0	0	0	0	0	0	0	0	0	0	0	0	0
Roseburia_sp_AM59_24XD	0	0	0	0	0	0	0	0	0	0	0	0.08038	0	0	0	0	0	0	0	0.068232	0	0	0	0	0	0	0	0	0	0	0	0	0	0	0	0	0	0	0	0	0	0	0	0	0	0	0	0	0	0	0	0	0	0	0	0	0	0	0	0	0	0	0	0	0	0	0	0	0	0
Parasutterella_secunda	0	0	0	0	0	0	0	0	0	0	0	0.050497	0	0	0	0	0	0	0	0	0	0	0	0	0	0	0	0	0	0.122723	0	0	0	0	0	0	0	0	0	0	0	0	0	0	0	0	0	0	0	0	0	0	0	0	0	0	0	0	0	0	0	0	0	0	0	0	0	0	0	0
GGB9712_SGB15244	0	0	0	0	0	0	0	0	0	0	0	0.042282	0	0	0	0	0	0	0	0.019859	0	0	0	0	0	0	0	0	0	0.037493	0	0	0	0	0	0	0	0	0	0	0	0	0	0	1.767921	0	0	0	0	0	0	0	0	0	0	0	0	0	0	0.05141	0	0	0	0	0	0	0	0	0	0
Muribaculaceae_bacterium_AF54_25pH10A	0	0	0	0	0	0	0	0	0	0	0	0.039196	0	0	0	0	0	0	0	0	0	0	0	0	0	0.009047	0.233104	0	0	0	0	0	0	0	0	0	0	0	0	0	0	0	0	0	0	0	0	0	0	0	0	0	0	0	0	0	0	0	0	0	0	0	0	0	0	0	0	0	0	0
Butyricimonas_paravirosa	0	0	0	0	0	0	0	0	0	0	0	0.026724	0	0	0	0	0	0	0	0	0.006708	0.058838	0	0	0.016863	0.01888	0	0.078181	0	0	0	0	0	0	0	0	0	0.071622	0	0	0	0	0	0	0.014601	0	0	0	0	0	0	0	0	0	0	0	0	0	0.065657	0	0	0	0	0	0	0	0.014909	0	0	0
GGB1689_SGB2321	0	0	0	0	0	0	0	0	0	0	0	0.025293	0	0	0	0	0	0	0	0	0	0	0	0	0	0	0	0	0	0.010016	0	0	0	0	0	0	0	0	0	0	0	0	0	0	0.288312	0	0	0	0	0	0	0	0	0	0	0	0	0	0	0	0	0	0	0	0	0	0	0	0	0
GGB27858_SGB48249	0	0	0	0	0	0	0	0	0	0	0	0.015368	0	0	0	0	0	0	0	0	0	0	0	0	0	0	0	0	0	0	0	0	0	0	0	0	0	0	0	0	0	0	0	0	0	0	0	0	0	0	0	0	0	0	0	0	0	0	0	0	0	0	0	0	0	0	0	0	0	0
GGB3626_SGB4905	0	0	0	0	0	0	0	0	0	0	0	0.013303	0	0	0	0	0	0	0	0	0	0	0	0	0.027042	0	0	0	0	0	0	0	0	0	0	0	0	0	0	0	0	0	0	0	0	0	0	0	0	0	0	0	0	0	0	0	0	0	0	0	0	0	0	0	0	0	0	0	0	0
Lachnospiraceae_bacterium_OM04_12BH	0	0	0	0	0	0	0	0	0	0	0	0.010059	0	0	0	0	0	0	0	0.009592	0.001134	0	0	0	0.160957	0	0	0	0	0	0	0	0	0	0	0	0	0	0	0	0	0	0	0	0	0	0	0	0	0	0	0	0	0	0	0	0	0	0	0	0	0	0	0	0	0	0	0	0	0
GGB1331_SGB1788	0	0	0	0	0	0	0	0	0	0	0	0.009865	0	0	0	0	0	0	0	0	0	0	0	0	0	0	0	0.019772	0	0	0	0	0	0	0	0	0	0	0	0	0	0	0	0	0	0	0	0	0	0	0	0	0	0	0	0	0	0	0	0	0	0	0	0	0	0	0	0	0	0
GGB4653_SGB6440	0	0	0	0	0	0	0	0	0	0	0	0.008064	0	0	0	0	0	0	0	0	0	0	0	0	0	0	0	0	0	0	0	0	0	0	0	0	0	0	0	0	0	0	0	0	0.151073	0	0	0	0	0	0	0	0	0	0	0	0	0	0	0	0	0	0	0	0	0	0	0	0	0
GGB3616_SGB4888	0	0	0	0	0	0	0	0	0	0	0	0.005578	0	0	0	0	0	0	0	0	0	0	0	0	0	0	0.016827	0	0	0	0	0	0	0	0	0	0	0	0	0	0	0	0	0	0	0	0	0	0	0	0	0	0.005593	0	0	0	0	0	0	0	0	0	0	0	0	0	0	0	0	0
Vescimonas_fastidiosa	0	0	0	0	0	0	0	0	0	0	0	0.003054	0	0	0	0	0	0	0	0	0	0	0	0	0	0	0	0	0	0	0	0	0	0	0	0	0	0	0	0	0	0	0	0	0	0	0	0	0	0	0	0	0	0	0	0	0	0	0	0	0	0	0	0	0	0	0	0	0	0
Jilunia_laotingensis	0	0	0	0	0	0	0	0	0	0	0	0.002876	0	0	0	0	0	0	0.057382	0	0	0	0	0	0	0	0	0	0	0	0	0	0	0	0	0	0	0	0	0	0	0	0	0	0.043979	0	0	0	0	0	0	0	0	0	0	0	0	0	0	0	0	0	0	0	0	0	0	0	0	0
Parabacteroides_bouchesdurhonensis	0	0	0	0	0	0	0	0	0	0	0	0.002419	0	0	0	0	0	0	0	0	0	0	0	0	0	0	0	0	0	0	0	0	0	0	0	0	0	0	0	0	0	0	0	0	0	0	0	0	0	0	0	0	0	0	0	0	0	0	0	0	0	0	0	0	0	0	0	0	0	0
GGB38744_SGB14842	0	0	0	0	0	0	0	0	0	0	0	0.002037	0	0	0	0	0	0	0	0	0	0	0	0	0	0	0	0	0	0	0	0	0	0	0	0	1.511269	0	0	0	0	0	0	0	0	0	0	0	0	0	0	0	0.006922	0	0	0	0	0	0	0	0	0	0	0	0	0	0	0	0	0
Parabacteroides_chongii	0	0	0	0	0	0	0	0	0	0	0	0.001653	0	0	0	0	0	0	0	0	0	0	0	0	0	0	0	0	0	0	0	0	0	0	0	0	0	0	0	0	0	0	0	0	0	0	0	0	0	0	0	0	0	0	0	0	0	0	0	0	0	0	0	0	0	0	0.053193	0	0	0
GGB101072_SGB144111	0	0	0	0	0	0	0	0	0	0	0	0.000298	0	0	0	0	0	0	0	0	0	0	0	0	0	0	0	0	0	0	0	0	0	0	0	0	0	0	0	0	0	0	0	0	0	0	0	0	0	0	0	0	0	0	0	0	0	0	0	0	0	0	0	0	0	0	0	0	0	0
Parabacteroides_SGB1936	0	0	0	0	0	0	0	0	0	0	0	0	0.096429	0	0	0	0	0	0	0	0	0	0	0	0	0	0	0	0	0	0	0	0	0	0	0	0	0	0	0	0	0	0	0	0	0	0	0	0	0	0	0	0	0	0	0	0	0	0	0	0	0	0	0	0	0	0	0	0	0
Morganella_morganii	0	0	0	0	0	0	0	0	0	0	0	0	0.03563	0	0	0	0	0	0	0	0	0	0	0	0	0	0	0	0	0	0	0	0	0	0	0	0	0	0	0	0	0	0	0	0	0	0	0	0	0	0	0	0	0	0	0	0	0	0	0	0	0	0	0	0	0	0	0	0	0
Blautia_marasmi	0	0	0	0	0	0	0	0	0	0	0	0	0.00141	0	0	0	0	0	0	0	0	0	0	0.005496	0	0	0	0	0	0	0	0	0	0	0	0	0	0	0	0	0	0	0	0	0	0	0	0	0	0	0	0	0	0	0	0	0	0	0.021189	0	0	0	0	0	0.005936	0	0	0	0	0
Clostridium_SGB48024	0	0	0	0	0	0	0	0	0	0	0	0	0	0.280517	0	0	0	0	0	0	0	0	0	0	0	0	0	0	0	0.010645	0	0	0	0	0	0	0	0	0	0	0	0	0	0	0	0	0	0	0	0	0	0	0	0	0	0	0	0	0	0	0	0	0	0	0	0	0	0	0	0
GGB1420_SGB1957	0	0	0	0	0	0	0	0	0	0	0	0	0	0.046247	0	0	0	0	0	0	0	0	0	0	0	0	0	0	0	0	0	0	0	0	0	0	0	0	0	0	0	0	0	0	0	0	0	0	0	0	0	0	0	0	0	0	0	0	0	0	0	0	0	0	0	0	0	0	0	0
GGB51510_SGB71883	0	0	0	0	0	0	0	0	0	0	0	0	0	0.025568	0.044162	0.018807	0	0.007321	0	0	0	0	0	0.027303	0	0	0	0.03793	0	0	0	0	0	0	0	0	0	0	0	0	0	0	0	0	0	0	0	0	0	0	0	0	0	0	0	0	0	0	0	0	0	0.022869	0	0	0	0	0	0	0	0
Blautia_hansenii	0	0	0	0	0	0	0	0	0	0	0	0	0	0.022272	0	0.006058	0.054055	0.029859	0	0	0	0.123995	0	0.02133	0	0	0	0.226318	0.495425	0	0	0	0	0	0	0	0	0	0	0	0	0	0	0	0	0	0	0	0	0	0	0	0	0	0	0	0	0	0.351501	0	0	0	0.126053	0	0.000327	0	0	0	0	0
GGB36331_SGB15121	0	0	0	0	0	0	0	0	0	0	0	0	0	0.012316	0	0	0	0	0.017323	0	0	0	0	0	0	0	0	0	0	0	0	0	0	0	0	0	0	0	0	0	0	0	0	0	0	0	0	0	0	0	0	0	0	0	0.036429	0	0.018715	0	0	0.26577	0	0	0	0	0	0	0	0	0	0
Massilioclostridium_coli	0	0	0	0	0	0	0	0	0	0	0	0	0	0.012147	0	0	0	0	0	0	0	0.003691	0	0.000241	0	0	0	0	0.00394	0	0	0	0	0	0	0	0	0	0	0	0	0	0	0	0	0	0	0	0	0	0	0	0	0	0	0	0	0	0.073831	0	0	0	0	0	0	0	0	0	0	0
GGB79307_SGB105428	0	0	0	0	0	0	0	0	0	0	0	0	0	0.006194	0	0	0	0	0	0	0	0	0	0	0	0	0	0	0.007464	0	0	0	0	0	0	0	0	0	0	0	0	0	0	0	0	0	0	0	0	0	0	0	0	0	0.010057	0	0	0	0	0	0	0	0	0	0	0	0	0	0	0
GGB9480_SGB14874	0	0	0	0	0	0	0	0	0	0	0	0	0	0	0.076624	0.03653	0	0	0	0	0	1.183054	0	0	0	0	0	0	0	0	0	0	0	0	0	0	0	0	0	0	0	0	0	0	0	0	0	0	0	0	0	0	0	0	0	0	0	0	0.100137	0	0	0	0	0	0	0	0	0	0	0
Eubacterium_segne	0	0	0	0	0	0	0	0	0	0	0	0	0	0	0.04284	0	0	0	0	0	0	0	0	0	0	0	0	0	0	0	0	0	0	0	0	0	0	0	0	0	0	0	0	0	0	0	0	0	0	0	0	0	0	0	0	0	0	0	0	0	0	0	0	0	0	0	0	0	0	0
Bacteroides_oleiciplenus	0	0	0	0	0	0	0	0	0	0	0	0	0	0	0.002507	0	0	0	0	0	0	0	0	0	0	0	0	0	0	0	0	0	0	0	0	0	0	0	0	0	0	0	0	0	0	0	0	0	0	0	0	0	0	0	0	0	0	0	0	0	0	0	0	0	0	0	0	0	0	0
Bacteroides_clarus	0	0	0	0	0	0	0	0	0	0	0	0	0	0	0	25.690467	0	0	0	0	0	0	0	0	0	0	0	0	1.565799	0.16708	0	0	0	0	0	0	0	0	0	0	0	0	0	0	0.070606	0	0	0	0	0	0	0	0.029504	0	0	0	0	0	0	0	0	0.769774	0	0	0	0	0	0	0	0
GGB3551_SGB4748	0	0	0	0	0	0	0	0	0	0	0	0	0	0	0	0.33235	0	0	0	0	0	0	0	0	0	0	0	0	0	0	0	0	0	0	0	0	0	0	0	0	0	0	0	0	0.02945	0	0	0	0	0	0	0	0	0	0.008121	0	0	0	0	0	0	0	0	0	0	0	0	0	0	0
GGB9580_SGB14997	0	0	0	0	0	0	0	0	0	0	0	0	0	0	0	0.088766	0	0	0	0	0	0	0	0	0	0	0	0	0	0	0	0	0	0	0	0	0	0	0	0.176935	0	0	0	0	0	0	0	1.025843	0	0	0	0	0	0	0	0	0	0	0	0	0	0	0	0	0	0	0	0	0	0
Claveliimonas_monacensis	0	0	0	0	0	0	0	0	0	0	0	0	0	0	0	0.032302	0	0	0	0	0	0	0	0	0	0	0	0	0	0	0	0	0	0	0	0	0	0	0.87729	0	0	0	0	0	0	0	0	0	0	0	0	0	0	0	0	0	0	0	0	0	0	0	0	0	0	0	0	0	0	0
Lachnospiraceae_bacterium_EP_SM_12S_S03	0	0	0	0	0	0	0	0	0	0	0	0	0	0	0	0.029014	0	0	0	0	0	0	0	0	0	0	0	0	0	0	0	0	0	0	0	0	0	0	0	0	0	0	0	0	0	0	0	0	0	0	0	0	0	0	0	0	0	0	0.070452	0	0	0	0	0	0	0	0	0	0	0
Parabacteroides_acidifaciens	0	0	0	0	0	0	0	0	0	0	0	0	0	0	0	0.015416	0	0	0	0	0	0	0	0	0	0	0.171931	0	0	0	0	0	0	0	0	0	0	0	0	0	0	0	0	0	0	0	0	0	0	0	0	0	0	0	0	0	0	0	0	0	0	0	0	0	0	0	0	0	0	0
Gordonibacter_urolithinfaciens	0	0	0	0	0	0	0	0	0	0	0	0	0	0	0	0.01526	0	0	0	0	0	0	0	0	0	0	0	0	0	0	0	0	0	0	0	0	0	0	0	0	0	0	0	0	0	0	0	0	0	0	0	0	0	0	0	0	0	0	0	0	0	0	0	0.006483	0	0	0	0	0	0
GGB42621_SGB59817	0	0	0	0	0	0	0	0	0	0	0	0	0	0	0	0.009192	0	0	0	0	0	0	0	0	0	0	0	0	0	0	0	0	0	0	0	0	0	0	0	0	0	0	0	0	0	0	0	0	0	0	0	0	0	0	0	0	0	0	0	0	0	0	0	0	0	0	0	0	0	0
Christensenella_hongkongensis	0	0	0	0	0	0	0	0	0	0	0	0	0	0	0	0.003367	0	0	0	0	0	0	0	0	0	0	0	0	0	0	0	0	0	0	0	0	0	0	0	0	0	0	0	0	0	0	0	0	0	0	0	0	0	0	0	0	0	0	0	0	0	0	0	0	0	0	0	0	0	0
Cuneatibacter_caecimuris	0	0	0	0	0	0	0	0	0	0	0	0	0	0	0	0.002125	0	0	0	0	0	0	0	0	0	0	0	0	0	0	0	0	0	0	0	0	0	0	0	0	0	0	0	0	0	0	0	0	0	0	0	0	0	0	0	0	0	0	0	0	0	0	0	0	0	0	0	0	0	0
Faecalibacterium_hattorii	0	0	0	0	0	0	0	0	0	0	0	0	0	0	0	0	0.282926	0	0	0	0	0	0	0	0	0	0	0	0	0	0	0	0	0	0	0	0	0	0	0	0	0	0	0	0	0	0	0	0	0	0	0	0	0	0	0	0	0	0	0	0	0	0	0	0	0	0	0	0	0
Megasphaera_micronuciformis	0	0	0	0	0	0	0	0	0	0	0	0	0	0	0	0	0.089552	0	0	0	0	0	0	0	0	0	0	0	0	0	0	0	0	0	0	0	0	0	0	0	0	0	0	0	0	0	0	0	0.027375	0	0	0	0	0.006147	0	0	0	0	0	0.20111	0.006597	0.010274	0	0	0	0.001283	0.020028	0	0.007801	0
Enterocloster_hominis_ex_Hitch_et_al_2024	0	0	0	0	0	0	0	0	0	0	0	0	0	0	0	0	0.030296	0.008355	0	0	0	0	0	0.060722	0	0	0	0	0	0	0	0	0	0	0.030629	0	0	0	0	0	0	0	0	0	0	0	0	0	0	0	0.172695	0	0.011404	0	0	0	0	0	0	0.00299	0	0	0.876466	0	0	0	0.029335	0	0	0
Aggregatibacter_segnis	0	0	0	0	0	0	0	0	0	0	0	0	0	0	0	0	0.023517	0	0	0	0	0	0	0	0	0	0	0	0	0	0	0	0	0	0	0	0	0	0	0	0	0	0	0	0	0	0	0	0	0	0	0	0	0	0	0	0	0	0	0	0	0	0	0	0	0	0	0	0	0
Campylobacter_concisus	0	0	0	0	0	0	0	0	0	0	0	0	0	0	0	0	0.013736	0	0	0	0	0	0	0	0	0	0	0	0	0	0	0	0	0	0	0	0	0	0	0.027157	0	0	0	0.026201	0	0	0	0	0	0	0	0	0	0	0	0	0	0	0	0	0	0	0	0	0	0	0	0	0	0
Clostridium_sp_K13	0	0	0	0	0	0	0	0	0	0	0	0	0	0	0	0	0.009502	0	0	0	0	0	0	0	0	0	0	0	0	0	0	0	0	0	0	0	0	0	0	0	0	0	0	0	0	0	0	0	0	0	0	0	0	0	0	0	0	0	0.019457	0	0	0	0	0	0	0	0	0	0	0
Coprococcus_sp_AF21_14LB	0	0	0	0	0	0	0	0	0	0	0	0	0	0	0	0	0.007499	0	0	0	0	0	0	0	0	0	0	0	0	0	0	0	0	0	0	0	0	0	0	0	0	0	0	0	0	0	0	0	0	0	0	0	0	0	0	0	0	0	0	0	0	0	0	0	0	0	0	0	0	0
Clostridioides_difficile	0	0	0	0	0	0	0	0	0	0	0	0	0	0	0	0	0.007273	0	0	0	0	0	0	0	0	0	0	0	0	0	0	0	0	0	0	0	0	0	0	0	0	0	0	0	0	0	0	0	0	0	0.023776	0	0	0	0	0	0	0	0	0	0	0.04032	0	0.016443	0	0	0	0.21848	0	0
GGB9574_SGB14987	0	0	0	0	0	0	0	0	0	0	0	0	0	0	0	0	0.005238	0	0.021573	0	0	0	0	0.026591	0	0	0	0.37638	0	0	0	0	0	0	0	0	0	0	0	0	0	0	0	0	0	0	0	0	0	0	0	0	0	0	0	0	0	0	0	0	0	0.01881	0	0	0	0	0	0	0	0
Selenobaculum_gibii	0	0	0	0	0	0	0	0	0	0	0	0	0	0	0	0	0.004802	0	0	0	0	0	0	0.001844	0	0	0	0	0	0	0	0	0	0	0	0	0	0	0	0	0	0	0	0	0	0	0	0	0	0	0	0	0	0	0	0	0	0	0	0	0	0	0	0	0	0	0	0	0	0
Megasphaera_sp_NM10	0	0	0	0	0	0	0	0	0	0	0	0	0	0	0	0	0	0.094564	0	0	0	0	0	0	0.278243	0	0	0	0	0	0	0	0	0	0	0	0	0	0	0	0	0	0	0	0	0	0	0	0	0	0	0	0	0	0	0	0	0	0	0	0	0	1.536292	0	0	0	0	0	0	0
Alistipes_timonensis	0	0	0	0	0	0	0	0	0	0	0	0	0	0	0	0	0	0.013342	0	0	0	0	0	0	0	0	0	0	0	0	0	0.001073	0	0	0	0	0	0	0	0	0	0	0	0	0	0	0	0	0	0	0	0	0	0	0	0	0	0	0	0	0	0	0	0	0	0	0	0	0	0
Ligilactobacillus_salivarius	0	0	0	0	0	0	0	0	0	0	0	0	0	0	0	0	0	0.002714	0	0	0	0	0	0	0	0	0	0	0	0	0	0	0	0	0	0	0.012237	0	0	0	0	0	0	0	0.005199	0	0	0	0	0	0.891486	0	0.352235	0.140681	0	0	0	0	9.345809	0.00518	0	0	0	0	0	0	1.692682	0.138688	0	9.431398
Lactobacillus_crispatus	0	0	0	0	0	0	0	0	0	0	0	0	0	0	0	0	0	0.00117	0	0	0	0	0	0	0	0	0	0	0	0	0	0	0	0	0	0	0	0	0	0	0	0	0	0	0	0	0	0	0	0	0	0	0.314277	0	0	0	0	0	0.896703	0	0	0	0	0	0	0	0	0	0	0
GGB84202_SGB121508	0	0	0	0	0	0	0	0	0	0	0	0	0	0	0	0	0	0	4.78099	0	0	0	0	0	0	0	0	0	0	0	0	0	0	0	0	0	0	0	0	0	0	0	0	0	0	0	0	0	0	0	0	0	0	0	0	0	0	0	0	0	0	0	0	0	0	0	0	0	0	0
GGB4585_SGB6340	0	0	0	0	0	0	0	0	0	0	0	0	0	0	0	0	0	0	0.538303	0	0	0	0	0	0.428612	1.059614	0.131369	0	0.389993	0	0	0	0	0	0	0	0	0	0	0	0	0	0	0	0.067048	0	0	0	0	0	0	0	0	0	0	0	0	0	0	0	0	0	0	0	0	0	0	0	0	0
Clostridium_SGB6176	0	0	0	0	0	0	0	0	0	0	0	0	0	0	0	0	0	0	0.39288	0	0	0	0	0	0	0	0	0	0	0	0	0	0	0	0	0	0	0	0	0	0	0	0	0	0	0	0	0	0	0	0	0	0	0	0	0	0	0	0	0	0	0	0	0	0	0	0	0	0	0
GGB4550_SGB6272	0	0	0	0	0	0	0	0	0	0	0	0	0	0	0	0	0	0	0.189996	0	0	0	0	0	0	0	0	0	0	0	0	0	0	0	0	0	0	0	0	0	0	0	0	0	0	0	0	0	0	0	0	0	0	0	0	0	0	0	0	0	0	0	0	0	0	0	0	0	0	0
GGB4723_SGB6540	0	0	0	0	0	0	0	0	0	0	0	0	0	0	0	0	0	0	0.0556	0	0	0	0	0	0	0	0	0	0	0	0	0	0	0	0	0	0	0	0	0	0	0	0	0	0	0	0	0	0	0	0	0	0	0	0	0	0	0	0	0	0	0	0	0	0	0	0	0	0	0
GGB4603_SGB6367	0	0	0	0	0	0	0	0	0	0	0	0	0	0	0	0	0	0	0.04743	0	0	0	0	0	0.110737	0.02023	0	0	1.187743	0	0	0	0	0	0	0	0	0	0	0	0	0.000666	0	0	0.030664	0	0	0	0	0	0	0	0	0	0	0	0	0	0	0	0	0	0	0	0	0	0	0	0	0
Oxalobacter_aliiformigenes	0	0	0	0	0	0	0	0	0	0	0	0	0	0	0	0	0	0	0.043911	0	0	0	0	0	0	0	0	0	0	0	0	0	0	0	0	0	0	0	0	0	0	0	0	0	0	0	0	0	0	0	0	0	0	0	0	0	0	0	0	0.01087	0	0	0	0	0	0	0	0	0	0
GGB35068_SGB47850	0	0	0	0	0	0	0	0	0	0	0	0	0	0	0	0	0	0	0.027852	0.080773	0	0	0.003304	0	0	0	0	0	0	0.157816	0	0	0	0.004686	0	0	0	0	0	0	0	0	0	0	0	0	0	0	0	0	0	0	0	0	0	0	0	0	0	0	0	0	0	0	0	0	0	0	0	0
GGB4588_SGB6347	0	0	0	0	0	0	0	0	0	0	0	0	0	0	0	0	0	0	0.018325	0	0	0	0	0	0.375087	0	0	0	0.352299	0	0.151735	0	0	0	0	0	0	0	0	0	0	0	0	0	0	0	0	0	0	0	0	0	0	0	0	0	0	0	0	0	0	0	0	0	0	0	0	0	0	0
GGB3321_SGB4394	0	0	0	0	0	0	0	0	0	0	0	0	0	0	0	0	0	0	0.004928	0	0	0	0	0	0	0.021444	0	0	0	0	0	0	0	0	0	0	0	0	0	0	0	0	0	0	0	0	0	0	0	0	0	0	0.019094	0	0	0	0	0	0	0.04185	0	0	0	0	0	0	0	0	0	0
Leyella_SGB1672	0	0	0	0	0	0	0	0	0	0	0	0	0	0	0	0	0	0	0	0.841178	0	0	0	0	0	0	0	0	0	0	0	0	0	0	0	0	0	0	0	0	0	0	0	0	0	0	0	0	0	0	0	0	0	0	0	0	0	0	0	0	0	0	0	0	0	0	0	0	0	0
GGB99724_SGB143445	0	0	0	0	0	0	0	0	0	0	0	0	0	0	0	0	0	0	0	0.01046	0	0	0	0	0	0	0	0	0	0	0	0	0	0	0	0	0	0	0	0	0	0	0	0	0	0	0	0	0	0	0	0	0	0	0	0	0	0	0	0	0	0	0	0	0	0	0	0	0	0
Bacteroidaceae_bacterium_AM72_11pH9A	0	0	0	0	0	0	0	0	0	0	0	0	0	0	0	0	0	0	0	0	19.735736	0	0	0	0	0	0	0	0	0	0	0	0	0	0	0	0	0	0	0	0	0	0	0	0	0	0	0	0	0	0	0	0	0	0	0	0	0	0	0	0	0	0	0	0	0	0	0	0	0
Clostridium_sp_AF15_41	0	0	0	0	0	0	0	0	0	0	0	0	0	0	0	0	0	0	0	0	0.574509	0	0	0	0	0	0	0	0	0	0	0	0	0	0	0	0	0	0	0	0	0	0	0	0	0	0	0	0	0	0	0	0	0	0	0	0	0	0	0	0	0	0	0	0	0	0	0	0	0
GGB1495_SGB2071	0	0	0	0	0	0	0	0	0	0	0	0	0	0	0	0	0	0	0	0	0.348026	0	0	0	0	0	0	0	0	0	0	0	0	0	0	0	0	0	0	0	0	0	0	0	0	0	0	0	0	0	0	0	0	0	0	0	0	0	0	0	0	0	0	0	0	0	0	0	0	0
Amedibacterium_intestinale	0	0	0	0	0	0	0	0	0	0	0	0	0	0	0	0	0	0	0	0	0.098182	0	0	0.195128	0	0	0	0	0	0	0	0.018187	0	0	0	0	0	0	0	0	0	0	0	0	0	0	0	0	0	0	0	0	0	0	0	0	0	0	0	0	0	0	0	0	0	0	0	0	0	0
GGB9512_SGB14909	0	0	0	0	0	0	0	0	0	0	0	0	0	0	0	0	0	0	0	0	0.063415	0	0	0	0	0	0	0	0	0.032348	0	0	0	0.133978	0	0	0	0	0	0	0	0	0	0	0	0	0	0	0	0	0	0	0.231389	0	0	0	0	0	0.023501	0	0	0	0	0	0	0	0	0	0	0
Fusobacterium_ulcerans	0	0	0	0	0	0	0	0	0	0	0	0	0	0	0	0	0	0	0	0	0.022376	0	0	0	0	0	0	0.631853	0	0	0	0	0	0	0	0	0	0	0	0	0	0	0	0	0	0	0	0	0	0	0	0	0	0	0	0	0	0	0	0	0	0	0	0	0	0	0	0	0	0
GGB1627_SGB2230	0	0	0	0	0	0	0	0	0	0	0	0	0	0	0	0	0	0	0	0	0.007336	0	0	0	0	0	0	0	0	0	0	0	0	0	0	0	0	0	0	0	0	0	0	0	1.457509	0	0	0	0	0	0	0	0	0	0	0	0	0	0	0	0	0	0	0	0	0	0	0	0	0
Pseudoflavonifractor_sp_MSJ_37	0	0	0	0	0	0	0	0	0	0	0	0	0	0	0	0	0	0	0	0	0.004563	0	0	0	0	0	0	0	0	0	0	0	0	0.175473	0	0	0	0	0	0	0	0	0	0	0	0	0	0	0	0	0	0	0	0	0	0	0	0	0	0	0	0	0	0	0	0	0	0	0	0
GGB3637_SGB4930	0	0	0	0	0	0	0	0	0	0	0	0	0	0	0	0	0	0	0	0	0.002866	0	0	0	0	0	0	0	0	0	0	0	0	0	0	0	0	0	0	0	0	0	0	0	0	0	0	0	0	0	0	0	0	0	0	0	0	0	0	0	0	0	0	0	0	0	0	0	0	0
Anaerofilum_hominis	0	0	0	0	0	0	0	0	0	0	0	0	0	0	0	0	0	0	0	0	0.001679	0	0	0	0	0	0	0	0	0	0	0	0	0	0	0	0	0.000582	0	0	0	0	0	0	0	0	0	0	0	0	0	0	0.006706	0	0	0	0	0	0	0	0	0	0	0	0	0	0	0	0	0
GGB3550_SGB4747	0	0	0	0	0	0	0	0	0	0	0	0	0	0	0	0	0	0	0	0	0	0.715137	0	0	0	0	0	0	0	0	0	0	0	0	0	0	0	0	0	0	0	0	0	0	0	0	0	0	0	0	0	0	0	0	0	0	0	0	0	0	0	0	0	0	0	0	0	0	0	0
GGB9575_SGB14988	0	0	0	0	0	0	0	0	0	0	0	0	0	0	0	0	0	0	0	0	0	0.356065	0	0	0	0	0	0	0.209713	0	0	0	0	0	0	0	0	0	0	0	0	0	0	0	0	0	0	0	0	0	0	0	0	0	0	0	0	0	0	0	0	0	0	0	0	0	0	0	0	0
Streptococcus_thermophilus	0	0	0	0	0	0	0	0	0	0	0	0	0	0	0	0	0	0	0	0	0	0.333232	0	0	0	0.024531	0	0	0	0	0	0	0	0	0	0	0	0	0	0	0.09507	0	0	0	0	0	0.235766	0	0	1.209879	0	0	0	0	0	0	0	0	0.055257	0	0	0	0	0	0	0	0	0	0	0
GGB9619_SGB15067	0	0	0	0	0	0	0	0	0	0	0	0	0	0	0	0	0	0	0	0	0	0.135991	0	0	0	0	0	0	0.071367	0	0	0	0	0	0	0	0	0.037673	0	0	0	0	0	0	0	0	0	0	0	0	0	0	0.09892	0	0	0	0	0	0	0	0	0	0	0	0	0	0	0	0	0
Fusobacterium_varium	0	0	0	0	0	0	0	0	0	0	0	0	0	0	0	0	0	0	0	0	0	0.109512	0	0	0	0	0	0	0	0	0	0	0	0	0	0	0	0	0	0	0	0	0	0	0	0	0	0	0	0	0	0	0	0	0	0	0	0	0	0	1.807586	0	0	0	0	0	0	0.121296	0	0
Hydrogenoanaerobacterium_SGB53821	0	0	0	0	0	0	0	0	0	0	0	0	0	0	0	0	0	0	0	0	0	0.024221	0	0	0	0	0	0	0.015533	0	0	0	0	0	0	0	0	0
